applicant_id,gender,married,dependents,education,employment_type,applicant_income,existing_emi,loan_amount,loan_term_months,credit_history,region,age,application_date,default_status
APP004913,Male,Yes,2,Graduate,Self-Employed,43510,767,398000,60,Good,South,39,20-06-2023,0
APP002130,Male,No,0,Not Graduate,Self-Employed,135336,10906,94000,180,Good,East,44,05-01-2024,0
APP003816,Male,Yes,0,Graduate,Salaried,93748,423,75000,36,Good,East,33,14-04-2024,0
APP002894,Female,No,0,Graduate,Salaried,77999,9687,207000,48,Good,South,40,18-07-2023,0
APP000446,Female,No,3,Graduate,Salaried,17692,4966,42000,360,Good,South,36,19-11-2023,0
APP001990,Female,Yes,2,Graduate,Salaried,89100,18451,125000,48,Good,West,50,15-01-2024,0
APP001137,Female,Yes,3,Graduate,Self-Employed,34221,9738,47000,240,Good,South,40,07-04-2024,0
APP001678,Male,No,1,Not Graduate,Self-Employed,54181,2305,140000,60,Good,North,55,15-02-2023,0
APP001515,Male,Yes,0,Graduate,Salaried,65879,2994,68000,60,No History,West,58,20-07-2023,0
APP001410,Female,Yes,4,Graduate,Self-Employed,47798,179,129000,24,Good,North,55,17-05-2024,0
APP004590,Female,Yes,0,Graduate,Self-Employed,39208,8223,113000,60,Good,West,21,17-12-2023,0
APP003717,Male,No,3,Graduate,Self-Employed,31805,10970,51000,120,Good,North,31,18-04-2023,0
APP000060,Male,No,1,Graduate,Salaried,39343,7211,60000,12,Good,North,29,14-03-2024,0
APP005957,Male,No,1,Graduate,Salaried,95443,12612,98000,120,Good,North,40,29-05-2023,0
APP005244,Female,Yes,0,Graduate,Salaried,36389,10789,100000,240,Good,South,47,11-08-2023,0
APP005428,Male,Yes,0,Graduate,Self-Employed,95478,22701,155000,48,Bad,South,37,05-08-2023,0
APP001812,Female,No,1,Not Graduate,Salaried,44462,5591,171000,360,Good,South,36,29-05-2023,0
APP004950,Female,Yes,1,Graduate,Salaried,22891,1919,252000,84,No History,West,55,07-09-2023,0
APP001356,Female,No,4,Graduate,Salaried,20925,3180,139000,360,Good,West,34,29-03-2024,0
APP004059,Female,Yes,2,Not Graduate,Salaried,15320,1179,88000,60,Bad,South,21,16-07-2023,1
APP000276,Male,No,2,Graduate,Salaried,64105,877,340000,180,Bad,South,27,03-12-2023,0
APP004350,Female,No,1,Graduate,Self-Employed,118554,25348,47000,84,Good,West,39,11-05-2024,0
APP001209,Male,Yes,2,Graduate,Salaried,23707,1215,46000,36,Good,East,29,19-01-2023,0
APP000180,Male,Yes,0,Not Graduate,Self-Employed,101610,23458,248000,120,Good,East,43,12-03-2023,0
APP004895,Male,No,1,Not Graduate,Self-Employed,54270,10650,26000,60,Good,North,54,17-03-2024,0
APP001490,Male,No,2,Graduate,Salaried,48158,7910,88000,48,Good,East,38,04-04-2024,0
APP003896,Female,No,0,Graduate,Salaried,83159,2592,131000,84,Good,South,33,02-02-2024,0
APP001236,Male,Yes,0,Not Graduate,Salaried,96098,449,307000,24,Good,West,21,17-03-2024,0
APP004472,Female,Yes,2,Not Graduate,Salaried,48644,2694,154000,48,No History,East,21,09-03-2024,0
APP000434,Male,No,1,Not Graduate,Self-Employed,83742,20209,146000,36,Bad,North,30,24-06-2024,0
APP000247,Male,Yes,0,Not Graduate,Salaried,60735,19241,38000,12,Good,West,41,15-12-2024,0
APP003894,Male,No,0,Graduate,Salaried,55059,12636,86000,12,Good,North,23,11-03-2023,0
APP003993,Female,Yes,3,Graduate,Salaried,45429,12003,110000,60,Good,East,33,05-08-2023,0
APP000707,Male,Yes,0,Graduate,Self-Employed,59160,16121,91000,60,Good,East,39,20-11-2024,0
APP005628,Male,Yes,1,Graduate,Salaried,52437,11193,100000,12,Good,West,49,13-12-2023,0
APP002837,Female,No,0,Graduate,Salaried,93629,8837,168000,36,Good,North,28,18-07-2023,0
APP000195,Male,Yes,2,Graduate,Self-Employed,38304,3637,263000,48,Good,East,44,23-04-2023,0
APP001269,Female,Yes,3,Graduate,Self-Employed,26562,5186,75000,48,Good,East,51,19-09-2024,0
APP001138,Male,Yes,0,Graduate,Salaried,39632,12971,139000,36,Good,East,38,03-08-2023,0
APP005997,Male,Yes,0,Not Graduate,Salaried,13902,1398,99000,84,Bad,East,45,12-01-2024,1
APP004478,Male,Yes,1,Graduate,Self-Employed,79827,6446,118000,360,Good,North,43,22-06-2023,0
APP005210,Male,No,0,Graduate,Salaried,132037,33247,220000,12,Good,South,33,13-04-2023,0
APP000876,Male,Yes,3,Graduate,Salaried,39806,13038,235000,12,Bad,North,23,28-05-2023,1
APP002555,Male,No,0,Graduate,Self-Employed,88554,18099,96000,360,Good,West,28,16-12-2023,0
APP004520,Male,Yes,0,Graduate,Salaried,123310,5674,169000,48,Good,East,49,23-01-2023,0
APP002367,Male,No,1,Graduate,Self-Employed,30254,85,41000,84,Good,North,59,15-04-2023,0
APP004831,Female,Yes,0,Graduate,Salaried,67116,6062,98000,36,Good,West,26,25-09-2023,0
APP005716,Male,Yes,0,Graduate,Salaried,27501,8382,136000,48,Good,East,28,13-06-2023,0
APP000758,Male,No,0,Graduate,Salaried,39678,7760,47000,12,Good,North,23,06-04-2024,0
APP004101,Female,No,0,Graduate,Self-Employed,37509,5525,148000,120,Bad,East,40,29-02-2024,0
APP004699,Male,Yes,2,Graduate,Salaried,78788,10846,71000,24,Good,East,43,22-01-2023,0
APP000935,Male,Yes,0,Graduate,Salaried,71801,12027,105000,240,Good,South,48,14-04-2023,0
APP000306,Female,Yes,1,Graduate,Self-Employed,33601,2646,230000,84,Good,North,53,21-05-2024,0
APP004884,Male,Yes,2,Graduate,Salaried,61314,16529,96000,120,Good,South,41,20-04-2023,0
APP001855,Female,Yes,0,Graduate,Salaried,107703,12835,153000,36,Bad,North,34,25-08-2024,1
APP003007,Female,Yes,0,Not Graduate,Salaried,55023,5506,99000,360,Bad,East,45,29-01-2023,0
APP001243,Female,Yes,2,Graduate,Salaried,62683,14418,116000,240,Good,North,30,21-03-2024,0
APP001669,Male,No,2,Graduate,Salaried,58780,333,42000,24,Good,North,49,31-03-2024,0
APP000713,Male,No,0,Graduate,Salaried,74281,6571,77000,180,Good,South,45,24-07-2024,0
APP000988,Male,Yes,1,Graduate,Salaried,17193,648,222000,60,Good,East,40,12-11-2024,0
APP005632,Female,No,1,Graduate,Self-Employed,24751,603,103000,84,Good,East,27,22-09-2024,0
APP005769,Male,Yes,3,Not Graduate,Salaried,114431,31592,52000,60,No History,West,48,05-07-2024,1
APP001779,Male,Yes,1,Graduate,Self-Employed,115057,25521,156000,240,Good,North,46,04-06-2023,0
APP004978,Male,Yes,2,Graduate,Self-Employed,27138,2477,470000,60,Bad,East,57,02-01-2024,0
APP002164,Female,Yes,1,Graduate,Salaried,36449,1846,84000,240,Good,South,24,08-11-2023,0
APP002764,Male,Yes,0,Graduate,Salaried,37229,9705,249000,48,Good,West,42,05-12-2023,0
APP003826,Male,Yes,0,Not Graduate,Salaried,159782,47136,104000,360,Good,West,31,09-10-2023,0
APP000969,Male,No,2,Graduate,Salaried,48338,10305,99000,60,Bad,West,40,01-10-2023,0
APP004270,Female,Yes,4,Not Graduate,Salaried,88466,23305,52000,48,Good,South,44,05-12-2024,0
APP000403,Male,Yes,2,Not Graduate,Salaried,20533,3080,108000,240,Good,West,41,09-07-2023,0
APP002245,Female,Yes,0,Not Graduate,Salaried,58486,5002,50000,60,Good,East,42,18-12-2023,0
APP002294,Male,Yes,0,Graduate,Self-Employed,61066,18956,149000,120,Good,North,54,27-12-2023,0
APP003100,Male,No,0,Not Graduate,Self-Employed,73830,3176,62000,60,No History,East,37,06-12-2023,0
APP005326,Male,No,0,Not Graduate,Salaried,19437,3554,45000,36,Good,West,26,19-03-2023,0
APP001105,Female,No,0,Graduate,Self-Employed,17196,1123,70000,180,Good,South,41,20-11-2023,0
APP002162,Female,No,2,Not Graduate,Salaried,62781,5259,62000,12,Good,South,37,10-01-2023,0
APP002608,Male,Yes,1,Graduate,Salaried,95404,17197,64000,60,Bad,North,23,17-05-2023,1
APP004644,Male,No,1,Graduate,Salaried,27885,5592,43000,120,Good,East,29,16-09-2023,0
APP001343,Female,Yes,0,Graduate,Self-Employed,125371,40119,58000,60,Good,North,57,28-08-2024,0
APP000277,Female,Yes,1,Not Graduate,Salaried,32734,6589,53000,12,Good,South,37,23-11-2024,0
APP002470,Male,Yes,2,Not Graduate,Salaried,50806,13617,76000,24,Good,North,59,19-09-2024,0
APP001129,Male,No,2,Graduate,Self-Employed,97137,6517,43000,120,Good,West,39,22-02-2023,0
APP005664,Male,Yes,0,Graduate,Salaried,30556,7998,50000,84,Good,South,32,08-12-2023,0
APP001716,Female,No,0,Graduate,Salaried,38037,4586,99000,36,Good,East,28,19-08-2024,0
APP003318,Male,Yes,0,Graduate,Self-Employed,51335,1959,179000,24,Good,East,64,02-06-2023,0
APP005147,Female,Yes,1,Graduate,Salaried,26630,3382,100000,180,Good,West,21,05-11-2024,0
APP004322,Female,No,1,Not Graduate,Salaried,40768,2950,80000,36,Good,West,34,22-06-2023,0
APP003061,Male,Yes,2,Graduate,Salaried,29472,4491,210000,36,Good,North,47,06-01-2024,0
APP004345,Female,Yes,2,Graduate,Self-Employed,40754,6779,229000,120,Bad,South,44,08-07-2023,0
APP003340,Female,No,1,Not Graduate,Salaried,71046,3159,72000,12,Good,West,33,20-07-2024,0
APP000136,Male,No,0,Not Graduate,Self-Employed,48051,3689,129000,60,Good,South,21,10-08-2023,0
APP000950,Female,No,2,Graduate,Self-Employed,40619,7050,107000,240,Good,North,28,09-12-2023,0
APP002536,Female,No,0,Graduate,Salaried,51182,16715,308000,120,No History,South,30,11-02-2024,0
APP003092,Female,Yes,0,Graduate,Self-Employed,57303,5306,61000,120,Good,East,46,06-11-2023,0
APP005575,Female,Yes,0,Graduate,Salaried,49419,4382,68000,24,Good,North,46,08-10-2024,0
APP001145,Male,No,1,Graduate,Self-Employed,20135,4483,127000,84,Good,West,47,21-04-2024,0
APP001724,Male,Yes,2,Graduate,Self-Employed,28216,4929,59000,120,Good,South,49,11-11-2024,0
APP000699,Male,Yes,1,Graduate,Self-Employed,33613,7482,136000,120,Good,West,21,01-08-2024,0
APP003635,Male,No,3,Graduate,Self-Employed,67021,4793,43000,84,Good,East,38,12-06-2024,0
APP005509,Male,No,0,Graduate,Salaried,123888,1628,60000,48,No History,North,30,25-01-2024,0
APP005729,Male,Yes,3,Graduate,Salaried,24425,8275,95000,360,Good,North,37,07-02-2024,0
APP004361,Male,Yes,2,Graduate,Salaried,25949,201,121000,60,Good,West,36,28-02-2024,0
APP003556,Female,Yes,0,Graduate,Self-Employed,27915,5376,92000,120,Good,South,30,15-06-2023,0
APP000009,Female,No,3,Graduate,Salaried,65211,19001,35000,48,No History,East,41,23-12-2023,0
APP005858,Male,No,0,Graduate,Salaried,39994,9501,150000,240,Bad,North,32,23-11-2024,0
APP000738,Female,Yes,0,Graduate,Salaried,52502,7070,90000,180,Bad,South,37,01-08-2023,0
APP002013,Female,Yes,4,Graduate,Self-Employed,28262,7676,34000,60,Good,West,38,04-11-2023,0
APP005269,Female,Yes,0,Not Graduate,Salaried,33753,1922,355000,84,Good,East,24,06-01-2024,0
APP001219,Female,Yes,2,Graduate,Salaried,52846,5052,107000,60,Good,East,48,28-06-2023,0
APP000757,Female,Yes,2,Graduate,Salaried,33147,1923,99000,360,No History,East,28,28-11-2024,0
APP003855,Female,Yes,1,Not Graduate,Self-Employed,136657,5920,124000,360,Good,North,59,10-12-2024,0
APP001685,Male,No,3,Graduate,Salaried,24187,3967,96000,84,Bad,East,39,03-06-2023,0
APP004900,Female,No,0,Graduate,Salaried,46466,914,102000,240,Good,West,39,14-12-2024,0
APP003423,Female,Yes,1,Graduate,Salaried,81588,1313,57000,120,Good,West,34,10-10-2023,0
APP000747,Male,Yes,1,Graduate,Salaried,37599,4808,67000,36,Good,East,34,01-04-2024,0
APP001183,Female,No,0,Graduate,Salaried,48644,1820,87000,180,Good,East,57,04-04-2023,0
APP001464,Female,Yes,0,Graduate,Salaried,45152,2358,330000,48,Good,East,41,25-10-2024,0
APP005744,Female,Yes,1,Graduate,Self-Employed,25707,4178,65000,48,Good,North,35,29-07-2023,0
APP000684,Female,Yes,1,Graduate,Self-Employed,69879,20908,93000,180,Good,East,47,17-10-2024,0
APP001936,Female,Yes,3,Graduate,Salaried,43555,4631,41000,48,Good,East,48,18-12-2023,1
APP005485,Female,No,2,Graduate,Salaried,80264,14557,72000,60,Good,West,54,22-06-2024,0
APP001586,Male,Yes,1,Graduate,Self-Employed,36647,6882,75000,12,Bad,South,35,06-09-2023,0
APP002731,Female,Yes,0,Not Graduate,Self-Employed,25603,8310,307000,36,Good,North,22,06-03-2024,0
APP004567,Male,No,3,Not Graduate,Self-Employed,52654,734,138000,60,Good,East,37,30-01-2023,0
APP001581,Male,No,2,Graduate,Self-Employed,24791,8024,105000,60,Good,South,33,08-08-2024,1
APP001355,Male,No,2,Not Graduate,Self-Employed,41328,13664,371000,120,Good,West,31,24-08-2024,0
APP003943,Male,Yes,2,Graduate,Self-Employed,40608,9827,96000,120,Good,North,32,25-10-2024,0
APP000335,Male,Yes,2,Not Graduate,Salaried,49875,14286,127000,60,Good,South,41,06-10-2024,1
APP003064,Female,No,0,Graduate,Salaried,94511,6214,54000,180,Good,East,31,03-04-2024,0
APP005024,Female,No,4,Graduate,Self-Employed,87177,15976,128000,12,Good,North,26,25-06-2024,0
APP003178,Female,No,0,Not Graduate,Salaried,75413,8,69000,48,Bad,East,35,30-07-2024,1
APP003999,Male,No,2,Graduate,Salaried,38247,11634,156000,84,Good,North,44,11-03-2023,0
APP002039,Male,No,2,Graduate,Self-Employed,48164,15227,83000,120,Good,North,40,03-05-2023,0
APP002707,Male,Yes,1,Graduate,Self-Employed,21320,462,51000,36,Bad,South,33,05-12-2024,1
APP002493,Female,No,1,Graduate,Salaried,48697,2335,67000,36,Good,South,21,30-04-2024,0
APP001550,Female,No,4,Graduate,Self-Employed,54296,5249,62000,24,Good,West,34,15-03-2024,0
APP004354,Female,No,1,Not Graduate,Self-Employed,39252,13226,32000,60,Good,West,45,17-08-2023,0
APP002538,Male,Yes,0,Graduate,Self-Employed,30982,1317,75000,120,Good,South,25,23-12-2023,0
APP005460,Female,No,3,Graduate,Salaried,42353,3661,40000,48,Good,South,58,09-07-2024,0
APP000150,Male,No,3,Graduate,Self-Employed,104365,25176,289000,48,Bad,West,34,12-08-2023,0
APP004094,Female,No,0,Graduate,Salaried,23123,5624,88000,180,Good,North,36,05-05-2024,0
APP002800,Male,Yes,0,Graduate,Salaried,68814,23003,193000,36,No History,North,51,20-11-2023,1
APP004456,Male,Yes,4,Graduate,Self-Employed,60805,6405,31000,180,No History,North,32,04-12-2024,0
APP002838,Male,No,1,Graduate,Self-Employed,35559,2115,224000,84,No History,East,39,20-09-2023,1
APP005768,Male,No,3,Graduate,Salaried,52813,269,73000,84,No History,West,52,09-12-2023,0
APP002406,Female,Yes,1,Graduate,Salaried,35026,2143,99000,48,Good,West,31,18-10-2024,0
APP001546,Male,Yes,3,Graduate,Salaried,44314,12692,184000,180,Good,East,24,10-12-2023,0
APP001123,Female,No,2,Graduate,Self-Employed,22928,3462,65000,48,No History,North,39,29-09-2023,0
APP005771,Female,Yes,4,Graduate,Self-Employed,75189,5425,306000,360,Good,West,36,23-09-2024,0
APP003174,Male,No,0,Graduate,Salaried,47140,16294,56000,180,Good,South,56,14-02-2024,0
APP001709,Female,Yes,0,Not Graduate,Self-Employed,17243,3065,190000,48,No History,North,38,08-09-2024,0
APP004749,Male,Yes,1,Not Graduate,Self-Employed,67583,6899,278000,48,Good,West,38,20-05-2024,0
APP004080,Male,No,0,Not Graduate,Salaried,58802,15999,78000,84,Good,East,39,04-12-2023,0
APP001766,Male,Yes,0,Graduate,Salaried,93905,18408,93000,84,Good,South,30,07-02-2024,1
APP002831,Male,Yes,4,Not Graduate,Salaried,83687,3890,116000,180,Good,East,38,11-06-2023,0
APP000733,Female,Yes,0,Graduate,Salaried,16614,522,139000,60,Good,North,41,31-12-2023,0
APP002586,Female,No,1,Graduate,Salaried,97138,19902,42000,60,Good,West,30,12-07-2023,0
APP001982,Female,Yes,0,Graduate,Self-Employed,57332,18291,131000,24,Good,North,67,14-01-2023,0
APP003674,Male,No,0,Graduate,Salaried,13351,2805,178000,36,Good,North,28,04-09-2023,0
APP002821,Female,No,0,Graduate,Self-Employed,21183,6245,126000,120,Good,East,55,04-06-2024,0
APP003508,Male,No,1,Graduate,Self-Employed,28834,8610,99000,60,Good,West,35,27-02-2024,0
APP001662,Male,Yes,0,Graduate,Self-Employed,34011,9410,91000,36,Good,West,34,20-09-2024,0
APP000084,Male,Yes,1,Graduate,Self-Employed,42776,5361,50000,240,Good,South,36,03-08-2023,0
APP003458,Female,Yes,2,Graduate,Salaried,82505,4523,54000,60,Good,South,35,25-06-2024,0
APP003243,Male,Yes,0,Graduate,Salaried,51223,1469,51000,180,Good,West,28,01-06-2024,0
APP001975,Male,Yes,4,Graduate,Salaried,39051,8768,62000,60,Good,West,24,16-04-2023,1
APP005910,Male,Yes,3,Not Graduate,Salaried,35232,6561,93000,48,Good,North,40,02-05-2023,0
APP002269,Male,Yes,0,Graduate,Self-Employed,75497,534,203000,36,Good,East,49,17-03-2024,0
APP001603,Male,Yes,0,Graduate,Self-Employed,46027,12275,99000,180,Good,North,21,28-07-2024,0
APP002426,Female,No,3,Graduate,Salaried,48644,1013,60000,36,Good,North,38,08-05-2023,0
APP004466,Male,Yes,0,Graduate,Salaried,106698,9268,242000,36,Good,West,31,25-03-2023,0
APP003554,Male,No,3,Not Graduate,Self-Employed,82406,24586,84000,84,Good,East,40,18-04-2024,0
APP001611,Female,Yes,4,Graduate,Salaried,45297,13379,163000,360,Good,North,42,06-10-2023,0
APP001599,Male,No,0,Graduate,Self-Employed,101216,33936,99000,12,Good,East,37,26-04-2024,0
APP000583,Male,No,0,Graduate,Salaried,34160,10763,119000,48,Good,East,49,19-07-2023,1
APP001133,Male,Yes,2,Graduate,Salaried,35894,10290,55000,120,Good,West,35,29-05-2024,0
APP001842,Male,No,2,Graduate,Salaried,37859,8800,177000,12,Bad,North,47,23-12-2024,1
APP002353,Female,Yes,1,Not Graduate,Salaried,41360,8305,156000,48,Good,East,38,11-09-2023,0
APP003676,Male,Yes,3,Graduate,Salaried,19182,2651,213000,120,Good,West,39,19-10-2023,0
APP000184,Female,Yes,3,Graduate,Salaried,55065,15856,109000,12,Good,West,46,07-07-2024,0
APP001645,Male,Yes,2,Not Graduate,Self-Employed,59678,16726,33000,84,Good,North,21,19-08-2023,0
APP001859,Female,Yes,1,Graduate,Salaried,43535,12400,192000,48,Good,North,29,15-11-2023,0
APP003706,Female,Yes,3,Graduate,Salaried,54569,4474,51000,60,Good,West,24,26-07-2024,0
APP001421,Male,Yes,1,Graduate,Salaried,32043,5383,123000,48,Good,North,53,14-05-2023,0
APP000057,Male,Yes,3,Not Graduate,Self-Employed,15527,2863,133000,240,Good,East,35,12-01-2023,1
APP002374,Male,No,2,Graduate,Salaried,205802.1872,11064,60000,60,Bad,East,45,28-05-2024,0
APP003237,Male,No,1,Not Graduate,Self-Employed,39236,3009,352000,180,Good,North,39,19-03-2024,0
APP000122,Female,No,2,Not Graduate,Salaried,53204,10553,261000,60,Bad,North,36,12-05-2024,0
APP005912,Female,No,4,Graduate,Self-Employed,43717,4065,166000,360,Good,North,26,23-01-2023,0
APP002312,Female,Yes,2,Graduate,Salaried,21220,849,80000,48,No History,West,28,30-07-2023,1
APP005342,Female,Yes,2,Graduate,Salaried,63105,9256,97000,120,Good,North,35,22-08-2024,0
APP001441,Female,No,2,Graduate,Salaried,39743,10300,83000,36,Good,West,57,08-08-2023,0
APP003636,Male,Yes,3,Not Graduate,Self-Employed,60513,11304,412000,60,No History,South,44,18-12-2023,0
APP003471,Male,No,1,Not Graduate,Self-Employed,205802.1872,11532,22000,48,Good,East,35,09-12-2023,0
APP002424,Male,Yes,3,Graduate,Self-Employed,15689,2739,165000,48,Bad,South,47,13-12-2023,1
APP005015,Male,Yes,0,Graduate,Self-Employed,45941,2770,150000,240,Good,East,38,20-08-2023,1
APP004381,Male,Yes,0,Graduate,Salaried,87921,14413,98000,12,Good,East,53,24-12-2024,0
APP005450,Male,No,1,Graduate,Salaried,55448,1149,81000,48,Good,South,21,19-07-2024,0
APP005068,Male,No,3,Graduate,Self-Employed,25573,1663,145000,12,No History,South,34,18-08-2023,0
APP004438,Female,Yes,3,Graduate,Salaried,59173,3479,70000,60,Good,West,37,09-09-2024,0
APP004457,Female,No,0,Graduate,Salaried,46674,6177,67000,48,Good,North,48,10-08-2024,0
APP002684,Male,Yes,2,Graduate,Self-Employed,18587,2296,165000,240,Good,South,39,05-11-2023,0
APP000001,Male,No,3,Graduate,Salaried,48644,5417,284000,120,Good,West,35,18-10-2024,0
APP005720,Male,Yes,1,Not Graduate,Salaried,31689,5686,91000,240,Good,South,29,17-03-2023,0
APP005186,Female,No,0,Not Graduate,Self-Employed,36449,8038,245000,120,Good,North,41,29-10-2024,0
APP005726,Female,Yes,1,Graduate,Salaried,205802.1872,30971,124000,84,Good,East,29,20-01-2023,0
APP003693,Female,No,0,Graduate,Salaried,68693,15451,140000,36,Good,North,51,11-01-2024,0
APP002706,Female,Yes,1,Graduate,Salaried,47483,10225,65000,120,Good,West,48,16-11-2023,0
APP002126,Female,Yes,0,Graduate,Salaried,41732,1865,102000,180,Good,West,27,20-10-2024,0
APP002080,Female,No,1,Not Graduate,Self-Employed,22280,3397,173000,84,Good,East,59,18-10-2023,0
APP005362,Male,No,1,Graduate,Salaried,28583,1698,174000,120,Bad,West,27,02-05-2023,0
APP001079,Male,No,0,Not Graduate,Salaried,89928,4098,146000,36,Good,South,38,10-12-2023,0
APP001176,Male,Yes,3,Graduate,Self-Employed,11595.68039,2632,253000,120,Good,North,38,18-02-2024,0
APP001321,Male,Yes,1,Graduate,Self-Employed,40146,6353,170000,60,Bad,East,45,13-01-2023,0
APP003803,Female,Yes,3,Graduate,Self-Employed,98369,3105,60000,120,Good,East,38,17-09-2023,0
APP005212,Male,Yes,3,Graduate,Self-Employed,134208,7093,87000,240,Good,East,33,15-06-2023,1
APP001555,Male,No,2,Graduate,Salaried,27664,2691,27000,60,Good,West,45,09-05-2024,0
APP004147,Male,No,4,Not Graduate,Salaried,66943,4869,50000,180,Bad,North,22,19-04-2023,1
APP002437,Male,Yes,1,Graduate,Self-Employed,89043,10882,44000,60,Good,West,50,14-04-2024,0
APP001715,Male,Yes,3,Not Graduate,Salaried,32166,3258,92000,180,Good,West,53,22-08-2023,0
APP004787,Female,No,0,Graduate,Salaried,43898,5739,235000,60,Good,West,44,10-11-2023,0
APP004178,Female,Yes,0,Graduate,Self-Employed,71430,17751,80000,60,No History,South,33,12-01-2024,0
APP002216,Male,Yes,0,Graduate,Self-Employed,80335,7287,142000,60,Bad,North,35,15-07-2024,1
APP003544,Male,Yes,2,Graduate,Salaried,60351,8915,233000,120,Good,South,31,21-10-2023,0
APP004565,Male,Yes,3,Graduate,Self-Employed,32277,8349,99000,60,No History,West,49,12-12-2023,0
APP004717,Female,No,0,Graduate,Salaried,39740,9114,64000,120,Good,South,32,26-11-2024,0
APP004013,Female,No,0,Graduate,Salaried,151477,22598,71000,84,Good,North,21,10-04-2024,0
APP004300,Female,Yes,0,Graduate,Salaried,42969,1454,127000,180,Good,West,45,19-02-2024,0
APP001339,Male,Yes,3,Graduate,Self-Employed,67309,22286,113000,120,Good,South,27,28-11-2023,0
APP001916,Female,Yes,0,Graduate,Self-Employed,29286,7240,59000,120,No History,South,38,12-09-2023,0
APP003610,Female,Yes,1,Graduate,Self-Employed,48590,7858,93000,60,Good,East,42,05-07-2023,0
APP000522,Male,Yes,4,Graduate,Salaried,21685,6901,52000,360,Good,South,32,25-02-2023,0
APP005936,Female,Yes,0,Graduate,Salaried,81079,9730,60000,48,No History,North,56,18-11-2024,0
APP002583,Male,Yes,1,Not Graduate,Salaried,26506,7319,165000,48,Good,East,37,03-09-2023,1
APP005337,Male,Yes,0,Not Graduate,Salaried,55194,14236,89000,36,Good,South,44,07-01-2024,0
APP004575,Female,Yes,1,Graduate,Salaried,77388,14275,51000,36,Good,South,27,12-09-2024,0
APP004410,Male,No,1,Graduate,Salaried,44469,3832,158000,360,Good,East,43,08-01-2024,0
APP003341,Female,Yes,0,Graduate,Salaried,34888,4776,59000,36,Good,North,44,16-01-2024,0
APP005136,Male,No,0,Graduate,Salaried,52265,9747,66000,84,Good,North,42,31-07-2023,0
APP004673,Female,Yes,2,Graduate,Salaried,69074,12475,82000,240,Good,West,45,05-10-2023,0
APP002743,Male,Yes,2,Not Graduate,Salaried,46517,14092,132000,180,Good,South,34,28-04-2024,1
APP000608,Male,Yes,1,Graduate,Self-Employed,74902,1238,81000,48,Good,South,52,06-02-2024,0
APP005167,Male,No,2,Graduate,Salaried,119024,3969,326000,120,Good,West,31,22-03-2023,0
APP000245,Male,No,1,Graduate,Salaried,104627,7530,95000,180,No History,West,28,20-10-2023,0
APP004886,Female,No,4,Graduate,Self-Employed,25732,4763,63000,48,Bad,South,30,24-09-2024,1
APP005072,Female,No,4,Graduate,Salaried,48644,5982,71000,120,Good,North,57,22-08-2024,0
APP004538,Female,Yes,0,Not Graduate,Self-Employed,38611,6324,150000,180,Good,South,27,02-10-2024,0
APP000501,Female,Yes,1,Graduate,Self-Employed,27424,4700,39000,48,Good,West,35,14-03-2023,0
APP002153,Female,No,0,Graduate,Self-Employed,54131,12128,74000,48,Good,North,41,03-05-2024,0
APP001705,Male,Yes,0,Graduate,Salaried,23390,6520,70000,84,No History,North,34,03-02-2023,0
APP000954,Female,Yes,1,Graduate,Salaried,21553,7463,99000,240,Good,East,40,24-06-2023,0
APP005285,Male,Yes,0,Graduate,Self-Employed,27159,8038,186000,48,Good,North,44,16-06-2024,0
APP001465,Female,Yes,2,Graduate,Salaried,22316,7334,110000,120,Good,South,36,25-12-2023,0
APP005250,Male,Yes,0,Not Graduate,Self-Employed,37159,8711,187000,120,Good,North,40,04-10-2023,1
APP003274,Male,Yes,3,Graduate,Salaried,67089,22763,76000,180,Good,East,32,20-01-2024,0
APP005952,Male,No,1,Not Graduate,Self-Employed,75246,25364,58000,240,Good,East,50,22-11-2024,0
APP000116,Female,No,1,Graduate,Salaried,36636,1576,86000,36,Good,North,36,20-02-2023,0
APP002429,Male,Yes,0,Not Graduate,Self-Employed,56939,3849,206000,84,Good,East,36,12-09-2023,0
APP005788,Female,Yes,0,Graduate,Salaried,157083,11536,104000,120,No History,South,28,22-12-2024,1
APP001210,Male,Yes,3,Not Graduate,Self-Employed,74927,169,108000,120,Good,West,30,12-12-2024,0
APP005492,Female,No,2,Not Graduate,Self-Employed,62112,6423,155000,24,Good,East,33,18-12-2023,0
APP000464,Female,Yes,1,Graduate,Salaried,38725,12053,134000,84,Good,East,25,28-07-2024,0
APP001395,Male,Yes,3,Graduate,Salaried,93386,12366,115000,84,Bad,West,36,20-02-2024,1
APP000562,Male,Yes,0,Not Graduate,Salaried,29584,5665,68000,48,Good,South,40,03-11-2023,0
APP003334,Male,No,1,Graduate,Salaried,51517,113,105000,120,Good,North,31,01-06-2024,0
APP003296,Male,Yes,0,Graduate,Self-Employed,50663,10364,183000,12,Good,South,63,01-02-2023,0
APP003127,Female,Yes,2,Graduate,Self-Employed,11595.68039,2822,144000,60,Good,West,31,21-04-2024,0
APP005105,Male,Yes,1,Graduate,Salaried,86131,4738,120000,12,Good,North,34,10-01-2023,0
APP001170,Male,Yes,0,Not Graduate,Salaried,12243,3366,31000,24,Good,North,57,23-01-2023,0
APP002750,Female,Yes,1,Graduate,Salaried,57672,3803,68000,36,No History,East,40,09-07-2023,0
APP004815,Female,No,2,Graduate,Salaried,70912,843,149000,48,Good,North,34,29-08-2024,0
APP003156,Female,Yes,3,Graduate,Self-Employed,19725,1650,86000,36,Good,West,42,11-02-2023,0
APP004949,Female,No,0,Not Graduate,Self-Employed,39393,5842,198000,60,Good,South,38,12-12-2024,0
APP001096,Male,No,4,Graduate,Self-Employed,49956,3471,473000,60,Good,West,50,01-04-2023,0
APP005970,Female,Yes,3,Not Graduate,Self-Employed,68669,12955,194000,84,Good,East,41,17-03-2023,0
APP001666,Female,No,2,Not Graduate,Self-Employed,24171,246,193000,180,Good,East,27,31-01-2024,0
APP000118,Male,Yes,0,Graduate,Salaried,63809,13832,51000,120,Bad,North,30,20-01-2023,0
APP001708,Male,No,2,Graduate,Salaried,48644,6399,34000,48,No History,West,38,07-12-2024,0
APP000453,Male,Yes,2,Not Graduate,Self-Employed,86876,28721,184000,36,Good,North,31,18-05-2023,1
APP003485,Female,Yes,0,Not Graduate,Salaried,110970,17122,339000,240,Bad,West,37,02-11-2023,1
APP002605,Male,No,3,Not Graduate,Salaried,48044,11504,82000,60,Good,North,34,09-09-2023,0
APP001128,Male,Yes,0,Graduate,Salaried,34638,9256,61000,24,Good,East,36,18-07-2023,0
APP000420,Female,No,3,Graduate,Salaried,30677,6443,63000,12,No History,West,51,03-08-2023,1
APP003300,Female,Yes,0,Graduate,Salaried,111980,7976,33000,180,Good,South,42,23-06-2024,0
APP003448,Female,Yes,2,Not Graduate,Self-Employed,42662,10666,116000,120,Good,South,25,17-05-2024,0
APP002573,Male,No,1,Not Graduate,Salaried,63003,6253,163000,360,Good,South,37,20-06-2023,1
APP004332,Male,No,1,Graduate,Salaried,31779,8567,57000,180,No History,North,43,10-04-2024,0
APP001277,Male,Yes,1,Not Graduate,Self-Employed,91770,8637,66000,180,Good,North,24,20-11-2023,0
APP000963,Male,Yes,3,Graduate,Self-Employed,125626,33208,104000,36,Good,North,21,12-07-2024,1
APP002922,Female,Yes,4,Graduate,Salaried,63929,203,138000,240,Good,West,28,12-06-2023,0
APP003362,Male,Yes,1,Graduate,Salaried,37449,6489,87000,180,Good,South,50,25-03-2023,0
APP001562,Male,Yes,3,Graduate,Salaried,62313,14715,532000,84,Good,North,55,15-09-2024,1
APP003118,Male,No,0,Graduate,Salaried,40960,6699,80000,84,Good,North,57,31-08-2023,0
APP001032,Female,Yes,0,Graduate,Salaried,22637,6832,93000,120,Good,West,56,07-11-2023,0
APP000980,Female,Yes,0,Graduate,Self-Employed,27726,1049,232000,84,Good,West,45,02-11-2024,0
APP003522,Male,No,4,Not Graduate,Salaried,27893,1602,171000,60,Good,West,28,24-11-2024,0
APP001750,Male,No,1,Graduate,Self-Employed,16071,2791,283000,36,Good,West,28,10-01-2023,0
APP001403,Male,Yes,1,Graduate,Self-Employed,31533,9027,153000,60,Bad,West,35,26-04-2023,0
APP005080,Male,No,0,Not Graduate,Salaried,33320,11052,24000,24,Good,West,38,23-01-2024,0
APP002941,Male,Yes,0,Graduate,Self-Employed,58917,5127,99000,360,Good,East,51,22-03-2023,0
APP001443,Female,Yes,3,Graduate,Self-Employed,59019,14081,114000,60,Good,West,38,06-05-2023,0
APP002658,Female,Yes,0,Graduate,Salaried,77517,17530,48000,84,Good,North,36,10-01-2023,0
APP001684,Female,No,3,Not Graduate,Self-Employed,33722,4280,151000,36,Good,West,21,30-04-2024,0
APP000893,Female,Yes,0,Not Graduate,Salaried,125964,11907,31000,36,Good,West,28,06-12-2024,0
APP004894,Male,Yes,2,Not Graduate,Salaried,33727,3505,67000,60,Good,North,38,28-10-2023,0
APP005899,Female,No,2,Graduate,Salaried,95628,9264,65000,60,Good,West,33,04-05-2023,0
APP003434,Male,Yes,2,Graduate,Salaried,205802.1872,27641,169000,120,Good,South,43,03-10-2024,0
APP002929,Female,Yes,2,Graduate,Salaried,104271,17295,59000,84,Good,West,30,10-07-2023,0
APP004833,Female,Yes,1,Graduate,Salaried,63482,13549,34000,180,Good,East,42,28-03-2024,0
APP005802,Male,Yes,1,Not Graduate,Salaried,76771,21342,40000,48,No History,East,40,06-08-2024,0
APP002484,Male,Yes,0,Graduate,Salaried,66842,12836,104000,180,Good,East,29,29-01-2024,0
APP000808,Female,Yes,3,Graduate,Salaried,82773,19270,41000,60,Bad,South,30,11-06-2024,1
APP004554,Female,Yes,2,Not Graduate,Salaried,12248,2143,93000,120,Good,South,31,15-02-2023,0
APP004114,Male,Yes,2,Graduate,Self-Employed,32604,2222,143000,84,Good,West,58,08-09-2023,0
APP005758,Male,Yes,1,Graduate,Self-Employed,32030,10966,397000,48,Bad,North,32,28-03-2023,0
APP000399,Female,No,0,Graduate,Salaried,62305,4197,71000,120,No History,North,30,30-03-2023,0
APP003026,Male,Yes,0,Graduate,Salaried,175378,3834,47000,36,Good,North,42,10-11-2023,0
APP004871,Male,No,2,Graduate,Salaried,54427,15871,97000,360,Good,West,52,05-07-2023,0
APP002659,Male,Yes,2,Not Graduate,Self-Employed,99264,12947,72000,84,Good,West,42,23-03-2024,0
APP004668,Female,No,2,Not Graduate,Self-Employed,69699,10688,67000,84,Good,East,44,08-08-2024,0
APP001732,Female,Yes,3,Graduate,Self-Employed,68153,18153,196000,120,No History,East,37,02-01-2024,0
APP005459,Female,No,0,Not Graduate,Self-Employed,30949,4060,118000,60,Good,East,24,05-10-2024,0
APP005300,Male,Yes,0,Not Graduate,Self-Employed,82462,11810,184000,120,Good,East,23,07-01-2023,0
APP005559,Male,Yes,0,Not Graduate,Salaried,28305,2403,73000,240,Good,West,60,21-12-2024,0
APP000922,Male,Yes,2,Graduate,Salaried,91175,26916,158000,24,Good,East,29,19-11-2023,0
APP000211,Male,No,0,Not Graduate,Salaried,51306,7878,121000,60,Good,East,45,13-03-2023,0
APP004081,Female,Yes,1,Graduate,Self-Employed,51363,3948,41000,240,Bad,East,42,07-04-2024,1
APP000677,Male,Yes,2,Graduate,Salaried,43787,13847,39000,60,Good,West,21,27-06-2024,0
APP002227,Male,Yes,4,Graduate,Salaried,205802.1872,70924,93000,84,Good,South,21,31-01-2024,0
APP000913,Female,Yes,0,Graduate,Salaried,74479,2182,235000,360,Good,North,32,14-11-2024,0
APP005151,Male,Yes,2,Graduate,Salaried,25348,7991,89000,180,Bad,West,32,27-09-2024,1
APP000774,Male,Yes,0,Not Graduate,Self-Employed,77884,19581,74000,180,Good,South,26,25-02-2023,0
APP005857,Male,Yes,1,Graduate,Self-Employed,61040,1599,277000,84,Good,South,49,24-04-2023,0
APP005656,Male,Yes,2,Graduate,Self-Employed,39083,169,34000,60,Good,West,45,22-05-2023,0
APP001284,Male,No,3,Graduate,Salaried,30524,181,185000,240,Good,West,40,07-06-2024,0
APP005675,Female,Yes,3,Graduate,Salaried,52388,16694,119000,84,Good,South,40,09-11-2023,1
APP004573,Male,No,0,Graduate,Self-Employed,84740,15990,25000,60,Bad,East,47,24-01-2023,1
APP003387,Male,No,0,Graduate,Salaried,43142,766,68000,84,Good,North,43,06-08-2023,0
APP005776,Male,Yes,2,Graduate,Self-Employed,17407,3757,134000,60,Good,East,37,30-05-2023,0
APP003310,Male,No,0,Graduate,Salaried,44321,5877,173000,360,Bad,East,44,28-06-2024,0
APP004491,Male,No,0,Graduate,Salaried,82160,2186,114000,48,No History,South,36,22-04-2024,0
APP000949,Female,No,2,Graduate,Self-Employed,29052,2796,124000,24,No History,West,42,05-07-2024,1
APP005689,Male,Yes,0,Graduate,Self-Employed,87637,11646,144000,120,Good,West,45,13-06-2023,0
APP005441,Male,No,0,Graduate,Salaried,48644,11974,58000,120,Bad,West,58,01-08-2024,0
APP003847,Female,No,0,Graduate,Salaried,14176,3568,61000,180,Good,North,42,30-08-2024,0
APP003671,Male,Yes,1,Graduate,Salaried,69143,18808,217000,120,Good,East,37,03-10-2023,0
APP004763,Female,Yes,0,Graduate,Salaried,29455,6055,57000,120,Good,North,28,23-10-2024,0
APP002846,Male,Yes,0,Graduate,Self-Employed,48198,11111,153000,60,Good,West,45,27-07-2023,0
APP002389,Female,Yes,3,Graduate,Salaried,48644,3441,77000,48,Good,East,34,13-01-2023,0
APP005750,Female,No,1,Graduate,Self-Employed,42821,11038,479000,360,Good,North,26,17-07-2023,0
APP004624,Female,Yes,0,Graduate,Self-Employed,63920,3992,193000,84,Good,West,39,31-12-2023,0
APP003936,Male,Yes,3,Graduate,Salaried,33601,11040,104000,180,Good,East,45,17-03-2023,0
APP000957,Male,No,1,Not Graduate,Salaried,24405,3981,57000,48,Good,South,26,03-12-2024,0
APP002617,Male,Yes,1,Not Graduate,Salaried,29874,246,34000,36,Good,East,28,06-02-2024,0
APP002200,Male,Yes,2,Graduate,Salaried,78373,15671,63000,48,Good,East,38,16-03-2024,0
APP003599,Male,No,1,Not Graduate,Salaried,43549,11357,47000,180,Bad,South,42,15-02-2023,0
APP000611,Male,Yes,0,Not Graduate,Salaried,19225,4835,89000,120,Good,East,62,23-03-2023,0
APP000740,Male,Yes,2,Not Graduate,Salaried,60473,6046,114000,84,Good,North,44,12-05-2024,0
APP003958,Male,Yes,4,Not Graduate,Salaried,53151,233,51000,180,Bad,West,21,15-11-2024,1
APP004711,Male,No,0,Graduate,Self-Employed,28719,5231,34000,12,Good,West,35,18-01-2023,0
APP004351,Female,Yes,2,Graduate,Salaried,45346,12797,131000,48,No History,West,47,15-07-2023,0
APP005800,Male,Yes,0,Not Graduate,Self-Employed,48644,5643,13000,24,Good,South,35,05-12-2023,0
APP001674,Female,Yes,2,Not Graduate,Self-Employed,102266,23052,98000,180,Good,North,21,18-03-2024,0
APP000360,Male,No,2,Graduate,Salaried,33250,10619,74000,36,Good,East,41,25-06-2024,0
APP004516,Male,Yes,2,Graduate,Self-Employed,28421,3259,170000,12,Good,West,34,25-09-2024,0
APP002917,Female,Yes,2,Graduate,Salaried,28326,3563,563000,360,Good,East,40,10-09-2024,0
APP001772,Female,Yes,2,Graduate,Salaried,23075,789,44000,60,Good,South,53,11-05-2024,0
APP001931,Male,Yes,0,Not Graduate,Self-Employed,78853,15945,149000,60,Good,North,36,08-01-2024,0
APP002339,Male,Yes,0,Graduate,Salaried,95149,21331,189000,24,No History,East,64,13-10-2023,0
APP005095,Male,No,0,Graduate,Self-Employed,19372,1203,60000,36,Good,South,45,26-03-2023,0
APP002266,Female,Yes,0,Graduate,Salaried,36678,451,89000,84,Good,East,41,21-11-2024,0
APP003707,Female,No,3,Not Graduate,Self-Employed,48375,8781,172000,60,Good,West,32,08-08-2023,0
APP002569,Female,Yes,0,Graduate,Self-Employed,34079,6081,81000,36,Good,South,32,07-05-2023,0
APP004001,Male,No,0,Graduate,Self-Employed,57587,13223,124000,48,Good,North,46,03-05-2023,0
APP001486,Male,No,1,Graduate,Salaried,25383,79,74000,360,Good,East,25,10-06-2024,0
APP003475,Female,Yes,1,Not Graduate,Self-Employed,68648,2944,48000,120,Good,South,63,02-11-2024,0
APP002752,Female,Yes,0,Graduate,Salaried,41289,10111,99000,360,Good,West,45,01-03-2024,0
APP000789,Male,Yes,2,Graduate,Self-Employed,32524,10269,58000,240,Good,East,42,26-03-2023,0
APP004269,Female,Yes,0,Graduate,Salaried,74680,18201,63000,60,Good,North,43,02-10-2024,0
APP000616,Female,No,0,Graduate,Salaried,14608,2619,88000,24,Good,South,31,04-04-2024,0
APP002645,Male,Yes,0,Graduate,Salaried,63281,9595,196000,120,Good,East,22,01-03-2024,0
APP000055,Female,No,3,Graduate,Salaried,73279,13851,76000,120,Good,West,38,08-11-2023,1
APP002035,Female,No,1,Graduate,Salaried,158669,30529,89000,180,No History,West,37,22-10-2023,0
APP000975,Male,No,0,Not Graduate,Self-Employed,83746,27279,63000,36,Good,North,25,05-12-2024,0
APP002867,Male,Yes,1,Not Graduate,Salaried,84699,28169,134000,60,Bad,West,30,03-01-2023,0
APP001283,Male,Yes,1,Graduate,Self-Employed,63796,9387,196000,180,Good,South,29,01-03-2024,0
APP003399,Male,No,0,Graduate,Self-Employed,42186,3160,29000,240,Good,North,30,30-12-2023,0
APP000162,Female,No,0,Graduate,Self-Employed,45788,355,141000,360,Good,South,40,15-06-2024,0
APP002557,Male,Yes,0,Not Graduate,Self-Employed,48644,12110,79000,180,Good,West,40,28-07-2024,0
APP002210,Female,No,0,Not Graduate,Self-Employed,83335,26024,63000,84,Good,South,45,16-07-2023,0
APP005456,Male,Yes,2,Graduate,Salaried,27018,1914,48000,84,Good,South,61,06-09-2023,0
APP003162,Male,Yes,1,Graduate,Self-Employed,28087,855,141000,60,Good,West,21,02-06-2023,0
APP000408,Male,No,0,Graduate,Salaried,34116,3550,39000,24,Bad,West,27,15-01-2023,0
APP002712,Male,Yes,0,Not Graduate,Salaried,75623,11420,99000,60,Bad,West,43,07-11-2023,0
APP004854,Male,Yes,0,Not Graduate,Self-Employed,20622,4219,52000,180,Bad,South,41,13-02-2024,1
APP004099,Male,No,0,Graduate,Salaried,39714,1844,182000,84,Bad,West,35,31-01-2023,1
APP003709,Male,No,1,Not Graduate,Salaried,31647,6056,56000,180,Good,West,21,21-08-2024,0
APP004293,Male,No,0,Graduate,Salaried,50313,13292,120000,12,No History,North,23,23-12-2024,0
APP005777,Female,No,0,Not Graduate,Self-Employed,64254,11014,78000,48,Good,North,28,28-11-2024,0
APP002643,Female,Yes,3,Graduate,Self-Employed,63498,99,62000,180,Bad,North,36,14-01-2024,1
APP000308,Male,Yes,0,Graduate,Salaried,60521,2366,182000,36,Good,South,26,09-11-2024,0
APP005427,Female,No,1,Not Graduate,Salaried,64628,10176,144000,84,Bad,South,21,12-01-2024,0
APP001351,Female,Yes,1,Graduate,Self-Employed,95962,7696,75000,12,Good,North,62,04-08-2024,0
APP000961,Male,No,0,Graduate,Self-Employed,58830,9819,73000,12,Good,North,42,27-10-2024,0
APP000511,Female,No,3,Not Graduate,Self-Employed,74086,4849,89000,360,Good,West,42,04-10-2023,0
APP005812,Female,Yes,1,Graduate,Salaried,11595.68039,2330,69000,84,Good,West,29,09-07-2023,0
APP005466,Male,Yes,3,Graduate,Salaried,86400,13080,190000,60,Good,South,37,07-02-2024,0
APP005282,Male,No,1,Graduate,Salaried,37939,11783,180000,360,Good,North,44,11-07-2023,0
APP005779,Female,No,0,Graduate,Self-Employed,28878,112,108000,60,Bad,North,49,25-10-2023,0
APP002686,Male,Yes,0,Graduate,Self-Employed,29691,6363,125000,84,Good,East,21,23-07-2024,0
APP003982,Female,No,1,Graduate,Self-Employed,40921,10975,152000,360,Good,East,55,02-07-2024,0
APP005787,Male,Yes,0,Graduate,Salaried,20783,4946,94000,36,Good,East,46,26-12-2023,0
APP000972,Female,No,0,Not Graduate,Salaried,35167,279,95000,180,Good,South,51,09-12-2024,0
APP005062,Female,Yes,2,Graduate,Salaried,28973,9411,84000,60,Good,North,41,13-12-2024,0
APP003404,Male,Yes,1,Not Graduate,Self-Employed,45828,1747,97000,360,Good,North,47,26-07-2023,0
APP003051,Male,Yes,0,Graduate,Salaried,52020,14337,36000,84,Good,West,27,16-06-2024,0
APP003463,Female,Yes,2,Graduate,Salaried,52012,13469,342000,180,Good,East,33,15-12-2024,0
APP003718,Male,Yes,0,Not Graduate,Self-Employed,58853,5393,117000,60,Good,East,47,07-09-2024,0
APP000962,Female,No,1,Graduate,Salaried,27558,2372,52000,60,Good,North,39,26-08-2024,0
APP005829,Male,No,2,Not Graduate,Salaried,38517,4699,208000,36,Bad,North,24,25-03-2024,0
APP005629,Male,No,0,Not Graduate,Self-Employed,51434,261,24000,240,Good,East,42,04-03-2024,0
APP004131,Male,Yes,2,Graduate,Self-Employed,48644,472,105000,84,Good,South,50,19-09-2024,1
APP002980,Female,Yes,4,Graduate,Salaried,23547,467,36000,120,Bad,West,21,02-03-2024,1
APP000029,Female,Yes,3,Graduate,Self-Employed,24380,6432,56000,84,Bad,North,37,01-07-2024,0
APP000659,Female,Yes,1,Graduate,Salaried,33367,306,198000,36,No History,North,54,27-04-2023,0
APP004596,Female,Yes,1,Graduate,Salaried,88521,14927,80000,84,Bad,North,30,26-07-2024,1
APP004006,Male,Yes,1,Graduate,Self-Employed,42976,9943,48000,60,Good,North,22,05-07-2023,0
APP003673,Female,Yes,2,Graduate,Self-Employed,103136,536,108000,240,Good,East,30,12-10-2023,0
APP003773,Male,Yes,3,Graduate,Salaried,23044,5534,99000,60,Bad,North,36,01-01-2024,0
APP002087,Male,Yes,4,Graduate,Self-Employed,48957,16912,52000,120,Good,North,35,05-02-2024,1
APP004723,Male,Yes,3,Graduate,Salaried,75191,4653,256000,24,Good,East,31,23-01-2024,0
APP005374,Female,No,0,Graduate,Salaried,36299,2687,244000,60,Good,North,38,01-09-2024,0
APP004645,Female,Yes,1,Graduate,Salaried,15746,3012,245000,12,Bad,South,21,26-04-2024,1
APP004746,Male,No,0,Not Graduate,Self-Employed,117587,8107,148000,60,No History,East,29,22-05-2024,0
APP005660,Female,No,2,Not Graduate,Salaried,95721,5664,83000,60,Good,North,21,08-02-2024,0
APP003800,Male,Yes,0,Graduate,Self-Employed,22170,4374,95000,24,Good,South,39,20-12-2024,0
APP004988,Female,No,0,Graduate,Salaried,34987,7335,122000,360,Good,West,21,24-06-2024,0
APP004092,Male,Yes,1,Graduate,Self-Employed,34305,841,123000,60,Good,West,36,01-05-2024,0
APP001385,Female,Yes,1,Not Graduate,Salaried,77056,6909,181000,84,Good,North,37,19-02-2024,0
APP000701,Male,No,0,Graduate,Self-Employed,51994,14817,120000,84,Good,North,37,16-05-2024,0
APP001584,Male,No,0,Graduate,Salaried,72692,9486,74000,240,Good,North,48,17-11-2023,0
APP000617,Male,Yes,4,Graduate,Salaried,16328,4670,224000,48,Bad,North,39,11-06-2024,0
APP003807,Male,No,0,Graduate,Self-Employed,58844,19462,166000,180,Good,East,47,08-06-2023,0
APP003312,Female,Yes,0,Not Graduate,Salaried,48644,7815,156000,84,Good,North,45,03-09-2024,0
APP000346,Female,Yes,3,Graduate,Salaried,86720,1887,278000,48,Bad,North,40,21-10-2023,0
APP005436,Female,Yes,3,Not Graduate,Salaried,52269,6901,74000,36,Good,West,38,27-02-2024,0
APP003921,Female,No,2,Not Graduate,Salaried,66807,11189,92000,84,Bad,East,40,16-11-2023,0
APP005154,Female,Yes,4,Graduate,Self-Employed,26850,967,99000,60,Good,South,24,20-09-2023,0
APP002763,Female,Yes,2,Graduate,Salaried,27376,3268,96000,120,Good,East,24,06-08-2023,0
APP004503,Male,No,0,Not Graduate,Salaried,93653,14851,152000,48,Good,East,53,03-10-2023,0
APP001391,Male,No,0,Graduate,Self-Employed,32241,3249,131000,60,Good,West,45,30-07-2024,0
APP002268,Female,Yes,2,Graduate,Salaried,61042,4592,77000,60,Good,West,21,17-04-2023,0
APP003439,Female,No,0,Not Graduate,Salaried,36356,5410,57000,48,Good,West,47,18-12-2024,0
APP002461,Female,Yes,0,Graduate,Salaried,46862,716,179000,36,Good,South,21,11-11-2024,0
APP005813,Female,No,0,Graduate,Self-Employed,42318,13930,218000,36,Bad,North,56,24-07-2023,1
APP001116,Female,No,0,Graduate,Salaried,28370,8765,99000,48,Good,East,43,23-05-2024,0
APP004995,Male,Yes,1,Graduate,Salaried,49080,1851,33000,84,Good,East,38,16-05-2023,0
APP004783,Male,Yes,1,Not Graduate,Salaried,54948,8052,131000,24,Good,South,34,15-03-2023,0
APP004440,Male,Yes,2,Not Graduate,Self-Employed,50237,7506,53000,36,Good,North,44,31-07-2023,0
APP004245,Male,No,0,Graduate,Salaried,58039,10408,107000,360,Good,North,61,02-11-2024,0
APP003819,Female,No,1,Graduate,Self-Employed,23601,6087,155000,48,Good,North,46,07-06-2024,0
APP001593,Male,Yes,2,Graduate,Salaried,37408,7095,88000,36,Good,South,37,09-07-2024,0
APP001926,Male,Yes,2,Graduate,Self-Employed,114106,15311,61000,240,Good,North,26,14-12-2024,0
APP003684,Male,Yes,1,Graduate,Salaried,57660,2,57000,24,Good,South,32,11-04-2024,1
APP003907,Male,Yes,0,Graduate,Self-Employed,64868,2623,244000,360,Good,North,40,26-02-2024,0
APP005630,Male,No,1,Not Graduate,Self-Employed,48644,7095,259000,60,Good,West,30,15-10-2023,0
APP001352,Male,No,0,Graduate,Salaried,52769,6968,78000,36,Good,South,31,14-08-2023,0
APP001423,Male,Yes,3,Not Graduate,Salaried,73023,21782,116000,84,Good,South,34,18-10-2024,0
APP000474,Female,Yes,3,Graduate,Salaried,48644,8312,85000,84,No History,North,36,27-12-2023,0
APP003775,Female,Yes,0,Graduate,Salaried,87248,28159,94000,60,Good,North,48,18-08-2023,0
APP005177,Female,No,3,Not Graduate,Salaried,87904,15554,229000,84,Good,North,32,11-07-2023,0
APP004658,Male,Yes,1,Graduate,Salaried,76466,7509,133000,240,Good,West,23,30-08-2023,0
APP004631,Male,No,0,Graduate,Self-Employed,48241,722,201000,84,Bad,South,55,30-10-2023,1
APP003454,Male,No,1,Not Graduate,Salaried,23637,1541,54000,120,Good,South,25,26-08-2024,1
APP003901,Male,No,2,Graduate,Self-Employed,112812,631,45000,60,Good,North,27,28-09-2024,0
APP004862,Female,Yes,1,Graduate,Self-Employed,91588,3587,75000,120,Good,West,21,04-10-2024,0
APP004523,Female,No,1,Not Graduate,Salaried,55298,6177,109000,360,Good,South,46,10-02-2024,0
APP004845,Male,Yes,3,Not Graduate,Salaried,20219,6934,181000,12,Good,North,27,25-03-2023,0
APP002433,Female,No,1,Graduate,Self-Employed,32588,2833,121000,84,No History,North,21,15-05-2024,0
APP004494,Female,No,2,Graduate,Self-Employed,54148,6570,65000,84,Good,East,39,19-03-2023,0
APP003067,Male,Yes,0,Graduate,Salaried,53070,6672,100000,120,Good,North,42,03-04-2023,0
APP000597,Female,Yes,3,Graduate,Salaried,63677,17948,60000,36,Good,South,34,07-08-2024,0
APP003695,Male,Yes,0,Graduate,Salaried,77402,7773,339000,120,Bad,East,59,19-08-2023,0
APP004556,Male,Yes,0,Graduate,Salaried,60810,10539,73000,60,Good,East,46,15-05-2024,0
APP005517,Female,No,4,Graduate,Salaried,76076,11768,95000,36,Good,North,37,15-09-2024,0
APP002754,Male,No,1,Not Graduate,Self-Employed,34715,2512,60000,120,Good,East,43,17-02-2023,0
APP002143,Female,Yes,1,Graduate,Salaried,23365,5980,72000,12,No History,North,46,13-12-2024,1
APP001884,Female,Yes,2,Graduate,Salaried,48975,12138,102000,48,Good,North,54,26-05-2023,0
APP004600,Male,No,3,Graduate,Self-Employed,41343,422,184000,60,Good,East,38,23-05-2024,0
APP001941,Male,Yes,3,Not Graduate,Self-Employed,60052,5000,185000,60,Good,East,49,22-05-2024,0
APP004529,Male,No,3,Graduate,Self-Employed,16999,1634,110000,240,Good,South,25,21-07-2024,0
APP004784,Male,No,1,Graduate,Salaried,23371,4864,72000,48,Good,North,22,05-04-2023,1
APP002017,Male,No,2,Not Graduate,Salaried,37108,4752,76000,36,Good,West,44,22-02-2024,0
APP003071,Female,No,0,Graduate,Self-Employed,31641,2579,70000,120,Good,North,28,14-03-2023,0
APP005002,Male,Yes,1,Not Graduate,Salaried,24715,3666,35000,36,Good,North,28,24-01-2024,0
APP003303,Male,Yes,0,Not Graduate,Salaried,40960,2091,66000,48,Good,North,33,12-01-2024,0
APP001043,Male,No,0,Graduate,Self-Employed,58070,7522,70000,84,Good,South,42,05-09-2024,0
APP005032,Male,No,4,Graduate,Self-Employed,58624,11901,83000,84,Good,North,39,07-02-2024,0
APP005665,Female,No,0,Graduate,Salaried,37849,6873,54000,60,Good,South,40,21-12-2024,0
APP002977,Female,Yes,2,Graduate,Salaried,32869,8689,174000,360,Good,South,49,25-09-2024,0
APP001083,Male,Yes,1,Graduate,Self-Employed,12843,1077,78000,60,Good,South,44,17-10-2024,0
APP002651,Male,No,1,Graduate,Self-Employed,41276,11402,146000,12,Good,North,29,21-05-2024,0
APP000130,Male,Yes,0,Graduate,Self-Employed,31121,5510,103000,84,Good,North,36,14-06-2023,0
APP004505,Male,No,0,Graduate,Salaried,48644,3983,158000,180,Good,North,44,10-03-2023,0
APP005400,Female,No,3,Graduate,Salaried,27723,5917,472000,84,Good,East,41,05-01-2023,0
APP002956,Female,Yes,2,Graduate,Salaried,66083,17671,54000,240,Good,East,47,18-09-2023,0
APP002005,Male,Yes,2,Not Graduate,Self-Employed,76607,5104,141000,84,Good,West,34,11-06-2023,0
APP000188,Male,Yes,0,Graduate,Salaried,99809,5192,212000,120,Bad,East,44,16-10-2023,0
APP005357,Male,Yes,2,Graduate,Salaried,74871,23519,55000,360,Good,East,50,29-09-2023,0
APP004057,Female,No,0,Not Graduate,Salaried,71226,19140,68000,84,Good,East,49,04-05-2024,1
APP005225,Male,Yes,2,Graduate,Salaried,60812,7350,79000,60,Good,East,36,25-04-2024,0
APP004587,Male,Yes,0,Graduate,Salaried,37982,1674,75000,48,Good,South,50,09-03-2023,0
APP004842,Female,No,0,Not Graduate,Self-Employed,11595.68039,327,23000,120,Good,South,31,25-12-2023,0
APP003669,Male,No,3,Graduate,Salaried,55750,19272,28000,36,Bad,South,45,06-09-2024,0
APP002756,Male,No,1,Graduate,Salaried,63171,21921,92000,360,Good,East,32,18-07-2024,0
APP002109,Male,No,1,Graduate,Salaried,34547,10921,52000,180,Good,East,37,05-05-2023,0
APP001756,Female,No,1,Not Graduate,Salaried,22610,5102,213000,48,Good,North,45,20-01-2023,0
APP002044,Male,No,0,Graduate,Salaried,77044,2253,66000,84,Good,East,40,10-09-2024,0
APP005890,Male,No,1,Graduate,Salaried,62715,10133,143000,36,Good,East,30,02-12-2024,0
APP003729,Male,Yes,0,Not Graduate,Self-Employed,32444,3931,136000,60,Good,North,36,29-08-2024,0
APP004939,Female,Yes,1,Graduate,Salaried,54334,12562,89000,120,Good,South,25,13-04-2023,0
APP004273,Male,Yes,2,Not Graduate,Salaried,45004,5543,171000,120,Good,South,33,17-08-2023,1
APP002662,Female,Yes,1,Graduate,Self-Employed,40546,11596,158000,240,Good,West,30,12-06-2023,0
APP004390,Male,Yes,0,Not Graduate,Salaried,22421,7554,257000,36,Good,East,53,24-03-2024,0
APP004526,Male,Yes,1,Graduate,Self-Employed,26830,6583,192000,180,Good,East,52,03-10-2023,0
APP005332,Male,Yes,0,Graduate,Self-Employed,130604,27217,108000,240,Bad,South,43,12-12-2024,0
APP005234,Male,Yes,1,Graduate,Self-Employed,64577,1197,70000,240,Good,East,46,01-12-2024,0
APP002563,Male,No,2,Not Graduate,Self-Employed,52430,3590,116000,84,Good,South,52,18-04-2024,1
APP002282,Male,Yes,0,Graduate,Salaried,73324,15928,100000,84,Good,North,40,26-11-2024,0
APP005437,Male,No,1,Not Graduate,Salaried,27803,7432,45000,24,Good,West,59,07-12-2023,0
APP003149,Female,No,1,Graduate,Self-Employed,23717,33,101000,60,Good,East,57,03-12-2024,0
APP004953,Male,No,0,Graduate,Salaried,31924,6394,96000,84,Good,North,24,28-09-2024,0
APP003989,Male,Yes,1,Graduate,Self-Employed,41348,4250,74000,360,Good,East,43,22-07-2023,0
APP003565,Male,No,1,Graduate,Self-Employed,145182,13016,98000,120,Good,North,46,06-01-2023,0
APP005572,Male,Yes,1,Not Graduate,Self-Employed,28829,8,92000,120,Good,North,21,25-10-2023,0
APP003045,Female,No,0,Graduate,Self-Employed,86858,211,110000,240,Bad,North,32,15-05-2024,1
APP003932,Male,Yes,2,Not Graduate,Self-Employed,122417,18468,121000,360,Bad,West,29,15-03-2024,0
APP003629,Female,Yes,1,Graduate,Self-Employed,70290,10462,137000,36,Good,South,41,11-10-2023,0
APP004380,Male,Yes,1,Graduate,Salaried,65974,9469,194000,48,Good,West,43,16-01-2023,0
APP001335,Female,No,1,Graduate,Self-Employed,30958,2443,128000,24,Good,West,54,22-03-2023,0
APP002906,Male,Yes,2,Graduate,Salaried,40179,9222,81000,120,No History,East,54,09-07-2023,0
APP004748,Male,No,4,Graduate,Salaried,87048,17223,136000,84,Good,East,37,16-09-2024,0
APP004661,Male,Yes,1,Graduate,Self-Employed,43482,402,120000,60,Good,West,21,17-11-2024,0
APP002014,Male,Yes,1,Graduate,Self-Employed,29519,4163,56000,180,Bad,East,52,28-10-2024,0
APP005853,Female,No,0,Graduate,Salaried,30849,3494,158000,60,Good,West,44,17-06-2024,0
APP004433,Male,No,0,Graduate,Self-Employed,82161,23424,106000,84,Good,West,25,03-07-2023,0
APP001683,Female,No,2,Graduate,Salaried,59905,13020,65000,12,Good,South,44,11-04-2023,1
APP001196,Female,Yes,4,Graduate,Self-Employed,53726,8983,180000,48,Good,South,52,01-04-2024,0
APP002482,Female,Yes,0,Graduate,Salaried,39189,3547,25000,36,No History,South,40,04-09-2023,1
APP004026,Female,Yes,2,Not Graduate,Salaried,57627,13854,79000,48,Good,North,26,21-10-2024,0
APP000966,Male,No,1,Graduate,Self-Employed,32538,6444,118000,240,Bad,West,41,22-10-2024,1
APP004879,Male,No,3,Graduate,Self-Employed,52594,7375,153000,180,No History,West,41,25-04-2023,0
APP000992,Female,Yes,0,Not Graduate,Salaried,35168,6751,116000,48,Good,East,29,19-04-2023,0
APP004064,Male,Yes,2,Graduate,Salaried,18059,4402,153000,60,Good,North,45,18-03-2024,0
APP000146,Male,No,1,Not Graduate,Self-Employed,62176,14192,102000,180,Good,East,50,26-05-2024,0
APP002454,Male,Yes,0,Not Graduate,Self-Employed,71523,19185,169000,24,Good,South,52,01-04-2023,0
APP003557,Male,Yes,2,Graduate,Self-Employed,34597,1431,161000,120,Good,West,21,10-06-2023,0
APP000416,Male,No,1,Not Graduate,Self-Employed,43640,3473,88000,120,Good,South,52,15-11-2023,0
APP003034,Male,No,2,Not Graduate,Self-Employed,48212,16141,135000,180,Good,North,26,04-01-2023,0
APP000053,Female,Yes,3,Graduate,Salaried,205802.1872,53301,109000,36,Good,South,44,02-05-2024,0
APP001991,Female,Yes,0,Graduate,Salaried,58886,8391,107000,360,No History,East,42,23-08-2023,0
APP004129,Male,No,0,Graduate,Salaried,57686,3025,130000,180,Bad,South,25,13-06-2024,0
APP002451,Male,Yes,4,Not Graduate,Self-Employed,73231,22450,48000,120,Good,East,38,07-05-2023,0
APP005207,Female,Yes,0,Not Graduate,Salaried,24474,3093,111000,36,No History,West,40,06-06-2024,1
APP003373,Male,Yes,0,Graduate,Salaried,25937,2286,67000,84,Good,East,30,07-02-2024,1
APP001954,Female,No,3,Graduate,Salaried,53041,7866,64000,360,Good,South,31,15-11-2023,0
APP004022,Male,No,2,Graduate,Salaried,39874,5244,53000,24,Good,North,41,02-08-2023,0
APP002548,Male,Yes,0,Graduate,Salaried,74868,21874,41000,12,Good,South,30,26-12-2024,0
APP004151,Male,Yes,1,Graduate,Salaried,84089,1989,61000,180,Bad,East,55,24-09-2024,0
APP000890,Male,Yes,2,Graduate,Self-Employed,18423,1826,582000,24,Good,West,32,11-10-2023,0
APP000552,Female,Yes,0,Graduate,Salaried,68171,1405,98000,60,Good,East,37,10-08-2023,0
APP004846,Male,Yes,2,Not Graduate,Salaried,74180,25664,109000,24,Good,North,37,02-12-2023,0
APP001522,Female,No,3,Graduate,Self-Employed,57874,13613,154000,48,Bad,West,46,14-09-2023,0
APP002390,Female,Yes,0,Graduate,Salaried,30860,10367,63000,24,Bad,South,51,25-09-2024,0
APP001077,Male,No,0,Not Graduate,Salaried,205802.1872,70860,218000,48,No History,North,34,09-11-2023,0
APP004397,Male,Yes,0,Graduate,Self-Employed,67088,5106,63000,12,Good,North,36,01-08-2024,0
APP002567,Male,Yes,2,Not Graduate,Salaried,33073,3889,110000,240,Bad,North,47,21-02-2024,1
APP003739,Female,No,0,Graduate,Salaried,47022,9372,78000,360,Good,South,38,23-12-2023,0
APP005636,Male,Yes,0,Not Graduate,Self-Employed,65908,20601,126000,240,No History,South,37,05-01-2023,0
APP001647,Male,Yes,4,Graduate,Salaried,80709,4279,137000,36,Good,East,39,09-12-2024,0
APP002142,Male,No,4,Graduate,Salaried,38164,8475,46000,48,Good,North,55,03-03-2024,0
APP004048,Male,No,2,Graduate,Salaried,44608,9898,147000,84,Good,West,21,27-03-2023,0
APP000861,Female,No,0,Not Graduate,Self-Employed,32383,1381,89000,180,Good,South,27,16-11-2023,1
APP005066,Male,Yes,3,Graduate,Self-Employed,60261,10118,78000,120,Bad,West,48,28-01-2024,1
APP000359,Female,Yes,0,Not Graduate,Salaried,18008,2747,104000,48,Good,West,45,24-02-2024,0
APP001119,Male,Yes,2,Not Graduate,Salaried,56035,9363,135000,360,Good,North,51,01-01-2023,0
APP000447,Female,No,0,Not Graduate,Salaried,45767,9917,155000,360,Good,North,30,21-12-2023,0
APP003594,Male,Yes,2,Graduate,Self-Employed,122346,36554,41000,60,Good,North,44,06-05-2024,0
APP001755,Female,No,0,Graduate,Self-Employed,43243,7235,106000,180,Good,East,37,29-01-2023,0
APP004187,Male,Yes,2,Graduate,Salaried,19085,1845,46000,84,Good,South,28,21-11-2023,0
APP005116,Female,Yes,0,Not Graduate,Self-Employed,56276,9700,143000,48,Good,South,35,07-11-2024,0
APP000290,Female,No,0,Graduate,Salaried,32718,6668,261000,36,Good,West,40,22-12-2023,0
APP004621,Female,Yes,2,Not Graduate,Salaried,28171,7228,68000,84,Good,North,35,03-12-2023,0
APP001791,Male,No,1,Graduate,Self-Employed,40025,570,196000,84,Good,East,47,09-09-2024,0
APP004650,Male,Yes,0,Graduate,Self-Employed,27253,5282,32000,48,Good,West,42,14-11-2023,0
APP000906,Female,Yes,2,Not Graduate,Self-Employed,28160,9854,145000,84,Good,East,22,17-02-2023,0
APP003056,Female,Yes,1,Graduate,Salaried,34517,3528,58000,120,Good,North,35,28-10-2024,0
APP004691,Male,Yes,0,Not Graduate,Self-Employed,57566,13983,178000,60,Good,South,34,25-09-2023,0
APP000257,Female,Yes,0,Graduate,Salaried,54498,13605,133000,120,Good,South,41,11-08-2023,0
APP001499,Male,Yes,1,Graduate,Salaried,57536,6933,76000,24,Good,West,37,02-06-2024,0
APP003388,Male,Yes,1,Graduate,Salaried,49306,14118,127000,60,Bad,West,39,16-05-2024,0
APP003197,Female,Yes,0,Not Graduate,Salaried,58253,4808,96000,48,Good,North,21,27-11-2023,0
APP004851,Female,Yes,0,Not Graduate,Salaried,21101,6996,226000,84,Good,North,34,15-04-2024,0
APP001876,Male,Yes,2,Graduate,Salaried,54355,14756,151000,84,Good,West,62,01-08-2024,0
APP002191,Male,No,0,Not Graduate,Salaried,62180,17909,38000,180,Good,West,58,06-09-2024,0
APP005118,Male,Yes,0,Graduate,Self-Employed,71476,24511,115000,240,Good,North,56,13-07-2023,0
APP001874,Female,No,2,Graduate,Self-Employed,19227,847,50000,240,No History,North,27,05-04-2024,0
APP001264,Male,Yes,0,Graduate,Self-Employed,53869,17330,58000,180,Good,East,30,27-06-2023,0
APP005634,Male,No,1,Graduate,Salaried,69926,15935,126000,360,Good,South,25,30-10-2023,0
APP001011,Male,No,1,Graduate,Self-Employed,49574,15271,136000,12,Good,North,38,20-03-2024,0
APP001437,Male,No,1,Graduate,Self-Employed,44843,9263,189000,120,Good,South,53,17-10-2024,0
APP002739,Female,Yes,2,Graduate,Salaried,82576,15011,29000,24,Good,East,44,07-02-2024,0
APP005670,Female,Yes,0,Not Graduate,Self-Employed,46947,10130,376000,120,Good,North,32,10-04-2023,1
APP004140,Male,No,0,Not Graduate,Self-Employed,51278,11230,93000,60,Good,West,26,06-04-2024,0
APP004065,Female,Yes,1,Graduate,Salaried,36947,12630,124000,120,Bad,West,21,18-07-2024,0
APP003384,Male,Yes,3,Graduate,Salaried,44898,10492,66000,36,Good,North,36,06-01-2023,0
APP005385,Female,Yes,3,Graduate,Salaried,62600,4926,54000,36,Good,West,43,27-02-2023,0
APP004172,Female,Yes,2,Not Graduate,Self-Employed,53538,12683,148000,48,Good,South,30,04-11-2023,0
APP003939,Male,Yes,3,Graduate,Salaried,90809,370,52000,120,Good,South,42,01-07-2023,0
APP002495,Male,Yes,2,Not Graduate,Self-Employed,47497,15820,151000,36,Bad,South,41,01-10-2023,0
APP004593,Male,No,3,Graduate,Salaried,48644,1389,153000,180,Good,East,34,24-07-2023,0
APP001864,Male,Yes,0,Graduate,Self-Employed,101772,3451,41000,120,Good,West,50,21-02-2023,0
APP000739,Male,No,0,Graduate,Self-Employed,112814,30154,64000,24,Bad,West,44,20-07-2024,0
APP001538,Female,No,1,Graduate,Salaried,64324,13145,90000,84,No History,North,38,21-01-2024,0
APP003151,Female,Yes,3,Graduate,Self-Employed,99416,4949,92000,120,Good,South,52,19-08-2023,1
APP000672,Female,Yes,3,Graduate,Salaried,51539,2813,64000,180,Bad,South,22,21-08-2024,1
APP000730,Male,Yes,2,Graduate,Salaried,70460,5577,84000,120,Good,West,31,26-08-2024,0
APP004205,Male,No,0,Graduate,Salaried,28462,3146,97000,240,Good,South,38,25-06-2024,0
APP000719,Male,Yes,0,Graduate,Salaried,38445,1559,82000,240,Good,West,45,29-09-2024,0
APP005067,Male,Yes,3,Graduate,Salaried,46011,10852,15000,240,Good,East,42,10-06-2023,0
APP000433,Female,Yes,1,Graduate,Salaried,75889,21368,73000,84,Good,West,27,12-05-2023,0
APP005237,Male,Yes,0,Graduate,Self-Employed,50760,11324,98000,60,Bad,West,34,19-08-2024,0
APP005944,Female,No,2,Graduate,Self-Employed,37025,12318,147000,120,Good,West,21,11-01-2024,0
APP001675,Female,No,0,Not Graduate,Salaried,46853,15070,101000,360,No History,West,31,21-12-2023,0
APP005977,Male,No,0,Graduate,Self-Employed,44337,1044,87000,180,No History,North,46,27-10-2024,0
APP005626,Female,No,4,Graduate,Salaried,16397,3777,46000,180,Good,North,49,02-04-2024,0
APP002159,Male,Yes,0,Graduate,Self-Employed,85474,22737,91000,36,Good,North,38,18-06-2024,0
APP005506,Male,Yes,0,Graduate,Salaried,44281,989,142000,48,No History,North,38,18-05-2023,0
APP002384,Male,Yes,1,Not Graduate,Salaried,38624,4717,84000,180,Good,South,23,31-05-2023,0
APP002186,Female,Yes,1,Graduate,Salaried,200441,1385,20000,240,No History,West,21,16-01-2024,0
APP005518,Female,Yes,1,Graduate,Self-Employed,49186,10294,182000,240,Good,West,45,01-06-2023,0
APP004458,Male,Yes,0,Graduate,Self-Employed,118855,11395,62000,48,Good,West,37,12-06-2023,0
APP005259,Male,Yes,0,Graduate,Salaried,107850,4735,128000,24,Good,North,21,28-05-2024,0
APP002121,Female,Yes,0,Graduate,Salaried,49895,1310,17000,60,Good,East,37,26-06-2023,0
APP004446,Female,No,2,Graduate,Salaried,36556,12731,103000,12,Good,East,42,03-03-2024,0
APP005298,Female,Yes,0,Graduate,Self-Employed,46830,13939,99000,36,Bad,South,33,23-09-2024,1
APP004926,Male,No,0,Graduate,Salaried,17800,3756,191000,120,Good,East,39,05-01-2023,0
APP002463,Female,No,2,Graduate,Salaried,48644,4648,78000,36,Good,East,40,14-07-2024,1
APP005388,Female,Yes,1,Graduate,Self-Employed,26434,4735,217000,120,Good,North,47,13-03-2023,1
APP002974,Female,No,1,Graduate,Salaried,41571,282,185000,180,Good,West,35,02-05-2024,0
APP002889,Female,Yes,3,Graduate,Salaried,31532,9766,102000,60,Good,West,21,02-08-2024,0
APP002131,Male,No,1,Graduate,Salaried,141967,29422,182000,36,Good,West,48,22-01-2023,1
APP005544,Female,No,2,Graduate,Self-Employed,67105,17864,93000,36,Good,East,21,24-02-2024,0
APP005594,Female,Yes,1,Not Graduate,Salaried,23794,3686,107000,120,Good,West,27,24-02-2024,0
APP000163,Female,Yes,1,Graduate,Salaried,27301,5460,175000,180,Bad,West,34,21-04-2023,0
APP000319,Male,No,1,Graduate,Self-Employed,73203,21419,81000,24,Good,South,36,02-12-2024,0
APP003745,Male,Yes,0,Graduate,Self-Employed,53311,14986,156000,84,Good,East,45,10-08-2024,0
APP004801,Male,No,0,Not Graduate,Self-Employed,21182,4078,106000,84,Good,North,37,21-06-2024,0
APP002863,Female,Yes,4,Graduate,Salaried,108643,12593,47000,240,Good,East,35,02-01-2024,0
APP005025,Female,Yes,0,Graduate,Salaried,75016,22196,174000,60,Bad,South,34,06-09-2024,1
APP002124,Male,No,0,Graduate,Salaried,124424,29886,102000,120,Good,South,28,19-10-2023,0
APP004297,Male,No,0,Graduate,Salaried,57663,7355,65000,60,Good,North,46,21-03-2024,0
APP001730,Female,No,3,Graduate,Salaried,24387,3075,95000,360,Bad,East,55,12-02-2023,0
APP002812,Female,Yes,4,Graduate,Salaried,102953,33357,317000,120,Bad,East,49,19-10-2023,0
APP003930,Male,No,2,Graduate,Salaried,22705,1281,58000,24,Good,South,45,13-11-2023,0
APP002736,Female,No,1,Not Graduate,Salaried,40055,8256,95000,120,Good,West,30,04-03-2024,0
APP002499,Female,Yes,0,Graduate,Self-Employed,27681,7167,87000,60,Good,East,51,15-02-2024,1
APP004492,Female,No,2,Not Graduate,Salaried,21134,5364,154000,84,Good,West,32,18-03-2024,0
APP000748,Male,Yes,4,Graduate,Salaried,89719,4269,118000,60,Good,East,42,03-06-2024,0
APP002504,Female,No,3,Graduate,Salaried,99460,34692,29000,84,Good,North,47,18-11-2023,1
APP002355,Female,No,2,Graduate,Salaried,52889,3795,157000,120,Good,East,31,31-03-2023,0
APP000232,Male,No,3,Graduate,Self-Employed,58103,18685,94000,120,Good,West,42,24-05-2023,0
APP002409,Female,Yes,1,Graduate,Self-Employed,11595.68039,2901,160000,120,Good,West,35,03-08-2023,0
APP003507,Female,Yes,3,Graduate,Salaried,119220,34142,29000,240,Bad,South,32,25-11-2023,0
APP001392,Male,No,0,Graduate,Salaried,55034,13567,46000,48,Bad,East,34,14-04-2023,1
APP005027,Male,Yes,2,Graduate,Salaried,45722,10972,32000,12,Good,North,38,11-10-2023,0
APP003185,Male,Yes,0,Graduate,Salaried,42148,13658,209000,84,Good,South,39,11-12-2024,0
APP001247,Male,Yes,4,Graduate,Self-Employed,55934,11035,148000,120,Good,West,36,24-07-2023,1
APP001529,Female,Yes,1,Graduate,Self-Employed,106833,33138,311000,36,Good,South,50,24-05-2024,0
APP003904,Male,Yes,0,Graduate,Salaried,25790,1285,70000,120,Good,East,24,11-09-2024,0
APP001078,Female,Yes,1,Graduate,Salaried,43180,4077,121000,36,Good,North,46,13-07-2024,0
APP004422,Female,No,1,Graduate,Salaried,67276,15667,47000,48,Good,North,43,13-04-2024,0
APP002093,Male,Yes,0,Graduate,Salaried,74021,10711,70000,120,Good,East,47,04-07-2023,0
APP000798,Male,Yes,3,Graduate,Self-Employed,46143,11215,130000,180,Good,South,26,30-04-2023,0
APP001329,Female,Yes,1,Graduate,Salaried,50369,12061,191000,36,Good,South,38,29-11-2024,0
APP002791,Female,No,4,Graduate,Salaried,54018,8734,165000,60,Good,East,45,29-06-2024,0
APP004707,Female,Yes,3,Not Graduate,Salaried,77247,18704,157000,36,Bad,East,46,22-01-2023,0
APP005247,Female,No,2,Graduate,Self-Employed,28086,9824,122000,60,No History,North,61,19-03-2023,0
APP002235,Female,No,4,Not Graduate,Self-Employed,35662,5185,60000,60,Good,South,41,10-08-2024,0
APP004990,Female,No,0,Graduate,Self-Employed,55868,1719,115000,48,Good,North,39,26-07-2023,0
APP000997,Female,Yes,3,Graduate,Self-Employed,52824,14853,129000,84,Good,North,38,15-06-2024,0
APP005902,Male,Yes,0,Graduate,Self-Employed,21147,5239,82000,180,Good,West,21,13-06-2023,0
APP001016,Female,No,0,Graduate,Self-Employed,54790,12073,147000,240,Good,West,28,30-12-2024,0
APP003236,Male,Yes,0,Not Graduate,Self-Employed,39774,13000,192000,60,Good,West,56,28-05-2024,0
APP002954,Male,Yes,2,Graduate,Salaried,80519,25970,99000,84,Good,South,32,20-11-2023,0
APP001131,Female,Yes,0,Not Graduate,Salaried,40776,6999,42000,48,Good,West,32,04-10-2024,0
APP003124,Male,No,2,Not Graduate,Salaried,30629,7931,197000,24,Good,East,23,17-09-2023,0
APP005743,Female,No,2,Graduate,Self-Employed,59853,13262,237000,48,No History,South,21,13-07-2024,0
APP003077,Female,No,0,Not Graduate,Self-Employed,120764,13544,99000,120,No History,South,55,29-12-2023,0
APP005098,Male,Yes,1,Graduate,Salaried,34227,1146,105000,360,Good,North,29,17-05-2023,0
APP000869,Female,No,2,Graduate,Salaried,44200,6785,106000,48,Good,South,40,16-08-2023,0
APP001430,Female,No,0,Graduate,Self-Employed,79169,1204,74000,84,Good,East,34,31-05-2023,0
APP002747,Male,Yes,0,Not Graduate,Salaried,140819,70,182000,84,Good,South,31,22-11-2024,0
APP004778,Male,Yes,2,Not Graduate,Salaried,77345,23327,87000,120,Good,West,30,17-12-2023,0
APP002832,Female,Yes,0,Not Graduate,Self-Employed,79224,14953,128000,84,Good,South,32,24-12-2023,1
APP004965,Male,Yes,2,Graduate,Salaried,52478,14105,107000,120,Good,South,40,29-05-2023,0
APP003152,Male,No,4,Graduate,Salaried,47506,3710,52000,36,Good,South,49,04-05-2024,0
APP000894,Male,No,0,Graduate,Self-Employed,46461,512,40000,180,Good,North,46,16-02-2023,0
APP001451,Male,Yes,2,Graduate,Salaried,18938,120,116000,360,Good,West,45,22-09-2024,0
APP001803,Male,Yes,1,Graduate,Self-Employed,33620,5729,228000,360,No History,East,49,14-07-2024,0
APP005195,Male,Yes,0,Graduate,Self-Employed,30980,4584,87000,180,Good,West,58,12-10-2024,1
APP003963,Male,Yes,0,Not Graduate,Self-Employed,48098,9394,55000,12,Good,West,47,24-12-2023,0
APP002757,Male,Yes,1,Not Graduate,Self-Employed,56266,18348,76000,60,Bad,West,21,30-04-2023,1
APP000326,Female,No,1,Graduate,Salaried,49548,16649,136000,12,Good,West,47,18-07-2023,0
APP003085,Female,No,0,Not Graduate,Salaried,35653,7846,145000,180,Good,North,39,03-05-2024,0
APP001727,Male,Yes,4,Not Graduate,Salaried,33388,7573,124000,60,Good,West,39,27-09-2024,1
APP002125,Female,Yes,1,Graduate,Self-Employed,53278,5583,96000,240,Good,North,45,05-01-2024,0
APP002760,Male,Yes,1,Graduate,Self-Employed,32022,2714,286000,180,Good,North,45,17-02-2024,0
APP005584,Female,Yes,4,Graduate,Salaried,81103,17948,249000,360,Good,East,46,12-10-2023,0
APP001108,Female,No,3,Graduate,Self-Employed,35412,3166,106000,84,Good,West,56,27-05-2023,0
APP001429,Female,No,1,Not Graduate,Salaried,53044,1494,167000,360,Bad,South,40,05-05-2024,0
APP004604,Male,No,3,Graduate,Self-Employed,44222,10114,106000,360,Good,North,33,11-12-2024,0
APP003093,Male,No,0,Graduate,Self-Employed,83231,12029,156000,84,Good,West,59,21-07-2024,0
APP002931,Female,No,0,Graduate,Salaried,33857,7646,214000,12,Good,West,32,20-02-2023,0
APP001792,Female,Yes,0,Graduate,Salaried,76411,20533,48000,360,Good,North,38,28-02-2023,0
APP005288,Male,Yes,0,Not Graduate,Self-Employed,131530,26894,78000,60,Good,North,40,25-02-2023,1
APP001052,Male,Yes,0,Not Graduate,Self-Employed,155441,35064,82000,120,Good,West,44,11-04-2024,0
APP000841,Male,Yes,2,Not Graduate,Self-Employed,40569,3091,171000,12,Good,North,47,17-02-2023,1
APP003072,Female,Yes,1,Graduate,Salaried,54477,11753,264000,180,Good,South,55,18-10-2024,0
APP005946,Male,No,1,Graduate,Salaried,54058,1956,78000,60,No History,East,30,26-08-2024,0
APP004612,Male,No,2,Graduate,Self-Employed,62613,17604,46000,12,Good,East,28,10-07-2024,0
APP002845,Male,No,0,Graduate,Salaried,15001,4791,136000,180,Good,South,47,06-03-2024,0
APP000102,Female,No,0,Graduate,Salaried,68931,11123,91000,120,Good,East,40,11-11-2023,0
APP002018,Female,No,1,Graduate,Salaried,44412,14517,74000,120,Good,South,38,15-04-2023,0
APP001768,Male,No,1,Not Graduate,Salaried,40258,3290,282000,84,Good,South,37,11-11-2023,0
APP002733,Male,No,2,Graduate,Salaried,156563,14463,95000,240,Bad,North,46,18-11-2023,1
APP004543,Male,Yes,2,Graduate,Salaried,34259,8007,149000,180,Bad,East,42,23-04-2024,1
APP003912,Male,No,0,Not Graduate,Salaried,54267,11746,126000,36,Good,South,23,10-03-2024,0
APP005048,Male,Yes,0,Not Graduate,Self-Employed,60034,20056,70000,84,Good,North,32,08-08-2024,0
APP004495,Female,Yes,0,Graduate,Salaried,37408,7371,43000,24,Good,South,38,23-06-2024,0
APP000074,Female,Yes,2,Not Graduate,Salaried,20379,6410,56000,84,Good,West,21,07-09-2024,0
APP005529,Male,No,4,Graduate,Salaried,50120,7597,70000,60,Good,East,43,27-03-2024,0
APP004618,Female,No,0,Not Graduate,Salaried,40842,5980,54000,60,Good,East,61,24-12-2024,1
APP002656,Male,Yes,4,Not Graduate,Salaried,58273,16051,187000,84,Good,West,41,13-04-2023,0
APP001261,Male,No,1,Not Graduate,Self-Employed,28309,2656,67000,84,Good,East,53,10-01-2023,0
APP000831,Male,No,0,Graduate,Self-Employed,34770,2751,433000,360,Good,North,70,12-10-2023,0
APP003111,Female,Yes,1,Graduate,Self-Employed,70402,632,43000,48,Good,North,37,29-06-2023,0
APP004275,Female,Yes,3,Graduate,Salaried,43852,10680,48000,12,Good,West,24,21-08-2023,0
APP002559,Male,Yes,0,Graduate,Salaried,11595.68039,2765,64000,24,Good,West,43,10-03-2024,0
APP002040,Male,No,2,Graduate,Salaried,49933,2052,276000,180,Good,North,25,03-06-2023,0
APP002078,Male,Yes,4,Graduate,Self-Employed,23917,8114,91000,36,Good,East,39,07-09-2023,0
APP004638,Female,Yes,1,Graduate,Self-Employed,60060,10034,177000,24,Good,West,41,16-07-2024,0
APP005920,Female,Yes,2,Graduate,Salaried,55782,17123,130000,180,Good,East,56,07-07-2024,0
APP002372,Female,Yes,4,Not Graduate,Self-Employed,41615,8355,136000,180,No History,West,51,28-01-2024,1
APP004814,Male,Yes,4,Graduate,Salaried,45745,6331,75000,48,Good,South,58,07-11-2023,0
APP005359,Female,No,4,Graduate,Salaried,38508,2072,133000,240,Good,West,33,30-08-2024,0
APP003618,Female,Yes,3,Not Graduate,Salaried,99335,23822,46000,84,Good,South,32,11-04-2024,0
APP001565,Female,Yes,0,Not Graduate,Salaried,29407,8694,68000,60,Good,West,39,30-08-2023,0
APP002990,Female,Yes,1,Graduate,Salaried,108120,9619,99000,60,Good,South,37,17-05-2024,0
APP001910,Male,Yes,1,Graduate,Salaried,131685,28784,70000,60,Good,West,22,04-08-2024,0
APP001435,Male,Yes,0,Graduate,Salaried,91562,24067,99000,36,Good,North,36,26-09-2024,0
APP000081,Female,Yes,3,Graduate,Self-Employed,70453,18026,96000,60,Good,North,34,13-12-2024,0
APP000406,Female,No,2,Graduate,Self-Employed,73198,19992,132000,48,Good,West,62,12-08-2023,0
APP001789,Male,No,3,Not Graduate,Salaried,40478,4667,57000,120,Good,North,25,07-02-2023,0
APP001652,Male,No,0,Graduate,Salaried,45726,5809,98000,24,Bad,North,48,17-05-2024,1
APP001228,Male,Yes,0,Graduate,Salaried,151691,44839,43000,60,Good,South,59,06-01-2024,0
APP001998,Male,Yes,2,Graduate,Salaried,130765,24273,428000,360,Good,East,45,17-08-2023,0
APP004901,Male,No,1,Graduate,Salaried,41607,9812,67000,180,Good,West,36,02-01-2023,0
APP001742,Female,Yes,2,Graduate,Salaried,13235,2135,62000,24,Bad,East,45,16-08-2024,0
APP004323,Female,No,1,Not Graduate,Salaried,18779,1963,61000,120,Good,West,31,16-03-2024,0
APP002585,Female,Yes,0,Not Graduate,Salaried,29421,183,112000,240,No History,South,38,20-07-2024,0
APP004808,Female,No,0,Graduate,Salaried,41528,4672,116000,360,Good,West,45,28-07-2023,0
APP003420,Male,Yes,0,Graduate,Salaried,36339,11454,129000,60,Good,South,36,18-04-2024,0
APP002879,Female,No,0,Graduate,Salaried,55798,10493,229000,120,Good,South,21,11-03-2023,0
APP002843,Female,Yes,1,Graduate,Salaried,32724,5453,518000,36,Bad,East,39,23-01-2023,1
APP002450,Male,No,1,Not Graduate,Salaried,40238,699,30000,84,Good,North,57,04-04-2023,0
APP003039,Male,Yes,4,Not Graduate,Self-Employed,80037,16,116000,36,Good,West,45,21-12-2024,0
APP002135,Female,Yes,0,Not Graduate,Salaried,89513,29737,133000,60,Bad,East,34,22-10-2023,0
APP005046,Female,No,2,Graduate,Salaried,53703,11884,47000,84,Good,East,31,15-10-2024,0
APP000826,Female,Yes,4,Graduate,Salaried,87280,3799,76000,120,Good,East,53,22-05-2023,0
APP001767,Female,Yes,0,Graduate,Self-Employed,47262,3189,47000,48,No History,East,44,14-02-2024,0
APP005786,Female,Yes,4,Graduate,Self-Employed,98703,19009,244000,180,Good,South,39,29-10-2023,0
APP003059,Male,No,1,Graduate,Self-Employed,52192,5008,60000,180,Good,North,34,24-10-2024,0
APP002714,Male,No,0,Not Graduate,Salaried,112028,6479,105000,120,Good,West,39,19-08-2023,0
APP005475,Male,Yes,3,Graduate,Salaried,112856,27313,236000,180,Good,West,31,21-06-2023,1
APP003665,Male,Yes,3,Not Graduate,Self-Employed,81545,9875,258000,120,Good,East,39,12-01-2023,0
APP002997,Male,Yes,3,Not Graduate,Self-Employed,60172,17137,213000,84,Good,East,28,16-09-2023,0
APP005465,Male,Yes,0,Graduate,Salaried,56947,19230,156000,36,Good,West,27,03-07-2023,0
APP005296,Male,Yes,1,Graduate,Self-Employed,42602,8798,174000,120,Good,East,45,12-09-2024,0
APP005239,Male,No,0,Not Graduate,Salaried,29675,8353,159000,60,Bad,West,50,28-06-2024,1
APP005164,Male,Yes,3,Not Graduate,Salaried,31950,278,128000,36,Good,South,42,17-10-2024,0
APP004206,Male,Yes,3,Not Graduate,Salaried,168133,45003,174000,240,Good,East,35,04-11-2023,1
APP005058,Male,Yes,2,Not Graduate,Self-Employed,35225,8507,150000,84,Good,North,39,24-12-2024,0
APP003440,Female,Yes,1,Graduate,Salaried,98235,17386,175000,240,Good,East,43,30-01-2023,0
APP004199,Male,Yes,0,Graduate,Salaried,40075,6961,98000,120,No History,South,35,22-11-2024,0
APP004989,Female,Yes,1,Graduate,Self-Employed,41005,12889,121000,360,Good,South,42,19-04-2024,0
APP003830,Male,Yes,0,Graduate,Salaried,72423,13998,142000,84,Good,East,43,02-07-2023,0
APP000853,Male,Yes,1,Graduate,Salaried,93165,25236,99000,240,Good,North,44,26-06-2023,0
APP001741,Female,No,3,Graduate,Self-Employed,52636,6154,139000,240,Good,North,40,30-10-2023,0
APP000652,Male,No,0,Not Graduate,Salaried,123808,8847,165000,240,Good,South,42,29-07-2023,0
APP002532,Female,No,0,Graduate,Salaried,103530,18861,83000,60,Good,South,26,24-10-2023,0
APP002056,Female,No,3,Graduate,Salaried,26300,6569,97000,84,Good,North,46,11-08-2023,0
APP003627,Male,Yes,0,Not Graduate,Salaried,35941,6854,312000,120,Good,South,29,14-06-2023,0
APP005366,Female,Yes,1,Graduate,Salaried,57977,18351,190000,48,Good,East,27,30-08-2024,0
APP000214,Male,Yes,2,Graduate,Salaried,86858,7021,24000,12,Bad,West,54,10-08-2024,0
APP003711,Male,No,2,Graduate,Salaried,43041,15,191000,24,Bad,East,34,12-02-2023,0
APP000604,Male,No,4,Graduate,Salaried,37277,7348,99000,240,Good,South,53,19-02-2024,0
APP004962,Male,No,0,Graduate,Salaried,43246,960,67000,24,Good,East,34,30-03-2023,0
APP003171,Female,No,1,Not Graduate,Self-Employed,60709,11651,158000,240,Good,East,40,21-11-2023,0
APP003567,Male,Yes,1,Graduate,Salaried,44224,1162,108000,60,Good,West,21,07-04-2024,0
APP000369,Male,Yes,4,Not Graduate,Salaried,86321,22464,79000,180,Good,West,38,04-01-2023,0
APP000471,Male,Yes,0,Graduate,Self-Employed,53221,7595,211000,120,Good,South,45,26-07-2024,0
APP003087,Male,Yes,2,Not Graduate,Salaried,38300,2435,88000,36,Good,South,37,21-09-2023,0
APP005277,Male,Yes,1,Graduate,Salaried,30755,1613,12000,120,Good,North,42,17-09-2024,0
APP005671,Female,No,0,Graduate,Self-Employed,94760,23778,156000,180,Good,North,46,20-11-2024,0
APP000222,Male,Yes,3,Graduate,Salaried,83555,28342,74000,60,Good,North,55,23-01-2024,0
APP000563,Male,Yes,0,Graduate,Salaried,101469,1317,114000,120,Good,East,38,26-05-2023,0
APP005823,Female,No,3,Not Graduate,Salaried,85415,1113,110000,360,Good,East,25,06-02-2023,1
APP003793,Female,Yes,2,Not Graduate,Self-Employed,18777,1281,34000,120,Good,West,52,04-10-2024,1
APP001587,Female,Yes,3,Graduate,Salaried,82994,15533,53000,240,Good,South,21,11-09-2023,0
APP005819,Female,Yes,1,Graduate,Salaried,33553,7224,154000,180,Good,South,56,14-02-2023,0
APP005228,Female,No,1,Not Graduate,Self-Employed,61960,2244,76000,60,Good,South,23,16-01-2023,0
APP005603,Male,Yes,2,Not Graduate,Salaried,54722,17021,330000,36,Good,East,31,31-07-2023,1
APP001182,Male,Yes,0,Not Graduate,Salaried,61287,9927,74000,180,Good,East,23,27-10-2024,0
APP002632,Female,No,0,Graduate,Self-Employed,36120,4160,385000,180,Good,North,40,12-06-2024,0
APP004676,Female,Yes,2,Graduate,Self-Employed,38769,7586,74000,48,No History,North,37,27-03-2023,0
APP001707,Female,No,1,Not Graduate,Self-Employed,64727,1629,61000,240,No History,North,41,05-08-2023,0
APP005316,Male,Yes,0,Not Graduate,Self-Employed,55013,7901,99000,120,Good,North,25,13-08-2024,0
APP001422,Male,Yes,0,Graduate,Self-Employed,30367,262,127000,180,Bad,West,21,03-12-2024,0
APP003751,Female,Yes,1,Graduate,Self-Employed,140362,46433,84000,12,Good,South,48,19-11-2023,0
APP003603,Male,No,1,Graduate,Self-Employed,86445,12694,81000,24,Good,West,30,20-12-2024,0
APP004681,Male,Yes,2,Graduate,Salaried,66655,17913,159000,48,Good,South,52,18-03-2024,0
APP002528,Female,No,4,Graduate,Self-Employed,188868,36984,44000,60,Good,North,68,30-08-2024,0
APP004726,Male,No,2,Graduate,Salaried,50453,4365,155000,60,Good,South,35,12-08-2023,0
APP004068,Female,No,4,Not Graduate,Salaried,94206,11122,57000,12,Good,North,23,20-02-2024,0
APP001701,Female,Yes,2,Not Graduate,Self-Employed,21701,3676,60000,84,Bad,South,42,24-01-2024,1
APP005762,Female,Yes,1,Graduate,Salaried,33647,5080,282000,120,Good,South,25,24-10-2023,0
APP000101,Male,Yes,2,Graduate,Salaried,67732,2393,132000,84,Good,South,30,01-12-2024,0
APP004291,Male,Yes,3,Graduate,Self-Employed,27734,4630,181000,360,Bad,East,27,24-10-2023,1
APP005588,Male,Yes,2,Not Graduate,Self-Employed,152243,14639,68000,240,Good,East,49,30-07-2024,0
APP004974,Female,No,0,Graduate,Salaried,31416,242,54000,120,Good,South,36,18-05-2023,0
APP001638,Male,No,0,Not Graduate,Self-Employed,38764,12491,90000,120,Good,North,52,24-08-2023,0
APP003415,Female,Yes,0,Not Graduate,Self-Employed,69232,21478,94000,60,Good,South,56,26-04-2023,0
APP005990,Female,Yes,1,Graduate,Salaried,16513,5205,222000,84,Bad,South,37,22-10-2023,0
APP005710,Female,No,1,Graduate,Salaried,36392,11283,88000,84,Good,East,50,10-10-2023,0
APP005702,Male,Yes,1,Graduate,Self-Employed,47747,8160,57000,48,Good,West,46,08-01-2023,0
APP000068,Female,No,0,Graduate,Salaried,73611,22236,78000,180,Good,West,40,13-08-2023,0
APP002382,Female,Yes,2,Graduate,Salaried,29091,924,101000,360,No History,North,28,16-07-2023,0
APP003689,Male,Yes,3,Graduate,Self-Employed,57411,8208,199000,180,Bad,North,46,16-04-2023,0
APP003481,Male,Yes,3,Not Graduate,Self-Employed,31797,6077,124000,24,Good,West,41,09-10-2024,0
APP001544,Male,Yes,1,Graduate,Salaried,51354,1855,68000,84,Good,North,39,10-04-2024,0
APP004417,Male,No,2,Graduate,Salaried,36909,1364,151000,120,Good,East,38,25-06-2023,0
APP002270,Male,Yes,0,Not Graduate,Salaried,48644,616,111000,84,Good,North,26,21-03-2023,0
APP000373,Male,Yes,2,Not Graduate,Salaried,61092,6094,93000,360,Good,South,26,21-03-2023,0
APP001454,Male,Yes,1,Graduate,Self-Employed,32473,2742,398000,240,Good,North,32,24-07-2024,0
APP004735,Male,No,2,Graduate,Salaried,107850,8535,105000,120,Good,West,36,02-10-2023,0
APP003257,Female,No,1,Graduate,Self-Employed,58607,12920,185000,24,Good,South,27,17-07-2024,0
APP001556,Male,No,0,Graduate,Salaried,48644,566,105000,180,Good,West,46,10-07-2024,0
APP000494,Male,Yes,1,Not Graduate,Salaried,27165,9156,111000,60,Bad,West,28,23-05-2024,1
APP005289,Male,No,0,Graduate,Salaried,114653,24406,223000,180,Bad,South,51,11-01-2023,1
APP004134,Female,Yes,3,Not Graduate,Self-Employed,98671,1595,130000,180,Good,South,27,22-08-2024,0
APP001826,Male,Yes,1,Not Graduate,Self-Employed,90369,7454,110000,84,Good,East,55,22-12-2024,0
APP001858,Male,No,1,Graduate,Self-Employed,56843,15624,86000,240,Bad,North,21,25-10-2024,1
APP004214,Male,Yes,0,Graduate,Salaried,45209,4621,85000,180,Good,East,35,29-04-2024,0
APP001770,Male,Yes,0,Graduate,Self-Employed,25195,2833,121000,240,No History,West,42,08-08-2023,0
APP004584,Female,Yes,2,Graduate,Salaried,21055,6062,99000,36,Bad,West,36,21-08-2024,0
APP001330,Male,No,0,Not Graduate,Self-Employed,72937,23502,91000,84,Good,North,32,03-08-2024,0
APP003909,Male,Yes,1,Graduate,Self-Employed,119297,10696,130000,240,Good,West,45,28-09-2023,0
APP002773,Female,Yes,0,Graduate,Self-Employed,33961,2925,64000,48,Good,North,45,09-10-2024,0
APP005546,Male,No,2,Graduate,Self-Employed,60800,19914,95000,360,Good,North,35,15-10-2024,0
APP000986,Male,Yes,3,Not Graduate,Salaried,42448,10525,55000,180,Good,South,39,04-11-2024,1
APP003256,Male,No,1,Graduate,Salaried,40391,13424,37000,48,Good,East,48,10-04-2024,0
APP000664,Male,Yes,4,Graduate,Self-Employed,48644,13561,54000,60,Bad,North,57,08-11-2024,0
APP003259,Male,Yes,0,Not Graduate,Self-Employed,95328,24005,83000,360,Good,West,45,10-06-2024,0
APP002117,Male,No,0,Graduate,Salaried,197099,34820,37000,180,Good,West,29,09-11-2024,0
APP001114,Male,No,4,Graduate,Salaried,36321,5490,87000,84,No History,South,46,29-07-2024,0
APP001245,Female,No,4,Not Graduate,Salaried,121701,32358,86000,60,No History,South,36,14-08-2024,1
APP001024,Female,Yes,0,Not Graduate,Salaried,27633,5806,50000,60,Good,East,21,19-03-2024,0
APP001442,Male,No,1,Graduate,Salaried,23712,4420,66000,48,No History,South,37,11-07-2023,0
APP004411,Male,No,0,Not Graduate,Self-Employed,56212,5094,164000,24,Good,South,48,22-04-2023,0
APP000916,Male,Yes,0,Graduate,Salaried,116134,37076,71000,180,Good,West,40,30-05-2024,0
APP001336,Female,Yes,0,Not Graduate,Salaried,89632,12046,145000,84,Good,West,32,24-03-2024,0
APP004357,Male,No,1,Graduate,Salaried,45610,6283,423000,36,Good,East,28,07-08-2023,1
APP005905,Male,No,3,Graduate,Self-Employed,31691,2703,239000,12,Good,West,37,10-05-2024,0
APP002840,Male,Yes,2,Not Graduate,Self-Employed,49831,2806,77000,84,Good,West,28,05-01-2023,0
APP000532,Female,Yes,1,Not Graduate,Salaried,61673,7973,98000,84,Bad,West,25,21-01-2023,0
APP000079,Male,Yes,2,Graduate,Salaried,74315,8446,99000,60,Good,West,21,08-06-2023,0
APP003630,Female,No,3,Graduate,Self-Employed,56463,9887,187000,48,Good,North,48,01-02-2023,0
APP003028,Female,Yes,2,Not Graduate,Self-Employed,24006,3136,52000,120,Good,East,49,07-03-2023,0
APP003748,Male,Yes,2,Graduate,Self-Employed,23360,2143,36000,120,Good,North,38,11-07-2024,0
APP003224,Male,No,0,Graduate,Self-Employed,155542,24065,95000,240,No History,West,34,24-06-2024,0
APP002002,Male,Yes,1,Not Graduate,Salaried,33716,5046,91000,120,Good,West,49,06-05-2023,0
APP004869,Female,Yes,0,Graduate,Self-Employed,14638,4549,58000,84,Good,East,29,03-03-2024,0
APP001167,Female,Yes,0,Graduate,Salaried,50044,15232,75000,120,Good,South,38,23-12-2024,0
APP004497,Male,Yes,3,Graduate,Self-Employed,18538,2694,70000,36,No History,West,39,02-09-2024,0
APP001091,Female,Yes,1,Graduate,Salaried,26552,2400,494000,84,Good,North,26,23-06-2024,0
APP004483,Male,Yes,1,Graduate,Salaried,34909,8159,36000,24,Bad,North,24,26-12-2024,0
APP005901,Female,No,2,Graduate,Salaried,40844,9816,173000,48,Good,North,40,17-12-2024,0
APP005324,Female,No,4,Graduate,Salaried,62221,21326,127000,240,Good,East,32,16-02-2023,0
APP001408,Female,Yes,2,Not Graduate,Salaried,82925,53,108000,180,Good,East,32,01-02-2024,0
APP005576,Male,Yes,1,Graduate,Self-Employed,60621,3524,159000,120,Good,South,21,11-01-2024,0
APP004143,Male,No,2,Graduate,Salaried,63248,13523,103000,180,Good,East,47,01-09-2024,0
APP002774,Male,Yes,0,Graduate,Self-Employed,14285,2881,111000,240,Good,East,32,09-10-2024,0
APP005235,Male,Yes,0,Not Graduate,Salaried,37510,9418,161000,84,No History,East,21,09-09-2024,1
APP002951,Female,Yes,3,Graduate,Self-Employed,43551,1123,122000,48,Good,West,40,06-09-2023,0
APP001060,Female,Yes,3,Graduate,Self-Employed,12350,146,330000,60,Good,East,37,23-07-2024,0
APP005447,Male,Yes,0,Not Graduate,Self-Employed,112410,19364,114000,240,Good,North,32,17-12-2023,0
APP003193,Female,Yes,1,Graduate,Self-Employed,41151,7271,156000,240,Good,West,38,05-01-2023,0
APP005410,Male,No,3,Graduate,Self-Employed,74168,21703,145000,180,Good,South,37,23-08-2023,0
APP001407,Female,Yes,0,Graduate,Salaried,50217,13354,52000,240,Good,North,22,03-04-2024,0
APP004599,Male,Yes,1,Graduate,Self-Employed,106498,9241,21000,84,Good,West,46,23-05-2024,0
APP002685,Male,No,0,Graduate,Self-Employed,75366,1861,137000,36,Good,East,22,28-01-2023,0
APP000229,Female,Yes,1,Not Graduate,Self-Employed,41138,269,117000,24,Good,South,37,07-06-2023,0
APP004376,Male,Yes,2,Graduate,Self-Employed,62720,9725,47000,240,No History,West,31,07-07-2023,1
APP001307,Female,Yes,1,Graduate,Self-Employed,76967,21370,70000,48,Good,North,31,02-01-2024,0
APP001280,Male,Yes,1,Graduate,Salaried,62667,8804,104000,60,Good,South,59,11-12-2024,0
APP003595,Male,Yes,0,Not Graduate,Salaried,44889,2108,77000,240,Good,South,40,07-02-2023,0
APP000743,Female,No,3,Graduate,Salaried,44649,8640,124000,180,Good,West,52,25-01-2023,1
APP005200,Male,Yes,4,Graduate,Salaried,30782,6381,203000,84,Good,West,41,30-07-2023,0
APP002858,Male,Yes,4,Graduate,Salaried,53818,1576,38000,12,Bad,East,49,23-05-2024,0
APP001282,Female,Yes,0,Not Graduate,Salaried,89483,3802,58000,60,Good,South,35,12-02-2023,1
APP004222,Female,Yes,2,Graduate,Salaried,36296,4168,91000,84,Good,North,41,16-01-2024,0
APP000723,Male,No,1,Not Graduate,Salaried,83853,26719,165000,36,Good,East,56,16-09-2023,0
APP004186,Female,Yes,3,Graduate,Salaried,37077,2172,104000,120,Good,West,45,16-05-2023,0
APP001548,Male,No,0,Graduate,Salaried,48644,12489,370000,60,Good,West,43,15-12-2024,0
APP004267,Female,No,2,Graduate,Self-Employed,33633,2562,69000,120,No History,West,31,31-01-2024,0
APP001691,Male,Yes,1,Graduate,Self-Employed,100351,27419,84000,60,Bad,North,51,11-02-2023,1
APP003191,Male,Yes,0,Graduate,Salaried,24560,6255,52000,36,Good,West,44,08-03-2023,0
APP003892,Male,Yes,0,Not Graduate,Salaried,94349,24855,142000,120,Good,West,42,22-09-2024,0
APP005747,Female,Yes,1,Not Graduate,Salaried,139435,36243,84000,84,Good,South,40,27-04-2023,0
APP005861,Male,Yes,3,Graduate,Salaried,46880,8100,99000,12,Good,North,38,03-05-2023,0
APP000508,Female,Yes,1,Graduate,Salaried,77715,3679,116000,60,Good,North,39,02-06-2024,0
APP004824,Male,Yes,0,Graduate,Salaried,147955,28828,165000,360,Good,North,53,02-03-2023,0
APP002806,Female,No,0,Graduate,Self-Employed,15275,3464,92000,36,Good,South,57,18-06-2024,0
APP001147,Female,No,1,Graduate,Salaried,31270,6206,193000,84,Good,West,53,17-01-2024,0
APP005551,Male,Yes,0,Not Graduate,Salaried,86960,23514,32000,240,Good,North,62,11-06-2023,0
APP001773,Female,No,0,Graduate,Salaried,88076,28176,35000,360,Good,East,37,07-07-2023,0
APP000135,Female,No,0,Graduate,Salaried,54448,449,50000,60,Good,East,45,01-10-2024,0
APP001389,Female,No,3,Graduate,Self-Employed,46030,11233,257000,36,Good,North,59,04-01-2023,0
APP002278,Male,Yes,0,Graduate,Salaried,108447,956,108000,36,Good,North,40,12-11-2024,0
APP002566,Male,Yes,2,Graduate,Salaried,27383,8013,333000,120,Good,East,26,08-12-2023,0
APP003529,Female,Yes,3,Graduate,Salaried,36855,10258,159000,360,Good,North,38,06-01-2023,1
APP005008,Female,Yes,0,Graduate,Self-Employed,61289,19886,58000,240,Good,East,36,15-06-2023,0
APP004880,Female,Yes,4,Graduate,Salaried,69539,4153,146000,240,Good,North,21,09-07-2023,0
APP004789,Male,Yes,2,Graduate,Self-Employed,86360,29619,204000,60,Good,West,31,19-10-2023,0
APP005319,Male,Yes,0,Graduate,Salaried,18499,2039,75000,60,Good,East,31,25-07-2023,0
APP003789,Male,Yes,3,Graduate,Self-Employed,43110,11912,38000,84,Good,North,55,02-05-2024,0
APP005491,Male,Yes,1,Graduate,Self-Employed,15776,111,473000,12,Good,East,39,01-11-2024,0
APP003407,Female,Yes,0,Graduate,Salaried,20142,5477,56000,360,Good,West,25,30-01-2024,0
APP005535,Male,Yes,3,Graduate,Salaried,38769,1580,657000,24,Good,East,62,11-01-2023,0
APP002467,Male,Yes,0,Not Graduate,Salaried,130160,4570,155000,36,Bad,West,51,26-02-2024,1
APP003746,Male,Yes,4,Not Graduate,Salaried,20882,3872,44000,36,Good,West,53,15-04-2023,1
APP002115,Female,No,3,Graduate,Salaried,51567,15966,51000,240,Good,North,44,01-06-2023,0
APP003452,Female,Yes,2,Graduate,Salaried,52944,4498,77000,120,Good,East,31,09-06-2024,0
APP000741,Male,Yes,2,Graduate,Salaried,39921,12872,111000,36,Good,East,46,30-03-2024,0
APP000714,Male,No,0,Not Graduate,Salaried,43389,2951,158000,84,Good,South,42,24-10-2023,0
APP003264,Male,Yes,2,Not Graduate,Salaried,165284,26158,74000,240,Good,North,38,20-07-2023,0
APP003860,Female,Yes,2,Graduate,Salaried,19930,3237,34000,120,Bad,North,52,29-08-2024,1
APP000196,Male,No,0,Graduate,Self-Employed,55894,10957,54000,12,Good,North,61,06-03-2024,0
APP003066,Male,No,0,Graduate,Self-Employed,41114,14164,27000,180,Bad,West,21,02-02-2023,0
APP005265,Female,Yes,2,Graduate,Salaried,16332,4127,153000,180,Good,East,28,08-04-2023,0
APP003446,Female,Yes,2,Graduate,Self-Employed,113616,7940,158000,360,No History,North,38,23-12-2024,0
APP003915,Female,Yes,1,Graduate,Salaried,14594,611,124000,240,Bad,East,52,16-01-2024,1
APP003055,Female,No,1,Not Graduate,Salaried,51969,10599,148000,84,Good,East,46,11-07-2023,0
APP002594,Male,Yes,3,Graduate,Salaried,72343,3332,583000,240,Good,North,21,28-11-2024,0
APP001311,Male,Yes,3,Graduate,Salaried,164573,2929,69000,36,Bad,South,50,26-02-2024,0
APP004464,Male,Yes,3,Graduate,Salaried,21134,5831,45000,180,Good,West,27,24-03-2023,0
APP000905,Male,No,2,Graduate,Salaried,154290,1774,73000,36,Good,North,35,23-08-2024,0
APP001819,Female,Yes,4,Graduate,Salaried,48585,1795,139000,84,Bad,North,40,05-09-2024,1
APP001217,Male,No,0,Graduate,Self-Employed,19600,5793,109000,360,Bad,North,34,29-09-2024,1
APP004929,Male,No,0,Not Graduate,Salaried,47640,371,221000,60,Good,North,32,02-06-2024,0
APP001003,Female,Yes,3,Graduate,Salaried,35748,8982,50000,60,No History,North,59,20-07-2023,0
APP001194,Female,Yes,0,Not Graduate,Salaried,30534,7958,273000,180,Good,West,34,30-01-2023,0
APP005806,Male,Yes,2,Graduate,Self-Employed,25731,3317,118000,120,Good,West,27,03-01-2024,0
APP001189,Male,Yes,2,Graduate,Self-Employed,97612,9401,118000,120,Good,East,35,19-09-2024,0
APP002887,Male,Yes,4,Graduate,Salaried,23810,387,76000,36,Good,West,43,04-05-2023,0
APP002332,Male,Yes,1,Graduate,Salaried,52283,4305,227000,60,Good,South,50,29-12-2024,0
APP001635,Female,Yes,2,Graduate,Salaried,42810,4385,188000,120,Good,West,30,12-12-2024,0
APP003679,Female,Yes,0,Graduate,Self-Employed,45226,2418,40000,84,Good,North,45,07-06-2023,0
APP004403,Male,No,1,Graduate,Self-Employed,48644,2153,62000,120,Good,West,41,19-11-2023,0
APP002703,Male,Yes,0,Graduate,Salaried,38252,1303,66000,12,Good,South,32,10-07-2023,0
APP003838,Male,Yes,1,Graduate,Self-Employed,19011,2832,75000,36,No History,West,43,01-05-2023,0
APP005488,Female,Yes,1,Graduate,Self-Employed,65295,14817,78000,60,Good,West,26,18-11-2023,0
APP004375,Male,Yes,2,Graduate,Salaried,74417,7827,273000,48,Good,South,21,01-11-2023,0
APP000832,Male,Yes,4,Graduate,Salaried,73927,5241,70000,24,Good,North,55,03-03-2023,0
APP001873,Male,No,1,Graduate,Salaried,47439,3200,99000,180,Bad,North,34,13-05-2024,1
APP005344,Male,Yes,0,Graduate,Salaried,41327,12893,116000,60,Good,North,52,08-08-2024,0
APP000378,Male,Yes,4,Graduate,Salaried,51256,13899,63000,240,No History,North,69,08-03-2024,1
APP000475,Male,No,2,Graduate,Salaried,92773,28758,378000,36,Good,East,44,29-09-2023,0
APP003956,Female,Yes,0,Not Graduate,Self-Employed,104723,8876,121000,36,No History,North,32,03-09-2023,0
APP005909,Male,No,3,Not Graduate,Self-Employed,56982,17615,158000,60,Good,West,43,08-07-2023,0
APP003356,Male,No,2,Graduate,Salaried,42323,13822,138000,360,Good,South,21,12-07-2024,0
APP000934,Male,No,0,Not Graduate,Salaried,22249,819,135000,60,Good,East,21,07-03-2023,0
APP002265,Female,Yes,0,Not Graduate,Self-Employed,74829,19218,271000,84,Bad,East,47,11-07-2023,0
APP002523,Male,No,0,Graduate,Self-Employed,72805,14096,104000,48,Good,North,30,11-06-2023,0
APP005892,Female,Yes,0,Not Graduate,Salaried,103158,3178,267000,240,Good,West,48,20-09-2023,0
APP001122,Female,No,0,Not Graduate,Salaried,28618,3134,43000,120,Good,East,27,30-05-2024,1
APP002144,Male,Yes,0,Not Graduate,Self-Employed,29901,1014,175000,48,Good,South,30,09-08-2023,0
APP000189,Male,No,2,Graduate,Self-Employed,122400,38510,236000,12,Good,South,35,29-01-2023,1
APP000080,Male,No,1,Graduate,Salaried,17107,3063,99000,84,Good,East,29,22-02-2024,1
APP000064,Male,Yes,1,Graduate,Salaried,48644,2317,214000,24,Good,North,40,10-06-2024,0
APP000020,Male,No,1,Not Graduate,Salaried,42576,2229,147000,120,Good,South,51,08-03-2023,0
APP004237,Male,No,0,Graduate,Salaried,65745,7314,126000,360,Good,South,47,09-10-2023,0
APP003140,Male,No,0,Not Graduate,Self-Employed,139582,23841,66000,60,Bad,North,35,10-12-2024,1
APP001815,Male,No,1,Graduate,Salaried,20564,1850,180000,48,Good,West,36,16-06-2023,0
APP001180,Male,Yes,2,Graduate,Salaried,46738,12404,76000,12,Bad,East,50,10-03-2023,0
APP003170,Male,Yes,0,Graduate,Salaried,26401,4172,51000,240,Good,North,25,12-06-2023,0
APP000333,Male,Yes,2,Graduate,Salaried,73792,14347,81000,360,Good,South,31,17-05-2023,1
APP001484,Male,Yes,0,Graduate,Self-Employed,19875,5367,37000,84,Bad,West,26,14-11-2023,0
APP000742,Male,Yes,3,Graduate,Self-Employed,37231,11918,98000,84,Bad,West,22,20-09-2024,0
APP000717,Female,No,3,Not Graduate,Self-Employed,58453,9238,31000,36,Bad,South,36,25-03-2023,0
APP002535,Female,No,2,Graduate,Salaried,79276,11103,518000,84,Good,South,70,10-03-2023,0
APP004571,Male,No,0,Not Graduate,Salaried,65768,13748,57000,84,Bad,West,38,23-09-2024,0
APP000329,Male,No,4,Not Graduate,Salaried,41446,1431,54000,360,Good,West,55,30-01-2024,0
APP001592,Female,Yes,4,Graduate,Self-Employed,100543,16838,141000,48,Bad,East,39,05-06-2024,0
APP002639,Female,No,0,Not Graduate,Salaried,54988,7510,120000,12,No History,East,45,18-01-2023,0
APP000173,Male,No,0,Graduate,Self-Employed,69877,118,44000,120,Good,East,47,17-07-2024,0
APP004485,Male,Yes,4,Graduate,Self-Employed,95187,19383,50000,12,Good,North,24,20-07-2024,0
APP000666,Male,No,0,Graduate,Self-Employed,73363,11007,103000,24,Good,East,32,07-10-2023,0
APP001253,Male,Yes,0,Not Graduate,Self-Employed,117562,23900,242000,120,Good,South,46,09-07-2024,1
APP001223,Male,Yes,1,Graduate,Salaried,65643,18302,109000,60,Good,East,46,13-03-2023,0
APP002893,Female,Yes,0,Graduate,Salaried,205802.1872,31852,96000,180,No History,West,53,25-12-2024,0
APP002899,Male,Yes,1,Graduate,Salaried,88443,29242,223000,120,Good,North,28,15-04-2024,0
APP000702,Male,Yes,2,Graduate,Self-Employed,40545,5660,114000,12,Good,North,37,16-01-2023,0
APP005338,Male,Yes,2,Not Graduate,Self-Employed,40380,12417,29000,60,Good,North,47,28-10-2024,0
APP004693,Male,No,2,Graduate,Salaried,79050,26552,91000,36,Good,West,30,30-01-2024,0
APP005163,Male,Yes,0,Graduate,Salaried,45477,1231,56000,48,No History,South,56,01-10-2023,0
APP005422,Male,Yes,0,Graduate,Salaried,22595,5547,111000,360,Bad,North,49,18-11-2023,0
APP005017,Male,No,1,Graduate,Self-Employed,33687,10355,140000,120,No History,West,26,08-03-2024,0
APP000244,Male,Yes,0,Graduate,Self-Employed,23026,5935,72000,360,Good,East,42,25-06-2023,0
APP003208,Female,Yes,3,Graduate,Salaried,41917,4470,28000,360,Good,East,42,24-01-2024,0
APP001760,Male,Yes,4,Graduate,Salaried,29773,6776,28000,12,Good,South,41,29-06-2023,1
APP003016,Male,Yes,0,Graduate,Salaried,57604,4601,99000,36,Bad,North,52,08-03-2024,0
APP004855,Female,Yes,1,Graduate,Self-Employed,61343,1733,77000,60,Good,North,40,28-09-2024,0
APP003273,Female,Yes,0,Graduate,Self-Employed,98995,26407,81000,24,Bad,South,36,06-06-2024,1
APP005076,Male,Yes,0,Graduate,Salaried,83875,27354,77000,60,Good,East,26,22-09-2023,0
APP005525,Male,Yes,0,Graduate,Salaried,71485,23985,151000,48,No History,East,36,28-08-2024,1
APP004736,Male,No,0,Graduate,Salaried,17627,4432,100000,120,Good,West,38,10-05-2023,0
APP003723,Female,No,3,Graduate,Salaried,26750,9047,43000,180,Good,West,21,29-04-2023,0
APP002776,Male,Yes,2,Graduate,Salaried,31998,5804,78000,84,Good,North,58,29-08-2024,0
APP005146,Female,Yes,0,Not Graduate,Salaried,23191,6993,72000,180,Good,West,30,30-10-2024,0
APP003146,Male,Yes,0,Graduate,Salaried,58682,4324,89000,48,Bad,East,40,23-06-2024,0
APP004034,Female,Yes,1,Graduate,Self-Employed,38164,9655,91000,240,Good,North,35,12-03-2023,1
APP003964,Female,Yes,1,Graduate,Self-Employed,80672,11478,196000,24,Good,North,42,29-10-2024,0
APP003209,Male,No,3,Graduate,Salaried,16570,1509,177000,240,Good,East,34,11-07-2023,0
APP005745,Male,Yes,0,Not Graduate,Self-Employed,28377,4878,57000,84,Good,South,44,27-01-2023,0
APP003804,Female,Yes,4,Graduate,Self-Employed,72436,4260,94000,36,Good,East,53,11-05-2024,0
APP001173,Female,Yes,0,Graduate,Salaried,29985,8435,60000,180,Good,North,26,20-05-2024,1
APP000445,Female,No,1,Graduate,Self-Employed,23960,8178,392000,60,Good,West,28,09-02-2023,0
APP000641,Male,Yes,0,Graduate,Self-Employed,48644,6632,235000,180,Good,North,54,23-12-2023,0
APP004956,Female,Yes,1,Graduate,Self-Employed,21206,2837,94000,84,Good,South,37,06-02-2024,0
APP001641,Male,Yes,0,Graduate,Salaried,90707,31746,123000,48,Good,South,35,27-04-2023,0
APP000460,Male,Yes,1,Graduate,Self-Employed,47920,6299,190000,24,Good,North,23,25-12-2023,0
APP002755,Female,Yes,0,Graduate,Salaried,96362,15705,50000,36,Good,East,50,29-10-2023,0
APP005611,Male,Yes,0,Graduate,Salaried,34262,4228,150000,60,Good,West,31,14-04-2024,0
APP001642,Female,Yes,1,Not Graduate,Salaried,98808,23904,113000,36,Good,South,57,12-03-2023,0
APP005852,Female,No,1,Not Graduate,Salaried,14477,783,112000,48,Good,West,40,23-06-2024,1
APP000588,Male,Yes,2,Graduate,Salaried,65983,9256,120000,84,Good,South,41,09-08-2023,0
APP000626,Male,Yes,3,Graduate,Self-Employed,29800,9110,307000,60,Good,North,36,10-12-2023,0
APP002236,Female,Yes,1,Not Graduate,Salaried,46975,1372,37000,60,No History,West,21,20-10-2024,0
APP004899,Male,Yes,0,Graduate,Salaried,147625,34661,98000,60,Good,South,23,07-07-2024,0
APP005592,Male,Yes,3,Graduate,Self-Employed,42129,13375,107000,120,Good,East,52,06-06-2024,0
APP002545,Male,No,1,Not Graduate,Salaried,27444,7887,133000,60,Good,North,46,21-08-2023,1
APP003573,Female,Yes,2,Graduate,Salaried,77445,21505,160000,24,Good,West,25,03-06-2023,0
APP000736,Female,Yes,0,Graduate,Salaried,56229,12903,452000,48,Good,South,24,16-09-2023,0
APP001525,Male,Yes,1,Graduate,Self-Employed,105279,36442,67000,360,Good,East,66,05-03-2024,0
APP004168,Male,Yes,0,Graduate,Salaried,69067,8815,107000,60,Good,West,52,25-01-2024,0
APP005696,Male,No,0,Graduate,Self-Employed,37194,9208,241000,120,Good,East,46,29-02-2024,0
APP002444,Female,Yes,0,Graduate,Salaried,59744,5801,110000,120,Good,West,51,29-10-2024,0
APP005442,Male,No,4,Graduate,Salaried,59637,2372,110000,84,Good,North,37,13-11-2023,0
APP002574,Male,No,4,Graduate,Self-Employed,11595.68039,2076,122000,120,Good,East,49,11-05-2024,0
APP002943,Male,Yes,4,Graduate,Salaried,48644,59,107000,24,Good,East,28,22-08-2024,0
APP000337,Female,Yes,3,Not Graduate,Self-Employed,48470,3870,99000,360,Good,West,36,06-11-2023,0
APP003339,Female,Yes,3,Not Graduate,Salaried,82548,15705,110000,24,Good,North,46,20-06-2023,0
APP004441,Female,Yes,1,Graduate,Self-Employed,69367,21019,195000,120,Good,East,29,14-01-2024,0
APP002414,Male,No,1,Graduate,Salaried,63682,6644,95000,36,Good,West,37,05-12-2023,0
APP000280,Female,Yes,2,Graduate,Salaried,73383,14652,85000,120,Good,South,51,27-02-2023,0
APP002531,Female,Yes,0,Graduate,Salaried,60635,18835,125000,60,Good,East,24,28-02-2023,0
APP005515,Male,Yes,0,Graduate,Self-Employed,23556,7727,104000,84,Good,South,27,28-12-2023,0
APP003790,Female,Yes,3,Not Graduate,Self-Employed,54781,10935,121000,84,Good,West,26,31-08-2024,1
APP000877,Female,Yes,3,Graduate,Salaried,80360,20354,91000,240,Good,South,44,07-04-2024,0
APP004580,Female,No,2,Not Graduate,Salaried,29023,845,92000,12,Good,North,47,22-12-2023,0
APP003514,Female,No,1,Graduate,Self-Employed,23335,7065,84000,84,Good,North,23,16-12-2024,0
APP003321,Male,No,2,Graduate,Salaried,38831,12359,87000,60,Good,South,36,13-07-2024,0
APP003282,Male,Yes,0,Graduate,Salaried,47538,13275,54000,240,Good,West,40,19-10-2023,0
APP003898,Female,No,2,Graduate,Self-Employed,33643,1046,43000,180,Good,North,57,04-03-2023,0
APP000139,Male,No,2,Graduate,Salaried,205802.1872,75626,83000,60,Good,East,28,17-08-2024,0
APP002016,Male,Yes,3,Graduate,Salaried,65187,2187,84000,60,Good,North,42,13-11-2023,0
APP000505,Female,No,1,Graduate,Salaried,22725,2459,38000,240,Good,South,26,16-11-2023,0
APP005593,Male,Yes,2,Graduate,Self-Employed,54190,7808,94000,84,Good,East,34,02-09-2024,0
APP002317,Male,Yes,0,Graduate,Self-Employed,24359,5469,244000,48,Bad,West,23,14-12-2024,1
APP002288,Male,No,0,Not Graduate,Salaried,205802.1872,6807,54000,120,Good,South,60,19-05-2023,0
APP001783,Male,Yes,2,Graduate,Salaried,53103,12852,116000,180,Bad,North,35,21-08-2024,0
APP000914,Male,No,0,Graduate,Self-Employed,18796,2646,49000,240,Good,West,29,03-12-2023,0
APP002547,Male,Yes,1,Graduate,Self-Employed,46844,11092,234000,360,Bad,West,36,30-04-2024,1
APP004934,Male,No,0,Not Graduate,Salaried,98800,7717,126000,360,Good,North,50,01-07-2023,0
APP000121,Female,No,4,Graduate,Salaried,65648,13538,63000,180,Good,East,40,18-04-2024,0
APP000388,Male,Yes,0,Graduate,Salaried,76823,21046,114000,84,Good,East,21,28-06-2023,0
APP002471,Male,Yes,0,Not Graduate,Salaried,76673,6232,77000,240,Good,East,21,07-08-2024,0
APP005286,Female,Yes,3,Graduate,Salaried,63075,10199,22000,36,Good,South,25,05-08-2023,0
APP004148,Male,Yes,1,Graduate,Salaried,34315,8149,78000,84,No History,North,60,05-09-2024,0
APP005921,Male,Yes,0,Graduate,Salaried,39610,12910,50000,84,Good,South,28,19-01-2024,0
APP003518,Male,No,0,Not Graduate,Salaried,71117,19060,95000,60,Good,North,40,17-04-2023,0
APP005845,Female,No,0,Not Graduate,Salaried,44243,9959,94000,180,Good,South,40,03-05-2024,0
APP004701,Male,Yes,0,Graduate,Salaried,41982,54,186000,48,Good,West,31,25-02-2023,0
APP002025,Male,Yes,0,Graduate,Self-Employed,59300,19450,78000,36,Good,North,40,13-09-2023,0
APP001087,Female,No,3,Graduate,Self-Employed,24652,336,191000,360,Good,South,44,17-06-2023,0
APP001875,Female,Yes,3,Graduate,Self-Employed,31403,5655,58000,240,Good,West,41,15-02-2024,0
APP004765,Male,Yes,2,Graduate,Salaried,97106,19652,78000,60,Good,North,37,07-07-2023,0
APP004167,Male,Yes,2,Not Graduate,Salaried,27402,8999,60000,84,Bad,South,37,19-09-2024,0
APP002119,Male,No,0,Not Graduate,Salaried,26470,7560,263000,360,Bad,South,29,02-09-2024,0
APP005184,Female,No,0,Not Graduate,Salaried,57495,15083,115000,120,Good,East,43,24-02-2023,0
APP003344,Male,Yes,4,Graduate,Salaried,53355,3040,118000,120,Good,East,70,10-10-2024,0
APP001896,Female,No,1,Graduate,Salaried,109151,17635,40000,84,Good,West,26,07-09-2023,0
APP004892,Male,Yes,3,Graduate,Self-Employed,80060,11726,125000,60,Good,West,44,10-11-2023,0
APP000148,Male,Yes,1,Graduate,Salaried,83475,12095,107000,240,Good,West,43,15-10-2024,0
APP001431,Male,Yes,0,Graduate,Self-Employed,24633,6889,83000,84,No History,South,47,07-02-2023,0
APP005283,Male,No,1,Graduate,Salaried,77083,22018,75000,360,Good,West,30,26-12-2023,1
APP002154,Female,Yes,0,Graduate,Self-Employed,31314,2446,159000,84,Good,East,48,10-02-2024,0
APP003861,Female,Yes,4,Not Graduate,Salaried,142162,17676,87000,36,Good,South,30,17-10-2024,0
APP004634,Female,Yes,1,Graduate,Self-Employed,21473,7032,334000,360,Good,South,39,19-03-2023,0
APP003342,Male,No,0,Not Graduate,Self-Employed,31660,396,177000,48,Good,South,51,22-09-2024,0
APP005281,Female,No,2,Graduate,Salaried,23773,6945,101000,240,No History,East,49,21-11-2023,0
APP000036,Female,Yes,0,Not Graduate,Self-Employed,42658,8552,66000,12,Good,East,61,01-04-2024,0
APP000632,Female,Yes,1,Not Graduate,Salaried,29432,6511,138000,48,Good,West,29,26-09-2024,0
APP005712,Female,No,1,Graduate,Self-Employed,35571,1345,92000,360,Good,West,65,01-02-2023,0
APP002745,Female,Yes,3,Graduate,Self-Employed,14256,1337,138000,180,Good,East,30,04-04-2023,0
APP005370,Male,Yes,2,Graduate,Salaried,54743,13670,304000,60,Good,South,40,26-08-2023,0
APP000729,Male,No,0,Graduate,Salaried,48044,13998,57000,120,Good,North,44,24-09-2023,1
APP005849,Male,Yes,0,Not Graduate,Salaried,26937,4611,29000,120,Good,North,26,24-04-2024,0
APP005714,Female,Yes,1,Graduate,Self-Employed,54640,13367,34000,120,No History,North,54,24-08-2023,0
APP003998,Male,Yes,0,Graduate,Self-Employed,43120,7287,103000,180,Good,East,43,23-12-2023,0
APP001796,Male,Yes,0,Not Graduate,Self-Employed,47919,12716,65000,36,No History,North,25,01-11-2023,0
APP004078,Male,Yes,1,Not Graduate,Self-Employed,74759,5451,87000,36,Good,South,42,06-10-2023,0
APP000454,Female,No,4,Graduate,Salaried,16726,2491,72000,120,Good,West,34,29-08-2023,0
APP004084,Female,Yes,0,Not Graduate,Self-Employed,50826,3909,184000,24,Good,West,39,22-12-2024,0
APP003954,Male,No,0,Graduate,Salaried,58685,19482,214000,36,Good,South,36,06-09-2024,0
APP003445,Female,Yes,0,Not Graduate,Salaried,118191,15904,52000,48,Good,West,40,27-10-2024,0
APP005073,Male,Yes,0,Graduate,Salaried,77066,23837,180000,60,Good,North,30,01-04-2024,0
APP001059,Male,No,1,Graduate,Self-Employed,20049,4413,58000,24,Good,North,36,20-03-2024,0
APP003796,Female,No,2,Graduate,Self-Employed,55080,17176,126000,60,Bad,North,22,22-08-2024,0
APP001818,Female,Yes,0,Graduate,Self-Employed,67507,8650,43000,60,Good,South,40,28-03-2024,0
APP004716,Male,Yes,0,Graduate,Salaried,36171,7548,109000,48,Good,South,21,20-02-2023,0
APP003031,Male,Yes,2,Not Graduate,Self-Employed,27882,550,107000,84,Bad,West,24,30-10-2024,1
APP002600,Male,No,2,Not Graduate,Salaried,73019,24430,63000,48,Good,South,37,29-03-2024,0
APP003808,Male,No,0,Not Graduate,Self-Employed,69938,8718,140000,180,Good,South,30,10-12-2023,0
APP005919,Male,Yes,0,Graduate,Self-Employed,43448,11421,71000,36,Bad,West,21,05-02-2023,0
APP004024,Female,Yes,0,Not Graduate,Self-Employed,98527,19448,206000,180,Bad,West,43,15-05-2023,1
APP002420,Male,Yes,0,Graduate,Self-Employed,73688,4900,82000,60,Good,South,37,21-04-2023,0
APP002303,Male,Yes,2,Graduate,Salaried,118533,37963,41000,240,Good,East,28,17-10-2024,0
APP005865,Female,Yes,0,Graduate,Self-Employed,64522,14600,284000,36,No History,South,57,08-04-2023,0
APP001821,Male,Yes,2,Graduate,Self-Employed,60996,13989,47000,180,Good,North,43,23-05-2024,0
APP000449,Male,Yes,2,Graduate,Salaried,55285,9477,99000,180,Good,South,45,22-03-2024,0
APP000208,Female,Yes,0,Graduate,Salaried,22696,1996,103000,12,Good,West,46,14-03-2023,0
APP002243,Female,Yes,2,Not Graduate,Self-Employed,102955,830,109000,60,Bad,South,52,15-10-2024,0
APP005896,Male,Yes,2,Not Graduate,Salaried,33100,1166,202000,180,Good,South,38,16-07-2024,0
APP003535,Male,No,0,Graduate,Self-Employed,77658,11846,140000,240,No History,North,49,19-01-2023,0
APP000982,Female,Yes,0,Graduate,Salaried,61018,20044,100000,84,Good,West,48,01-03-2024,0
APP001448,Female,Yes,0,Graduate,Self-Employed,79395,26247,138000,120,Good,West,65,16-09-2023,0
APP004337,Female,Yes,0,Not Graduate,Self-Employed,111349,1974,46000,240,Good,North,42,27-12-2024,0
APP001507,Female,Yes,3,Graduate,Salaried,32345,10989,84000,84,Good,North,44,11-04-2024,0
APP000933,Female,Yes,0,Graduate,Self-Employed,37489,13065,121000,240,Good,South,21,31-12-2023,0
APP001342,Male,Yes,0,Graduate,Self-Employed,62882,2418,123000,240,Bad,West,39,11-01-2023,0
APP000086,Male,No,0,Graduate,Self-Employed,30305,8671,82000,36,Good,East,44,27-04-2023,0
APP002262,Female,Yes,2,Graduate,Self-Employed,88476,16501,97000,360,Good,North,55,03-05-2024,0
APP003770,Male,Yes,3,Graduate,Salaried,38238,1493,166000,120,Good,North,33,09-02-2023,0
APP004356,Female,No,0,Not Graduate,Salaried,146628,5382,127000,180,Bad,South,51,05-05-2024,0
APP002498,Female,No,4,Graduate,Salaried,70562,23575,276000,60,Good,East,44,11-01-2023,0
APP004985,Male,Yes,2,Not Graduate,Salaried,56522,13974,90000,36,Good,South,26,29-01-2023,0
APP001577,Male,Yes,0,Graduate,Salaried,47210,11019,107000,84,Good,West,49,22-05-2024,0
APP002351,Female,No,0,Not Graduate,Self-Employed,31931,8510,140000,36,Good,West,21,26-06-2023,0
APP000801,Female,Yes,1,Graduate,Self-Employed,48644,19936,166000,180,Good,North,51,18-08-2023,0
APP004685,Female,Yes,4,Not Graduate,Salaried,127226,7886,49000,120,Good,East,41,07-01-2024,0
APP002826,Female,No,0,Graduate,Self-Employed,48605,11528,57000,240,Good,North,50,19-11-2024,0
APP002962,Male,Yes,1,Graduate,Self-Employed,44888,8581,208000,36,Good,East,27,05-12-2023,1
APP003229,Male,Yes,1,Graduate,Self-Employed,34657,11009,117000,24,Good,West,37,09-05-2023,0
APP004250,Female,No,2,Graduate,Salaried,104089,22466,135000,48,Good,North,34,09-08-2024,0
APP001837,Male,No,0,Graduate,Salaried,55277,8966,99000,240,Good,South,35,17-12-2023,0
APP003886,Female,Yes,2,Not Graduate,Salaried,73100,18767,99000,12,Good,East,47,11-07-2023,1
APP003469,Female,No,3,Graduate,Self-Employed,11595.68039,808,121000,36,Good,East,28,13-03-2024,0
APP005083,Female,Yes,1,Graduate,Salaried,45556,1614,97000,60,Bad,South,57,19-04-2024,0
APP003216,Male,No,2,Not Graduate,Salaried,76349,22135,40000,24,Bad,East,26,06-01-2024,1
APP005991,Male,No,4,Graduate,Self-Employed,49732,16272,47000,84,Good,North,39,21-08-2023,0
APP004802,Male,Yes,3,Graduate,Salaried,35301,8258,113000,360,No History,East,38,01-04-2023,0
APP001179,Female,Yes,0,Not Graduate,Salaried,64741,11381,99000,240,Good,South,21,24-01-2023,1
APP004561,Female,No,0,Not Graduate,Salaried,20706,6994,150000,120,Good,East,34,14-05-2023,0
APP002290,Male,No,1,Graduate,Salaried,20050,6275,179000,12,Good,West,21,19-05-2024,0
APP002254,Female,No,0,Graduate,Self-Employed,36125,2208,52000,48,Good,North,61,20-11-2023,0
APP005673,Female,Yes,4,Not Graduate,Self-Employed,38876,13315,159000,60,Good,South,43,15-06-2024,0
APP004542,Male,No,1,Graduate,Salaried,86531,16416,172000,120,Good,East,37,11-08-2024,0
APP000724,Female,Yes,2,Not Graduate,Salaried,105844,14098,233000,60,Good,East,57,09-12-2023,0
APP002237,Female,No,2,Graduate,Self-Employed,47470,2313,229000,240,Bad,West,42,15-08-2024,0
APP004061,Male,Yes,1,Graduate,Salaried,50756,228,175000,240,Good,West,47,03-04-2023,0
APP003694,Male,Yes,2,Graduate,Self-Employed,48152,13710,59000,120,Good,South,27,12-10-2023,0
APP002092,Female,Yes,0,Graduate,Salaried,66598,607,209000,60,Good,South,40,19-12-2023,0
APP003883,Female,No,0,Not Graduate,Self-Employed,48698,7834,209000,84,Good,North,28,16-01-2023,0
APP002514,Male,No,1,Graduate,Salaried,34684,1650,109000,36,Good,East,50,19-06-2024,0
APP002511,Male,Yes,1,Graduate,Salaried,30650,2621,349000,24,Good,West,51,29-10-2023,0
APP003114,Male,Yes,2,Graduate,Salaried,109740,9095,132000,12,Good,East,52,15-07-2024,0
APP001445,Female,Yes,0,Graduate,Salaried,44965,509,180000,60,Good,West,53,23-08-2024,0
APP000315,Female,Yes,0,Not Graduate,Self-Employed,15663,1071,265000,84,Good,West,21,18-11-2024,1
APP003871,Male,No,0,Graduate,Salaried,203269,15600,89000,60,Good,East,23,16-11-2023,0
APP003654,Male,Yes,3,Graduate,Self-Employed,21982,2720,96000,60,No History,North,38,11-05-2023,0
APP005263,Male,Yes,3,Graduate,Salaried,94544,32184,103000,12,Good,North,33,25-03-2023,0
APP003713,Female,Yes,3,Graduate,Self-Employed,54363,11547,148000,36,Good,North,36,16-01-2023,0
APP002971,Male,No,2,Graduate,Salaried,34154,9225,140000,120,Good,North,37,03-06-2024,0
APP000005,Male,Yes,3,Graduate,Self-Employed,31730,7927,186000,12,Good,East,26,06-04-2024,0
APP000767,Female,Yes,0,Not Graduate,Salaried,14663,4251,97000,360,Good,North,33,07-01-2023,0
APP004741,Female,No,3,Not Graduate,Salaried,17640,3290,22000,84,Good,West,38,17-08-2023,0
APP001671,Male,No,0,Graduate,Salaried,40090,4891,85000,48,Good,West,58,04-10-2024,0
APP004392,Male,No,1,Not Graduate,Salaried,49403,1828,189000,12,Good,South,33,23-04-2024,0
APP002647,Male,Yes,2,Graduate,Self-Employed,67161,20005,96000,48,No History,West,52,23-09-2023,0
APP000623,Male,Yes,3,Not Graduate,Self-Employed,36433,2641,39000,12,Good,South,39,04-03-2023,0
APP000027,Male,Yes,2,Graduate,Self-Employed,33997,2716,80000,60,Good,North,35,06-01-2023,0
APP005397,Male,No,3,Graduate,Self-Employed,53711,532,118000,120,No History,North,49,02-10-2024,1
APP004518,Female,Yes,4,Not Graduate,Salaried,19505,711,80000,12,Good,South,24,11-09-2024,1
APP005854,Female,No,4,Graduate,Self-Employed,24416,6095,155000,24,No History,West,25,08-01-2023,1
APP002537,Female,No,1,Not Graduate,Salaried,54211,4237,82000,60,Good,South,28,23-06-2023,0
APP003683,Female,Yes,2,Not Graduate,Salaried,35667,8380,153000,60,Good,South,43,20-01-2024,0
APP005562,Female,No,0,Graduate,Salaried,44540,7958,165000,360,Good,West,21,11-08-2024,0
APP004914,Male,No,0,Not Graduate,Self-Employed,41730,2898,128000,120,Good,West,41,02-06-2024,0
APP002799,Female,Yes,0,Graduate,Self-Employed,98073,25300,95000,60,Good,East,37,16-07-2023,0
APP002209,Male,Yes,2,Graduate,Salaried,38718,8310,60000,84,Good,North,41,16-06-2024,0
APP003252,Male,Yes,3,Graduate,Salaried,138566,28473,95000,48,Good,East,25,25-01-2023,0
APP003864,Male,Yes,0,Not Graduate,Salaried,43961,13431,347000,180,Good,South,40,21-06-2024,1
APP005962,Female,No,4,Graduate,Salaried,46690,1317,40000,84,Good,East,38,26-02-2024,0
APP002458,Female,Yes,1,Graduate,Self-Employed,16094,4585,93000,48,Good,North,33,06-02-2023,0
APP000131,Male,Yes,2,Graduate,Salaried,33595,4011,182000,84,Good,West,51,19-10-2024,0
APP002497,Male,No,0,Graduate,Salaried,53549,5897,33000,48,Good,North,21,10-03-2023,0
APP004804,Male,Yes,2,Graduate,Self-Employed,37901,10440,35000,360,Good,North,32,16-06-2024,0
APP003228,Male,Yes,1,Not Graduate,Salaried,205802.1872,2061,164000,180,Good,West,52,28-07-2024,0
APP005755,Female,Yes,2,Graduate,Salaried,42903,7405,254000,60,Good,West,21,10-09-2024,0
APP004298,Male,Yes,2,Graduate,Self-Employed,33735,7127,81000,60,Good,South,28,30-08-2024,1
APP005790,Male,Yes,3,Not Graduate,Self-Employed,53108,13701,66000,180,Good,East,34,16-08-2023,0
APP002615,Male,No,0,Graduate,Self-Employed,31189,7952,84000,240,Good,North,36,26-11-2024,0
APP001740,Male,Yes,3,Not Graduate,Salaried,41230,13178,49000,120,Good,North,34,15-11-2024,1
APP001524,Male,Yes,3,Not Graduate,Salaried,14575,439,86000,360,Good,South,44,07-01-2024,0
APP001986,Male,No,2,Graduate,Self-Employed,46883,12160,206000,180,No History,East,44,02-11-2024,0
APP005126,Female,Yes,3,Graduate,Self-Employed,39671,592,101000,24,Good,South,39,11-01-2024,0
APP003131,Female,Yes,0,Not Graduate,Self-Employed,22495,1273,95000,48,Good,South,41,30-04-2024,0
APP001491,Male,No,0,Not Graduate,Self-Employed,46728,16075,82000,24,Good,East,23,28-07-2024,0
APP001703,Male,Yes,1,Graduate,Salaried,52805,8817,55000,60,Good,East,49,22-04-2023,0
APP000384,Female,No,1,Graduate,Self-Employed,65228,1402,145000,120,Good,East,43,04-02-2023,0
APP000513,Female,No,2,Graduate,Self-Employed,83670,28065,241000,84,Bad,East,37,07-03-2024,0
APP004005,Male,Yes,1,Graduate,Salaried,54936,9683,117000,24,Good,South,46,30-07-2024,0
APP001086,Male,No,0,Graduate,Salaried,54008,10458,106000,84,Good,East,29,16-10-2023,0
APP000700,Male,Yes,0,Not Graduate,Salaried,34910,8201,680000,120,Good,East,45,14-07-2023,0
APP003482,Male,Yes,2,Graduate,Salaried,28623,2853,121000,84,No History,East,40,29-03-2023,0
APP002737,Female,No,4,Graduate,Self-Employed,38881,9496,93000,36,Good,West,29,20-03-2023,0
APP003169,Female,Yes,3,Graduate,Self-Employed,21627,325,80000,60,Good,North,21,19-07-2023,0
APP002702,Female,No,1,Graduate,Self-Employed,29484,3239,48000,180,Good,North,37,18-10-2023,0
APP004014,Male,Yes,4,Not Graduate,Salaried,33470,48,315000,120,Good,West,47,25-12-2024,0
APP003235,Male,No,2,Graduate,Self-Employed,86391,8958,143000,360,Good,South,58,03-01-2023,0
APP002375,Female,Yes,3,Not Graduate,Salaried,16912,5047,70000,180,Good,West,36,04-12-2023,1
APP001700,Male,No,3,Graduate,Salaried,11615,3952,132000,120,Good,South,24,15-02-2023,0
APP005420,Male,No,3,Graduate,Salaried,30637,3999,57000,48,Good,East,40,15-05-2024,0
APP000917,Male,Yes,1,Not Graduate,Salaried,108694,12570,109000,12,Good,East,34,09-10-2023,0
APP005880,Male,No,3,Graduate,Salaried,90872,14937,48000,360,Good,North,53,12-03-2023,1
APP005648,Female,No,1,Not Graduate,Salaried,45223,3447,88000,48,Good,South,37,20-05-2024,0
APP000761,Male,Yes,1,Not Graduate,Salaried,39802,8627,117000,120,Good,South,46,21-08-2023,0
APP000771,Male,No,3,Not Graduate,Salaried,53689,11597,69000,84,Good,North,37,30-03-2023,1
APP002041,Female,No,4,Graduate,Self-Employed,14477,4730,89000,60,Bad,East,29,15-02-2024,1
APP005284,Female,Yes,0,Not Graduate,Salaried,50154,16818,81000,180,No History,North,22,13-02-2023,0
APP004550,Female,No,1,Graduate,Salaried,51978,477,59000,36,Good,North,48,19-11-2023,0
APP002248,Female,No,0,Graduate,Self-Employed,16758,1853,61000,84,Good,North,30,11-02-2024,0
APP002027,Female,No,1,Not Graduate,Self-Employed,152561,21282,93000,360,Good,West,22,21-08-2023,1
APP001115,Female,Yes,3,Graduate,Self-Employed,205802.1872,78757,99000,60,Good,South,35,23-07-2024,0
APP002983,Female,Yes,0,Not Graduate,Self-Employed,100161,28160,181000,36,Good,East,34,23-12-2023,0
APP000799,Female,Yes,0,Graduate,Salaried,99771,1628,117000,24,Good,North,44,29-02-2024,0
APP005606,Female,No,3,Graduate,Salaried,119724,1031,220000,120,No History,North,44,06-09-2023,0
APP002369,Male,Yes,2,Graduate,Self-Employed,43434,13741,117000,12,Good,East,47,05-06-2024,0
APP003444,Female,No,0,Not Graduate,Self-Employed,90822,6121,122000,240,Good,North,40,10-07-2023,0
APP005261,Male,Yes,1,Not Graduate,Salaried,70558,21529,53000,12,Good,East,36,06-11-2024,0
APP000681,Female,Yes,3,Not Graduate,Self-Employed,32199,2287,91000,36,Good,North,38,22-10-2023,0
APP004290,Female,No,0,Graduate,Self-Employed,118710,5580,192000,36,Good,North,43,11-12-2023,0
APP003322,Male,No,0,Graduate,Self-Employed,37458,10829,122000,120,Good,West,31,17-04-2023,0
APP004197,Male,No,0,Graduate,Salaried,28215,8553,32000,360,Bad,North,54,30-11-2024,0
APP000343,Male,Yes,3,Not Graduate,Salaried,54746,9463,54000,48,Good,North,50,26-12-2023,0
APP001964,Male,Yes,1,Not Graduate,Salaried,27072,7218,44000,84,Good,North,46,11-01-2024,0
APP003172,Male,Yes,3,Graduate,Self-Employed,25703,4201,38000,84,Good,South,29,04-05-2023,0
APP005461,Female,Yes,1,Graduate,Salaried,88655,21758,126000,240,Good,East,22,06-10-2024,0
APP002676,Male,No,0,Not Graduate,Self-Employed,72020,23535,67000,84,Good,East,28,30-08-2024,0
APP000141,Female,Yes,1,Graduate,Salaried,24723,5283,57000,60,Good,West,28,24-11-2023,0
APP005367,Female,Yes,2,Graduate,Salaried,39338,7295,117000,60,Good,South,44,01-10-2023,0
APP004973,Male,Yes,0,Graduate,Salaried,66061,18199,84000,180,Good,North,38,30-07-2023,0
APP003002,Female,Yes,2,Not Graduate,Self-Employed,49069,5049,359000,180,Bad,East,36,13-09-2024,1
APP000228,Male,No,1,Graduate,Salaried,64647,501,25000,120,Good,West,40,25-07-2024,0
APP002687,Male,Yes,2,Graduate,Salaried,48487,5482,94000,60,Good,North,33,28-08-2024,0
APP003574,Female,Yes,0,Graduate,Salaried,76035,9677,89000,360,Good,South,45,26-06-2023,0
APP004629,Female,No,1,Graduate,Self-Employed,107278,22359,99000,60,Bad,West,47,13-04-2024,0
APP005547,Male,Yes,1,Not Graduate,Salaried,52867,6058,156000,36,Good,North,26,14-01-2024,0
APP002630,Male,No,0,Graduate,Salaried,70616,3909,93000,24,Good,South,44,20-08-2023,0
APP000164,Male,Yes,4,Not Graduate,Self-Employed,48756,4209,94000,84,Good,West,23,30-06-2023,0
APP004619,Male,No,1,Graduate,Self-Employed,58608,12886,92000,360,Good,East,34,29-11-2023,0
APP002028,Female,Yes,2,Graduate,Salaried,53474,18528,29000,60,Good,North,35,20-10-2023,1
APP001630,Male,Yes,1,Graduate,Salaried,91001,8530,99000,48,Good,North,38,05-06-2024,0
APP003512,Male,No,2,Graduate,Self-Employed,102357,8584,167000,24,Good,South,25,17-03-2023,0
APP001505,Male,No,2,Graduate,Salaried,34639,6414,146000,180,Good,South,59,17-05-2024,0
APP004951,Male,Yes,3,Graduate,Salaried,84394,3408,64000,180,Good,East,56,06-11-2023,0
APP002322,Female,Yes,0,Graduate,Self-Employed,58604,3274,42000,48,Good,East,55,28-08-2023,0
APP002854,Female,No,2,Graduate,Salaried,31177,8486,112000,48,Good,South,61,10-01-2024,0
APP005185,Female,No,2,Graduate,Salaried,101094,21333,311000,84,Good,West,43,01-06-2023,0
APP002029,Male,Yes,2,Graduate,Self-Employed,48644,19795,216000,36,Good,North,23,13-01-2024,0
APP000428,Female,No,0,Graduate,Salaried,26328,7213,113000,60,Good,South,44,24-09-2024,0
APP003633,Male,Yes,3,Graduate,Self-Employed,79432,2511,72000,36,Good,East,30,27-03-2023,0
APP000450,Male,Yes,4,Not Graduate,Salaried,38351,2751,144000,36,Good,North,49,13-12-2024,1
APP004813,Male,No,0,Graduate,Self-Employed,106377,32402,100000,24,Good,West,35,01-02-2024,0
APP005082,Male,No,1,Graduate,Self-Employed,90797,6401,38000,60,Good,West,22,08-06-2023,0
APP002259,Male,Yes,3,Not Graduate,Salaried,67741,5441,100000,36,Bad,North,21,17-10-2024,0
APP004130,Male,No,2,Graduate,Salaried,52812,11903,71000,48,Good,North,41,22-08-2023,0
APP000314,Female,Yes,1,Not Graduate,Salaried,48644,4042,204000,60,Good,North,52,01-08-2024,0
APP004125,Female,No,0,Not Graduate,Salaried,54958,14260,256000,84,Good,South,52,22-08-2023,0
APP001950,Male,Yes,2,Graduate,Salaried,56808,7917,76000,24,Good,North,28,24-07-2024,0
APP000370,Male,Yes,0,Graduate,Salaried,64597,15823,73000,48,Good,South,35,06-11-2023,0
APP003972,Male,Yes,0,Graduate,Self-Employed,69634,7247,126000,24,Good,South,51,02-03-2024,0
APP002223,Male,Yes,0,Graduate,Salaried,28312,6635,155000,24,Bad,North,41,11-03-2024,1
APP003967,Male,Yes,0,Graduate,Self-Employed,46300,4719,49000,240,No History,South,44,18-02-2023,0
APP000665,Male,Yes,0,Graduate,Self-Employed,55927,10493,122000,48,Good,East,55,18-08-2023,0
APP001539,Male,No,0,Graduate,Salaried,40163,11840,22000,84,Good,West,39,10-05-2024,0
APP004960,Female,No,1,Graduate,Self-Employed,41523,8089,86000,12,Bad,South,41,25-04-2024,1
APP002958,Female,No,0,Graduate,Salaried,44009,996,65000,48,Good,West,45,25-09-2024,0
APP005270,Male,Yes,1,Graduate,Self-Employed,41439,3105,334000,24,Good,West,31,31-05-2023,0
APP005310,Female,Yes,1,Not Graduate,Self-Employed,48644,9567,64000,12,Good,South,39,26-07-2024,1
APP002176,Female,No,0,Not Graduate,Salaried,40260,7884,100000,48,Bad,East,38,20-01-2023,1
APP002946,Male,Yes,4,Graduate,Self-Employed,11595.68039,285,113000,60,Good,North,50,08-12-2023,0
APP005069,Female,Yes,0,Not Graduate,Self-Employed,81928,25863,43000,48,Good,East,38,20-06-2023,0
APP004672,Female,Yes,0,Graduate,Self-Employed,43738,13992,67000,360,Good,North,34,05-07-2023,0
APP002636,Female,Yes,1,Graduate,Salaried,37868,8815,166000,60,Good,East,27,16-09-2024,0
APP000679,Female,Yes,1,Graduate,Salaried,36695,4173,135000,360,Good,South,42,08-03-2024,0
APP000127,Female,Yes,1,Graduate,Salaried,52674,4867,65000,120,Good,South,21,31-05-2024,0
APP005201,Male,Yes,2,Not Graduate,Salaried,70354,13970,27000,180,Good,West,52,29-08-2023,0
APP003136,Female,No,1,Graduate,Self-Employed,76546,4189,39000,240,Good,South,38,19-11-2024,0
APP004669,Female,Yes,0,Not Graduate,Self-Employed,72648,9290,124000,120,Good,West,28,11-10-2024,0
APP003311,Female,No,1,Graduate,Salaried,22180,1114,26000,240,Good,West,38,21-05-2024,0
APP005894,Male,Yes,4,Not Graduate,Salaried,41896,7131,111000,360,Good,North,49,15-04-2024,0
APP003805,Male,Yes,1,Graduate,Salaried,69647,6491,78000,84,No History,East,37,24-01-2023,0
APP004903,Male,Yes,1,Graduate,Self-Employed,47216,5914,99000,180,No History,North,21,05-10-2023,0
APP004904,Male,Yes,3,Graduate,Salaried,22614,3210,169000,360,Good,East,38,25-10-2024,1
APP000371,Male,Yes,0,Graduate,Self-Employed,56195,9058,143000,60,Good,West,40,08-09-2024,0
APP002895,Male,Yes,2,Graduate,Salaried,89855,6114,36000,120,Good,North,42,01-02-2024,0
APP005542,Female,Yes,2,Not Graduate,Salaried,82195,23962,41000,36,Good,East,40,27-05-2023,0
APP001273,Female,No,2,Graduate,Salaried,43574,5040,200000,84,Good,West,62,07-08-2024,0
APP000286,Male,Yes,2,Not Graduate,Salaried,150723,12332,99000,180,Good,North,51,29-11-2023,0
APP000096,Male,Yes,0,Graduate,Salaried,76031,19348,80000,60,Good,South,48,17-05-2023,0
APP001171,Female,Yes,2,Graduate,Salaried,45090,14760,24000,48,Good,West,34,16-04-2024,0
APP003144,Male,Yes,2,Not Graduate,Salaried,40344,5620,126000,24,Good,North,41,15-09-2024,0
APP003422,Female,No,0,Graduate,Self-Employed,48644,1205,31000,24,Good,West,37,01-07-2024,0
APP001229,Female,No,0,Not Graduate,Self-Employed,31354,3096,277000,60,Good,West,33,11-03-2023,0
APP002180,Male,Yes,1,Not Graduate,Self-Employed,102399,33107,55000,120,Bad,East,46,05-12-2024,1
APP005290,Female,Yes,3,Graduate,Self-Employed,68340,13751,72000,120,Bad,North,52,23-12-2023,1
APP000172,Male,Yes,1,Graduate,Salaried,39923,6408,104000,360,Good,South,56,30-01-2023,0
APP002517,Male,Yes,2,Graduate,Self-Employed,17076,3712,205000,12,Good,East,43,21-07-2024,0
APP004031,Female,No,0,Graduate,Self-Employed,25511,2135,58000,60,Good,East,42,14-02-2023,0
APP001004,Female,Yes,3,Graduate,Salaried,48644,1660,100000,24,Good,South,29,17-06-2024,0
APP002944,Female,Yes,0,Not Graduate,Self-Employed,32586,11306,73000,240,Good,North,48,24-07-2024,0
APP005443,Male,Yes,2,Graduate,Self-Employed,34077,6296,73000,240,Good,West,43,10-06-2024,0
APP003760,Female,Yes,2,Graduate,Salaried,28736,5800,151000,84,Good,North,40,26-11-2024,0
APP004221,Male,Yes,1,Graduate,Self-Employed,29256,6651,105000,120,Good,West,54,01-12-2023,0
APP002272,Male,Yes,2,Graduate,Salaried,43107,1402,122000,120,No History,North,46,12-12-2024,1
APP002626,Female,No,0,Graduate,Self-Employed,43171,13875,114000,180,Good,West,26,22-09-2023,0
APP000251,Male,Yes,4,Graduate,Self-Employed,57396,1274,45000,60,No History,North,21,25-01-2024,0
APP004184,Male,Yes,0,Not Graduate,Self-Employed,62222,603,49000,180,No History,South,30,18-05-2023,0
APP003301,Male,Yes,2,Not Graduate,Salaried,106537,23243,67000,60,Good,North,31,22-05-2023,0
APP002882,Female,Yes,3,Graduate,Self-Employed,39523,10543,190000,84,Good,North,28,08-10-2024,0
APP000049,Male,No,4,Not Graduate,Self-Employed,57154,19215,83000,84,No History,North,41,01-08-2024,0
APP001353,Male,No,0,Graduate,Self-Employed,46522,10702,142000,180,Good,West,35,06-10-2024,0
APP000112,Male,Yes,1,Graduate,Self-Employed,45347,15610,97000,180,Good,East,51,07-02-2023,0
APP001846,Male,Yes,4,Not Graduate,Self-Employed,28160,5277,93000,180,Good,East,45,03-11-2023,0
APP000951,Female,No,2,Graduate,Self-Employed,28175,3758,51000,24,Bad,East,36,15-03-2024,0
APP000194,Female,Yes,2,Graduate,Salaried,37210,3736,194000,60,Good,East,50,08-07-2024,0
APP002606,Male,Yes,0,Graduate,Salaried,18849,1245,181000,180,Bad,North,39,05-07-2024,0
APP000613,Female,No,2,Not Graduate,Salaried,40896,9470,63000,84,Bad,South,35,26-01-2024,1
APP003863,Male,Yes,2,Graduate,Salaried,46500,3028,28000,240,Good,North,29,07-04-2024,0
APP005770,Female,Yes,1,Graduate,Salaried,102099,17961,38000,360,Good,South,44,02-11-2023,0
APP000153,Male,No,3,Graduate,Salaried,69414,10729,117000,60,Bad,West,36,12-11-2024,0
APP000110,Male,Yes,1,Graduate,Salaried,51105,12736,75000,84,Good,East,39,29-12-2023,0
APP002220,Male,No,2,Graduate,Salaried,93353,20355,66000,24,Good,East,43,09-12-2024,1
APP000673,Male,No,0,Graduate,Self-Employed,30689,8094,193000,84,Good,South,21,13-08-2024,0
APP005958,Male,Yes,3,Graduate,Self-Employed,37123,6377,66000,120,Good,West,26,28-02-2024,0
APP005189,Female,Yes,1,Graduate,Salaried,27826,4812,64000,48,Good,East,48,22-09-2024,0
APP004301,Male,Yes,0,Graduate,Self-Employed,64154,18099,111000,60,Good,East,27,26-05-2023,0
APP002986,Female,Yes,2,Graduate,Self-Employed,93726,15256,95000,84,Bad,West,36,13-03-2024,1
APP003062,Male,Yes,0,Graduate,Salaried,38269,11523,290000,12,Good,East,31,30-10-2024,0
APP003086,Female,Yes,2,Not Graduate,Salaried,29941,4332,78000,60,Good,South,46,24-12-2023,0
APP005973,Female,No,0,Graduate,Self-Employed,67744,16196,125000,180,Bad,East,43,23-04-2024,0
APP002412,Male,No,0,Graduate,Salaried,19448,5347,81000,180,Good,West,21,08-08-2023,0
APP002070,Male,Yes,2,Graduate,Salaried,29768,10027,38000,180,Good,West,43,14-08-2023,0
APP001309,Male,Yes,3,Graduate,Self-Employed,82847,8470,71000,60,Good,West,33,25-11-2024,0
APP001158,Female,No,0,Graduate,Self-Employed,40420,4397,202000,60,Good,North,47,14-09-2024,1
APP004399,Male,Yes,0,Graduate,Self-Employed,95923,20358,151000,84,Good,South,36,16-08-2024,0
APP001832,Female,Yes,0,Graduate,Salaried,110125,32662,49000,120,Good,South,37,28-09-2023,0
APP002839,Female,Yes,0,Graduate,Self-Employed,26980,8399,136000,360,Good,West,49,31-12-2023,0
APP001838,Male,No,3,Not Graduate,Salaried,99596,16028,59000,240,Good,South,28,18-12-2024,0
APP003266,Male,Yes,2,Graduate,Salaried,30967,3369,114000,24,Good,South,26,29-06-2024,0
APP002762,Male,Yes,0,Graduate,Self-Employed,49069,7901,64000,180,No History,South,21,23-02-2023,0
APP002110,Female,Yes,1,Graduate,Salaried,35926,11869,131000,12,Good,South,43,01-04-2023,0
APP004185,Male,Yes,4,Graduate,Salaried,129267,18157,156000,48,Good,North,42,01-08-2024,0
APP002982,Male,Yes,2,Not Graduate,Self-Employed,58881,371,128000,36,Good,East,27,12-09-2023,0
APP001961,Male,Yes,2,Graduate,Salaried,43011,11410,99000,84,Good,North,38,19-08-2023,0
APP005238,Male,Yes,0,Graduate,Salaried,32839,7628,183000,84,Good,North,23,22-01-2024,0
APP004682,Male,Yes,1,Not Graduate,Self-Employed,39240,8853,38000,12,Good,South,32,22-01-2023,0
APP005623,Female,No,1,Not Graduate,Salaried,71817,13531,86000,120,Good,West,34,14-04-2023,0
APP004434,Female,Yes,0,Graduate,Self-Employed,47328,4289,351000,36,Good,North,55,21-08-2024,0
APP005540,Male,Yes,0,Graduate,Salaried,39548,10753,131000,180,No History,West,35,11-12-2023,0
APP003678,Male,Yes,2,Graduate,Salaried,47930,6450,134000,60,Good,North,40,09-10-2024,0
APP000883,Male,No,2,Graduate,Salaried,37010,879,31000,180,No History,North,42,16-06-2023,1
APP003840,Female,Yes,3,Graduate,Self-Employed,61466,11946,261000,36,Good,South,23,14-01-2023,0
APP000568,Male,Yes,2,Graduate,Self-Employed,57145,8975,61000,120,Good,South,30,05-11-2023,0
APP002698,Male,No,0,Graduate,Salaried,20820,2007,139000,36,Good,North,41,11-09-2024,0
APP003542,Female,No,2,Not Graduate,Self-Employed,39588,1186,111000,120,Good,East,35,21-07-2024,0
APP002225,Male,Yes,1,Graduate,Self-Employed,51637,3671,155000,180,Good,South,44,19-03-2023,0
APP002654,Male,No,2,Graduate,Salaried,58266,8730,61000,360,No History,North,29,10-06-2023,0
APP002985,Male,Yes,1,Graduate,Self-Employed,33099,9476,146000,48,Bad,North,28,26-10-2023,0
APP005360,Male,Yes,3,Graduate,Self-Employed,26200,6006,94000,240,Good,West,35,29-05-2024,0
APP000316,Female,No,2,Graduate,Salaried,48430,10874,29000,120,Good,South,38,07-09-2024,0
APP000573,Male,Yes,1,Not Graduate,Self-Employed,42552,9143,99000,60,Good,West,38,22-07-2024,0
APP001458,Female,Yes,0,Graduate,Self-Employed,99034,24170,136000,24,Good,East,43,08-04-2023,0
APP002396,Male,No,2,Graduate,Self-Employed,69127,21449,191000,240,Good,South,32,06-11-2024,0
APP004192,Female,No,4,Not Graduate,Salaried,45792,9153,40000,180,Good,East,37,05-10-2024,0
APP005948,Male,Yes,3,Not Graduate,Salaried,76319,14645,77000,84,Good,North,51,02-08-2024,0
APP004998,Male,No,1,Not Graduate,Salaried,60671,18498,66000,36,Good,West,27,21-09-2024,1
APP002174,Female,No,1,Graduate,Salaried,57421,7635,135000,84,Good,West,41,19-02-2023,0
APP004113,Male,No,0,Graduate,Salaried,62278,14022,54000,60,Good,East,50,11-12-2023,0
APP004850,Male,No,0,Graduate,Salaried,22583,652,85000,84,Good,North,32,11-09-2023,0
APP002610,Male,Yes,3,Graduate,Salaried,61487,10975,160000,360,Good,South,38,19-03-2024,0
APP005567,Female,Yes,1,Graduate,Self-Employed,89104,2296,108000,120,Bad,West,46,14-06-2023,1
APP001142,Male,Yes,1,Not Graduate,Salaried,29707,9807,254000,360,Good,North,45,04-01-2024,0
APP005972,Male,Yes,1,Graduate,Self-Employed,98687,15387,195000,180,Good,West,41,20-08-2024,0
APP002644,Female,Yes,4,Graduate,Self-Employed,145044,45810,124000,60,Good,South,48,27-09-2024,0
APP005924,Female,No,0,Graduate,Self-Employed,109097,23694,68000,36,Good,South,30,07-02-2023,0
APP001731,Male,No,2,Graduate,Salaried,44687,6087,76000,120,Good,East,31,20-02-2023,0
APP005579,Female,Yes,0,Graduate,Self-Employed,51764,10775,110000,360,Good,West,39,30-05-2024,0
APP005346,Male,Yes,0,Graduate,Salaried,27090,8624,82000,48,Bad,West,35,22-02-2024,1
APP001018,Male,Yes,0,Graduate,Salaried,28652,5529,125000,240,Good,North,38,27-09-2024,0
APP004507,Female,Yes,1,Graduate,Salaried,30912,6685,145000,120,Good,South,36,10-06-2023,1
APP000930,Male,Yes,0,Graduate,Salaried,29516,9139,115000,12,No History,West,36,19-09-2024,0
APP000749,Female,Yes,4,Graduate,Salaried,144049,46629,70000,240,Good,South,44,22-02-2023,0
APP002758,Female,No,4,Not Graduate,Salaried,76475,9430,50000,60,Good,North,33,16-11-2023,0
APP000624,Male,Yes,0,Graduate,Salaried,80194,9502,102000,360,Good,North,39,15-11-2024,0
APP005935,Male,Yes,0,Graduate,Salaried,78320,19950,111000,120,Good,South,49,31-08-2023,0
APP005519,Male,Yes,4,Not Graduate,Salaried,36063,10306,29000,120,Good,North,46,15-08-2024,0
APP002001,Male,Yes,0,Not Graduate,Self-Employed,53157,8902,110000,48,No History,West,41,04-03-2024,0
APP004674,Male,Yes,0,Graduate,Salaried,132320,28886,61000,24,Good,North,38,06-07-2024,0
APP004028,Male,No,3,Graduate,Self-Employed,109529,33262,39000,60,Good,West,47,21-06-2024,0
APP001058,Male,Yes,1,Not Graduate,Self-Employed,51639,11364,103000,12,Good,North,34,19-03-2024,0
APP001065,Male,No,2,Graduate,Salaried,205802.1872,92129,214000,240,Good,North,29,26-07-2024,0
APP003854,Female,No,3,Graduate,Salaried,66588,4721,52000,84,Good,West,51,12-06-2024,0
APP003619,Female,Yes,1,Not Graduate,Salaried,21397,2580,162000,24,Good,West,32,29-07-2023,0
APP005214,Female,No,0,Not Graduate,Salaried,18395,2019,169000,180,No History,East,46,23-09-2023,1
APP002464,Male,Yes,4,Graduate,Salaried,57747,13583,128000,120,Good,South,40,18-10-2024,0
APP001697,Male,Yes,1,Graduate,Salaried,103160,18273,132000,240,Good,North,47,10-09-2024,0
APP004839,Male,No,0,Not Graduate,Salaried,39863,4642,58000,84,Good,East,33,04-09-2023,0
APP000480,Male,Yes,3,Not Graduate,Salaried,27087,1407,69000,36,Good,South,32,03-05-2023,1
APP000230,Female,Yes,0,Graduate,Salaried,27823,7712,48000,240,Good,South,30,31-07-2024,0
APP003179,Female,No,3,Graduate,Self-Employed,58940,8449,122000,120,Good,East,39,17-09-2024,0
APP005307,Male,Yes,0,Graduate,Salaried,68886,17155,56000,60,No History,East,35,06-02-2023,0
APP002890,Female,No,0,Graduate,Self-Employed,37140,360,20000,120,Good,West,38,08-11-2024,0
APP001802,Female,No,0,Graduate,Self-Employed,97777,3539,60000,36,Good,West,38,03-06-2023,0
APP002452,Female,Yes,2,Graduate,Self-Employed,29376,6170,100000,120,Good,North,23,10-05-2023,0
APP004579,Female,Yes,2,Not Graduate,Salaried,141200,29628,170000,60,Good,East,43,02-02-2024,0
APP005870,Female,No,2,Graduate,Salaried,34004,4812,62000,48,No History,East,38,30-08-2023,1
APP004165,Female,Yes,1,Graduate,Salaried,65623,12228,67000,84,Good,West,51,14-05-2024,0
APP001230,Male,No,1,Not Graduate,Self-Employed,156047,1397,52000,240,Good,South,36,16-05-2023,0
APP005618,Male,Yes,0,Not Graduate,Salaried,43544,587,88000,180,Good,North,25,17-10-2024,0
APP002058,Male,Yes,2,Not Graduate,Salaried,71545,23145,98000,180,Good,North,54,13-09-2024,0
APP002859,Male,No,3,Graduate,Self-Employed,30774,8668,118000,36,Good,South,35,24-06-2024,0
APP001585,Female,Yes,2,Not Graduate,Self-Employed,176061,28411,103000,180,Good,North,46,30-12-2023,0
APP000595,Female,Yes,1,Graduate,Self-Employed,36873,4839,86000,240,Bad,West,45,21-11-2023,0
APP004160,Male,No,0,Graduate,Self-Employed,65642,12238,99000,120,Good,North,43,06-01-2024,0
APP005693,Female,Yes,3,Not Graduate,Self-Employed,29000,5152,163000,180,Good,North,47,14-08-2023,0
APP002992,Female,Yes,2,Not Graduate,Salaried,49360,3341,87000,360,Good,West,33,14-08-2024,0
APP002285,Male,No,4,Not Graduate,Salaried,48084,14153,181000,120,No History,East,54,23-05-2024,0
APP001972,Female,No,2,Graduate,Self-Employed,22701,6009,109000,360,Bad,North,39,06-10-2023,0
APP001498,Male,Yes,1,Graduate,Self-Employed,34634,6961,99000,60,Good,North,30,28-02-2024,0
APP001676,Male,No,0,Not Graduate,Self-Employed,58020,12601,59000,360,Good,East,28,28-06-2024,0
APP004169,Male,Yes,2,Graduate,Salaried,45977,14717,281000,180,Good,North,21,30-08-2023,0
APP005142,Male,No,0,Not Graduate,Salaried,105341,29050,147000,24,Good,West,41,21-12-2023,0
APP003968,Male,Yes,2,Not Graduate,Self-Employed,25610,1983,166000,120,Good,West,42,23-10-2024,1
APP001536,Male,Yes,2,Graduate,Salaried,83518,22502,156000,48,Good,West,52,17-01-2023,0
APP001344,Female,No,4,Not Graduate,Salaried,32082,1768,136000,84,Good,West,21,31-10-2023,0
APP001902,Male,Yes,1,Graduate,Salaried,32231,7047,195000,36,No History,East,21,09-02-2024,0
APP002298,Male,No,4,Graduate,Salaried,58535,13269,48000,84,Good,West,33,02-09-2023,0
APP004546,Female,No,0,Graduate,Salaried,61004,10981,35000,36,Good,South,38,25-04-2024,0
APP000800,Female,No,2,Graduate,Salaried,32466,3756,89000,360,Good,South,58,22-07-2023,0
APP000281,Female,Yes,0,Not Graduate,Self-Employed,49258,13692,70000,120,Good,East,39,11-08-2024,1
APP001681,Male,No,0,Graduate,Salaried,18177,5646,477000,12,No History,North,30,03-02-2023,0
APP000732,Female,Yes,0,Not Graduate,Salaried,32485,1343,155000,60,Good,East,34,16-12-2023,0
APP002590,Female,No,4,Graduate,Salaried,48644,5445,56000,84,Good,South,42,12-08-2024,0
APP003499,Male,Yes,1,Graduate,Self-Employed,49193,802,104000,240,No History,South,40,03-05-2023,0
APP002318,Male,Yes,3,Not Graduate,Salaried,25999,4803,292000,240,Good,South,21,10-02-2023,0
APP004754,Male,Yes,3,Graduate,Salaried,99944,18626,97000,12,Good,North,31,02-08-2023,0
APP001130,Male,No,2,Graduate,Self-Employed,48644,2949,289000,48,Good,South,27,04-07-2024,0
APP001722,Male,Yes,0,Graduate,Self-Employed,34873,6275,438000,48,Bad,South,37,01-11-2024,0
APP001543,Male,No,0,Graduate,Self-Employed,39269,2670,88000,60,Good,West,33,12-08-2024,0
APP005685,Male,Yes,3,Not Graduate,Self-Employed,98700,9468,404000,60,Good,East,26,22-02-2024,0
APP003351,Male,No,3,Graduate,Salaried,36647,7707,81000,120,Good,South,22,20-05-2023,0
APP005868,Male,Yes,3,Graduate,Salaried,59717,13914,180000,240,Good,North,38,05-06-2024,0
APP004553,Male,Yes,3,Graduate,Self-Employed,54651,11202,112000,60,Good,East,63,01-06-2023,0
APP000181,Male,Yes,2,Graduate,Self-Employed,77259,7798,66000,60,Good,South,21,31-08-2023,0
APP000025,Male,Yes,0,Not Graduate,Self-Employed,21515,2208,274000,84,Good,South,21,06-09-2024,1
APP005143,Female,Yes,3,Graduate,Self-Employed,58416,10256,138000,240,Good,South,37,19-07-2024,0
APP003449,Female,Yes,0,Not Graduate,Self-Employed,11595.68039,2590,88000,60,Good,East,41,25-04-2023,0
APP002502,Female,Yes,4,Graduate,Salaried,73111,19211,87000,24,Good,South,40,14-09-2024,0
APP001758,Male,Yes,1,Graduate,Self-Employed,101372,5391,64000,240,Good,North,23,27-03-2024,0
APP002407,Male,Yes,0,Not Graduate,Salaried,205802.1872,133,54000,84,Good,West,36,26-03-2023,0
APP002205,Female,Yes,0,Graduate,Self-Employed,108620,4589,71000,240,Good,East,32,12-08-2024,0
APP000432,Female,Yes,1,Graduate,Salaried,49455,13260,59000,24,Bad,North,21,19-03-2024,0
APP005539,Male,Yes,2,Graduate,Salaried,40060,4584,163000,60,Good,East,44,25-02-2023,0
APP000570,Male,Yes,3,Graduate,Salaried,41276,12281,78000,60,Good,North,50,12-02-2024,0
APP003568,Female,Yes,4,Not Graduate,Salaried,86505,18617,602000,360,Good,East,50,18-01-2024,0
APP003280,Female,No,2,Not Graduate,Salaried,62135,7511,82000,36,Good,West,40,06-05-2024,0
APP001967,Male,Yes,1,Graduate,Salaried,26333,8065,657000,120,Good,North,36,02-11-2024,0
APP001702,Male,Yes,1,Graduate,Salaried,23466,5910,214000,12,Good,South,48,14-08-2024,0
APP003400,Male,Yes,2,Graduate,Self-Employed,67627,11005,102000,180,Bad,North,38,20-08-2024,0
APP005563,Male,Yes,0,Not Graduate,Self-Employed,51881,6987,139000,120,Good,South,64,24-11-2023,0
APP001848,Male,No,0,Not Graduate,Salaried,18284,2707,120000,360,Good,South,48,12-09-2024,0
APP005318,Female,Yes,0,Graduate,Self-Employed,62228,9902,71000,48,Good,East,38,13-09-2024,0
APP004563,Female,Yes,2,Graduate,Self-Employed,143513,19494,112000,120,Good,West,37,02-03-2023,0
APP002432,Female,Yes,1,Graduate,Salaried,23465,2469,73000,120,No History,West,28,15-02-2023,1
APP001366,Male,Yes,3,Graduate,Salaried,51437,6948,83000,48,Good,East,48,13-09-2023,0
APP004756,Female,No,1,Graduate,Salaried,94594,32583,85000,12,Good,North,24,14-10-2024,0
APP002334,Female,Yes,2,Not Graduate,Salaried,29245,7673,59000,84,Good,East,28,19-04-2024,0
APP004299,Male,Yes,0,Graduate,Salaried,48698,7273,67000,12,Good,East,36,06-03-2023,0
APP004017,Female,No,0,Graduate,Self-Employed,48644,2510,260000,60,Good,East,31,05-02-2023,0
APP004655,Male,Yes,2,Graduate,Self-Employed,31646,8130,90000,12,Good,South,48,24-05-2023,0
APP004069,Female,Yes,0,Graduate,Self-Employed,31296,5104,153000,120,Good,East,34,01-11-2023,0
APP005089,Male,No,2,Graduate,Self-Employed,57662,3955,55000,60,No History,East,34,29-10-2024,1
APP002554,Male,No,4,Graduate,Self-Employed,27417,7585,238000,180,Good,West,35,18-11-2023,1
APP004060,Female,Yes,2,Graduate,Salaried,38826,1590,75000,180,Good,South,57,07-05-2023,0
APP000133,Male,Yes,0,Graduate,Salaried,47017,16357,71000,84,Good,East,39,16-09-2023,1
APP002324,Male,Yes,0,Not Graduate,Salaried,18972,5998,250000,240,Good,North,36,29-04-2023,0
APP002579,Male,No,0,Graduate,Self-Employed,38268,8431,213000,48,Bad,South,50,16-01-2024,0
APP005617,Female,No,0,Not Graduate,Self-Employed,75331,9872,211000,36,Good,North,43,25-07-2023,0
APP002422,Male,Yes,0,Not Graduate,Salaried,70492,23619,110000,240,Good,South,36,20-03-2024,0
APP000856,Male,Yes,2,Graduate,Salaried,11595.68039,2451,137000,240,Good,West,56,14-06-2024,0
APP000265,Female,Yes,1,Graduate,Salaried,72495,13395,84000,60,No History,North,41,24-06-2024,0
APP002681,Male,No,0,Graduate,Salaried,43269,5880,110000,84,Good,West,54,08-12-2023,0
APP001097,Male,Yes,1,Graduate,Salaried,53547,103,66000,240,Good,West,34,10-09-2023,0
APP001747,Male,Yes,2,Graduate,Self-Employed,42864,4656,24000,240,Good,South,35,28-07-2023,1
APP003621,Female,No,0,Graduate,Self-Employed,62058,4630,143000,180,Good,North,34,11-05-2023,0
APP004883,Female,No,0,Graduate,Salaried,38265,6296,51000,60,Good,East,32,09-03-2024,0
APP001650,Female,No,0,Graduate,Salaried,22223,1686,53000,84,Good,North,30,07-07-2024,0
APP002902,Female,Yes,2,Graduate,Salaried,72214,1508,112000,12,Good,South,42,07-01-2023,0
APP005838,Male,Yes,4,Graduate,Self-Employed,120105,1201,175000,180,Good,South,41,14-05-2024,0
APP003461,Male,Yes,1,Graduate,Self-Employed,47148,11811,86000,120,Good,North,34,20-12-2023,0
APP001190,Female,No,1,Not Graduate,Self-Employed,53568,13988,107000,60,Good,West,43,06-02-2024,0
APP001375,Male,No,1,Graduate,Salaried,177337,10193,195000,48,Good,South,54,09-11-2023,0
APP000427,Male,Yes,2,Not Graduate,Self-Employed,44299,6388,94000,84,Good,East,45,25-02-2023,1
APP002886,Female,Yes,1,Not Graduate,Salaried,111554,32040,360000,84,Good,North,41,19-12-2024,1
APP001788,Female,Yes,2,Not Graduate,Self-Employed,59080,10647,86000,120,Good,South,29,07-05-2024,0
APP004398,Male,Yes,1,Graduate,Self-Employed,84705,3599,193000,60,No History,East,56,08-11-2023,0
APP003644,Male,Yes,1,Not Graduate,Self-Employed,43774,3622,81000,120,Good,South,40,25-09-2024,0
APP002704,Male,Yes,2,Graduate,Self-Employed,57623,18065,26000,240,Bad,West,44,14-06-2024,0
APP003107,Female,Yes,3,Graduate,Self-Employed,42118,3501,162000,120,Good,West,42,01-02-2023,0
APP002560,Male,Yes,0,Not Graduate,Salaried,34443,10946,61000,360,Good,East,35,25-11-2023,1
APP004228,Female,No,4,Not Graduate,Self-Employed,41567,3008,246000,60,Good,North,49,21-01-2024,0
APP004562,Male,Yes,1,Not Graduate,Self-Employed,61322,1724,90000,60,Good,South,55,10-08-2024,0
APP002668,Female,Yes,2,Graduate,Self-Employed,48644,30276,233000,360,Good,East,41,17-05-2023,0
APP003332,Female,Yes,1,Graduate,Self-Employed,84764,21654,176000,36,Good,East,45,29-03-2024,0
APP004326,Female,No,1,Not Graduate,Self-Employed,46017,3857,66000,120,Bad,East,46,09-09-2024,0
APP002979,Female,Yes,4,Graduate,Self-Employed,58865,12931,88000,360,Good,South,41,04-05-2024,0
APP005317,Male,No,1,Graduate,Self-Employed,63048,5178,252000,48,Good,West,40,29-02-2024,0
APP000842,Female,No,0,Graduate,Salaried,39895,9372,123000,120,Good,North,21,21-01-2024,0
APP000596,Male,No,1,Graduate,Self-Employed,55259,18201,321000,120,Good,West,43,05-01-2023,0
APP005034,Female,No,0,Graduate,Salaried,41525,9598,79000,120,Good,East,34,25-03-2023,0
APP000132,Male,Yes,2,Graduate,Salaried,23323,7187,99000,180,Bad,West,24,14-12-2023,0
APP001164,Female,Yes,0,Graduate,Salaried,85281,15898,30000,240,Good,North,49,17-09-2024,0
APP002311,Male,No,0,Not Graduate,Salaried,63161,17670,228000,48,Good,South,31,30-10-2024,0
APP005043,Male,No,0,Not Graduate,Salaried,41517,12118,87000,12,No History,North,47,08-07-2024,0
APP004637,Male,No,0,Graduate,Salaried,83814,14810,134000,60,Good,South,37,19-03-2024,0
APP000246,Female,Yes,1,Graduate,Salaried,52245,5472,149000,180,Good,North,47,14-02-2023,0
APP001436,Male,No,1,Graduate,Salaried,45040,5975,34000,240,Good,North,33,21-03-2023,0
APP002751,Male,Yes,1,Graduate,Self-Employed,36050,3344,64000,36,Good,South,50,14-03-2024,0
APP003091,Male,Yes,1,Graduate,Self-Employed,37354,903,97000,120,Good,North,33,19-02-2023,0
APP004226,Female,Yes,0,Not Graduate,Salaried,40272,8557,60000,360,Good,West,50,27-05-2023,0
APP005375,Male,Yes,0,Not Graduate,Self-Employed,66810,13880,51000,12,Good,North,25,29-06-2024,0
APP003203,Male,Yes,0,Graduate,Self-Employed,44164,1264,40000,120,Good,North,36,11-03-2024,0
APP001126,Male,Yes,1,Graduate,Salaried,36867,9169,113000,180,Good,North,25,20-06-2024,0
APP001292,Male,No,0,Graduate,Salaried,48644,1723,103000,60,Good,South,56,15-10-2023,0
APP003220,Female,Yes,1,Graduate,Salaried,83938,10830,23000,84,Good,North,53,24-05-2024,0
APP002842,Female,Yes,1,Graduate,Salaried,110864,16624,267000,48,Good,East,39,23-03-2024,1
APP003004,Female,Yes,1,Not Graduate,Self-Employed,19546,2244,88000,36,Good,West,34,20-02-2024,0
APP001168,Male,Yes,0,Graduate,Salaried,89366,6599,79000,48,Good,South,47,23-07-2024,0
APP003182,Male,No,3,Graduate,Salaried,66053,5111,55000,36,Bad,West,42,13-08-2024,0
APP005424,Male,Yes,0,Not Graduate,Salaried,87608,27867,159000,120,Good,North,50,16-09-2023,1
APP003024,Male,Yes,3,Graduate,Self-Employed,52525,14822,99000,60,Good,West,30,03-07-2024,0
APP004082,Male,No,2,Graduate,Salaried,71474,20169,58000,120,Good,North,48,16-08-2023,0
APP000119,Female,Yes,1,Graduate,Self-Employed,11595.68039,1819,203000,12,Good,North,36,15-05-2023,0
APP002841,Male,Yes,3,Graduate,Self-Employed,34472,4152,106000,60,Good,South,45,18-08-2024,0
APP002652,Male,No,2,Not Graduate,Salaried,31641,2537,126000,180,Good,North,42,17-12-2023,0
APP003549,Male,Yes,2,Graduate,Self-Employed,41185,2501,37000,84,Good,South,61,22-02-2024,0
APP000090,Male,Yes,1,Graduate,Salaried,44306,1980,65000,60,Good,South,46,22-03-2023,0
APP005590,Female,Yes,1,Graduate,Self-Employed,68152,19973,122000,48,No History,West,47,02-07-2023,0
APP005331,Male,Yes,0,Graduate,Salaried,79783,22324,99000,84,Good,East,21,07-07-2023,0
APP004236,Male,Yes,2,Not Graduate,Self-Employed,57706,13821,337000,84,Good,North,38,14-05-2024,0
APP004359,Male,No,0,Graduate,Salaried,71932,5032,254000,360,Good,East,24,21-01-2023,0
APP004413,Female,Yes,1,Graduate,Self-Employed,38717,5515,180000,84,Good,East,21,23-07-2024,1
APP000589,Male,No,1,Graduate,Self-Employed,55426,15189,41000,360,Good,North,58,17-07-2024,0
APP003195,Male,Yes,2,Graduate,Salaried,29780,201,90000,48,Good,South,23,26-11-2024,0
APP003358,Male,Yes,2,Not Graduate,Self-Employed,36808,1387,81000,120,Good,East,30,22-07-2024,0
APP005834,Male,Yes,3,Not Graduate,Salaried,22187,6724,57000,48,Good,North,35,31-08-2023,0
APP001107,Male,Yes,4,Graduate,Salaried,24954,5514,238000,60,Good,West,31,03-08-2024,0
APP005961,Male,No,2,Not Graduate,Self-Employed,88230,16100,71000,60,Good,West,31,07-11-2023,0
APP000682,Male,No,0,Graduate,Self-Employed,79372,14551,56000,60,Good,North,34,09-05-2024,0
APP000709,Male,Yes,1,Graduate,Salaried,35205,6469,89000,36,Good,South,37,23-08-2024,0
APP005900,Male,No,0,Not Graduate,Salaried,51957,12152,144000,36,Good,South,37,09-11-2024,0
APP001626,Female,Yes,0,Graduate,Salaried,20958,6781,227000,84,Good,West,28,22-04-2024,0
APP001833,Female,No,2,Graduate,Self-Employed,48435,2422,178000,48,Good,East,60,20-10-2024,1
APP000413,Female,No,1,Graduate,Self-Employed,80771,3155,194000,60,Good,South,29,23-08-2023,0
APP004603,Female,Yes,0,Graduate,Salaried,64876,15852,63000,180,No History,West,50,24-06-2023,0
APP001649,Female,No,1,Graduate,Self-Employed,152024,15720,109000,240,No History,West,44,21-12-2024,0
APP005545,Female,Yes,4,Not Graduate,Self-Employed,52318,9619,137000,36,Bad,East,29,05-08-2024,0
APP001290,Male,No,0,Graduate,Salaried,61058,10560,71000,60,Good,North,34,18-10-2023,0
APP003450,Male,No,4,Graduate,Salaried,57725,17143,105000,36,Good,East,41,09-10-2023,1
APP000978,Male,Yes,1,Graduate,Salaried,139289,40168,40000,36,Good,East,55,15-01-2023,0
APP003379,Male,No,3,Not Graduate,Salaried,28858,4781,59000,360,Good,North,57,26-02-2024,0
APP001547,Female,Yes,3,Graduate,Self-Employed,48644,1336,186000,120,Good,East,52,13-02-2023,0
APP004781,Male,No,2,Not Graduate,Self-Employed,84002,5747,114000,180,Good,North,46,26-05-2023,0
APP004288,Male,No,3,Graduate,Self-Employed,70702,17291,171000,60,Good,East,25,15-09-2024,0
APP003369,Male,Yes,3,Graduate,Self-Employed,13123,2949,87000,60,Good,North,21,31-01-2024,0
APP002022,Male,Yes,3,Graduate,Salaried,59944,11159,121000,360,Good,East,39,26-10-2024,1
APP000857,Male,No,1,Graduate,Salaried,94125,24020,68000,24,Good,West,38,06-02-2023,0
APP002960,Female,Yes,4,Graduate,Self-Employed,35301,10157,59000,180,Good,West,52,19-07-2023,0
APP005560,Female,Yes,3,Graduate,Salaried,22798,1940,125000,24,Good,South,48,14-10-2024,0
APP005206,Male,No,0,Not Graduate,Salaried,78594,11493,218000,48,Good,West,26,02-10-2024,1
APP003645,Female,Yes,1,Graduate,Salaried,23145,6191,55000,180,Good,East,36,20-07-2024,0
APP002881,Male,No,4,Graduate,Salaried,31439,7132,290000,60,Good,West,47,15-02-2023,1
APP004799,Male,No,0,Graduate,Salaried,76504,9540,146000,60,Bad,North,31,26-02-2023,0
APP004062,Male,Yes,1,Graduate,Salaried,42120,6306,84000,120,Good,East,47,06-12-2024,0
APP005112,Female,Yes,1,Graduate,Self-Employed,24631,6595,273000,36,Good,West,45,28-10-2023,0
APP003350,Male,Yes,2,Not Graduate,Salaried,91673,5908,45000,84,Good,North,40,18-01-2024,0
APP001551,Female,No,3,Not Graduate,Salaried,81302,6470,58000,240,Bad,West,54,25-06-2023,1
APP000422,Female,Yes,3,Not Graduate,Salaried,36642,12435,47000,60,Good,South,28,19-09-2023,0
APP001699,Female,Yes,4,Graduate,Salaried,34691,4412,90000,36,Good,South,34,07-10-2024,1
APP004150,Female,No,2,Graduate,Salaried,48644,5493,92000,24,Good,East,22,02-10-2024,0
APP000357,Male,No,2,Graduate,Salaried,51353,10510,42000,12,Good,North,27,08-01-2023,0
APP000967,Female,No,1,Not Graduate,Self-Employed,46271,10862,70000,36,Good,East,62,12-01-2024,1
APP001324,Male,No,1,Graduate,Salaried,111877,31711,214000,24,Good,West,47,04-04-2024,0
APP002347,Female,No,3,Graduate,Salaried,66656,11656,62000,240,Good,West,27,05-06-2023,0
APP002786,Male,Yes,4,Not Graduate,Self-Employed,42786,9588,159000,120,No History,West,40,25-12-2023,1
APP001460,Female,Yes,4,Graduate,Self-Employed,27119,1254,127000,36,Good,East,40,28-01-2024,0
APP001956,Female,Yes,0,Not Graduate,Salaried,29467,3308,111000,240,Good,South,47,28-06-2023,0
APP000487,Male,No,2,Graduate,Salaried,36951,11710,89000,36,Good,North,35,16-05-2023,0
APP002721,Female,No,1,Graduate,Salaried,27314,5739,45000,120,Good,West,27,09-07-2023,0
APP003029,Female,Yes,0,Graduate,Self-Employed,100995,23631,167000,240,Good,West,21,08-09-2024,0
APP003316,Female,Yes,3,Graduate,Salaried,33233,7874,54000,360,Bad,South,35,12-05-2024,1
APP005409,Male,Yes,1,Graduate,Self-Employed,44432,4941,497000,360,Good,South,31,12-10-2023,0
APP003251,Male,Yes,0,Graduate,Salaried,47095,5425,64000,360,Good,South,28,21-08-2024,0
APP003279,Male,No,0,Graduate,Salaried,41838,1364,122000,24,Good,North,48,24-07-2024,0
APP004906,Male,No,1,Not Graduate,Salaried,111668,32878,134000,180,No History,North,44,08-04-2023,0
APP000400,Female,Yes,0,Graduate,Self-Employed,77973,15977,101000,48,Good,South,47,16-09-2023,0
APP000639,Male,No,0,Graduate,Salaried,24755,4344,261000,60,Good,North,30,29-01-2024,0
APP002030,Female,Yes,2,Not Graduate,Salaried,44024,5479,342000,360,Good,North,37,26-09-2023,0
APP005761,Female,No,2,Graduate,Salaried,26948,3640,66000,48,Good,South,31,01-10-2023,0
APP003587,Male,No,0,Graduate,Salaried,31135,10329,148000,240,Good,North,34,24-04-2023,1
APP001262,Female,No,0,Graduate,Self-Employed,48644,13112,141000,360,Good,West,54,02-09-2024,0
APP002589,Male,Yes,1,Graduate,Salaried,69524,10125,80000,180,Bad,South,43,15-01-2023,1
APP000581,Male,No,1,Not Graduate,Salaried,31483,1000,64000,360,Good,South,55,30-07-2024,0
APP001906,Male,No,2,Graduate,Salaried,23821,7183,337000,120,Good,North,53,04-05-2023,0
APP002700,Female,No,2,Graduate,Salaried,22413,1826,62000,48,Good,West,40,21-12-2023,0
APP000918,Female,No,1,Graduate,Salaried,82146,21085,113000,180,Good,South,26,01-02-2024,0
APP004330,Female,No,3,Graduate,Salaried,50044,1222,99000,60,No History,South,37,13-08-2023,0
APP004984,Female,Yes,0,Not Graduate,Self-Employed,47269,2119,76000,120,No History,North,46,20-06-2023,0
APP005931,Male,Yes,3,Not Graduate,Salaried,82644,18478,418000,240,Good,North,27,20-03-2023,0
APP000393,Male,Yes,1,Not Graduate,Salaried,71614,17863,99000,120,Bad,East,23,04-01-2024,1
APP001144,Male,No,0,Graduate,Self-Employed,28594,2578,84000,180,Good,East,50,27-07-2024,0
APP000888,Male,Yes,4,Graduate,Salaried,45042,567,60000,360,Good,South,42,17-11-2024,0
APP005843,Male,No,1,Not Graduate,Self-Employed,26577,2273,44000,240,Good,East,30,10-09-2024,0
APP000007,Male,Yes,0,Graduate,Salaried,23138,5997,41000,24,Good,West,51,23-10-2023,0
APP004254,Male,Yes,2,Graduate,Salaried,122598,13131,186000,60,Good,North,33,18-08-2024,0
APP001748,Male,No,3,Graduate,Self-Employed,57647,10259,207000,12,Good,West,38,01-10-2023,0
APP000268,Female,Yes,0,Graduate,Self-Employed,30747,8312,149000,120,Good,West,25,27-05-2024,0
APP002988,Male,No,0,Not Graduate,Self-Employed,24844,3159,117000,48,Good,West,48,01-11-2024,0
APP001500,Female,Yes,2,Not Graduate,Self-Employed,40136,5448,64000,84,Good,North,43,07-05-2024,0
APP001314,Female,No,0,Graduate,Self-Employed,38986,12602,117000,36,Bad,West,29,18-06-2023,1
APP005469,Female,Yes,2,Not Graduate,Salaried,57553,4501,69000,48,Good,South,36,02-06-2023,0
APP001376,Female,No,0,Graduate,Salaried,30534,6520,194000,60,Good,East,51,05-11-2024,0
APP002784,Female,Yes,1,Not Graduate,Self-Employed,63430,5652,59000,48,Good,East,22,14-10-2024,0
APP005074,Male,No,1,Not Graduate,Salaried,23829,5671,154000,36,Good,South,43,29-01-2024,0
APP005497,Male,Yes,2,Not Graduate,Self-Employed,36568,3316,132000,180,Bad,East,31,16-07-2024,1
APP000572,Female,Yes,0,Graduate,Salaried,66467,14240,51000,36,Good,North,21,30-08-2023,0
APP003020,Female,Yes,1,Graduate,Salaried,58356,3739,72000,24,Bad,North,36,23-07-2023,0
APP002398,Male,Yes,0,Graduate,Salaried,100753,29610,296000,60,Good,East,31,15-01-2023,0
APP004105,Male,Yes,0,Graduate,Salaried,36305,11915,43000,84,Good,West,47,25-05-2023,0
APP005161,Female,No,1,Graduate,Self-Employed,40145,2664,208000,120,Good,North,41,16-09-2024,0
APP002937,Female,Yes,0,Graduate,Salaried,48911,11588,160000,120,Good,East,42,31-10-2024,0
APP002655,Female,Yes,1,Not Graduate,Salaried,41198,4378,57000,36,Good,East,30,10-08-2023,0
APP000793,Male,No,3,Graduate,Salaried,30608,7337,204000,36,No History,South,27,12-12-2023,0
APP005847,Male,No,1,Graduate,Salaried,60703,159,136000,36,Good,West,44,24-10-2024,1
APP000518,Female,Yes,2,Graduate,Salaried,48644,12425,55000,180,Good,East,25,22-09-2024,0
APP000787,Female,Yes,0,Not Graduate,Self-Employed,24791,996,104000,84,Good,West,57,05-03-2024,0
APP005554,Female,Yes,2,Not Graduate,Self-Employed,58262,6394,223000,60,Good,East,58,09-07-2023,0
APP001374,Male,Yes,1,Graduate,Self-Employed,87954,9615,288000,24,Good,West,32,31-12-2023,1
APP005959,Female,Yes,1,Not Graduate,Self-Employed,37017,5229,108000,60,Good,East,38,04-10-2023,0
APP004285,Male,No,1,Not Graduate,Self-Employed,19238,727,94000,24,Good,South,27,10-08-2023,0
APP005030,Male,Yes,1,Not Graduate,Salaried,30589,8523,44000,60,Good,North,47,04-04-2024,0
APP002300,Male,Yes,3,Graduate,Salaried,48644,7971,72000,120,Good,North,39,10-01-2024,0
APP005918,Female,Yes,2,Graduate,Self-Employed,21161,591,78000,120,Good,North,35,12-07-2023,0
APP002114,Female,No,0,Graduate,Salaried,62344,2698,77000,36,Good,South,28,19-06-2024,0
APP004266,Male,No,2,Not Graduate,Salaried,117436,29023,121000,48,Good,North,26,03-08-2023,0
APP000052,Female,Yes,2,Graduate,Self-Employed,28619,1321,100000,240,Good,North,66,08-06-2024,0
APP004589,Female,Yes,2,Not Graduate,Salaried,38296,12355,546000,36,Good,North,57,27-12-2024,0
APP003427,Male,Yes,1,Not Graduate,Self-Employed,62303,11495,69000,120,Good,South,42,11-05-2023,0
APP004954,Female,Yes,2,Graduate,Salaried,84589,7256,80000,84,No History,West,30,16-04-2023,0
APP000512,Male,No,0,Not Graduate,Salaried,70259,814,85000,180,Good,East,38,04-11-2024,0
APP004697,Male,Yes,3,Graduate,Self-Employed,16507,1465,287000,24,Bad,South,37,05-10-2023,0
APP005158,Female,Yes,0,Graduate,Salaried,26487,1435,143000,48,No History,West,41,03-12-2023,0
APP001885,Male,Yes,0,Graduate,Self-Employed,89254,284,85000,360,Good,North,35,08-09-2023,0
APP000675,Male,Yes,2,Graduate,Salaried,21113,634,201000,120,Good,East,26,10-04-2023,0
APP003391,Male,Yes,1,Graduate,Salaried,61715,21316,84000,180,Good,South,30,30-06-2023,0
APP005774,Female,Yes,1,Graduate,Self-Employed,74614,11340,86000,36,Bad,West,32,08-08-2024,0
APP000651,Male,Yes,0,Graduate,Salaried,29738,4669,46000,48,Good,North,43,04-05-2023,0
APP004058,Male,Yes,1,Graduate,Self-Employed,33171,4758,161000,48,Good,North,30,17-02-2024,0
APP000213,Female,No,2,Not Graduate,Self-Employed,128216,27645,21000,48,Good,North,48,21-07-2024,0
APP003442,Male,Yes,1,Not Graduate,Self-Employed,31847,2135,160000,24,Good,East,25,31-08-2023,0
APP005233,Female,Yes,0,Graduate,Salaried,117481,36434,66000,180,No History,North,33,23-07-2024,0
APP004641,Female,No,0,Graduate,Salaried,35438,1826,104000,60,Good,West,29,29-09-2023,0
APP001628,Male,No,0,Not Graduate,Salaried,21492,4700,156000,120,Good,West,26,23-04-2024,0
APP004866,Female,Yes,0,Not Graduate,Salaried,48018,11233,83000,360,Good,East,47,23-01-2024,0
APP002587,Male,Yes,1,Not Graduate,Salaried,59601,3006,276000,120,Good,East,44,06-12-2024,0
APP000061,Male,Yes,2,Graduate,Salaried,46025,3502,69000,360,Good,North,34,30-09-2024,0
APP003546,Male,No,0,Not Graduate,Self-Employed,75344,17374,46000,60,Good,East,45,27-07-2024,0
APP005556,Female,Yes,3,Graduate,Salaried,49270,9230,74000,84,Good,West,37,03-02-2024,0
APP003325,Female,No,0,Graduate,Self-Employed,51199,17229,73000,120,Good,North,43,04-01-2024,0
APP000492,Female,Yes,0,Not Graduate,Self-Employed,29412,1662,148000,240,Good,East,24,01-06-2023,0
APP000397,Male,Yes,3,Not Graduate,Salaried,53225,5757,302000,120,Good,East,21,11-11-2024,0
APP002387,Male,Yes,0,Not Graduate,Self-Employed,30876,6145,119000,84,Good,South,54,10-02-2024,0
APP000279,Female,Yes,0,Not Graduate,Self-Employed,118075,38917,218000,12,Good,North,38,23-07-2023,0
APP002865,Male,No,1,Graduate,Salaried,20637,3330,203000,180,Good,North,24,21-08-2024,1
APP003781,Male,No,4,Graduate,Salaried,55871,7116,132000,48,Good,East,21,23-08-2024,0
APP002306,Male,No,2,Graduate,Salaried,29354,5080,32000,24,Bad,East,32,10-04-2023,0
APP005530,Male,No,3,Graduate,Salaried,80195,23279,97000,60,Good,South,39,28-05-2024,0
APP000182,Male,Yes,4,Graduate,Self-Employed,53471,5226,186000,360,Good,West,36,27-04-2023,0
APP000423,Male,No,2,Graduate,Self-Employed,30391,1275,77000,60,Good,South,37,28-11-2024,0
APP004353,Male,Yes,3,Graduate,Self-Employed,104462,23017,117000,120,Good,East,39,20-04-2024,0
APP001061,Female,Yes,0,Graduate,Salaried,57734,15149,162000,84,Bad,South,31,07-09-2023,1
APP004474,Male,Yes,1,Graduate,Salaried,19194,6481,51000,84,Good,North,47,24-11-2023,0
APP000662,Female,Yes,1,Not Graduate,Salaried,53217,6408,126000,60,Good,East,39,14-11-2024,0
APP002901,Male,No,4,Graduate,Salaried,48644,23173,48000,24,Good,West,35,23-03-2024,0
APP003165,Male,No,4,Graduate,Salaried,101899,9831,64000,84,No History,East,34,17-02-2024,0
APP004536,Male,No,3,Not Graduate,Self-Employed,48644,5012,48000,60,Good,West,38,08-04-2023,0
APP000351,Male,Yes,2,Graduate,Self-Employed,51352,13527,101000,240,Good,East,52,01-03-2023,0
APP000063,Female,No,0,Graduate,Self-Employed,45136,12221,70000,60,Good,West,52,10-09-2023,0
APP004319,Male,Yes,1,Graduate,Salaried,61838,6261,550000,48,Good,East,42,18-08-2023,0
APP000610,Female,Yes,0,Graduate,Salaried,62025,4208,147000,60,Bad,West,47,04-02-2023,0
APP001764,Male,Yes,2,Graduate,Salaried,60463,3037,198000,180,Good,South,21,02-12-2023,0
APP003977,Male,No,0,Not Graduate,Self-Employed,106741,24838,151000,360,Good,East,41,27-05-2023,0
APP000078,Male,Yes,3,Not Graduate,Self-Employed,38922,12222,93000,60,Bad,South,52,12-06-2023,0
APP005092,Male,Yes,1,Graduate,Salaried,38079,4946,106000,60,Good,North,35,09-03-2023,0
APP004830,Male,No,0,Graduate,Salaried,31512,7622,93000,48,Bad,North,41,04-10-2023,0
APP001257,Male,Yes,4,Graduate,Self-Employed,62269,20754,121000,84,Good,East,59,22-01-2023,0
APP001047,Male,Yes,0,Graduate,Self-Employed,49814,3687,63000,48,Good,North,29,27-07-2024,0
APP000824,Male,Yes,0,Graduate,Self-Employed,22070,1119,113000,360,Good,North,31,24-07-2023,0
APP005478,Female,Yes,0,Graduate,Self-Employed,33564,6589,47000,120,Good,South,61,01-12-2024,0
APP003931,Female,No,1,Graduate,Salaried,75966,18148,111000,180,No History,South,24,02-12-2023,0
APP000696,Female,No,4,Graduate,Salaried,48482,13564,35000,120,Good,East,42,24-07-2023,0
APP001272,Female,Yes,1,Graduate,Salaried,36265,2967,74000,24,Bad,East,23,18-06-2024,1
APP003219,Female,Yes,0,Graduate,Salaried,22504,6899,165000,12,Good,East,44,16-11-2024,0
APP002663,Male,Yes,0,Graduate,Salaried,50223,10119,49000,180,Good,North,38,14-07-2024,0
APP005302,Male,Yes,0,Graduate,Self-Employed,36399,11101,37000,360,Bad,North,37,13-02-2023,0
APP000187,Female,Yes,0,Graduate,Salaried,103065,3494,216000,60,Good,East,34,14-05-2024,0
APP004336,Male,Yes,2,Not Graduate,Salaried,67198,6351,182000,60,Good,West,24,14-12-2024,0
APP005971,Female,Yes,3,Graduate,Salaried,38878,12535,121000,48,No History,South,36,29-03-2024,0
APP002020,Female,Yes,3,Graduate,Self-Employed,32161,4399,48000,180,Good,North,25,03-01-2023,0
APP000547,Male,Yes,0,Graduate,Self-Employed,31993,7176,72000,36,Good,West,29,18-08-2024,0
APP000636,Male,Yes,3,Graduate,Salaried,41482,6716,90000,60,No History,West,42,14-07-2024,0
APP004623,Male,Yes,0,Graduate,Salaried,14932,5130,445000,60,Good,West,59,03-09-2024,0
APP002255,Female,Yes,0,Not Graduate,Salaried,22668,5023,60000,240,Good,East,51,25-08-2024,0
APP003060,Female,No,1,Not Graduate,Salaried,31685,7102,74000,180,Bad,South,22,29-08-2024,1
APP000688,Male,No,4,Graduate,Self-Employed,25629,8059,56000,12,Bad,North,21,18-11-2024,1
APP004608,Male,No,1,Graduate,Salaried,49596,15942,110000,36,Good,East,43,24-04-2024,0
APP003352,Male,Yes,0,Graduate,Salaried,75183,19311,85000,120,Bad,North,21,11-07-2024,0
APP005248,Female,No,1,Not Graduate,Salaried,18621,3012,86000,60,Good,South,47,13-06-2023,0
APP003166,Male,Yes,1,Graduate,Self-Employed,45875,7768,239000,180,Bad,North,55,24-02-2023,1
APP000768,Female,Yes,0,Graduate,Self-Employed,118150,22692,41000,360,Bad,West,39,18-12-2024,1
APP005609,Male,Yes,0,Graduate,Salaried,38257,6404,139000,60,Good,East,43,05-04-2024,0
APP000256,Male,Yes,0,Graduate,Salaried,50927,9504,71000,12,Good,East,40,26-09-2024,0
APP004045,Male,No,0,Graduate,Salaried,40585,9336,52000,84,Good,North,29,28-01-2023,0
APP004066,Male,Yes,1,Graduate,Salaried,80315,5813,82000,180,Bad,West,33,30-10-2024,0
APP005389,Male,No,2,Graduate,Salaried,194220,44108,33000,120,Good,West,45,02-08-2024,1
APP001648,Female,No,1,Not Graduate,Salaried,51008,2882,111000,36,Good,West,48,29-03-2024,0
APP004016,Male,Yes,3,Graduate,Salaried,42200,12819,78000,240,Good,North,43,13-01-2023,0
APP000952,Female,Yes,1,Graduate,Self-Employed,50327,10051,409000,84,Good,East,38,18-04-2023,1
APP001901,Male,Yes,2,Graduate,Salaried,39484,5611,61000,84,No History,North,58,04-05-2024,1
APP003424,Male,No,0,Not Graduate,Salaried,39644,5076,108000,120,Good,North,30,02-02-2024,0
APP004477,Male,Yes,0,Graduate,Salaried,56162,13770,99000,360,Good,West,31,27-08-2023,0
APP001013,Female,Yes,0,Graduate,Salaried,18528,6176,78000,360,Good,South,30,20-05-2024,0
APP004393,Female,Yes,2,Graduate,Salaried,205802.1872,21527,105000,60,Good,North,27,02-08-2023,0
APP004889,Male,Yes,2,Graduate,Salaried,59835,2151,148000,240,Good,South,38,01-01-2023,0
APP002388,Female,No,3,Not Graduate,Salaried,71538,13477,65000,84,Good,East,61,20-05-2023,0
APP003753,Male,No,2,Graduate,Self-Employed,145953,2666,55000,60,Good,South,48,06-09-2024,0
APP003605,Male,Yes,1,Graduate,Salaried,28749,2506,904000,120,Good,East,29,04-02-2024,0
APP003786,Male,Yes,1,Graduate,Self-Employed,48644,6034,108000,60,No History,East,43,26-08-2023,0
APP000361,Male,Yes,2,Graduate,Self-Employed,22798,4298,89000,48,Bad,South,40,18-09-2024,0
APP001062,Female,No,0,Not Graduate,Salaried,52930,18115,138000,12,Good,North,46,20-06-2024,0
APP001558,Male,No,2,Graduate,Self-Employed,41221,10860,117000,24,Bad,East,35,06-03-2023,1
APP004363,Female,No,1,Graduate,Salaried,95707,16248,175000,60,Good,West,44,01-12-2023,0
APP005848,Female,Yes,0,Graduate,Salaried,42288,6667,86000,24,Good,South,44,11-06-2023,0
APP000585,Female,Yes,2,Graduate,Salaried,21364,5004,166000,84,Good,East,22,08-01-2024,0
APP003716,Male,No,2,Not Graduate,Self-Employed,165261,14941,46000,48,Good,North,38,06-06-2024,1
APP004665,Female,No,1,Graduate,Salaried,69585,6522,63000,120,Good,South,24,03-03-2024,0
APP004742,Male,No,3,Not Graduate,Self-Employed,37078,10891,131000,60,Good,West,31,05-05-2023,1
APP004662,Female,Yes,3,Graduate,Salaried,48185,1286,56000,120,No History,North,47,21-12-2023,0
APP004635,Male,Yes,1,Graduate,Self-Employed,41040,2683,121000,60,Bad,North,48,01-07-2023,0
APP002377,Male,Yes,2,Not Graduate,Self-Employed,13332,3786,118000,120,Good,West,42,27-07-2024,1
APP000379,Female,No,0,Graduate,Self-Employed,37633,9857,57000,60,Good,North,29,29-05-2024,0
APP000668,Male,Yes,3,Graduate,Salaried,58181,15374,80000,24,Good,North,52,20-08-2023,0
APP003436,Male,No,3,Graduate,Self-Employed,72946,12819,337000,36,Good,South,32,07-04-2024,0
APP005153,Female,Yes,1,Graduate,Salaried,66135,17423,134000,120,Good,East,38,25-06-2023,0
APP004692,Male,Yes,2,Not Graduate,Salaried,52217,9553,158000,60,Bad,South,38,29-01-2024,1
APP003506,Female,Yes,2,Graduate,Salaried,28485,205,52000,12,Good,North,38,27-09-2024,0
APP005127,Male,Yes,0,Graduate,Salaried,66547,5682,149000,24,Bad,East,38,13-04-2024,0
APP003824,Male,No,2,Graduate,Salaried,54160,4670,122000,60,No History,North,45,04-09-2023,0
APP002380,Female,Yes,1,Graduate,Self-Employed,53629,17128,185000,60,Good,South,37,18-09-2023,1
APP005258,Male,Yes,2,Not Graduate,Self-Employed,32082,1226,152000,120,Good,South,42,08-11-2023,1
APP002194,Male,Yes,4,Not Graduate,Self-Employed,23698,2645,50000,84,Bad,North,40,07-12-2024,0
APP001153,Female,No,2,Graduate,Salaried,21735,3100,79000,48,Good,East,32,12-03-2024,0
APP005446,Male,Yes,2,Graduate,Self-Employed,66321,1177,112000,36,Good,North,33,29-09-2023,0
APP004729,Male,No,3,Graduate,Self-Employed,60457,7374,79000,360,Good,West,30,10-12-2024,0
APP005669,Male,Yes,1,Graduate,Salaried,47343,1007,95000,84,Good,East,26,20-09-2023,0
APP004091,Female,Yes,1,Graduate,Self-Employed,56718,9232,51000,24,Good,North,42,08-08-2024,0
APP004056,Male,Yes,3,Graduate,Self-Employed,41586,803,52000,60,Good,East,36,18-09-2023,0
APP000424,Male,Yes,0,Graduate,Salaried,48729,8701,85000,120,Good,South,31,09-06-2024,0
APP000140,Female,Yes,2,Graduate,Self-Employed,103576,14815,345000,360,Good,West,39,17-11-2024,0
APP005262,Female,Yes,2,Graduate,Salaried,21499,4841,75000,240,Good,West,29,09-04-2023,0
APP000415,Female,No,0,Not Graduate,Salaried,45782,14452,84000,48,Good,North,43,27-11-2024,1
APP004198,Male,Yes,1,Graduate,Salaried,52562,755,270000,48,Bad,North,23,22-06-2024,1
APP004088,Female,Yes,3,Graduate,Salaried,56790,2881,50000,48,Good,South,36,12-05-2024,0
APP001424,Male,No,0,Not Graduate,Self-Employed,62735,1062,62000,120,Good,West,51,17-09-2024,0
APP002792,Female,No,4,Not Graduate,Salaried,62829,6967,142000,48,Good,North,38,06-07-2024,0
APP003367,Male,Yes,3,Graduate,Self-Employed,62290,19371,158000,84,Good,North,32,11-01-2023,0
APP004218,Male,Yes,1,Graduate,Salaried,66696,13193,216000,240,Good,West,32,26-12-2023,0
APP004486,Female,No,0,Graduate,Salaried,56839,1270,111000,60,Good,South,51,19-12-2024,0
APP003675,Female,Yes,0,Not Graduate,Self-Employed,151545,38393,190000,60,Good,East,34,30-07-2023,0
APP005373,Male,No,1,Graduate,Self-Employed,30576,7163,99000,240,Good,South,36,06-01-2024,0
APP001075,Female,Yes,2,Not Graduate,Salaried,13804,2393,215000,48,No History,East,24,30-09-2023,1
APP003648,Male,No,1,Graduate,Self-Employed,55653,12468,99000,84,Bad,East,28,17-04-2023,0
APP002503,Male,Yes,3,Graduate,Self-Employed,34701,2953,129000,24,Good,North,35,16-02-2024,0
APP004320,Male,Yes,3,Graduate,Self-Employed,26351,5139,65000,120,Good,East,40,30-03-2023,0
APP005320,Male,Yes,1,Graduate,Self-Employed,69583,20206,36000,48,Good,East,38,04-04-2023,0
APP003726,Female,No,0,Graduate,Salaried,49655,8901,83000,180,No History,West,46,14-03-2023,0
APP003798,Male,No,0,Graduate,Salaried,38362,12862,185000,12,Good,South,38,18-12-2023,0
APP004677,Male,Yes,3,Graduate,Self-Employed,39570,5098,91000,240,Good,South,34,05-10-2024,0
APP004251,Male,Yes,1,Not Graduate,Salaried,46430,11551,70000,48,Good,North,25,21-10-2023,0
APP000461,Male,No,0,Graduate,Salaried,66557,16649,185000,120,No History,East,30,09-05-2023,0
APP000157,Female,No,1,Not Graduate,Salaried,55555,12964,18000,60,Bad,West,36,02-08-2023,1
APP005078,Male,Yes,0,Graduate,Self-Employed,43796,7673,113000,60,Good,South,37,08-06-2024,0
APP004000,Male,Yes,1,Graduate,Salaried,45618,1141,54000,48,Good,North,45,26-10-2023,0
APP003536,Male,Yes,0,Not Graduate,Salaried,27248,5064,100000,84,Bad,North,36,08-06-2024,0
APP001719,Female,No,4,Graduate,Salaried,42190,10592,45000,48,No History,South,33,07-09-2024,0
APP000530,Female,Yes,1,Graduate,Salaried,31938,983,43000,84,Good,North,28,05-10-2023,0
APP000493,Male,No,2,Graduate,Salaried,205802.1872,5897,172000,120,Good,West,34,21-01-2023,0
APP005336,Female,No,0,Graduate,Self-Employed,62228,4091,137000,48,Good,South,51,30-04-2024,0
APP004725,Male,Yes,0,Graduate,Self-Employed,75339,11697,82000,120,Good,North,22,01-02-2023,0
APP003492,Female,Yes,2,Graduate,Salaried,62767,14227,124000,36,Good,East,34,26-10-2023,0
APP000722,Male,Yes,0,Graduate,Salaried,26650,292,233000,120,Bad,West,32,09-10-2024,0
APP003699,Female,No,0,Graduate,Salaried,32161,10773,99000,48,Good,West,45,19-10-2024,0
APP001125,Female,No,0,Graduate,Salaried,14430,426,151000,360,Good,West,22,05-01-2024,0
APP000088,Female,No,0,Not Graduate,Salaried,42036,1956,42000,60,Good,East,35,28-02-2024,0
APP004002,Female,No,2,Graduate,Self-Employed,17427,689,238000,60,Good,South,41,24-09-2023,0
APP005243,Male,No,0,Not Graduate,Salaried,112806,17533,109000,36,Good,South,40,11-10-2023,0
APP000941,Male,Yes,1,Graduate,Salaried,34454,2571,236000,60,Good,North,29,26-09-2024,0
APP002767,Male,Yes,4,Graduate,Salaried,11595.68039,1075,41000,36,Good,West,52,20-01-2023,0
APP004807,Male,Yes,2,Graduate,Salaried,24119,968,116000,120,Bad,North,42,27-09-2024,0
APP004310,Female,No,1,Not Graduate,Salaried,57677,18591,140000,84,Good,East,41,25-05-2024,0
APP002987,Male,No,0,Graduate,Salaried,41576,9414,77000,120,Good,East,35,09-04-2024,0
APP005597,Male,No,3,Not Graduate,Self-Employed,65114,17460,89000,60,Good,West,45,20-01-2023,0
APP000514,Female,Yes,3,Graduate,Self-Employed,48663,468,149000,36,No History,North,26,01-04-2023,1
APP004118,Male,Yes,1,Graduate,Salaried,70827,23115,80000,120,Bad,West,67,03-12-2023,1
APP002083,Male,Yes,1,Graduate,Self-Employed,22400,3212,116000,48,Good,West,26,11-07-2024,0
APP000669,Male,No,1,Graduate,Salaried,25508,6152,91000,240,Good,East,45,26-04-2023,0
APP000645,Male,No,0,Not Graduate,Salaried,201712,7981,188000,180,Good,East,52,02-11-2024,0
APP000215,Female,Yes,0,Graduate,Salaried,32635,1539,219000,360,Good,East,29,22-12-2023,0
APP001112,Male,No,0,Graduate,Salaried,15242,4243,67000,180,Good,East,37,28-01-2023,0
APP003289,Female,Yes,2,Not Graduate,Salaried,13203,1816,272000,48,No History,East,21,03-02-2023,0
APP001877,Female,No,0,Not Graduate,Self-Employed,31795,8149,75000,84,Good,East,33,06-01-2023,0
APP001298,Male,No,2,Not Graduate,Salaried,35493,2750,73000,120,Good,South,48,11-01-2023,0
APP005995,Male,Yes,0,Not Graduate,Salaried,38589,8124,69000,48,Good,West,46,30-06-2024,0
APP003123,Male,No,2,Graduate,Salaried,48644,7846,48000,120,Good,East,45,26-12-2024,0
APP003009,Female,No,4,Not Graduate,Self-Employed,72416,4901,217000,36,Good,North,38,10-11-2024,0
APP002984,Female,No,0,Graduate,Self-Employed,70767,11873,149000,36,Good,West,21,07-07-2023,0
APP005404,Male,Yes,3,Graduate,Salaried,37739,712,213000,12,Good,North,36,19-07-2023,0
APP002718,Female,No,1,Graduate,Self-Employed,42618,3261,247000,84,Good,South,37,30-05-2024,0
APP000076,Female,No,1,Graduate,Salaried,70177,7470,81000,180,Good,East,38,04-05-2024,0
APP004388,Male,No,0,Graduate,Self-Employed,104562,10798,140000,36,Good,South,37,09-05-2024,0
APP002055,Female,Yes,2,Graduate,Self-Employed,83871,7109,158000,240,Good,West,38,01-08-2024,1
APP003003,Male,Yes,0,Not Graduate,Salaried,52299,5588,83000,84,Good,East,38,30-01-2023,0
APP001537,Male,No,1,Graduate,Self-Employed,83445,8374,118000,240,Good,West,28,03-09-2024,0
APP003996,Male,Yes,2,Graduate,Salaried,80719,26311,30000,24,Bad,North,37,19-05-2024,0
APP001382,Male,Yes,2,Graduate,Self-Employed,30329,3900,41000,60,Bad,South,24,21-12-2023,0
APP001494,Male,Yes,2,Graduate,Self-Employed,40934,1841,30000,36,Bad,North,34,16-08-2024,1
APP005077,Female,Yes,0,Not Graduate,Salaried,15683,2414,191000,180,Good,South,44,06-09-2023,0
APP005577,Female,Yes,1,Graduate,Salaried,45023,3075,234000,84,Good,West,23,11-06-2024,0
APP002247,Male,Yes,0,Graduate,Salaried,115629,11302,34000,60,Good,West,42,24-09-2023,0
APP001646,Female,Yes,2,Not Graduate,Salaried,50791,14458,64000,180,No History,South,21,26-03-2024,0
APP003113,Female,No,2,Graduate,Self-Employed,117728,36363,269000,120,Bad,South,31,11-08-2023,0
APP005913,Female,No,0,Graduate,Self-Employed,31785,2785,95000,240,Good,South,38,12-10-2023,0
APP001880,Male,Yes,0,Graduate,Self-Employed,83231,3078,197000,180,Good,South,21,16-03-2024,0
APP003099,Male,Yes,1,Not Graduate,Self-Employed,44069,1929,128000,84,Good,North,30,16-04-2023,0
APP002291,Female,Yes,3,Graduate,Self-Employed,36090,7167,108000,120,Good,North,58,16-11-2024,0
APP005323,Male,Yes,3,Graduate,Self-Employed,26704,5817,74000,36,Good,West,38,28-04-2023,0
APP004570,Female,Yes,0,Graduate,Self-Employed,78101,22279,78000,360,Bad,West,38,16-11-2023,1
APP003215,Male,Yes,0,Not Graduate,Salaried,90811,28948,240000,60,Good,North,42,04-03-2024,0
APP004121,Male,No,3,Not Graduate,Salaried,19618,3989,171000,84,Good,South,49,17-03-2024,1
APP003027,Female,Yes,0,Graduate,Self-Employed,22606,7284,371000,120,Bad,North,30,22-12-2023,0
APP002969,Female,Yes,0,Graduate,Self-Employed,80059,24066,177000,360,Bad,North,52,19-03-2023,1
APP004100,Male,Yes,1,Not Graduate,Self-Employed,35124,9087,107000,24,Good,West,44,06-06-2023,0
APP001258,Male,No,0,Graduate,Salaried,39470,7772,206000,120,Good,South,46,11-11-2024,0
APP003987,Male,Yes,2,Not Graduate,Salaried,65371,2058,124000,48,Good,East,44,17-06-2023,0
APP003893,Female,Yes,2,Not Graduate,Salaried,85998,26104,82000,180,Bad,West,26,06-05-2024,1
APP005217,Male,No,4,Graduate,Self-Employed,43961,15259,192000,36,No History,East,52,05-09-2023,1
APP004449,Male,Yes,4,Graduate,Self-Employed,46521,14302,107000,84,Good,North,43,08-09-2023,0
APP000790,Female,No,0,Graduate,Self-Employed,48644,8885,236000,84,Good,East,55,17-07-2024,0
APP004421,Male,Yes,0,Graduate,Salaried,84751,1045,108000,12,Good,South,36,17-02-2024,0
APP002465,Female,Yes,3,Graduate,Salaried,62792,21916,120000,240,Good,South,38,14-02-2024,0
APP005028,Male,Yes,2,Not Graduate,Self-Employed,36203,1937,24000,48,Good,North,33,30-05-2023,0
APP004207,Female,Yes,3,Not Graduate,Salaried,63706,16650,30000,120,Good,South,21,05-08-2023,1
APP000295,Male,Yes,2,Graduate,Salaried,27790,8067,92000,60,Good,West,37,04-09-2023,0
APP000910,Male,Yes,0,Graduate,Salaried,36035,8063,159000,48,Good,North,38,27-02-2024,0
APP004467,Male,No,0,Graduate,Self-Employed,12480,539,59000,36,Bad,North,21,18-04-2024,1
APP001633,Female,No,0,Graduate,Salaried,105308,16161,192000,36,Good,South,45,12-07-2023,0
APP004969,Female,Yes,1,Graduate,Self-Employed,42818,3513,106000,36,No History,South,42,21-12-2023,0
APP004893,Female,No,0,Graduate,Salaried,24963,3589,75000,24,Good,East,46,30-08-2024,0
APP003204,Female,No,0,Graduate,Self-Employed,78219,14792,145000,84,Good,North,40,22-06-2024,0
APP004948,Female,Yes,0,Graduate,Self-Employed,48831,16444,176000,84,Good,West,32,06-07-2024,0
APP004225,Female,Yes,2,Graduate,Self-Employed,25858,412,164000,24,Good,East,57,17-01-2023,0
APP001872,Male,Yes,2,Not Graduate,Self-Employed,61818,3331,26000,60,Good,South,34,20-06-2023,0
APP004196,Male,No,3,Not Graduate,Self-Employed,41561,8929,59000,180,Good,West,53,22-05-2024,1
APP004030,Male,Yes,3,Graduate,Self-Employed,24043,3775,157000,360,Bad,West,45,23-06-2024,1
APP002308,Female,No,2,Graduate,Salaried,31875,3281,48000,120,Good,West,23,24-08-2023,0
APP003941,Female,No,1,Graduate,Salaried,47236,14306,138000,36,Good,North,37,06-12-2023,0
APP004979,Male,No,2,Graduate,Self-Employed,27562,14,134000,60,Good,South,29,17-09-2023,0
APP004054,Male,No,0,Graduate,Salaried,55486,15053,138000,120,Good,North,49,31-01-2023,0
APP004072,Female,Yes,3,Graduate,Self-Employed,69515,2535,46000,36,Good,West,38,26-05-2024,0
APP003836,Male,Yes,4,Graduate,Salaried,65520,17689,142000,240,No History,North,34,06-02-2023,0
APP003660,Female,Yes,0,Graduate,Salaried,45961,5477,99000,120,Good,North,29,05-10-2024,0
APP003815,Male,No,0,Graduate,Salaried,51262,286,95000,24,Good,East,38,20-03-2023,0
APP001527,Male,Yes,0,Graduate,Salaried,28229,527,275000,36,Good,North,49,13-08-2024,0
APP002797,Male,Yes,2,Graduate,Salaried,21658,1703,39000,24,Good,East,37,18-09-2023,0
APP005949,Female,Yes,2,Not Graduate,Self-Employed,31012,999,234000,60,Good,South,23,19-03-2024,0
APP005255,Female,Yes,1,Graduate,Salaried,39962,6296,85000,24,Bad,East,41,16-07-2023,0
APP005040,Female,No,0,Not Graduate,Self-Employed,57302,9669,115000,36,Good,East,30,07-12-2023,0
APP001146,Female,Yes,0,Not Graduate,Salaried,60441,18610,65000,180,Good,West,46,05-12-2023,0
APP005358,Female,Yes,0,Graduate,Salaried,48644,3764,128000,60,Good,South,36,25-07-2024,0
APP004036,Female,Yes,0,Graduate,Self-Employed,54345,13487,47000,180,Good,East,33,10-09-2023,0
APP005271,Male,No,0,Graduate,Salaried,35293,4206,93000,36,Good,North,44,16-10-2023,0
APP000003,Female,Yes,1,Graduate,Salaried,57528,15763,70000,120,Good,North,22,19-07-2024,0
APP001338,Female,Yes,0,Graduate,Salaried,37289,11227,118000,36,Good,North,23,16-07-2023,0
APP003037,Male,No,1,Graduate,Salaried,71797,15451,99000,180,Good,South,26,12-01-2024,0
APP005691,Male,Yes,0,Graduate,Salaried,49384,10744,170000,120,Good,South,29,28-11-2024,0
APP001985,Male,No,1,Graduate,Salaried,87258,6284,76000,120,Good,North,44,24-03-2024,0
APP003528,Female,No,0,Graduate,Self-Employed,48644,19608,262000,60,No History,South,47,15-05-2024,0
APP003083,Male,No,4,Graduate,Salaried,52296,7291,239000,60,Good,East,53,18-07-2024,0
APP002102,Male,Yes,2,Graduate,Self-Employed,52052,13839,59000,84,Good,North,32,27-01-2023,0
APP000654,Female,No,2,Not Graduate,Salaried,49650,8552,99000,360,Good,South,23,29-12-2024,0
APP002036,Male,Yes,3,Graduate,Self-Employed,57246,19777,87000,180,Good,North,30,14-10-2024,0
APP004277,Male,No,1,Graduate,Self-Employed,57979,7180,146000,120,Good,West,23,17-09-2023,0
APP002883,Male,No,0,Graduate,Salaried,112171,36876,131000,12,Good,West,46,26-01-2023,0
APP004386,Male,Yes,4,Not Graduate,Salaried,48644,2606,99000,12,Good,West,30,20-11-2023,0
APP002415,Male,No,1,Not Graduate,Salaried,67799,8747,168000,36,Good,East,35,13-01-2023,0
APP002541,Female,Yes,0,Graduate,Salaried,80638,8034,96000,180,Good,West,39,25-07-2023,0
APP000786,Female,No,0,Graduate,Salaried,69189,20192,88000,60,Good,South,28,17-12-2023,0
APP005467,Female,No,3,Graduate,Salaried,99739,21755,97000,120,No History,East,64,15-01-2023,0
APP002781,Male,Yes,0,Graduate,Self-Employed,55241,5420,179000,48,Good,East,23,04-05-2023,0
APP000038,Male,No,2,Not Graduate,Self-Employed,75977,1801,200000,60,No History,East,33,20-04-2023,0
APP001154,Female,No,0,Not Graduate,Salaried,122976,40498,94000,120,Good,East,21,18-10-2024,0
APP002442,Male,Yes,3,Not Graduate,Salaried,68323,17940,60000,60,No History,East,35,14-08-2024,0
APP000745,Male,Yes,3,Graduate,Salaried,44320,10133,69000,180,No History,East,32,22-02-2024,0
APP005705,Female,No,4,Graduate,Salaried,21287,3235,81000,60,Good,East,24,05-07-2023,0
APP000260,Male,No,4,Graduate,Salaried,71380,10628,61000,60,Good,North,35,05-03-2024,0
APP000965,Male,Yes,0,Graduate,Self-Employed,39342,13288,179000,84,Good,East,35,30-08-2023,0
APP000542,Female,Yes,2,Graduate,Self-Employed,71999,2116,219000,84,Good,South,35,18-10-2023,0
APP002277,Female,Yes,4,Graduate,Self-Employed,102808,3626,55000,180,Bad,East,35,29-10-2024,0
APP002336,Male,Yes,1,Not Graduate,Salaried,43775,10169,45000,240,Bad,West,47,10-07-2023,0
APP000534,Male,No,1,Graduate,Salaried,31250,8549,96000,48,Good,North,35,30-03-2023,0
APP001922,Male,Yes,0,Graduate,Self-Employed,59028,9624,130000,84,Good,North,44,26-01-2024,1
APP004790,Male,Yes,1,Not Graduate,Salaried,48644,22075,213000,48,Bad,East,33,03-11-2024,1
APP000634,Male,No,1,Graduate,Self-Employed,21513,6098,140000,180,Good,South,39,15-01-2023,0
APP004412,Male,No,2,Graduate,Salaried,39532,13003,81000,84,Good,North,31,12-08-2023,0
APP000557,Male,No,2,Graduate,Self-Employed,35142,3780,111000,60,Good,South,42,10-03-2023,0
APP005784,Male,No,1,Graduate,Salaried,83398,24622,57000,120,Bad,North,53,10-01-2024,0
APP004943,Female,Yes,4,Graduate,Self-Employed,69153,23817,156000,36,No History,South,34,14-08-2024,0
APP006000,Male,Yes,0,Graduate,Salaried,58994,13484,62000,360,Good,North,22,07-05-2024,0
APP004276,Female,Yes,0,Graduate,Salaried,84036,16890,359000,60,Good,East,23,24-07-2023,0
APP000591,Male,No,3,Graduate,Salaried,88993,16794,115000,120,Bad,West,56,12-03-2023,0
APP002095,Male,No,0,Graduate,Self-Employed,48644,4847,132000,360,Good,South,47,13-08-2023,0
APP001345,Female,Yes,1,Graduate,Salaried,24268,4864,115000,60,Good,North,63,03-12-2023,0
APP000887,Female,Yes,0,Graduate,Salaried,60761,4808,113000,240,Good,North,54,12-07-2024,0
APP003364,Male,No,0,Graduate,Self-Employed,205802.1872,61554,38000,24,Good,West,44,16-10-2024,0
APP003126,Female,Yes,4,Not Graduate,Self-Employed,30113,3373,71000,240,Bad,South,43,23-01-2024,1
APP005494,Male,No,2,Graduate,Self-Employed,81519,22975,22000,240,Bad,East,45,08-08-2024,0
APP004437,Male,No,3,Not Graduate,Self-Employed,56951,5311,132000,36,No History,North,41,21-02-2024,1
APP005620,Male,No,0,Graduate,Salaried,21189,5312,43000,60,Good,West,28,20-04-2024,0
APP000496,Male,Yes,1,Graduate,Salaried,48644,19818,70000,36,No History,South,32,02-11-2023,0
APP003831,Male,Yes,1,Graduate,Salaried,81667,2468,77000,84,Good,North,53,19-12-2023,0
APP003032,Male,Yes,2,Graduate,Salaried,68460,86,57000,120,Good,North,27,29-08-2023,0
APP000363,Male,Yes,3,Graduate,Salaried,46013,15093,55000,360,Bad,East,40,07-07-2023,1
APP004480,Male,Yes,2,Graduate,Salaried,29485,3317,327000,120,Good,South,30,24-04-2024,1
APP001151,Female,No,3,Graduate,Salaried,70952,1408,54000,48,Good,South,36,09-01-2023,0
APP003347,Male,Yes,1,Graduate,Salaried,59723,7661,108000,48,Good,South,36,26-11-2024,0
APP002204,Male,No,1,Graduate,Salaried,63853,16699,215000,120,Good,South,25,17-07-2024,0
APP004885,Male,No,0,Not Graduate,Salaried,85688,9500,45000,180,Bad,South,22,20-06-2024,0
APP002909,Male,Yes,1,Graduate,Self-Employed,15715,1487,50000,24,Good,West,48,27-04-2023,0
APP001033,Male,Yes,1,Graduate,Salaried,51998,2911,46000,180,Good,North,24,19-08-2024,0
APP005213,Male,Yes,0,Graduate,Self-Employed,44084,843,68000,12,Good,North,42,04-01-2023,0
APP002168,Male,Yes,1,Graduate,Salaried,21786,4914,31000,36,Good,West,22,29-01-2023,1
APP002742,Male,No,4,Graduate,Salaried,98809,29938,42000,180,Good,East,39,09-03-2023,0
APP001545,Female,Yes,1,Graduate,Self-Employed,80872,23709,482000,120,Good,North,42,06-10-2023,0
APP003177,Female,Yes,4,Graduate,Self-Employed,48644,14474,116000,48,Good,North,25,06-10-2023,0
APP000663,Female,Yes,0,Not Graduate,Salaried,22560,216,55000,120,Good,North,39,06-07-2023,0
APP000994,Female,No,1,Graduate,Salaried,25131,2041,95000,60,Good,North,27,14-01-2023,0
APP000649,Female,No,3,Graduate,Salaried,35507,6686,23000,48,Bad,East,47,30-05-2024,0
APP003601,Male,Yes,0,Graduate,Salaried,53240,14157,70000,240,Good,East,32,25-05-2024,0
APP003074,Male,Yes,1,Graduate,Salaried,36120,6435,246000,84,Good,West,35,24-02-2023,0
APP001713,Female,No,1,Not Graduate,Salaried,75454,21069,277000,120,Good,East,48,26-09-2023,0
APP000071,Female,No,4,Graduate,Salaried,22754,71,177000,120,Good,North,44,29-12-2024,0
APP004878,Female,Yes,0,Graduate,Self-Employed,64506,22285,33000,360,Bad,East,44,15-05-2023,1
APP004460,Male,Yes,1,Graduate,Salaried,18132,2252,121000,360,Good,North,36,27-07-2024,0
APP002572,Female,Yes,4,Not Graduate,Self-Employed,59068,16433,94000,360,Good,East,29,05-03-2024,0
APP002100,Male,Yes,0,Graduate,Self-Employed,32438,6394,118000,24,Good,East,38,23-07-2024,0
APP002051,Male,No,4,Graduate,Salaried,50606,10147,106000,48,Good,West,39,06-03-2023,0
APP002588,Female,Yes,0,Graduate,Self-Employed,18122,4950,29000,60,Good,South,48,02-06-2024,0
APP000579,Male,Yes,0,Graduate,Salaried,42200,9391,224000,120,Good,East,33,04-11-2024,0
APP002719,Female,Yes,0,Graduate,Salaried,48644,6495,50000,120,Good,West,70,27-01-2023,0
APP002633,Male,Yes,0,Graduate,Salaried,86761,22985,238000,360,Good,South,29,03-11-2023,0
APP001687,Female,Yes,0,Not Graduate,Self-Employed,64234,16540,132000,60,Good,South,21,05-06-2024,0
APP002769,Male,Yes,2,Graduate,Self-Employed,126644,28299,76000,36,Good,East,31,24-03-2024,0
APP001259,Male,No,0,Graduate,Self-Employed,65892,10205,82000,12,Bad,East,57,15-09-2023,0
APP004959,Male,No,1,Graduate,Salaried,63998,13946,38000,120,Good,North,52,07-11-2024,0
APP002411,Female,Yes,1,Not Graduate,Self-Employed,49954,12338,46000,36,Good,East,28,29-10-2024,0
APP005740,Male,Yes,2,Graduate,Self-Employed,51586,2142,77000,24,Good,West,46,29-08-2024,0
APP001313,Male,Yes,3,Graduate,Salaried,52066,3394,105000,120,Bad,West,40,10-06-2024,1
APP000362,Female,No,2,Graduate,Salaried,125148,4085,43000,24,Good,East,46,01-12-2023,0
APP002524,Male,Yes,0,Graduate,Self-Employed,133369,13719,82000,60,Bad,North,27,28-06-2023,0
APP005181,Male,Yes,3,Graduate,Self-Employed,33030,4633,68000,36,Bad,West,59,15-09-2023,0
APP004038,Female,No,1,Graduate,Self-Employed,75275,15810,164000,36,No History,South,37,15-07-2023,0
APP002923,Female,No,0,Graduate,Salaried,88963,7455,94000,60,Good,East,60,21-10-2023,0
APP005301,Female,No,2,Graduate,Salaried,64693,6255,95000,84,Good,North,50,03-10-2024,0
APP003396,Female,Yes,1,Not Graduate,Salaried,29127,7759,109000,48,Good,North,21,04-01-2023,1
APP003649,Female,Yes,1,Graduate,Salaried,51843,10973,39000,120,Good,North,21,23-09-2024,0
APP003919,Female,No,3,Graduate,Self-Employed,26936,3288,30000,60,Good,East,42,27-11-2023,0
APP004287,Female,Yes,2,Graduate,Salaried,44048,7352,79000,240,Good,North,55,14-06-2023,0
APP005767,Male,No,3,Graduate,Salaried,97345,30191,54000,36,Good,West,38,23-10-2023,0
APP004540,Male,Yes,0,Graduate,Salaried,48644,33648,65000,24,No History,East,29,22-07-2024,0
APP005796,Female,Yes,0,Graduate,Self-Employed,29126,10137,79000,48,No History,West,51,03-02-2024,0
APP000010,Female,Yes,2,Graduate,Self-Employed,64389,15347,45000,120,Good,South,44,05-09-2023,0
APP000874,Male,Yes,1,Graduate,Salaried,55344,9374,313000,120,Good,North,48,14-12-2023,0
APP005468,Female,Yes,1,Graduate,Salaried,58038,17416,168000,60,No History,South,35,03-11-2023,0
APP003692,Male,Yes,0,Not Graduate,Self-Employed,30399,6515,144000,84,Good,South,33,03-10-2023,0
APP002920,Male,Yes,0,Graduate,Salaried,39677,1977,89000,60,Good,West,33,15-08-2024,0
APP004915,Male,Yes,0,Graduate,Salaried,64605,4566,255000,48,Good,South,38,02-09-2023,0
APP004122,Male,Yes,3,Graduate,Self-Employed,16302,1859,207000,84,Good,North,37,11-05-2023,0
APP004329,Male,Yes,2,Graduate,Salaried,46344,12872,43000,48,Good,South,21,05-07-2024,0
APP003330,Female,No,2,Graduate,Salaried,53254,15465,88000,360,Good,East,29,18-05-2024,0
APP005541,Male,No,0,Not Graduate,Salaried,144758,21021,123000,180,Good,South,31,22-08-2023,0
APP003357,Female,No,0,Graduate,Salaried,62455,7814,137000,240,Good,South,21,19-03-2024,0
APP005264,Male,Yes,1,Not Graduate,Self-Employed,100268,1402,68000,36,Good,East,38,17-10-2023,0
APP002417,Male,Yes,2,Graduate,Salaried,103934,23056,150000,120,Bad,South,34,10-07-2024,0
APP000285,Male,Yes,0,Graduate,Self-Employed,15404,4048,64000,120,Good,West,36,14-07-2024,0
APP002037,Male,No,1,Not Graduate,Salaried,121518,13876,94000,120,Good,South,54,10-08-2024,0
APP003033,Female,No,3,Graduate,Salaried,109899,3386,47000,48,Good,North,49,21-05-2024,0
APP003859,Male,Yes,1,Not Graduate,Salaried,109115,18911,179000,120,Good,West,29,06-02-2023,0
APP002623,Male,No,0,Not Graduate,Salaried,100825,30317,59000,360,Good,South,25,09-05-2024,1
APP001898,Male,Yes,2,Not Graduate,Self-Employed,62444,1515,110000,180,Bad,West,41,10-11-2024,1
APP004660,Female,No,2,Graduate,Salaried,112742,18268,68000,60,Good,North,35,13-03-2023,0
APP002778,Male,Yes,2,Graduate,Salaried,37256,4395,72000,84,Good,North,45,03-04-2024,0
APP002361,Male,Yes,4,Graduate,Self-Employed,21954,5608,104000,360,Good,West,51,20-04-2023,0
APP005760,Male,No,3,Graduate,Salaried,51366,5054,54000,36,Good,East,32,22-06-2024,0
APP003715,Female,No,2,Graduate,Self-Employed,70681,702,202000,12,Good,North,38,21-09-2024,0
APP005384,Male,Yes,0,Graduate,Self-Employed,52464,729,156000,120,No History,South,49,03-02-2023,0
APP000499,Female,No,0,Not Graduate,Self-Employed,132480,5704,102000,12,Good,South,47,08-12-2024,0
APP005999,Male,Yes,2,Graduate,Salaried,20668,1573,55000,36,Good,North,27,10-11-2024,0
APP004759,Male,No,0,Not Graduate,Salaried,55003,4114,161000,180,Good,West,69,28-10-2023,0
APP002344,Male,No,0,Not Graduate,Salaried,97732,30716,100000,180,Good,North,41,30-06-2023,0
APP000380,Male,No,2,Graduate,Salaried,198126,7309,243000,60,No History,South,52,03-01-2023,0
APP004352,Female,Yes,1,Not Graduate,Salaried,57889,10991,153000,60,Good,East,28,07-11-2024,0
APP005610,Male,No,2,Graduate,Salaried,16302,113,122000,24,Good,South,39,07-02-2023,0
APP001053,Female,No,1,Graduate,Salaried,45436,3837,91000,120,Good,West,50,26-09-2023,0
APP000191,Male,Yes,0,Graduate,Self-Employed,67715,21711,184000,120,Bad,East,43,13-12-2023,0
APP002601,Female,Yes,0,Graduate,Self-Employed,180432,55226,143000,12,Good,West,55,27-03-2024,0
APP001721,Male,No,2,Graduate,Self-Employed,26792,6447,105000,120,Good,West,46,14-02-2023,0
APP002729,Male,Yes,2,Not Graduate,Salaried,35132,8941,306000,120,No History,East,24,20-04-2024,0
APP003374,Female,No,2,Graduate,Self-Employed,16491,4335,87000,120,Good,North,60,15-10-2024,0
APP000021,Female,Yes,2,Graduate,Salaried,43056,10060,87000,84,Good,West,55,20-08-2024,0
APP003133,Female,Yes,3,Graduate,Self-Employed,38087,10703,87000,60,Bad,East,38,01-09-2024,1
APP002173,Male,Yes,0,Graduate,Salaried,48644,627,128000,24,Good,South,44,19-09-2024,0
APP003084,Female,No,0,Graduate,Self-Employed,53278,11770,137000,60,Good,North,41,01-04-2023,0
APP002021,Female,Yes,0,Not Graduate,Salaried,42383,3852,93000,360,Good,North,59,01-05-2024,0
APP005887,Male,No,2,Graduate,Salaried,99187,15539,73000,48,Good,North,54,24-11-2024,0
APP003320,Female,No,1,Graduate,Salaried,25653,5791,89000,120,Good,East,39,21-07-2023,0
APP004522,Male,Yes,4,Graduate,Self-Employed,23785,4187,50000,120,Good,East,47,13-06-2024,0
APP000209,Male,Yes,1,Graduate,Salaried,67710,6425,31000,84,No History,West,60,19-08-2023,0
APP003539,Female,Yes,3,Graduate,Self-Employed,21760,1649,44000,180,Bad,North,52,12-01-2024,0
APP003053,Male,Yes,1,Not Graduate,Salaried,54523,6802,285000,120,Good,North,41,31-07-2024,0
APP004238,Female,Yes,1,Not Graduate,Salaried,111427,3662,83000,48,Good,East,38,06-04-2023,0
APP004972,Female,Yes,2,Graduate,Self-Employed,49198,11159,79000,240,Good,South,53,22-08-2023,0
APP000151,Female,Yes,0,Graduate,Self-Employed,30675,8905,58000,60,No History,West,40,19-05-2023,0
APP000023,Male,Yes,0,Not Graduate,Self-Employed,36530,7736,72000,36,Bad,West,44,03-07-2024,1
APP004712,Male,Yes,0,Graduate,Salaried,51214,14774,99000,36,Good,South,42,01-09-2023,0
APP002748,Male,Yes,2,Graduate,Self-Employed,40364,1030,90000,60,Good,North,45,13-11-2024,0
APP004389,Male,Yes,1,Graduate,Self-Employed,14683,934,173000,48,Good,South,45,18-07-2024,0
APP001332,Female,Yes,1,Not Graduate,Salaried,182295,16043,91000,60,Good,South,28,19-12-2023,0
APP002942,Female,No,0,Graduate,Self-Employed,41794,13247,163000,24,Good,North,45,23-10-2023,0
APP000658,Male,Yes,3,Not Graduate,Salaried,14796,417,159000,360,Good,East,47,10-01-2023,0
APP005294,Male,No,3,Not Graduate,Self-Employed,110497,11042,91000,84,Good,West,60,26-12-2024,0
APP001383,Female,Yes,1,Not Graduate,Salaried,43746,9628,90000,60,Good,East,46,29-05-2023,0
APP001808,Male,Yes,0,Graduate,Salaried,27923,8877,39000,24,No History,West,44,13-07-2023,0
APP005882,Female,Yes,0,Graduate,Salaried,33722,3490,105000,240,No History,North,30,31-12-2023,1
APP001963,Female,Yes,0,Graduate,Self-Employed,65276,2322,205000,12,Good,West,41,09-05-2024,0
APP004423,Female,No,3,Graduate,Self-Employed,41678,10261,105000,36,No History,South,41,23-09-2024,0
APP003670,Male,Yes,2,Graduate,Self-Employed,93036,21503,107000,180,Good,North,39,26-06-2023,0
APP005649,Female,Yes,0,Graduate,Salaried,178440,44521,130000,180,Good,South,51,21-12-2024,0
APP004933,Female,Yes,2,Graduate,Salaried,35400,298,233000,60,Good,East,54,22-12-2023,0
APP005291,Male,Yes,2,Not Graduate,Salaried,103627,25633,135000,48,Good,West,39,23-04-2024,0
APP000940,Male,Yes,4,Not Graduate,Salaried,50277,6161,71000,240,No History,South,32,14-05-2023,0
APP004927,Male,Yes,2,Not Graduate,Salaried,100474,13740,34000,240,Good,West,35,17-11-2024,0
APP004435,Male,Yes,1,Not Graduate,Self-Employed,24595,6923,74000,60,No History,North,48,15-03-2024,0
APP004139,Female,No,0,Not Graduate,Self-Employed,87718,14809,85000,240,Good,West,47,07-01-2024,0
APP002104,Female,Yes,4,Graduate,Salaried,25664,5954,23000,360,No History,West,21,22-08-2023,0
APP001528,Male,Yes,0,Graduate,Salaried,40854,4490,57000,84,Good,North,33,09-08-2024,0
APP000341,Male,No,0,Graduate,Salaried,68545,12391,164000,84,Good,South,32,06-08-2023,0
APP004574,Female,Yes,1,Not Graduate,Salaried,82088,11715,63000,60,No History,East,46,31-01-2023,0
APP000421,Female,Yes,3,Graduate,Salaried,65183,11458,69000,48,Good,East,38,18-06-2024,0
APP000762,Male,Yes,2,Graduate,Self-Employed,154116,34449,70000,12,Good,South,52,13-03-2023,0
APP002468,Male,Yes,0,Not Graduate,Self-Employed,21730,2416,136000,84,Good,South,42,28-09-2024,1
APP005607,Female,No,1,Graduate,Salaried,36672,10841,80000,240,Good,East,31,09-01-2023,0
APP003845,Male,Yes,3,Graduate,Salaried,49464,14473,55000,48,Good,West,29,16-06-2024,0
APP001869,Male,Yes,0,Graduate,Salaried,24120,6870,42000,84,Good,North,50,19-07-2023,0
APP005872,Male,No,0,Graduate,Salaried,25533,7903,50000,360,Good,West,37,21-09-2023,0
APP002817,Male,No,1,Graduate,Self-Employed,73642,9884,141000,60,Good,West,39,06-02-2024,0
APP005479,Female,No,1,Graduate,Salaried,41314,9369,488000,120,Good,West,25,03-08-2024,0
APP003642,Female,No,1,Graduate,Salaried,12805,1911,103000,120,Good,West,21,11-07-2023,0
APP000885,Female,Yes,0,Not Graduate,Salaried,44685,5026,112000,60,Good,North,38,28-12-2023,0
APP004643,Female,No,0,Graduate,Self-Employed,31409,4933,60000,36,No History,East,48,09-03-2023,0
APP002627,Male,Yes,1,Not Graduate,Salaried,25450,1946,76000,180,Good,South,48,22-08-2023,0
APP005748,Female,Yes,2,Graduate,Self-Employed,60859,15538,264000,60,Good,South,34,28-07-2024,0
APP001287,Male,Yes,0,Graduate,Salaried,45205,15201,231000,240,Good,East,28,27-03-2023,1
APP003112,Male,Yes,1,Not Graduate,Self-Employed,39442,4373,30000,120,Good,South,37,09-02-2023,1
APP003934,Male,No,0,Graduate,Salaried,78653,24730,86000,360,Good,West,40,05-12-2024,0
APP000711,Female,Yes,0,Graduate,Salaried,30704,4310,79000,360,Good,East,33,25-04-2023,0
APP005680,Male,Yes,1,Not Graduate,Self-Employed,54060,6536,433000,84,Bad,West,46,05-03-2024,0
APP000099,Male,No,0,Not Graduate,Salaried,48644,17344,297000,84,Good,West,46,09-08-2024,0
APP000891,Female,Yes,1,Graduate,Salaried,29232,3564,111000,48,Good,West,30,20-07-2023,0
APP005633,Male,No,3,Not Graduate,Salaried,29153,4364,77000,48,Good,West,30,26-06-2023,0
APP001983,Male,Yes,3,Graduate,Salaried,16650,327,81000,240,Bad,East,54,04-03-2023,0
APP005718,Male,Yes,4,Graduate,Salaried,48644,8842,80000,120,Good,North,63,30-03-2024,0
APP003749,Male,No,3,Graduate,Salaried,41070,11017,99000,36,Good,South,46,25-07-2023,0
APP004011,Male,Yes,3,Graduate,Salaried,52687,16449,63000,24,Good,West,37,11-08-2023,0
APP001040,Male,Yes,0,Not Graduate,Salaried,44787,5179,104000,180,Good,South,49,08-03-2024,0
APP003333,Male,Yes,0,Graduate,Self-Employed,30188,4301,51000,180,Good,West,33,27-05-2023,0
APP005631,Female,Yes,0,Not Graduate,Salaried,56101,12028,127000,360,No History,West,37,15-10-2023,1
APP004321,Female,No,0,Not Graduate,Salaried,47146,10040,115000,180,Good,South,32,17-05-2024,1
APP001063,Female,No,4,Graduate,Self-Employed,41913,6939,180000,84,No History,West,27,05-08-2024,0
APP003431,Female,Yes,3,Graduate,Self-Employed,75729,12048,102000,36,Good,North,27,26-02-2024,0
APP003520,Male,No,0,Not Graduate,Salaried,27423,2115,83000,48,Good,West,39,30-01-2024,0
APP001466,Male,No,0,Graduate,Salaried,37718,9217,85000,360,Good,South,49,14-11-2023,1
APP004560,Female,Yes,3,Not Graduate,Salaried,58987,14216,217000,360,Good,North,36,25-05-2024,0
APP003667,Female,No,0,Graduate,Salaried,71111,3356,55000,24,Good,West,44,31-05-2024,0
APP001992,Male,Yes,1,Graduate,Salaried,12444,2772,146000,36,Bad,North,26,17-06-2024,1
APP005129,Male,Yes,4,Graduate,Salaried,68389,22993,44000,120,Good,West,39,27-08-2024,0
APP001399,Female,Yes,0,Graduate,Salaried,57877,1195,89000,12,Good,North,26,26-06-2023,0
APP000671,Male,Yes,2,Not Graduate,Salaried,65769,8766,59000,120,Good,East,42,09-08-2024,0
APP001263,Male,Yes,2,Graduate,Salaried,78821,3534,62000,240,Good,South,36,22-08-2024,0
APP004525,Female,Yes,0,Not Graduate,Self-Employed,30954,4263,110000,48,Good,West,45,28-09-2023,0
APP004531,Male,Yes,2,Graduate,Self-Employed,68603,19726,119000,48,Bad,East,25,05-11-2023,1
APP005124,Male,Yes,1,Graduate,Self-Employed,67875,903,89000,84,Good,South,54,25-11-2024,0
APP002023,Female,No,2,Graduate,Salaried,16851,1644,55000,180,Good,North,35,26-10-2024,0
APP001197,Female,No,0,Graduate,Salaried,48644,5845,94000,84,Good,West,64,24-03-2024,0
APP000417,Male,No,0,Graduate,Salaried,73912,1296,50000,60,Good,South,42,07-01-2023,0
APP004219,Female,No,0,Graduate,Self-Employed,55866,11025,59000,84,Good,South,58,15-01-2024,0
APP005119,Female,No,4,Graduate,Self-Employed,34491,11076,192000,48,Good,South,24,12-10-2023,0
APP005133,Male,Yes,0,Not Graduate,Self-Employed,52239,9434,69000,84,Good,East,27,30-01-2024,0
APP003743,Female,Yes,2,Graduate,Self-Employed,63766,5533,24000,60,Good,North,53,31-05-2023,0
APP003842,Male,Yes,1,Graduate,Salaried,95613,16101,41000,24,Good,West,45,18-07-2024,0
APP002970,Male,No,1,Graduate,Self-Employed,26574,5270,148000,240,Good,North,38,17-04-2024,0
APP001012,Male,Yes,0,Not Graduate,Self-Employed,21892,4382,52000,360,Good,West,31,19-08-2023,0
APP003187,Male,Yes,0,Not Graduate,Self-Employed,33557,9860,62000,48,Good,South,31,15-01-2024,0
APP001237,Male,Yes,1,Graduate,Self-Employed,205802.1872,18565,111000,60,Good,North,31,30-08-2024,0
APP001704,Male,No,2,Graduate,Self-Employed,40969,5328,67000,180,Good,North,23,27-09-2023,0
APP002653,Male,No,4,Not Graduate,Salaried,42747,8514,251000,24,Good,East,50,14-06-2023,1
APP000899,Male,Yes,0,Not Graduate,Self-Employed,32622,8816,244000,120,Good,South,40,22-09-2024,0
APP000201,Female,No,2,Not Graduate,Salaried,114001,2321,113000,240,Good,North,35,02-05-2024,0
APP001728,Female,Yes,0,Graduate,Self-Employed,52486,3656,51000,120,Good,East,53,20-05-2023,0
APP002973,Female,Yes,2,Graduate,Salaried,32242,5677,558000,84,Good,South,24,19-09-2023,0
APP002689,Male,Yes,0,Graduate,Salaried,38732,6496,51000,240,Good,North,40,24-04-2024,0
APP000735,Male,Yes,2,Not Graduate,Salaried,57610,16310,69000,240,Good,West,37,12-11-2024,0
APP004334,Female,Yes,2,Not Graduate,Self-Employed,40059,2554,29000,180,No History,South,47,17-06-2023,0
APP001207,Female,Yes,1,Not Graduate,Salaried,97199,1853,99000,84,Bad,East,55,14-04-2024,1
APP004758,Female,No,0,Graduate,Self-Employed,56833,13260,45000,84,No History,West,42,07-05-2024,0
APP000600,Male,Yes,1,Not Graduate,Self-Employed,42607,13973,101000,24,Good,North,21,10-07-2023,0
APP004115,Female,Yes,1,Graduate,Salaried,40576,7844,118000,84,Bad,East,29,22-09-2024,0
APP000401,Male,No,4,Graduate,Salaried,60837,16918,45000,48,Good,East,51,25-08-2023,0
APP004720,Female,No,1,Graduate,Salaried,61617,10094,50000,84,Good,North,23,25-11-2024,0
APP001777,Female,Yes,2,Graduate,Salaried,25015,6260,187000,36,Good,East,40,28-02-2024,0
APP005339,Female,Yes,1,Graduate,Self-Employed,38465,13280,61000,360,Good,West,43,19-03-2023,0
APP000515,Male,No,0,Graduate,Salaried,35246,25,81000,24,Good,East,45,02-03-2023,0
APP002851,Female,Yes,0,Graduate,Salaried,48266,15654,82000,120,Good,West,35,21-01-2024,0
APP004395,Female,Yes,2,Graduate,Salaried,67105,14899,62000,84,Good,North,48,15-02-2024,0
APP005104,Male,No,1,Graduate,Self-Employed,87557,13600,101000,360,No History,West,59,09-07-2024,0
APP004952,Male,Yes,0,Graduate,Salaried,31998,2331,86000,12,No History,North,35,03-10-2024,1
APP000815,Female,Yes,3,Graduate,Self-Employed,150201,25650,319000,180,No History,East,43,11-11-2024,0
APP004004,Male,No,1,Not Graduate,Self-Employed,34535,9581,39000,240,Good,South,48,28-02-2024,0
APP002207,Male,Yes,2,Graduate,Salaried,38704,2185,154000,36,Good,North,38,11-12-2024,1
APP000892,Male,Yes,1,Graduate,Salaried,63714,18608,69000,120,Good,South,49,09-09-2023,0
APP001506,Male,No,2,Not Graduate,Self-Employed,50458,13982,208000,84,Bad,East,30,19-04-2023,1
APP005570,Female,No,1,Not Graduate,Salaried,28637,3478,99000,84,Good,South,21,27-10-2023,0
APP004544,Male,No,0,Graduate,Salaried,17559,2297,71000,360,No History,East,40,10-05-2024,0
APP003304,Male,No,0,Graduate,Salaried,205802.1872,43091,290000,48,Good,West,39,02-09-2024,0
APP003477,Female,Yes,0,Graduate,Self-Employed,48644,8163,138000,36,Good,East,21,22-05-2023,0
APP001036,Female,Yes,2,Graduate,Self-Employed,46913,3539,251000,120,Good,East,33,10-02-2024,0
APP003456,Male,Yes,4,Not Graduate,Salaried,69405,15366,80000,60,Bad,West,38,03-07-2024,1
APP000220,Female,Yes,0,Graduate,Self-Employed,97658,23689,116000,120,Good,East,40,05-05-2024,0
APP003505,Female,No,1,Graduate,Self-Employed,81044,24704,156000,24,Bad,West,21,10-08-2023,0
APP005751,Male,No,1,Graduate,Self-Employed,23489,6822,103000,60,Good,South,38,05-06-2023,0
APP003735,Male,No,0,Graduate,Salaried,68326,100,96000,48,Good,West,39,22-01-2023,0
APP000134,Male,Yes,2,Not Graduate,Salaried,19408,1095,132000,84,Good,East,27,02-09-2023,0
APP005033,Male,No,2,Graduate,Salaried,53194,7009,37000,240,Good,South,28,17-11-2024,0
APP005371,Male,Yes,0,Not Graduate,Self-Employed,15422,3501,189000,60,Good,South,43,14-12-2023,1
APP000822,Male,No,1,Not Graduate,Salaried,69652,5072,190000,48,Bad,South,62,26-02-2023,1
APP004649,Female,No,1,Graduate,Salaried,48960,4694,124000,84,Bad,East,22,09-05-2023,0
APP001510,Female,No,2,Not Graduate,Salaried,29244,4988,162000,60,Good,East,40,16-04-2024,0
APP001415,Male,No,1,Graduate,Salaried,50767,6441,79000,180,Good,North,70,18-08-2024,0
APP004968,Female,No,0,Not Graduate,Salaried,21610,2102,382000,240,Good,North,38,04-02-2023,0
APP002699,Female,No,3,Graduate,Salaried,50103,3186,38000,36,Good,West,25,09-06-2024,0
APP005273,Male,Yes,1,Graduate,Salaried,94698,20702,78000,24,Good,West,39,20-02-2023,0
APP003497,Female,No,4,Graduate,Salaried,42804,10532,86000,120,Good,South,31,26-09-2023,1
APP005836,Female,No,1,Graduate,Salaried,70335,8655,109000,60,Good,East,47,16-08-2023,0
APP002634,Male,Yes,1,Graduate,Salaried,74631,1025,187000,48,Good,South,26,15-03-2024,0
APP003019,Male,Yes,3,Graduate,Salaried,49615,16755,23000,60,Good,East,46,09-06-2024,0
APP004957,Male,Yes,3,Graduate,Salaried,48534,15065,37000,36,Good,East,21,13-06-2024,0
APP000601,Male,Yes,3,Graduate,Self-Employed,56438,4742,66000,48,No History,West,47,06-01-2023,0
APP003049,Male,No,3,Graduate,Salaried,39642,4630,49000,240,Bad,West,37,19-01-2023,0
APP002611,Female,Yes,3,Graduate,Self-Employed,78306,1054,233000,240,Good,East,60,15-12-2024,0
APP004937,Female,No,0,Graduate,Self-Employed,29475,3227,125000,120,No History,North,24,02-01-2023,0
APP003774,Female,No,0,Graduate,Salaried,41436,9963,39000,60,Good,West,44,25-10-2024,0
APP004289,Male,Yes,4,Graduate,Salaried,54380,10114,153000,84,Good,South,38,21-01-2024,0
APP000855,Male,Yes,0,Not Graduate,Self-Employed,34393,5657,159000,240,No History,West,40,03-05-2024,1
APP000488,Male,No,2,Not Graduate,Self-Employed,25351,2401,114000,84,Good,East,36,08-04-2024,0
APP004348,Male,No,3,Graduate,Salaried,19418,839,183000,360,Good,West,59,10-11-2024,0
APP004771,Male,No,1,Graduate,Salaried,53991,10575,102000,84,Good,North,32,06-12-2024,0
APP000593,Male,Yes,0,Graduate,Salaried,54673,17078,57000,240,Good,North,49,17-10-2024,0
APP001609,Male,Yes,4,Graduate,Self-Employed,29459,856,67000,48,No History,West,38,30-08-2023,0
APP005107,Male,No,2,Graduate,Salaried,28301,411,149000,24,No History,West,38,04-08-2024,0
APP002335,Male,No,1,Graduate,Salaried,39679,12355,94000,120,Good,North,39,12-12-2023,0
APP003827,Male,No,4,Graduate,Salaried,46553,275,47000,60,Good,North,49,15-07-2023,0
APP000100,Male,Yes,0,Graduate,Salaried,25528,3258,289000,120,Good,West,23,03-08-2023,0
APP004047,Male,No,0,Graduate,Salaried,92641,23647,44000,24,Good,West,27,22-01-2023,0
APP004601,Male,Yes,2,Graduate,Self-Employed,35740,8958,68000,84,Bad,North,36,15-01-2023,0
APP002133,Male,No,1,Not Graduate,Self-Employed,48711,2704,86000,60,Good,North,59,31-05-2023,0
APP002957,Female,No,3,Graduate,Salaried,43103,2869,108000,84,Good,North,59,14-04-2023,0
APP000414,Male,Yes,1,Not Graduate,Salaried,52466,3047,93000,120,Bad,North,56,03-09-2023,0
APP000358,Female,No,4,Graduate,Self-Employed,33108,4565,82000,180,Good,West,38,08-10-2023,0
APP004053,Female,Yes,1,Graduate,Salaried,25282,7151,141000,360,Good,East,32,10-05-2024,0
APP004135,Female,Yes,1,Not Graduate,Salaried,57119,2035,73000,36,Good,South,51,07-04-2023,0
APP004521,Female,No,1,Graduate,Self-Employed,38587,3020,143000,24,Good,West,41,22-06-2023,0
APP005354,Male,No,1,Not Graduate,Salaried,53994,1970,98000,36,Good,West,43,07-02-2023,1
APP000016,Male,Yes,0,Graduate,Salaried,26974,4457,91000,48,Good,South,37,22-01-2023,0
APP001962,Male,No,1,Graduate,Salaried,63357,5583,148000,240,Good,South,40,27-03-2024,0
APP000204,Female,Yes,3,Not Graduate,Salaried,66096,3597,61000,36,Good,North,49,01-01-2024,0
APP000037,Male,Yes,3,Graduate,Self-Employed,86351,244,222000,60,Good,South,35,15-09-2024,0
APP000436,Female,Yes,4,Graduate,Salaried,45124,10981,66000,36,Good,South,39,17-09-2024,0
APP000590,Male,No,0,Graduate,Salaried,25359,1223,90000,360,Good,South,36,05-09-2023,0
APP001966,Female,Yes,3,Graduate,Salaried,48644,31325,82000,60,Bad,North,68,14-11-2023,1
APP005426,Male,Yes,0,Not Graduate,Salaried,34805,7900,62000,36,No History,East,23,03-03-2024,0
APP003686,Male,No,1,Graduate,Self-Employed,51592,16235,149000,84,Good,South,43,07-11-2023,0
APP000013,Female,No,2,Not Graduate,Self-Employed,118467,6176,96000,84,Good,North,41,05-06-2023,0
APP005280,Male,No,0,Not Graduate,Salaried,78298,26526,219000,60,Good,North,40,27-11-2023,0
APP001449,Female,No,2,Graduate,Salaried,83307,6160,102000,84,Good,South,32,30-12-2024,0
APP004104,Male,No,1,Graduate,Salaried,48508,9546,73000,24,Good,South,53,24-02-2023,0
APP002596,Female,No,1,Graduate,Self-Employed,61358,8392,45000,84,Good,South,48,17-04-2024,0
APP004917,Male,Yes,4,Not Graduate,Self-Employed,58293,13438,101000,240,Good,East,36,15-12-2024,1
APP001531,Male,Yes,1,Not Graduate,Salaried,44945,4518,224000,60,No History,North,31,07-02-2023,0
APP000541,Female,Yes,1,Graduate,Self-Employed,25340,4297,99000,24,Good,West,41,08-03-2024,0
APP002520,Female,Yes,0,Not Graduate,Salaried,32684,4087,47000,120,No History,South,21,17-07-2023,0
APP002795,Male,Yes,3,Not Graduate,Self-Employed,85713,10805,90000,84,Bad,East,54,05-02-2023,0
APP005842,Male,No,0,Graduate,Salaried,61491,19019,75000,24,Good,East,37,13-07-2024,0
APP002500,Male,No,1,Graduate,Salaried,124014,39367,502000,240,Good,East,38,19-03-2024,0
APP002371,Female,Yes,0,Graduate,Salaried,51868,13642,226000,60,Good,East,36,10-03-2023,0
APP001496,Female,No,1,Graduate,Salaried,60878,21171,169000,48,Good,East,21,29-12-2024,0
APP003862,Female,Yes,0,Graduate,Salaried,52824,5133,132000,36,Good,West,36,18-03-2023,1
APP005862,Male,Yes,0,Graduate,Salaried,77609,26930,95000,180,Good,West,32,23-02-2023,1
APP005928,Female,No,1,Graduate,Self-Employed,25637,6479,150000,360,Bad,North,33,23-09-2023,1
APP005625,Male,No,1,Graduate,Self-Employed,64531,16099,71000,60,No History,South,52,16-11-2024,0
APP003641,Male,Yes,1,Not Graduate,Self-Employed,56234,728,140000,120,Good,South,41,12-06-2024,0
APP002202,Male,Yes,0,Graduate,Salaried,48761,9140,64000,360,Good,South,37,02-04-2023,0
APP003294,Male,Yes,0,Graduate,Self-Employed,45463,6881,222000,360,Good,North,32,27-08-2024,0
APP004769,Female,Yes,4,Graduate,Salaried,48644,7893,241000,60,Good,North,46,04-10-2023,0
APP002475,Male,No,3,Graduate,Salaried,57221,11462,169000,48,No History,North,35,02-05-2024,0
APP001969,Male,No,0,Graduate,Self-Employed,94381,11634,92000,36,Good,East,59,11-04-2024,0
APP000706,Female,No,0,Not Graduate,Salaried,94013,562,77000,48,Good,North,49,19-05-2024,0
APP003810,Male,Yes,0,Graduate,Self-Employed,23176,4436,93000,240,No History,West,35,29-03-2023,0
APP003777,Female,Yes,0,Graduate,Salaried,35236,41,176000,48,Good,North,66,14-05-2024,0
APP001981,Male,Yes,3,Graduate,Self-Employed,107890,539,99000,120,Good,East,53,11-01-2024,0
APP000440,Male,Yes,0,Graduate,Salaried,24332,7047,97000,36,Good,South,32,03-01-2024,0
APP002932,Female,Yes,2,Graduate,Salaried,70584,1094,287000,360,Good,West,44,27-04-2023,0
APP002118,Female,Yes,0,Not Graduate,Salaried,28382,182,44000,48,Good,North,25,15-11-2024,0
APP002939,Female,Yes,2,Graduate,Self-Employed,74040,24854,111000,120,Good,South,46,30-04-2023,0
APP000925,Male,Yes,0,Graduate,Salaried,85447,18525,99000,240,Good,North,21,18-11-2024,0
APP001689,Female,No,0,Not Graduate,Self-Employed,26229,2901,254000,120,Good,West,37,17-09-2024,0
APP003813,Male,Yes,0,Graduate,Salaried,50687,9688,42000,84,Good,North,39,22-12-2023,0
APP005791,Male,No,3,Graduate,Salaried,17316,323,54000,360,Good,West,44,15-12-2024,0
APP004349,Female,No,3,Graduate,Salaried,46210,11717,37000,240,Good,East,30,05-06-2023,0
APP002926,Female,No,2,Not Graduate,Self-Employed,15143,4314,113000,360,Good,South,38,04-03-2023,0
APP001135,Female,Yes,2,Graduate,Salaried,34152,1709,79000,360,Good,East,50,23-11-2023,0
APP003846,Female,Yes,4,Graduate,Salaried,28486,4210,93000,36,Good,North,34,12-02-2024,0
APP001109,Female,No,2,Graduate,Self-Employed,59700,8064,43000,24,Good,West,42,10-09-2024,1
APP004615,Male,Yes,1,Not Graduate,Salaried,58805,3990,78000,240,Good,West,35,11-07-2024,0
APP002640,Female,No,0,Graduate,Salaried,48644,5077,98000,36,Good,East,27,15-05-2024,0
APP005176,Female,No,1,Graduate,Self-Employed,175859,15318,232000,36,Good,North,45,19-11-2024,0
APP002562,Female,No,0,Graduate,Salaried,28623,4966,121000,36,Good,West,25,04-02-2024,0
APP000769,Male,No,3,Not Graduate,Salaried,72166,12916,395000,36,Bad,East,21,20-01-2023,0
APP003873,Male,No,2,Graduate,Self-Employed,68686,12679,40000,360,Good,East,37,16-01-2024,0
APP005877,Female,Yes,0,Graduate,Salaried,91496,16134,60000,240,Good,South,33,03-08-2023,0
APP003063,Female,No,0,Graduate,Self-Employed,51053,5878,46000,84,Bad,West,39,05-01-2023,1
APP004613,Male,No,3,Not Graduate,Salaried,49866,16115,28000,84,Bad,East,36,29-04-2023,1
APP001920,Male,No,1,Not Graduate,Salaried,40560,10183,104000,180,Bad,North,29,17-04-2023,0
APP002139,Male,Yes,1,Graduate,Salaried,61389,15484,60000,24,Good,South,30,24-06-2023,0
APP003453,Female,No,0,Not Graduate,Self-Employed,50496,10875,108000,60,Good,West,46,27-03-2023,0
APP000796,Female,Yes,1,Graduate,Self-Employed,49374,6989,128000,60,Good,North,21,27-12-2024,0
APP002558,Male,Yes,1,Not Graduate,Salaried,48603,14331,142000,36,Good,South,64,30-11-2024,0
APP002925,Male,Yes,0,Graduate,Self-Employed,113094,4685,104000,24,Good,South,48,03-07-2023,0
APP000638,Male,Yes,1,Not Graduate,Salaried,117468,30918,99000,120,Bad,North,50,07-08-2023,1
APP003940,Male,Yes,2,Graduate,Salaried,116226,15638,43000,84,Good,West,31,02-12-2024,0
APP005084,Male,Yes,3,Graduate,Self-Employed,48644,8709,151000,84,Good,West,44,03-05-2024,0
APP001326,Male,No,3,Graduate,Self-Employed,86172,25824,61000,360,Good,South,32,07-09-2023,0
APP005174,Male,Yes,1,Graduate,Self-Employed,24537,2770,81000,120,Good,North,51,28-02-2024,0
APP005070,Male,No,0,Not Graduate,Salaried,64652,18131,149000,84,Good,West,34,18-12-2024,0
APP000039,Female,Yes,1,Not Graduate,Self-Employed,48644,9098,286000,360,Bad,North,32,14-12-2023,1
APP005055,Male,Yes,0,Graduate,Salaried,54510,13993,69000,60,Good,North,49,12-02-2023,0
APP004666,Female,Yes,0,Not Graduate,Salaried,37748,4288,50000,360,Good,East,21,12-03-2024,0
APP003911,Male,Yes,0,Graduate,Salaried,91936,8874,70000,180,No History,East,34,09-05-2024,0
APP000158,Female,No,0,Graduate,Self-Employed,69549,7742,69000,48,Good,South,37,28-10-2023,0
APP000439,Female,Yes,0,Graduate,Salaried,58130,3863,132000,360,Good,East,48,16-11-2023,0
APP005679,Female,Yes,1,Not Graduate,Salaried,49100,14293,135000,48,Good,South,21,13-05-2023,0
APP003922,Male,Yes,1,Graduate,Self-Employed,45444,12524,164000,36,Good,East,27,20-07-2023,0
APP001570,Male,Yes,3,Graduate,Salaried,22191,5903,46000,36,Good,North,48,04-01-2024,0
APP001238,Male,No,1,Graduate,Salaried,35393,1673,92000,48,Good,South,45,06-01-2023,0
APP005052,Female,Yes,0,Not Graduate,Self-Employed,58559,4832,86000,180,Good,North,23,26-06-2024,0
APP002305,Female,No,2,Not Graduate,Salaried,20655,2594,166000,36,Good,North,51,22-11-2024,1
APP005828,Male,Yes,4,Graduate,Self-Employed,103775,25527,161000,360,Good,North,27,20-05-2024,0
APP003895,Female,Yes,3,Graduate,Salaried,40671,12574,94000,360,Good,East,43,22-01-2023,0
APP004230,Male,Yes,0,Graduate,Salaried,45399,8816,47000,120,Good,West,42,19-11-2024,0
APP003466,Female,No,2,Graduate,Salaried,48644,5141,206000,24,Good,West,41,06-11-2024,0
APP004882,Male,No,3,Graduate,Self-Employed,17496,278,73000,24,Good,South,47,09-02-2023,0
APP005846,Male,Yes,2,Graduate,Salaried,37660,9299,40000,60,Good,South,49,23-10-2024,0
APP004244,Male,Yes,0,Graduate,Salaried,29661,3201,90000,120,Good,North,36,10-03-2023,1
APP004739,Male,Yes,4,Graduate,Self-Employed,61500,551,157000,36,Good,South,35,25-07-2023,0
APP003560,Male,No,3,Graduate,Self-Employed,165360,49154,32000,24,No History,East,30,24-12-2024,0
APP005218,Male,No,1,Not Graduate,Salaried,100242,33688,35000,240,Good,North,38,16-04-2024,0
APP002713,Male,Yes,4,Graduate,Self-Employed,48644,2280,75000,24,Good,South,24,12-02-2024,0
APP001540,Male,No,1,Graduate,Salaried,73718,4666,76000,240,Good,East,51,14-05-2024,0
APP004482,Male,No,0,Graduate,Self-Employed,65716,5441,198000,120,Good,North,42,14-11-2023,0
APP005795,Male,Yes,1,Graduate,Salaried,35965,5365,160000,48,Good,South,61,04-05-2024,0
APP000807,Female,Yes,1,Not Graduate,Self-Employed,24889,809,87000,180,Good,South,40,13-11-2023,0
APP000462,Female,Yes,2,Graduate,Salaried,35412,3670,55000,240,Good,West,47,23-06-2023,0
APP004770,Male,No,1,Graduate,Salaried,101467,14181,98000,84,Good,West,56,22-12-2024,0
APP000814,Female,Yes,0,Graduate,Self-Employed,19552,3017,79000,60,Good,West,44,14-05-2024,0
APP004528,Female,Yes,0,Not Graduate,Salaried,42687,7165,26000,240,Bad,West,21,15-04-2024,1
APP002884,Male,Yes,0,Graduate,Self-Employed,27065,7599,42000,36,No History,South,22,14-07-2023,1
APP001794,Female,Yes,2,Not Graduate,Self-Employed,57278,18604,99000,24,Bad,North,47,23-06-2023,1
APP001055,Female,No,0,Graduate,Salaried,46220,12818,92000,240,Good,South,43,24-06-2023,0
APP002709,Male,No,0,Graduate,Salaried,129405,2799,77000,180,Good,North,33,17-01-2023,0
APP005010,Male,No,2,Graduate,Salaried,25826,741,95000,24,Good,East,49,13-07-2024,0
APP002219,Female,No,1,Graduate,Self-Employed,23556,3234,51000,180,Good,North,48,18-01-2024,0
APP001807,Female,Yes,0,Graduate,Salaried,36896,9996,284000,360,Good,South,63,08-08-2023,0
APP004944,Male,No,1,Graduate,Salaried,110919,37667,338000,60,Good,North,48,08-05-2023,0
APP004117,Female,Yes,2,Graduate,Salaried,37246,7274,39000,24,No History,West,36,19-07-2024,0
APP001181,Female,No,0,Graduate,Self-Employed,97899,6563,24000,360,Good,West,52,14-09-2024,0
APP000178,Male,Yes,4,Graduate,Salaried,31165,9871,58000,84,Good,East,41,11-06-2024,0
APP002807,Female,Yes,2,Not Graduate,Salaried,32701,10363,44000,48,Good,South,39,04-08-2024,0
APP002158,Male,Yes,1,Not Graduate,Self-Employed,46480,14016,54000,12,Good,North,59,22-02-2024,1
APP000737,Male,Yes,0,Graduate,Salaried,40959,2379,96000,84,Good,North,32,01-07-2024,1
APP005416,Male,Yes,2,Graduate,Salaried,45135,11374,76000,84,Good,North,29,21-07-2023,0
APP004718,Female,No,0,Not Graduate,Self-Employed,73649,18709,34000,24,Good,South,47,11-09-2024,0
APP005635,Male,Yes,1,Graduate,Salaried,28040,6914,129000,48,Good,North,49,09-02-2023,0
APP002897,Male,No,4,Graduate,Salaried,20263,5286,112000,360,Good,South,44,12-02-2023,0
APP000690,Male,Yes,3,Not Graduate,Salaried,25470,40,66000,36,Good,South,31,20-02-2023,0
APP002934,Male,No,3,Graduate,Self-Employed,69776,7982,101000,120,Good,East,37,01-12-2023,0
APP001534,Male,Yes,3,Graduate,Salaried,52934,13627,54000,180,Good,North,46,31-03-2024,0
APP000192,Female,No,1,Graduate,Self-Employed,106703,30530,96000,48,Good,East,37,13-07-2023,0
APP002274,Female,No,2,Not Graduate,Salaried,75155,1738,172000,60,Good,West,31,07-10-2024,0
APP000653,Female,No,0,Not Graduate,Salaried,77906,3604,170000,24,Good,North,50,18-03-2023,0
APP005039,Male,No,2,Graduate,Self-Employed,11595.68039,914,78000,180,Bad,North,41,10-04-2024,0
APP005624,Female,Yes,0,Graduate,Salaried,201796,52747,129000,360,Good,West,60,04-06-2023,0
APP002088,Female,Yes,1,Graduate,Self-Employed,36352,7009,84000,84,Good,South,21,13-05-2024,0
APP001459,Male,No,2,Not Graduate,Salaried,88934,16204,162000,360,Good,West,23,12-02-2024,0
APP005341,Female,No,2,Graduate,Salaried,84400,743,84000,120,Good,North,21,02-06-2024,0
APP005063,Male,Yes,1,Graduate,Salaried,35421,6058,84000,180,No History,East,55,06-09-2023,0
APP000896,Male,No,1,Graduate,Salaried,82773,25173,243000,360,Good,East,45,09-05-2023,0
APP004683,Female,Yes,2,Not Graduate,Salaried,24999,148,67000,36,Good,North,59,25-07-2024,0
APP001733,Male,Yes,3,Graduate,Salaried,25229,4063,97000,360,Good,South,37,01-02-2024,0
APP005260,Female,Yes,3,Not Graduate,Salaried,54464,8116,184000,240,Good,North,24,29-09-2023,0
APP002356,Male,Yes,3,Graduate,Salaried,17372,2702,166000,36,Good,East,21,24-02-2024,0
APP000128,Female,No,1,Not Graduate,Salaried,45350,10911,131000,180,Good,West,46,06-03-2023,0
APP005031,Male,No,2,Graduate,Salaried,54667,4864,51000,36,Bad,East,34,04-12-2024,0
APP003625,Male,No,2,Graduate,Salaried,48644,1157,81000,180,Good,North,28,15-10-2023,0
APP000820,Male,Yes,1,Graduate,Self-Employed,61307,535,98000,120,Bad,West,23,28-12-2024,0
APP005523,Female,Yes,3,Graduate,Salaried,50362,9518,86000,60,No History,South,52,01-10-2023,0
APP003022,Male,Yes,1,Graduate,Salaried,32903,4458,97000,120,Bad,South,41,26-06-2023,0
APP000031,Female,Yes,0,Graduate,Salaried,70939,19707,82000,36,Bad,West,32,03-11-2023,0
APP002421,Male,No,2,Graduate,Salaried,30267,2417,237000,120,No History,West,41,12-02-2023,1
APP005637,Female,No,0,Not Graduate,Self-Employed,23082,6797,187000,36,Good,West,28,14-04-2023,1
APP002856,Male,Yes,2,Not Graduate,Self-Employed,76871,4457,50000,48,Good,North,46,26-08-2023,1
APP005655,Male,Yes,1,Graduate,Salaried,24929,6577,60000,180,Good,South,46,24-07-2023,0
APP002715,Male,No,1,Not Graduate,Salaried,75126,2948,62000,180,Good,North,32,12-05-2023,0
APP005763,Female,Yes,4,Graduate,Salaried,33251,1213,236000,36,No History,East,38,18-07-2024,1
APP005975,Male,No,1,Graduate,Self-Employed,49898,2490,88000,60,No History,North,46,01-03-2024,0
APP004908,Male,Yes,0,Graduate,Self-Employed,42942,8236,147000,48,Good,North,38,04-01-2024,0
APP000928,Male,Yes,3,Graduate,Salaried,33883,1132,83000,120,Good,North,35,17-03-2023,0
APP002527,Male,Yes,1,Graduate,Self-Employed,35546,10022,35000,12,Good,West,54,24-11-2024,0
APP005856,Female,Yes,1,Graduate,Salaried,58507,12069,97000,48,Good,East,41,16-12-2023,0
APP000451,Female,Yes,2,Graduate,Salaried,43899,5347,163000,48,Good,East,44,12-06-2023,0
APP004656,Male,Yes,3,Graduate,Self-Employed,128100,12315,76000,24,Good,East,47,25-02-2024,0
APP001120,Male,No,1,Graduate,Salaried,37850,6966,93000,60,Good,South,36,14-08-2024,0
APP002811,Male,No,1,Not Graduate,Self-Employed,75903,13054,129000,60,Good,North,21,12-07-2023,0
APP001782,Female,Yes,3,Graduate,Salaried,41427,588,54000,180,Good,East,42,19-09-2023,0
APP003548,Male,Yes,4,Graduate,Self-Employed,91545,31590,49000,180,No History,East,47,29-10-2023,0
APP000325,Female,Yes,1,Not Graduate,Salaried,72413,14060,283000,180,Good,East,41,25-07-2023,0
APP005792,Female,Yes,1,Graduate,Salaried,47374,14344,55000,24,No History,North,31,17-05-2024,0
APP002749,Female,No,1,Not Graduate,Salaried,43303,5454,77000,36,Good,North,33,27-12-2023,0
APP000457,Male,Yes,1,Not Graduate,Salaried,29588,5369,50000,60,Good,West,50,26-10-2023,0
APP001354,Female,No,1,Graduate,Salaried,40816,6705,81000,12,Good,West,30,29-05-2024,0
APP003643,Male,No,3,Not Graduate,Salaried,44296,6711,130000,120,Good,West,51,19-04-2024,0
APP004530,Male,Yes,3,Graduate,Salaried,111473,14772,110000,180,Good,North,37,31-03-2024,0
APP002576,Female,Yes,1,Not Graduate,Salaried,108013,32538,188000,180,No History,North,46,12-12-2023,0
APP005353,Male,Yes,0,Graduate,Salaried,68152,11161,92000,36,Good,North,24,22-03-2023,0
APP003891,Female,No,3,Not Graduate,Salaried,41939,12197,90000,84,Good,West,41,09-08-2024,0
APP003515,Female,Yes,0,Graduate,Salaried,49563,13932,104000,84,Good,North,52,01-04-2023,0
APP005568,Female,No,0,Graduate,Self-Employed,62641,2607,245000,24,Good,North,34,27-09-2023,0
APP003978,Male,Yes,2,Not Graduate,Self-Employed,30309,4879,179000,240,Good,East,38,27-10-2023,0
APP001882,Female,Yes,1,Not Graduate,Salaried,164088,48776,23000,36,Bad,South,36,25-12-2024,0
APP001737,Male,No,1,Graduate,Self-Employed,65636,7619,16000,60,Good,East,58,10-02-2024,0
APP000410,Male,No,3,Graduate,Self-Employed,65843,10241,70000,60,Good,North,47,30-01-2023,0
APP005379,Female,No,4,Graduate,Self-Employed,33421,11087,153000,360,Good,North,21,04-02-2024,0
APP002435,Female,No,4,Graduate,Salaried,139224,35748,79000,240,Good,West,47,11-05-2024,0
APP003278,Male,Yes,3,Graduate,Self-Employed,86423,2030,123000,84,Good,West,21,16-12-2024,0
APP000137,Male,Yes,2,Not Graduate,Self-Employed,53147,10974,108000,84,Good,South,47,12-08-2024,0
APP002129,Female,No,2,Graduate,Self-Employed,31126,1510,41000,360,Good,West,21,11-12-2023,0
APP003493,Female,Yes,0,Graduate,Salaried,81354,7962,60000,48,Bad,West,33,05-07-2024,0
APP005376,Female,Yes,0,Graduate,Self-Employed,46208,10817,155000,36,Good,North,24,23-04-2023,0
APP002624,Female,Yes,1,Not Graduate,Salaried,78845,8822,243000,120,Good,West,37,10-05-2024,1
APP000802,Male,Yes,0,Graduate,Salaried,55038,2733,70000,84,Good,West,41,16-10-2023,0
APP004426,Male,Yes,0,Graduate,Salaried,67210,22087,38000,180,Good,East,55,22-08-2023,0
APP005000,Female,Yes,0,Graduate,Salaried,92607,7157,130000,84,Bad,West,43,18-12-2023,1
APP000533,Female,Yes,0,Not Graduate,Salaried,94381,2711,101000,36,Good,South,42,15-02-2023,0
APP002281,Male,No,0,Graduate,Salaried,79225,18588,34000,48,Good,West,35,18-02-2024,0
APP003120,Male,Yes,0,Graduate,Salaried,41392,7543,154000,240,No History,South,33,07-07-2023,0
APP003623,Male,No,2,Graduate,Salaried,163799,27013,107000,60,Good,South,36,22-12-2023,0
APP003360,Female,Yes,3,Not Graduate,Salaried,78070,4932,80000,360,Good,South,46,13-10-2023,0
APP004513,Male,No,0,Graduate,Self-Employed,41571,11832,122000,240,Good,West,46,27-01-2023,0
APP002671,Female,Yes,2,Graduate,Self-Employed,46146,12872,276000,120,Good,South,52,29-02-2024,0
APP000540,Male,Yes,0,Graduate,Salaried,203485,59648,426000,48,Good,North,51,06-08-2023,0
APP002947,Male,Yes,2,Graduate,Self-Employed,33333,2801,102000,180,Good,North,55,05-09-2023,0
APP004425,Male,No,3,Graduate,Self-Employed,58224,14126,99000,60,Good,East,33,08-10-2024,0
APP003354,Male,No,0,Not Graduate,Salaried,55789,3173,107000,180,Good,East,39,19-03-2023,0
APP004975,Male,Yes,0,Not Graduate,Salaried,115479,1369,72000,12,Good,South,40,13-07-2024,0
APP002568,Male,Yes,0,Graduate,Self-Employed,90837,1504,179000,12,Good,East,28,05-07-2024,0
APP000035,Female,No,0,Graduate,Salaried,25574,4199,99000,48,Good,East,32,06-01-2024,0
APP005698,Male,Yes,0,Graduate,Salaried,24646,3105,231000,36,Good,South,33,06-11-2023,0
APP004728,Female,Yes,0,Graduate,Salaried,43880,15144,126000,120,No History,East,37,24-12-2024,0
APP003581,Male,Yes,0,Graduate,Self-Employed,48644,7197,58000,60,Good,West,33,27-02-2024,0
APP000744,Male,Yes,1,Graduate,Salaried,120597,26675,284000,48,No History,South,31,21-03-2024,0
APP005773,Male,Yes,4,Not Graduate,Salaried,49631,14666,230000,240,Good,East,38,24-06-2024,0
APP000904,Female,No,1,Graduate,Salaried,72321,7026,48000,36,Good,East,41,18-08-2023,0
APP002963,Male,Yes,0,Graduate,Salaried,68878,7088,70000,24,Good,North,46,23-09-2023,0
APP000263,Male,Yes,2,Not Graduate,Salaried,34148,1533,114000,36,Good,West,48,23-01-2024,0
APP001917,Female,No,1,Graduate,Self-Employed,90078,4414,100000,60,Good,East,40,28-02-2023,0
APP003405,Female,No,0,Graduate,Salaried,29742,3662,365000,12,Good,South,50,26-05-2024,0
APP004194,Female,Yes,0,Graduate,Self-Employed,69813,21246,110000,48,Good,South,59,04-05-2023,0
APP002297,Male,Yes,1,Graduate,Salaried,25944,2186,187000,84,Good,West,29,12-01-2023,0
APP005988,Female,Yes,0,Graduate,Self-Employed,54763,11232,69000,360,Good,East,44,14-08-2024,0
APP002844,Male,Yes,0,Graduate,Salaried,22707,2871,130000,120,Bad,East,34,09-10-2024,1
APP005035,Male,Yes,2,Graduate,Self-Employed,81894,28484,56000,180,Good,South,32,05-09-2024,0
APP005978,Male,No,0,Graduate,Salaried,36133,5568,205000,120,Good,North,45,11-03-2024,0
APP002991,Male,Yes,2,Graduate,Salaried,53685,13517,204000,120,Good,South,37,09-08-2024,0
APP002170,Male,No,0,Graduate,Self-Employed,50526,5163,181000,120,Good,West,21,10-02-2023,0
APP005463,Male,Yes,0,Graduate,Self-Employed,40781,11885,72000,84,Good,North,47,12-09-2023,0
APP000498,Male,Yes,4,Graduate,Self-Employed,48644,9951,165000,180,Good,East,34,04-01-2023,0
APP001860,Female,No,0,Graduate,Salaried,25648,3685,86000,24,Good,West,33,25-10-2024,0
APP002479,Male,Yes,4,Graduate,Salaried,180246,55199,310000,48,Good,South,43,30-03-2024,0
APP004385,Female,Yes,0,Graduate,Self-Employed,119031,14714,257000,60,Bad,West,37,09-05-2024,0
APP004500,Male,No,1,Not Graduate,Salaried,70222,2555,66000,24,Good,East,59,26-04-2024,0
APP003531,Male,Yes,3,Graduate,Salaried,44176,4247,232000,240,Good,West,40,07-03-2023,0
APP004445,Male,No,0,Graduate,Salaried,97899,602,157000,36,Good,West,48,02-04-2023,0
APP000998,Male,Yes,0,Graduate,Self-Employed,47625,8339,89000,120,Good,North,34,20-03-2024,0
APP002726,Male,No,0,Graduate,Self-Employed,74438,5990,67000,84,Good,West,37,23-03-2024,0
APP001663,Female,Yes,1,Graduate,Self-Employed,29836,6949,135000,60,Good,North,38,27-02-2023,0
APP005932,Male,Yes,0,Graduate,Self-Employed,19086,772,76000,84,Good,West,34,17-01-2024,0
APP004890,Female,Yes,0,Not Graduate,Salaried,37033,2038,242000,84,Good,North,38,15-08-2024,0
APP003551,Female,No,4,Graduate,Salaried,76395,4499,151000,60,Good,West,54,27-05-2024,0
APP002082,Male,Yes,0,Not Graduate,Salaried,15386,5344,96000,120,Good,North,30,10-03-2024,0
APP005855,Male,No,3,Graduate,Salaried,77217,23615,142000,180,Good,South,40,06-08-2023,0
APP003254,Male,Yes,4,Graduate,Salaried,205802.1872,7679,197000,48,Good,North,37,12-07-2023,1
APP000199,Female,Yes,2,Graduate,Salaried,48644,1668,99000,36,Good,West,22,05-01-2023,0
APP004727,Female,Yes,3,Not Graduate,Salaried,87117,12090,360000,240,Good,West,28,27-09-2023,0
APP002064,Male,Yes,4,Not Graduate,Salaried,105829,17424,74000,120,Good,South,21,13-06-2023,0
APP004324,Male,Yes,3,Not Graduate,Salaried,33535,1262,187000,12,Good,North,38,09-11-2024,0
APP004514,Female,No,1,Graduate,Salaried,32212,18,269000,60,Good,South,40,27-06-2023,0
APP001845,Female,No,1,Not Graduate,Self-Employed,35078,7974,324000,60,No History,West,44,23-04-2024,0
APP000548,Female,No,1,Graduate,Self-Employed,51197,14013,54000,120,Good,East,46,21-06-2024,0
APP005110,Female,Yes,2,Not Graduate,Self-Employed,102128,34212,66000,84,Good,West,43,06-07-2024,0
APP003413,Male,Yes,0,Not Graduate,Salaried,89007,28923,40000,60,No History,West,42,04-10-2024,0
APP000565,Male,No,0,Graduate,Self-Employed,51214,3633,148000,180,Good,West,49,18-03-2024,0
APP000695,Male,Yes,3,Graduate,Salaried,83295,11078,59000,240,Good,East,32,15-06-2024,0
APP004654,Female,Yes,2,Not Graduate,Salaried,59972,827,204000,24,Good,West,21,12-07-2023,0
APP002692,Female,Yes,2,Graduate,Salaried,86340,2446,148000,120,Good,South,47,10-10-2024,0
APP002907,Female,Yes,2,Graduate,Salaried,107965,35640,67000,120,Good,South,30,02-02-2023,0
APP003376,Female,Yes,4,Graduate,Salaried,76905,3517,103000,60,Bad,East,32,31-07-2024,0
APP001051,Female,No,4,Graduate,Self-Employed,63040,6885,38000,24,Good,North,27,09-06-2023,1
APP004766,Female,Yes,0,Not Graduate,Salaried,73126,11998,42000,48,Good,North,30,12-10-2024,0
APP000705,Male,Yes,4,Not Graduate,Salaried,47507,2012,109000,120,Good,West,41,25-07-2023,0
APP001333,Male,No,0,Graduate,Salaried,54124,5028,189000,84,Bad,West,34,18-04-2023,0
APP003668,Male,Yes,0,Not Graduate,Salaried,48015,579,81000,60,Good,North,49,21-04-2024,0
APP005090,Male,Yes,2,Graduate,Salaried,60912,4903,178000,84,Good,North,46,09-06-2024,0
APP005356,Male,No,0,Graduate,Self-Employed,22926,4453,81000,60,Good,South,35,19-07-2023,0
APP001117,Male,Yes,1,Graduate,Self-Employed,29531,1716,31000,84,Good,North,32,10-03-2024,0
APP001400,Female,No,4,Graduate,Salaried,36277,10772,101000,36,Bad,South,46,10-12-2024,1
APP003327,Female,Yes,1,Not Graduate,Salaried,54212,7998,119000,48,Good,South,37,14-04-2023,0
APP001439,Male,Yes,1,Not Graduate,Salaried,30146,1816,121000,84,Good,East,31,10-03-2023,0
APP003200,Male,Yes,1,Graduate,Salaried,102772,7181,129000,84,No History,North,32,23-08-2024,0
APP000241,Female,No,0,Graduate,Self-Employed,28151,799,151000,12,Good,North,34,22-06-2024,0
APP001159,Female,No,2,Graduate,Self-Employed,43250,10334,56000,180,Good,East,47,19-09-2023,0
APP004630,Male,Yes,1,Graduate,Self-Employed,106678,20106,157000,12,Good,West,26,04-12-2023,0
APP000456,Male,Yes,0,Not Graduate,Self-Employed,55138,17801,76000,180,Good,South,28,22-10-2024,0
APP003418,Female,Yes,2,Graduate,Salaried,36050,9981,68000,60,Good,South,42,15-01-2023,0
APP003580,Male,Yes,1,Graduate,Salaried,205802.1872,28800,228000,60,Good,South,23,23-07-2024,0
APP002968,Male,Yes,2,Graduate,Salaried,78268,16577,90000,36,No History,West,31,08-06-2023,1
APP000106,Male,No,0,Graduate,Self-Employed,32295,7336,129000,24,Good,East,27,14-11-2023,0
APP001894,Male,No,0,Graduate,Salaried,15879,3415,95000,84,Bad,West,33,08-10-2023,1
APP000728,Female,Yes,1,Graduate,Salaried,43831,7193,298000,84,Good,South,41,28-10-2024,0
APP003769,Male,No,3,Graduate,Self-Employed,194463,10490,54000,240,Good,South,43,24-01-2023,0
APP004315,Female,No,3,Graduate,Self-Employed,48644,5187,170000,180,Good,North,51,11-01-2023,0
APP003659,Female,Yes,0,Graduate,Salaried,60947,5961,182000,240,Good,South,37,11-09-2024,0
APP000823,Male,No,4,Graduate,Salaried,47336,15539,318000,24,Good,South,54,15-06-2023,1
APP003183,Male,No,3,Not Graduate,Salaried,40707,10670,71000,180,Good,South,37,10-03-2023,0
APP003923,Female,No,1,Graduate,Self-Employed,75291,23069,127000,48,Good,East,37,09-08-2024,0
APP001006,Female,No,3,Graduate,Salaried,106576,31422,45000,36,Good,West,45,03-08-2024,0
APP000197,Female,Yes,1,Graduate,Salaried,24105,3526,53000,12,Good,East,44,06-12-2023,0
APP005325,Male,Yes,1,Not Graduate,Self-Employed,43373,6083,89000,60,Good,North,21,07-05-2023,0
APP002701,Male,Yes,0,Not Graduate,Self-Employed,63177,4900,117000,240,Good,North,47,10-08-2023,0
APP004189,Female,No,0,Graduate,Salaried,123726,1993,56000,24,Good,West,37,28-08-2023,0
APP005686,Female,Yes,2,Graduate,Self-Employed,55247,966,258000,60,Good,South,47,14-11-2023,0
APP003523,Male,Yes,0,Graduate,Salaried,52220,131,60000,60,Bad,West,21,08-01-2023,0
APP003818,Female,No,0,Graduate,Salaried,41298,1061,78000,120,Good,West,43,26-04-2024,0
APP003139,Male,Yes,0,Graduate,Self-Employed,113521,554,157000,120,Good,East,31,24-04-2024,0
APP002912,Male,Yes,3,Graduate,Salaried,49230,3287,189000,24,Bad,South,49,25-06-2024,0
APP005278,Male,Yes,1,Graduate,Salaried,76897,23365,84000,36,Good,South,36,18-01-2024,0
APP003223,Male,No,0,Graduate,Salaried,103117,13361,171000,24,Good,North,40,24-09-2023,0
APP002740,Male,Yes,1,Not Graduate,Salaried,41429,6031,210000,180,Good,North,21,11-12-2024,0
APP003025,Male,No,1,Graduate,Salaried,28974,4755,83000,84,Bad,South,42,26-03-2024,1
APP001365,Female,No,4,Graduate,Salaried,26138,8366,68000,120,Good,West,38,15-08-2023,0
APP002457,Male,No,1,Graduate,Self-Employed,41951,2767,81000,36,Good,East,47,24-02-2023,0
APP002307,Male,Yes,2,Graduate,Salaried,13944,3187,95000,120,Good,West,47,13-12-2024,0
APP000024,Male,No,1,Graduate,Salaried,57655,9230,61000,48,Good,East,32,23-11-2024,0
APP000637,Male,Yes,0,Not Graduate,Salaried,37463,5210,81000,180,No History,South,54,09-06-2024,0
APP005596,Male,Yes,1,Graduate,Salaried,64470,13821,73000,36,Bad,North,52,15-07-2024,0
APP000431,Male,No,2,Graduate,Salaried,46603,10517,175000,84,Good,North,59,15-02-2024,0
APP000721,Female,No,4,Graduate,Salaried,125182,41424,49000,240,Good,North,46,24-07-2023,0
APP004909,Female,Yes,1,Graduate,Self-Employed,19233,3917,87000,120,Good,North,30,15-04-2024,0
APP001679,Male,No,0,Not Graduate,Salaried,62425,4600,70000,36,Good,East,36,04-02-2023,0
APP003370,Female,Yes,2,Graduate,Salaried,48644,1920,136000,48,No History,West,35,17-05-2024,0
APP002316,Male,No,1,Not Graduate,Salaried,46580,2009,50000,84,Good,North,28,15-04-2024,0
APP002155,Male,Yes,1,Not Graduate,Salaried,21765,4934,75000,48,Bad,West,44,10-07-2023,1
APP001306,Female,Yes,1,Graduate,Salaried,19298,5843,286000,60,Good,West,37,22-06-2023,0
APP003262,Male,Yes,1,Graduate,Salaried,80774,7429,117000,60,Good,West,39,14-11-2023,0
APP001211,Male,Yes,1,Not Graduate,Self-Employed,49051,10695,108000,84,Good,East,34,08-01-2023,0
APP002148,Male,Yes,2,Not Graduate,Self-Employed,20030,1882,80000,12,Good,West,52,08-08-2024,0
APP005775,Male,Yes,0,Graduate,Salaried,39521,13700,50000,48,Good,South,30,21-09-2024,0
APP005012,Female,No,3,Graduate,Self-Employed,54359,16410,116000,180,Good,West,21,18-04-2024,0
APP002328,Male,Yes,2,Graduate,Salaried,71527,12414,255000,60,Good,South,34,09-03-2023,0
APP000620,Female,Yes,2,Graduate,Salaried,60265,17897,123000,120,Good,South,21,13-11-2023,0
APP003839,Female,Yes,4,Graduate,Salaried,32983,8143,125000,120,Good,North,30,26-06-2024,1
APP005986,Male,Yes,1,Graduate,Self-Employed,74007,9434,51000,48,Bad,West,37,06-12-2023,0
APP003225,Male,No,4,Graduate,Salaried,47921,11525,133000,24,Good,East,38,03-06-2024,0
APP005645,Female,Yes,0,Graduate,Self-Employed,83145,23463,131000,48,Good,North,44,14-05-2023,0
APP005321,Male,Yes,1,Graduate,Self-Employed,33892,11603,88000,120,Good,West,57,02-12-2024,0
APP002873,Female,No,1,Graduate,Salaried,57995,3297,45000,360,Good,East,30,20-01-2023,0
APP003366,Female,Yes,0,Graduate,Self-Employed,92913,15391,47000,48,No History,West,23,02-03-2024,0
APP004780,Male,Yes,2,Not Graduate,Self-Employed,27976,4842,74000,240,Bad,South,49,18-07-2023,1
APP005061,Female,Yes,1,Graduate,Self-Employed,54131,14397,103000,12,Good,North,40,24-09-2024,0
APP001933,Male,Yes,4,Graduate,Salaried,32992,7934,83000,84,Good,South,23,10-11-2024,0
APP003160,Male,No,2,Not Graduate,Salaried,87814,28624,76000,120,Good,West,30,19-07-2024,0
APP003346,Female,Yes,2,Not Graduate,Self-Employed,91574,22416,59000,360,Good,West,41,22-03-2024,0
APP003382,Male,No,2,Not Graduate,Self-Employed,24393,924,59000,48,No History,West,22,04-04-2023,0
APP002509,Female,Yes,1,Not Graduate,Self-Employed,71576,15257,93000,360,Good,North,40,09-12-2023,0
APP005614,Male,No,0,Not Graduate,Self-Employed,33848,10981,48000,24,Good,North,41,25-10-2023,0
APP004849,Female,No,2,Not Graduate,Salaried,109814,33403,132000,180,Good,South,43,19-09-2023,1
APP005253,Female,Yes,1,Graduate,Salaried,25435,7109,20000,120,Good,East,21,01-04-2024,0
APP005573,Female,Yes,1,Graduate,Self-Employed,55899,3716,110000,36,Good,South,35,02-02-2023,0
APP000718,Female,Yes,0,Graduate,Self-Employed,22611,501,114000,240,No History,North,38,10-05-2023,0
APP005538,Female,Yes,0,Not Graduate,Self-Employed,64724,6881,157000,120,Good,North,41,14-10-2023,0
APP002408,Male,Yes,2,Not Graduate,Salaried,103176,22148,98000,60,Good,East,21,13-09-2024,0
APP004453,Female,Yes,1,Graduate,Salaried,44616,9833,207000,84,Good,North,51,13-10-2024,0
APP004907,Female,Yes,0,Not Graduate,Self-Employed,35028,11599,58000,120,Good,West,21,17-08-2023,0
APP000528,Male,No,0,Graduate,Self-Employed,149108,36809,127000,60,Good,North,41,24-11-2023,0
APP002054,Female,No,3,Graduate,Salaried,38884,12447,198000,180,Good,West,43,03-02-2023,1
APP001658,Male,Yes,1,Graduate,Salaried,74253,10316,71000,12,No History,North,36,24-10-2024,0
APP002319,Male,Yes,0,Graduate,Salaried,83474,21210,69000,24,Good,West,21,06-10-2024,0
APP001948,Male,No,0,Not Graduate,Self-Employed,36229,5095,105000,84,Good,North,62,09-09-2024,0
APP004568,Male,No,0,Graduate,Salaried,27319,8250,47000,180,No History,North,28,17-02-2023,0
APP004740,Female,Yes,4,Not Graduate,Salaried,116646,925,81000,120,Good,East,30,08-12-2024,0
APP005134,Male,Yes,3,Graduate,Salaried,48225,12794,160000,24,Good,North,34,08-10-2023,0
APP003132,Female,Yes,2,Graduate,Self-Employed,34423,4107,133000,60,Good,North,45,22-02-2023,0
APP000525,Female,No,1,Graduate,Self-Employed,39071,8780,240000,240,Good,West,38,09-11-2024,0
APP003378,Male,Yes,0,Graduate,Self-Employed,61582,14846,101000,84,Good,West,32,19-05-2024,0
APP000911,Female,No,2,Graduate,Salaried,11595.68039,3565,148000,240,Good,North,50,15-05-2023,0
APP002542,Female,Yes,0,Graduate,Salaried,43296,6552,100000,60,Good,East,33,02-02-2023,0
APP003616,Male,Yes,2,Graduate,Salaried,58328,9626,93000,48,No History,South,50,26-10-2024,0
APP000504,Female,Yes,1,Graduate,Self-Employed,152898,5702,167000,360,Bad,North,43,12-05-2023,0
APP000559,Female,No,1,Not Graduate,Salaried,116489,8517,33000,36,Good,East,42,08-10-2023,0
APP000125,Male,Yes,2,Not Graduate,Salaried,79135,25676,99000,36,Good,East,35,08-06-2024,0
APP001471,Male,Yes,1,Graduate,Salaried,172914,42182,147000,120,Good,South,26,23-09-2023,0
APP004689,Male,Yes,1,Graduate,Salaried,57566,10415,271000,48,Good,South,44,07-10-2023,0
APP001285,Male,No,0,Graduate,Self-Employed,162464,25924,77000,60,Good,West,23,01-04-2023,0
APP003363,Female,No,0,Graduate,Self-Employed,50163,6102,130000,180,Good,South,45,05-01-2023,0
APP001095,Male,No,0,Graduate,Self-Employed,46168,12980,204000,120,Bad,North,38,18-09-2024,1
APP004396,Female,Yes,0,Graduate,Self-Employed,31322,5807,51000,60,Good,West,42,24-02-2024,0
APP001775,Female,Yes,1,Not Graduate,Self-Employed,98491,25462,75000,12,Good,North,43,05-11-2024,0
APP001213,Male,Yes,0,Graduate,Salaried,64285,21535,51000,60,Good,East,54,12-09-2023,0
APP001184,Female,Yes,1,Not Graduate,Salaried,29988,3220,45000,120,Good,North,43,05-09-2024,1
APP000225,Male,No,3,Graduate,Salaried,44019,1591,88000,240,Good,East,31,26-09-2024,0
APP003154,Male,No,2,Graduate,Self-Employed,63665,15291,104000,12,Good,East,38,16-06-2024,0
APP001952,Male,Yes,0,Not Graduate,Self-Employed,47662,12173,144000,24,Good,West,36,06-07-2023,0
APP001041,Male,Yes,3,Graduate,Self-Employed,71946,18808,54000,180,Good,North,43,24-11-2023,1
APP000429,Male,Yes,4,Graduate,Self-Employed,56963,9392,174000,360,Good,North,50,24-05-2024,0
APP005955,Male,No,2,Graduate,Salaried,48644,6262,72000,36,Good,East,41,26-03-2024,0
APP001372,Male,No,3,Graduate,Self-Employed,59424,4033,162000,84,Good,East,46,20-06-2024,0
APP003828,Male,No,0,Graduate,Salaried,92935,6620,82000,60,Bad,East,51,29-01-2023,1
APP000685,Female,No,1,Graduate,Self-Employed,39722,9628,58000,120,Good,West,38,22-10-2023,0
APP000828,Male,Yes,1,Not Graduate,Self-Employed,75080,8406,156000,48,Good,East,47,23-02-2023,0
APP000633,Male,Yes,1,Graduate,Salaried,44151,12924,73000,36,Bad,West,57,17-12-2024,1
APP001242,Female,Yes,1,Not Graduate,Salaried,14995,4939,84000,180,Bad,East,28,02-06-2024,1
APP002526,Male,No,0,Graduate,Salaried,70044,10771,58000,84,Good,West,21,10-02-2024,0
APP001672,Female,Yes,0,Not Graduate,Salaried,64689,1149,109000,48,Good,East,53,11-12-2024,0
APP001461,Male,Yes,1,Graduate,Salaried,33841,8759,63000,48,Good,North,40,18-11-2024,0
APP001398,Male,Yes,3,Graduate,Self-Employed,22020,1307,67000,24,Good,North,48,12-12-2024,0
APP001278,Female,No,0,Graduate,Self-Employed,30934,8575,114000,60,Good,South,44,18-11-2023,0
APP003167,Female,Yes,2,Graduate,Self-Employed,23457,1897,86000,36,Good,West,58,28-06-2023,0
APP000746,Female,No,2,Graduate,Salaried,48644,4387,101000,60,Good,North,41,02-06-2023,0
APP001749,Female,No,1,Graduate,Salaried,71773,18664,59000,84,Good,North,37,06-04-2023,0
APP000168,Male,Yes,2,Not Graduate,Self-Employed,68329,6054,60000,60,Good,South,26,14-06-2023,0
APP004996,Female,No,3,Not Graduate,Self-Employed,23010,6896,146000,84,Bad,West,21,20-09-2024,0
APP000142,Male,No,0,Graduate,Salaried,55719,8885,177000,48,Bad,South,43,02-08-2024,0
APP000805,Male,Yes,0,Graduate,Salaried,27430,5033,68000,48,Good,West,42,13-03-2024,0
APP002009,Male,Yes,0,Graduate,Self-Employed,19133,1464,46000,48,Good,East,33,28-10-2024,0
APP004316,Male,Yes,3,Not Graduate,Salaried,47407,14844,55000,120,Good,South,33,07-07-2024,0
APP003703,Male,No,0,Graduate,Salaried,41836,7380,70000,12,Good,North,40,19-12-2023,0
APP004679,Female,Yes,3,Not Graduate,Salaried,48088,14906,260000,48,Good,East,26,10-08-2023,1
APP002249,Female,Yes,3,Graduate,Self-Employed,23778,5009,28000,12,Good,South,51,31-10-2024,0
APP000455,Male,Yes,3,Not Graduate,Self-Employed,40018,8210,89000,60,Good,East,36,24-07-2024,0
APP005458,Male,Yes,0,Graduate,Salaried,157038,44615,176000,240,No History,North,36,23-10-2024,0
APP002818,Male,Yes,0,Graduate,Salaried,123483,40245,265000,36,Good,North,48,10-04-2024,0
APP004797,Male,Yes,0,Not Graduate,Salaried,48644,11483,103000,60,Good,South,42,11-02-2024,0
APP003284,Female,Yes,2,Graduate,Self-Employed,102711,19099,64000,84,Good,West,39,13-12-2024,0
APP000441,Male,Yes,0,Graduate,Self-Employed,39025,4263,43000,120,Good,East,43,08-07-2024,0
APP004737,Male,No,0,Not Graduate,Salaried,33636,8009,78000,240,Good,East,38,22-04-2023,0
APP005980,Male,Yes,2,Graduate,Salaried,156969,13389,205000,180,Good,North,29,03-07-2023,0
APP001828,Female,Yes,0,Not Graduate,Self-Employed,105991,29311,90000,360,Good,West,34,01-08-2023,0
APP003206,Female,Yes,0,Graduate,Self-Employed,185411,61002,68000,180,Good,West,39,21-08-2023,0
APP003272,Male,Yes,4,Graduate,Self-Employed,72628,7040,168000,84,No History,North,39,12-10-2023,0
APP005087,Female,Yes,1,Graduate,Salaried,26926,2898,72000,84,Good,North,57,17-03-2023,0
APP000985,Female,Yes,3,Graduate,Self-Employed,62804,19615,218000,36,Good,South,53,17-01-2024,0
APP003682,Male,Yes,3,Graduate,Salaried,56581,6424,109000,120,Good,East,51,17-12-2023,0
APP001746,Male,Yes,4,Graduate,Salaried,29710,6013,46000,84,No History,East,48,10-02-2023,0
APP004340,Male,Yes,1,Graduate,Self-Employed,36815,12178,171000,36,Bad,South,28,23-12-2024,1
APP003397,Female,Yes,1,Not Graduate,Salaried,44348,15027,68000,60,Good,South,46,30-12-2024,0
APP004547,Male,No,0,Graduate,Salaried,38006,471,76000,12,Good,North,31,08-07-2023,0
APP003960,Male,Yes,0,Graduate,Salaried,54773,7428,208000,240,Good,South,44,19-05-2024,0
APP001843,Male,No,3,Graduate,Salaried,53494,14803,216000,48,Good,East,21,22-03-2023,0
APP002999,Male,Yes,0,Not Graduate,Salaried,114520,37032,42000,24,Good,East,35,04-08-2024,0
APP004003,Female,No,3,Graduate,Salaried,20678,5933,67000,48,Good,East,39,22-09-2024,0
APP004462,Male,Yes,3,Not Graduate,Salaried,59313,10115,44000,120,Bad,North,43,18-10-2024,0
APP000377,Female,Yes,4,Graduate,Self-Employed,27159,6203,106000,84,Good,West,32,22-01-2024,0
APP005692,Male,Yes,0,Graduate,Self-Employed,48664,7449,125000,60,Good,South,44,12-03-2023,0
APP000206,Male,Yes,3,Graduate,Self-Employed,96422,5184,90000,120,Good,East,29,03-11-2024,0
APP002212,Female,Yes,1,Graduate,Salaried,83131,25486,80000,360,Good,North,52,10-07-2024,0
APP002195,Male,Yes,1,Graduate,Salaried,49593,14574,284000,60,Good,South,40,15-05-2024,0
APP001377,Male,No,0,Graduate,Salaried,65763,13251,163000,36,Good,South,39,10-10-2023,0
APP003416,Male,No,4,Graduate,Salaried,122462,33704,99000,120,Good,West,38,12-03-2024,0
APP003263,Male,Yes,2,Graduate,Salaried,33220,4848,79000,180,Good,East,46,25-07-2024,0
APP004259,Male,No,2,Not Graduate,Self-Employed,118254,34849,65000,84,Good,North,40,24-01-2023,0
APP004364,Male,No,1,Graduate,Salaried,53398,15763,94000,60,Good,South,38,16-12-2023,0
APP002938,Female,Yes,0,Graduate,Self-Employed,47921,12,106000,120,Good,West,21,03-03-2024,0
APP002418,Male,Yes,0,Not Graduate,Self-Employed,32671,2000,43000,84,Good,East,32,24-11-2024,0
APP000419,Female,No,1,Graduate,Salaried,171391,41032,99000,120,Good,West,46,24-11-2023,0
APP000284,Male,Yes,4,Graduate,Self-Employed,36995,2003,98000,240,Good,West,32,27-05-2024,0
APP000872,Male,No,3,Not Graduate,Salaried,83590,25679,46000,180,Good,North,47,18-12-2024,0
APP002146,Female,Yes,1,Graduate,Self-Employed,32748,11037,184000,60,Bad,East,44,10-09-2024,0
APP003553,Female,No,0,Graduate,Self-Employed,28219,5417,74000,360,Bad,West,35,28-09-2023,0
APP000355,Male,No,2,Graduate,Salaried,48564,14436,46000,84,Good,East,37,06-11-2024,0
APP003848,Male,Yes,0,Not Graduate,Salaried,62134,9340,58000,84,Good,East,49,17-08-2023,0
APP004152,Male,Yes,2,Graduate,Salaried,39624,11360,85000,84,Good,East,39,28-07-2024,0
APP005292,Male,Yes,3,Graduate,Salaried,50799,12428,172000,12,Good,East,32,22-07-2024,0
APP002802,Female,Yes,3,Graduate,Salaried,38478,661,78000,120,Good,West,38,22-07-2024,0
APP003562,Female,No,2,Graduate,Salaried,163526,33893,65000,84,Good,North,48,13-01-2024,0
APP004980,Male,No,3,Not Graduate,Self-Employed,71174,7178,328000,240,Good,North,41,10-11-2024,1
APP003438,Female,No,0,Graduate,Self-Employed,46052,15954,73000,36,Good,West,32,20-04-2024,0
APP003583,Male,Yes,4,Graduate,Salaried,78839,4702,148000,60,Good,East,33,25-10-2024,0
APP001597,Male,No,1,Not Graduate,Salaried,105411,12884,92000,84,Good,North,35,20-05-2023,0
APP005433,Female,No,3,Not Graduate,Salaried,12554,3951,105000,12,Good,East,31,25-01-2024,0
APP001470,Female,Yes,2,Graduate,Self-Employed,26811,8737,48000,12,Good,South,35,30-04-2023,0
APP005825,Male,Yes,2,Graduate,Salaried,56995,6202,199000,120,Good,East,38,21-12-2023,0
APP001602,Male,No,0,Not Graduate,Self-Employed,41826,3625,85000,60,Good,North,36,02-08-2023,0
APP005641,Male,No,1,Graduate,Salaried,58796,6251,70000,36,Good,North,39,19-10-2024,0
APP002448,Male,No,4,Not Graduate,Self-Employed,48644,3289,88000,120,Good,North,46,20-03-2023,0
APP000459,Male,Yes,2,Not Graduate,Self-Employed,34563,4609,102000,12,Good,South,46,04-08-2023,0
APP002024,Male,Yes,1,Graduate,Self-Employed,13204,4020,132000,48,Good,North,61,05-12-2024,0
APP004994,Female,Yes,1,Graduate,Salaried,41575,2795,228000,180,Good,East,30,22-03-2024,0
APP001639,Female,Yes,1,Graduate,Salaried,42514,3434,190000,12,No History,West,29,05-12-2023,0
APP002905,Male,No,3,Graduate,Self-Employed,26804,281,96000,12,Good,South,33,09-12-2024,0
APP002949,Male,Yes,3,Graduate,Salaried,65712,11924,74000,12,Bad,West,48,04-10-2023,1
APP005643,Male,Yes,0,Graduate,Self-Employed,53044,3704,62000,120,Good,West,33,29-08-2023,0
APP000376,Male,Yes,1,Not Graduate,Salaried,50279,10293,87000,180,Good,North,27,13-01-2024,0
APP004484,Male,No,2,Graduate,Self-Employed,94962,25500,289000,48,No History,North,39,18-02-2023,0
APP000884,Male,Yes,4,Graduate,Self-Employed,12035,1732,245000,84,Good,North,43,12-01-2024,0
APP005533,Female,No,3,Not Graduate,Salaried,48644,12603,75000,48,Good,East,32,04-11-2024,0
APP000692,Male,Yes,1,Graduate,Salaried,46626,2700,160000,24,Bad,North,27,05-09-2024,0
APP004161,Male,No,0,Graduate,Salaried,29299,3166,99000,48,Good,South,49,10-12-2023,0
APP004176,Female,Yes,2,Not Graduate,Salaried,21042,5102,104000,120,Good,South,35,27-04-2024,0
APP003767,Female,No,2,Graduate,Self-Employed,18418,5587,56000,60,Good,North,53,06-05-2024,0
APP000318,Male,Yes,2,Graduate,Self-Employed,44237,7376,143000,12,Bad,North,31,09-06-2023,0
APP002780,Male,Yes,0,Graduate,Self-Employed,183994,26568,137000,240,No History,South,45,25-02-2024,0
APP004311,Male,Yes,4,Graduate,Self-Employed,61195,11,105000,48,Good,East,39,21-02-2023,1
APP001903,Female,No,2,Graduate,Salaried,32267,1088,156000,36,No History,South,39,28-10-2023,0
APP003916,Male,Yes,0,Graduate,Self-Employed,43421,13154,44000,60,No History,North,44,13-06-2023,0
APP000509,Female,Yes,1,Graduate,Self-Employed,46347,8282,69000,84,Good,East,36,15-11-2024,0
APP005933,Male,No,0,Graduate,Self-Employed,71161,22375,64000,60,Good,North,45,30-01-2023,0
APP005215,Male,No,3,Graduate,Salaried,13512,210,121000,180,Good,South,38,19-07-2024,0
APP002595,Male,Yes,0,Not Graduate,Salaried,93717,10917,43000,360,No History,South,41,23-11-2023,0
APP005866,Male,No,1,Not Graduate,Self-Employed,79733,6165,108000,240,Good,South,37,01-04-2023,0
APP003899,Male,No,0,Graduate,Self-Employed,23617,6190,83000,36,Good,West,43,20-11-2024,0
APP002828,Male,No,1,Graduate,Self-Employed,43587,8888,74000,360,Good,North,21,15-03-2023,0
APP004611,Male,Yes,2,Not Graduate,Self-Employed,105685,27748,45000,60,Good,North,46,21-10-2024,0
APP005732,Male,Yes,1,Graduate,Salaried,30788,2885,76000,120,Good,South,39,13-09-2024,0
APP000755,Male,Yes,2,Graduate,Salaried,52775,6350,131000,60,Good,South,32,15-12-2023,0
APP005287,Female,No,0,Not Graduate,Self-Employed,33086,3743,99000,84,Good,West,32,04-12-2024,0
APP005059,Male,Yes,1,Graduate,Self-Employed,77070,15442,49000,60,Good,West,21,27-04-2023,0
APP000126,Male,No,1,Graduate,Salaried,82607,17124,86000,60,No History,South,30,02-05-2024,0
APP005050,Male,Yes,1,Graduate,Self-Employed,88372,27879,73000,360,Good,North,49,15-06-2024,0
APP002175,Male,No,1,Graduate,Salaried,25842,3172,98000,120,Good,West,36,11-05-2024,0
APP003198,Female,No,2,Graduate,Salaried,21665,3013,87000,60,Good,East,38,03-03-2023,0
APP001600,Female,Yes,2,Graduate,Salaried,23225,3990,331000,180,Good,West,42,18-10-2023,0
APP001503,Male,Yes,0,Not Graduate,Self-Employed,43392,11524,78000,360,Good,West,43,26-07-2024,0
APP004700,Female,Yes,1,Graduate,Salaried,31053,1399,57000,84,Bad,East,29,08-02-2023,1
APP003470,Male,Yes,2,Not Graduate,Salaried,96786,23818,105000,36,No History,North,22,19-12-2024,1
APP002015,Male,Yes,2,Graduate,Salaried,28997,8770,41000,36,Good,North,27,08-12-2024,0
APP003910,Male,Yes,0,Graduate,Self-Employed,32089,10,70000,24,Bad,West,42,11-01-2023,0
APP003372,Female,No,3,Graduate,Self-Employed,17480,979,251000,180,No History,South,21,15-03-2024,0
APP003640,Male,Yes,0,Not Graduate,Salaried,29624,2154,63000,60,Good,West,44,07-05-2023,0
APP004248,Male,No,0,Graduate,Salaried,43356,5445,105000,36,Good,South,44,12-07-2024,0
APP003763,Male,Yes,0,Graduate,Self-Employed,28477,6315,236000,84,Good,West,38,09-03-2023,0
APP001417,Male,Yes,3,Graduate,Salaried,21749,6222,72000,48,No History,North,38,29-12-2023,0
APP003210,Female,Yes,4,Not Graduate,Salaried,57435,2099,151000,24,Bad,South,36,07-09-2024,1
APP003547,Male,Yes,0,Graduate,Self-Employed,30474,8247,62000,84,Good,North,33,08-07-2023,0
APP002556,Female,Yes,0,Graduate,Salaried,87204,30025,214000,24,Good,North,46,20-10-2024,0
APP004461,Male,No,0,Not Graduate,Salaried,68867,9141,106000,60,Good,West,49,08-01-2024,0
APP002293,Male,No,4,Graduate,Salaried,91634,13098,53000,24,Good,West,56,29-10-2024,0
APP001169,Male,Yes,1,Graduate,Self-Employed,47164,4868,90000,36,Good,East,34,14-12-2023,1
APP001416,Female,Yes,0,Not Graduate,Self-Employed,39955,6861,122000,48,Good,North,70,19-08-2023,0
APP004180,Male,No,1,Not Graduate,Salaried,31220,2838,114000,24,Good,South,29,12-05-2023,0
APP005522,Male,Yes,0,Graduate,Self-Employed,32124,8214,109000,180,Good,South,33,08-05-2024,0
APP000301,Male,No,4,Graduate,Salaried,73281,1390,57000,240,Good,East,36,22-03-2023,0
APP002927,Female,No,2,Not Graduate,Self-Employed,74450,5243,35000,24,Good,West,49,25-06-2023,0
APP003577,Male,No,1,Graduate,Salaried,34453,4064,108000,84,Good,North,32,01-03-2024,0
APP002789,Female,Yes,2,Graduate,Salaried,84286,19300,90000,84,Good,West,47,29-04-2023,0
APP005757,Female,Yes,2,Not Graduate,Self-Employed,28505,5011,99000,84,Good,East,44,08-05-2024,0
APP005735,Female,Yes,2,Not Graduate,Self-Employed,31237,4572,122000,48,Good,South,37,28-11-2023,0
APP003985,Male,Yes,0,Graduate,Salaried,69869,8623,88000,48,Good,West,46,06-04-2024,0
APP003788,Male,No,3,Not Graduate,Self-Employed,91205,28068,75000,84,Good,North,33,04-12-2024,0
APP005662,Male,No,0,Graduate,Salaried,40231,11345,33000,120,Good,East,37,21-08-2023,0
APP003900,Female,Yes,3,Graduate,Self-Employed,41827,9200,206000,36,Good,East,48,10-01-2024,0
APP000863,Male,Yes,0,Graduate,Salaried,91009,77,199000,240,Good,East,50,18-07-2024,0
APP004450,Female,Yes,1,Graduate,Salaried,39590,11354,65000,24,Good,East,39,18-02-2024,0
APP001141,Female,Yes,1,Graduate,Salaried,59767,12952,86000,48,Good,South,45,10-02-2023,0
APP004835,Male,Yes,1,Graduate,Salaried,28494,4759,63000,120,Good,North,51,08-07-2023,0
APP000936,Male,Yes,0,Not Graduate,Self-Employed,72702,19724,156000,60,Bad,North,22,16-10-2024,1
APP002359,Male,No,0,Not Graduate,Self-Employed,48644,398,176000,60,Good,East,43,16-03-2024,0
APP003724,Male,Yes,3,Graduate,Salaried,73327,22760,73000,360,Good,South,21,01-01-2023,1
APP002746,Female,Yes,0,Graduate,Self-Employed,54583,537,168000,84,No History,West,25,11-07-2023,0
APP000042,Male,Yes,0,Graduate,Self-Employed,49546,6142,343000,84,Good,South,38,17-12-2023,0
APP001934,Female,Yes,1,Graduate,Self-Employed,29489,187,53000,84,Good,North,40,20-11-2024,0
APP005241,Female,No,0,Not Graduate,Salaried,78034,595,39000,84,Good,East,30,01-03-2024,0
APP005020,Female,No,1,Graduate,Salaried,53044,16892,51000,60,Good,North,38,03-09-2023,0
APP002379,Male,No,1,Not Graduate,Self-Employed,28606,2093,194000,240,No History,North,32,24-06-2024,0
APP002910,Male,No,3,Graduate,Salaried,51491,12680,127000,240,Good,West,36,19-03-2023,0
APP005651,Female,No,2,Graduate,Salaried,29525,249,100000,120,Good,South,33,24-08-2023,0
APP000929,Female,Yes,0,Not Graduate,Salaried,47566,9037,110000,48,No History,West,43,18-03-2024,1
APP001914,Male,No,0,Graduate,Self-Employed,131816,41907,141000,12,Good,North,21,20-07-2024,0
APP000282,Male,Yes,0,Graduate,Salaried,43014,10614,32000,84,Good,North,46,22-10-2024,0
APP004374,Male,Yes,1,Graduate,Self-Employed,40589,13619,234000,48,Bad,East,44,20-08-2023,0
APP001850,Female,Yes,2,Not Graduate,Salaried,56093,12994,137000,48,Good,North,46,31-03-2024,0
APP002785,Female,Yes,1,Graduate,Self-Employed,130692,13695,112000,360,Good,North,36,24-11-2024,0
APP003530,Male,No,0,Graduate,Salaried,126134,33137,104000,84,Good,South,38,25-04-2023,0
APP001579,Female,No,0,Graduate,Salaried,44276,6892,44000,60,No History,North,46,25-03-2024,0
APP000340,Male,Yes,0,Not Graduate,Self-Employed,43442,7924,172000,48,Good,North,35,25-09-2023,1
APP002510,Female,Yes,1,Graduate,Self-Employed,38408,5043,167000,12,Good,East,36,22-08-2024,0
APP000898,Female,No,2,Not Graduate,Salaried,59979,5981,99000,360,Good,West,23,10-05-2024,0
APP003875,Male,Yes,0,Graduate,Self-Employed,22432,3700,34000,36,Good,East,37,05-12-2024,0
APP000179,Female,No,0,Not Graduate,Salaried,36863,265,99000,120,Bad,South,40,17-12-2024,0
APP004620,Female,Yes,2,Graduate,Salaried,63829,15456,75000,120,Good,North,21,20-03-2024,0
APP004633,Female,Yes,0,Graduate,Salaried,90310,11322,86000,48,Good,North,31,14-03-2023,0
APP001068,Male,No,0,Graduate,Self-Employed,34298,929,145000,360,Good,North,21,06-07-2023,0
APP000803,Male,No,4,Not Graduate,Salaried,44881,40,116000,36,Good,West,38,07-02-2023,0
APP001919,Male,Yes,0,Graduate,Salaried,56471,1446,104000,48,Good,North,38,27-02-2023,0
APP005018,Male,Yes,0,Graduate,Self-Employed,92392,1565,99000,12,Good,East,37,09-08-2023,0
APP003314,Male,Yes,0,Graduate,Self-Employed,75659,2851,30000,120,Good,South,53,04-08-2024,0
APP000207,Male,Yes,0,Graduate,Self-Employed,84160,1824,56000,36,Good,South,48,07-07-2023,0
APP000452,Male,No,1,Graduate,Salaried,60002,8535,61000,24,Good,East,33,10-11-2023,0
APP004110,Male,Yes,1,Not Graduate,Salaried,72822,23496,65000,180,Good,West,44,29-08-2024,0
APP000070,Female,Yes,4,Graduate,Salaried,47498,6624,40000,48,Good,North,33,24-02-2023,0
APP004018,Female,No,2,Graduate,Salaried,41327,6096,140000,48,Good,East,33,15-08-2024,0
APP005081,Male,Yes,4,Not Graduate,Self-Employed,48644,4688,105000,12,Good,West,48,08-07-2024,1
APP003488,Male,Yes,2,Not Graduate,Self-Employed,23553,1347,68000,60,Good,North,27,05-03-2023,0
APP005130,Female,Yes,0,Graduate,Salaried,63573,3757,213000,36,Good,North,23,19-10-2024,0
APP005727,Male,Yes,2,Graduate,Salaried,38698,1775,149000,120,Bad,East,32,15-01-2023,0
APP004795,Male,No,0,Graduate,Salaried,25491,2883,83000,12,Good,West,32,10-10-2024,0
APP004694,Male,Yes,1,Graduate,Self-Employed,49648,6218,65000,84,Good,North,33,18-08-2023,0
APP002167,Female,Yes,1,Graduate,Salaried,47920,12417,80000,180,Good,East,49,18-05-2024,0
APP001598,Male,No,2,Not Graduate,Salaried,52110,11887,38000,60,Good,North,44,20-01-2023,0
APP000859,Male,Yes,1,Not Graduate,Salaried,36162,10843,159000,60,Good,North,35,30-08-2023,0
APP004459,Male,Yes,0,Graduate,Salaried,29238,2574,61000,48,Bad,East,38,12-04-2023,0
APP002972,Male,No,0,Graduate,Salaried,84712,8726,49000,180,Good,South,37,13-05-2023,0
APP005809,Female,No,0,Graduate,Salaried,22775,2891,64000,240,Good,North,47,16-07-2024,1
APP000297,Female,No,2,Not Graduate,Self-Employed,99553,362,106000,360,Good,North,29,04-03-2023,0
APP004179,Male,Yes,0,Not Graduate,Self-Employed,30218,5868,103000,60,Good,West,32,05-06-2024,0
APP004203,Male,Yes,1,Not Graduate,Salaried,69202,19028,113000,36,Good,South,46,28-12-2023,1
APP001359,Male,Yes,2,Not Graduate,Salaried,73862,11656,74000,84,Good,West,39,05-03-2023,0
APP004085,Male,Yes,0,Not Graduate,Self-Employed,42294,7792,140000,36,Good,East,38,28-07-2024,0
APP002169,Female,Yes,1,Graduate,Self-Employed,82516,12043,182000,24,Good,West,28,05-03-2024,0
APP001001,Male,Yes,2,Not Graduate,Salaried,86040,1200,93000,120,No History,West,35,24-01-2024,1
APP002864,Female,Yes,0,Not Graduate,Self-Employed,34083,1366,140000,60,Good,North,61,09-12-2023,1
APP005275,Male,No,0,Graduate,Self-Employed,85004,5013,89000,36,Good,North,21,27-03-2024,0
APP005937,Female,Yes,0,Graduate,Salaried,50827,16353,369000,48,Bad,East,48,09-05-2023,0
APP005954,Female,Yes,1,Graduate,Salaried,30711,9808,83000,240,Good,North,42,25-06-2024,0
APP004767,Female,Yes,0,Graduate,Salaried,50830,2524,151000,24,Good,West,43,20-09-2024,0
APP004154,Male,No,1,Graduate,Salaried,62065,21094,186000,24,Good,North,32,05-12-2024,0
APP002544,Female,No,2,Not Graduate,Salaried,33284,6898,35000,360,Good,South,46,12-06-2023,0
APP002874,Male,No,3,Graduate,Self-Employed,32788,10768,161000,60,Good,West,25,28-07-2023,0
APP002091,Female,Yes,1,Graduate,Salaried,30414,7644,86000,60,Good,West,36,19-01-2023,0
APP001605,Male,Yes,0,Graduate,Salaried,71682,16049,40000,60,Good,North,54,18-10-2024,0
APP005728,Male,Yes,0,Graduate,Salaried,123339,5758,359000,84,Good,West,22,09-02-2024,0
APP001256,Male,Yes,0,Graduate,Salaried,50137,15965,124000,240,Good,West,47,03-07-2024,0
APP004008,Male,No,0,Graduate,Salaried,21692,3669,172000,12,Bad,East,21,18-06-2023,0
APP003867,Male,No,0,Not Graduate,Self-Employed,27237,6875,55000,60,Good,North,39,05-12-2024,0
APP002321,Female,No,2,Not Graduate,Self-Employed,87337,21193,122000,180,Good,West,37,25-04-2024,0
APP003558,Male,Yes,4,Graduate,Salaried,17181,2172,128000,48,Good,North,29,15-02-2024,0
APP003764,Male,Yes,3,Not Graduate,Salaried,73698,22823,86000,12,Good,North,55,21-05-2023,1
APP004379,Male,Yes,3,Graduate,Self-Employed,135464,15386,71000,180,Good,South,38,12-04-2024,0
APP004201,Female,Yes,0,Not Graduate,Salaried,49627,3316,99000,48,Good,West,40,31-03-2024,0
APP003010,Male,Yes,4,Not Graduate,Salaried,45374,5795,139000,84,Good,West,36,07-04-2024,0
APP002666,Male,No,1,Graduate,Self-Employed,53014,18524,30000,120,Good,North,52,24-02-2023,0
APP001813,Male,No,0,Not Graduate,Self-Employed,51295,8787,75000,84,Good,East,34,05-03-2024,0
APP003791,Male,Yes,3,Not Graduate,Self-Employed,37338,10568,31000,84,Good,East,21,25-10-2024,0
APP005613,Female,Yes,1,Graduate,Salaried,68843,8944,109000,120,Good,South,25,02-07-2024,0
APP003214,Female,No,2,Graduate,Self-Employed,29209,9158,168000,48,Good,North,32,18-05-2024,0
APP003315,Male,No,2,Graduate,Salaried,34680,4934,219000,36,Good,West,45,11-04-2024,0
APP003295,Female,Yes,2,Graduate,Salaried,26159,6945,372000,360,Good,West,49,24-04-2024,0
APP004627,Male,Yes,0,Graduate,Salaried,39447,12564,276000,360,Good,East,36,17-09-2023,0
APP003653,Female,No,0,Graduate,Salaried,52464,13260,111000,36,Good,West,25,14-12-2023,0
APP003555,Male,No,2,Graduate,Salaried,53285,18374,122000,60,Good,East,44,12-07-2024,0
APP000837,Female,Yes,3,Graduate,Salaried,56966,11203,69000,60,Bad,East,44,19-10-2024,0
APP001771,Male,Yes,3,Not Graduate,Salaried,62394,18231,115000,360,Good,West,21,27-11-2024,0
APP001380,Female,No,2,Graduate,Salaried,24443,1885,97000,48,No History,East,38,20-12-2024,0
APP000546,Male,Yes,0,Graduate,Self-Employed,24477,4845,60000,120,Bad,West,48,20-07-2023,0
APP000516,Male,Yes,0,Graduate,Self-Employed,20799,2354,347000,84,Good,West,28,14-12-2024,0
APP002410,Male,Yes,2,Not Graduate,Salaried,60936,18965,28000,84,No History,East,23,11-07-2023,0
APP003561,Male,Yes,0,Graduate,Self-Employed,76322,478,243000,120,Good,South,21,25-09-2023,0
APP004328,Female,No,3,Graduate,Self-Employed,92357,23067,154000,60,Good,South,31,02-07-2024,0
APP003480,Male,Yes,0,Graduate,Salaried,69762,13379,207000,180,Good,East,27,09-07-2024,0
APP003398,Male,Yes,1,Not Graduate,Salaried,57220,18739,41000,84,Good,North,47,10-04-2024,0
APP001286,Male,Yes,0,Graduate,Self-Employed,54551,13842,92000,60,Good,East,32,13-03-2024,0
APP005526,Male,No,0,Graduate,Salaried,42437,7093,72000,24,Good,East,33,04-06-2024,0
APP001980,Female,Yes,0,Graduate,Self-Employed,107562,5844,61000,84,Good,South,32,28-01-2024,0
APP004155,Male,Yes,3,Graduate,Self-Employed,59060,19479,104000,120,No History,East,40,03-01-2024,0
APP004212,Female,Yes,1,Graduate,Salaried,59342,13064,93000,60,Good,South,33,14-03-2023,0
APP000269,Male,Yes,2,Graduate,Self-Employed,38829,12790,146000,360,Good,South,42,03-02-2023,0
APP003324,Female,No,2,Not Graduate,Salaried,63357,12820,106000,180,Good,East,57,08-04-2024,1
APP000018,Male,No,2,Graduate,Self-Employed,51730,18039,79000,120,Good,North,24,05-11-2024,0
APP002622,Female,Yes,0,Graduate,Self-Employed,93749,20460,96000,48,Good,West,41,13-11-2023,0
APP001152,Female,Yes,0,Graduate,Salaried,21477,5452,44000,36,Good,East,43,20-03-2024,0
APP000779,Female,No,3,Graduate,Self-Employed,52815,7534,111000,48,Good,East,51,29-08-2023,0
APP003802,Female,No,0,Not Graduate,Salaried,104899,31190,106000,24,Good,North,41,02-11-2023,0
APP005045,Female,No,0,Not Graduate,Self-Employed,61084,1505,167000,120,Good,South,38,11-04-2023,0
APP000253,Female,Yes,0,Graduate,Salaried,66881,1198,82000,36,Good,South,37,06-06-2023,0
APP000644,Male,No,2,Graduate,Salaried,73631,22947,127000,36,Good,West,32,18-03-2024,0
APP005380,Male,No,3,Graduate,Self-Employed,136668,38755,91000,120,Bad,East,58,07-07-2023,0
APP005863,Male,Yes,0,Not Graduate,Salaried,58973,13134,28000,84,Good,West,32,27-11-2023,0
APP004224,Female,Yes,0,Graduate,Salaried,87372,25695,129000,360,Good,West,32,15-05-2024,0
APP002271,Male,Yes,2,Graduate,Salaried,72628,7153,156000,84,Good,East,28,12-10-2024,0
APP001203,Male,Yes,2,Graduate,Salaried,123056,16396,75000,24,Bad,East,48,04-08-2024,1
APP002161,Female,Yes,0,Not Graduate,Salaried,24724,267,110000,60,Bad,North,46,18-06-2023,1
APP005587,Male,No,1,Graduate,Salaried,91410,5942,74000,180,Good,South,46,24-08-2023,0
APP005230,Female,Yes,1,Graduate,Self-Employed,31845,7090,501000,120,No History,North,48,29-05-2024,1
APP001512,Female,Yes,4,Graduate,Salaried,81708,1272,107000,12,Good,East,35,30-01-2024,0
APP003231,Male,Yes,0,Graduate,Salaried,31918,1706,102000,12,Good,South,36,22-11-2024,0
APP002342,Male,No,3,Not Graduate,Salaried,93805,25542,229000,120,Good,North,44,02-09-2023,0
APP003572,Male,Yes,0,Graduate,Salaried,52911,10496,66000,24,Good,West,47,07-07-2023,0
APP003472,Female,Yes,1,Graduate,Salaried,31545,5369,58000,48,Bad,North,31,31-12-2023,1
APP005965,Male,Yes,1,Graduate,Salaried,104599,34909,101000,48,Good,South,44,29-08-2024,0
APP004828,Male,Yes,0,Graduate,Salaried,40755,11079,142000,36,Good,South,65,13-03-2024,0
APP000903,Male,Yes,0,Not Graduate,Self-Employed,31875,6078,40000,360,Good,South,42,21-02-2024,0
APP002741,Male,No,0,Graduate,Self-Employed,24833,389,96000,48,Good,East,32,10-05-2024,0
APP005527,Female,Yes,1,Not Graduate,Self-Employed,38575,8758,77000,60,Good,East,30,22-11-2024,0
APP005199,Male,Yes,1,Not Graduate,Self-Employed,33255,5794,156000,36,Good,East,32,01-12-2024,0
APP001390,Male,No,2,Not Graduate,Self-Employed,53171,14323,36000,12,Good,East,49,19-03-2023,0
APP001080,Female,Yes,0,Graduate,Self-Employed,108344,16119,226000,120,Good,North,46,06-02-2024,0
APP000848,Female,No,2,Not Graduate,Salaried,49445,1116,126000,360,No History,West,26,14-05-2024,0
APP003277,Female,No,0,Graduate,Self-Employed,41272,11978,101000,60,Good,West,21,10-07-2023,1
APP003270,Female,Yes,2,Graduate,Salaried,37160,1842,58000,60,No History,East,53,26-07-2023,0
APP003158,Male,Yes,0,Graduate,Self-Employed,42299,2410,133000,12,Good,West,21,12-06-2024,0
APP005308,Male,Yes,1,Graduate,Salaried,146111,45616,99000,120,Bad,West,24,09-11-2023,0
APP001606,Male,Yes,0,Graduate,Salaried,38382,11997,99000,84,Good,East,21,16-02-2024,0
APP003829,Female,No,1,Graduate,Salaried,39314,7168,128000,48,Good,North,39,20-03-2023,0
APP004162,Male,No,4,Not Graduate,Salaried,27126,456,99000,36,Good,North,27,19-11-2024,0
APP005799,Female,Yes,0,Graduate,Self-Employed,114395,6822,103000,240,Good,West,39,08-05-2023,0
APP000443,Male,Yes,1,Not Graduate,Salaried,66325,5793,366000,48,Good,North,40,21-04-2024,0
APP005137,Female,No,2,Graduate,Self-Employed,60405,145,77000,60,Bad,North,25,29-12-2024,0
APP002672,Male,No,0,Graduate,Salaried,44301,11794,88000,120,Bad,North,26,02-05-2023,1
APP005457,Male,Yes,3,Graduate,Self-Employed,55741,10738,71000,120,Good,West,30,22-02-2024,0
APP004465,Female,Yes,0,Graduate,Salaried,48644,34396,293000,84,Good,West,38,20-03-2024,0
APP005807,Male,No,2,Not Graduate,Self-Employed,18025,252,42000,36,Bad,West,47,15-08-2024,1
APP000908,Male,Yes,0,Graduate,Self-Employed,55680,6601,89000,360,Good,West,33,05-09-2024,0
APP005249,Male,Yes,1,Graduate,Self-Employed,38362,9352,47000,120,Good,North,26,13-08-2023,0
APP000235,Male,Yes,4,Graduate,Self-Employed,29240,4275,57000,36,No History,East,57,31-03-2023,0
APP005117,Male,Yes,2,Graduate,Salaried,31086,4540,127000,180,Good,South,37,16-08-2023,0
APP002229,Male,Yes,3,Graduate,Salaried,90597,5361,155000,48,Good,East,37,28-08-2023,0
APP005869,Female,Yes,0,Not Graduate,Salaried,94263,15047,122000,60,No History,North,35,07-04-2024,1
APP002327,Female,Yes,4,Graduate,Salaried,143517,2321,70000,240,No History,West,24,06-10-2024,0
APP003390,Female,Yes,2,Graduate,Salaried,25613,5479,137000,180,Good,North,30,25-03-2024,0
APP002474,Female,No,1,Graduate,Self-Employed,53437,3143,96000,84,Bad,North,54,14-01-2023,0
APP003637,Female,No,4,Graduate,Self-Employed,119915,31817,120000,48,Good,North,38,21-07-2024,0
APP005642,Female,Yes,2,Not Graduate,Salaried,35920,2315,123000,60,Good,South,22,01-01-2023,0
APP005566,Male,No,3,Graduate,Salaried,116544,15999,63000,60,Good,North,57,27-09-2024,0
APP005448,Female,Yes,2,Graduate,Salaried,90679,27048,190000,360,Good,North,57,28-01-2023,0
APP005733,Female,Yes,0,Graduate,Salaried,42305,7588,54000,120,Good,North,21,19-09-2024,0
APP003582,Female,Yes,3,Graduate,Self-Employed,30698,9352,75000,12,Good,East,36,10-09-2023,0
APP001636,Male,No,3,Graduate,Self-Employed,13824,1355,46000,60,Good,West,21,13-04-2023,0
APP002062,Male,Yes,1,Graduate,Salaried,35102,2688,122000,36,Good,West,59,23-03-2024,0
APP005335,Female,Yes,0,Not Graduate,Self-Employed,42109,11305,159000,240,No History,South,34,17-11-2023,0
APP000058,Male,Yes,0,Graduate,Salaried,44639,11045,92000,240,Bad,West,39,05-01-2023,1
APP002193,Female,No,0,Not Graduate,Self-Employed,16030,2014,99000,48,Good,West,64,12-10-2023,1
APP001473,Female,No,1,Graduate,Salaried,25871,7195,75000,36,Bad,North,38,04-08-2024,1
APP004706,Male,Yes,1,Not Graduate,Salaried,46180,5604,128000,84,Good,North,42,01-02-2024,0
APP003402,Male,No,0,Not Graduate,Salaried,134310,30121,91000,84,No History,South,40,01-03-2024,1
APP005232,Male,Yes,2,Graduate,Self-Employed,43089,2215,85000,60,Good,East,51,05-09-2024,0
APP005165,Male,No,1,Graduate,Salaried,38412,1566,79000,60,Good,South,25,29-08-2024,0
APP002787,Female,Yes,0,Not Graduate,Salaried,13247,4475,69000,24,Good,North,46,25-12-2024,0
APP001475,Male,No,3,Graduate,Self-Employed,39352,12218,128000,36,Good,North,54,21-11-2023,0
APP001569,Female,No,1,Not Graduate,Salaried,43396,5431,102000,84,Good,East,28,30-07-2024,0
APP000466,Male,Yes,0,Graduate,Self-Employed,40729,1929,129000,12,No History,West,38,24-10-2024,1
APP001590,Female,Yes,2,Graduate,Self-Employed,48814,327,99000,180,No History,North,40,11-11-2024,0
APP001009,Male,No,0,Graduate,Self-Employed,59047,18043,295000,60,Good,North,43,10-04-2024,0
APP003849,Female,No,0,Graduate,Salaried,53942,19,62000,36,No History,East,34,16-08-2023,0
APP001580,Male,No,1,Graduate,Salaried,95480,6808,104000,36,Good,West,38,13-04-2023,0
APP001305,Female,No,4,Graduate,Salaried,78779,324,251000,120,Good,East,21,16-05-2023,0
APP004097,Male,Yes,1,Graduate,Salaried,65122,9085,62000,180,Good,West,26,24-10-2023,0
APP005365,Male,No,1,Graduate,Self-Employed,70985,14503,72000,240,Good,East,47,22-11-2023,0
APP000347,Female,No,1,Graduate,Salaried,58920,17671,88000,360,Good,South,49,14-06-2023,0
APP000503,Male,Yes,0,Graduate,Self-Employed,58064,11742,49000,48,Good,East,38,07-12-2023,0
APP001233,Male,No,1,Graduate,Self-Employed,104031,7567,57000,120,Bad,East,33,09-10-2023,0
APP001644,Female,No,0,Not Graduate,Self-Employed,89695,4517,58000,360,Bad,South,49,29-09-2023,0
APP000834,Male,No,3,Graduate,Salaried,71649,18576,269000,84,Good,South,54,09-11-2024,0
APP003757,Male,No,0,Graduate,Salaried,67113,4619,65000,60,Good,North,52,06-11-2024,0
APP002141,Female,Yes,0,Graduate,Salaried,23331,4329,99000,48,Good,South,42,13-04-2023,0
APP003731,Male,Yes,1,Graduate,Self-Employed,63077,4665,76000,360,Bad,West,24,27-05-2023,0
APP001363,Female,Yes,2,Not Graduate,Self-Employed,51005,6945,76000,36,No History,North,37,18-04-2024,0
APP001165,Male,Yes,1,Graduate,Salaried,20658,2457,153000,84,Bad,East,54,24-04-2023,0
APP001765,Male,Yes,1,Graduate,Salaried,84838,19462,94000,60,Good,South,57,09-05-2023,0
APP005413,Female,No,0,Graduate,Self-Employed,55516,14914,160000,48,Bad,East,41,24-07-2024,0
APP001426,Female,No,0,Graduate,Self-Employed,48644,3454,179000,240,Good,South,22,24-10-2023,0
APP000543,Male,Yes,0,Graduate,Salaried,39129,5091,143000,180,Good,North,63,01-03-2023,0
APP001492,Male,No,0,Not Graduate,Salaried,137851,42812,105000,84,No History,West,33,07-10-2023,0
APP003175,Male,Yes,0,Graduate,Self-Employed,51384,15771,163000,48,Good,East,27,28-10-2024,0
APP001667,Male,No,2,Graduate,Self-Employed,79542,21469,147000,120,Good,South,42,22-12-2023,0
APP001946,Male,Yes,0,Graduate,Self-Employed,29927,8605,304000,48,Good,North,55,24-03-2024,0
APP005672,Male,Yes,0,Graduate,Self-Employed,49409,5373,181000,360,Good,West,39,22-05-2023,0
APP003837,Female,No,1,Graduate,Salaried,48644,10091,113000,48,Good,South,26,15-03-2023,0
APP000566,Female,Yes,2,Graduate,Salaried,48644,9985,286000,84,Good,West,49,06-07-2023,0
APP000264,Male,Yes,0,Graduate,Salaried,47718,12131,77000,360,Good,East,45,26-09-2023,0
APP004341,Male,Yes,2,Graduate,Salaried,20360,6329,73000,60,Good,South,49,10-08-2023,1
APP001325,Female,No,0,Graduate,Salaried,51071,11236,145000,48,Good,South,38,14-01-2023,0
APP000382,Female,Yes,2,Not Graduate,Salaried,22644,2092,52000,36,Bad,East,39,24-03-2023,1
APP004753,Female,Yes,2,Graduate,Salaried,21576,1330,117000,120,Good,North,66,28-03-2024,0
APP000614,Male,Yes,2,Graduate,Salaried,123152,28223,62000,48,Good,North,36,30-04-2024,0
APP005194,Female,No,0,Graduate,Self-Employed,36809,5165,63000,24,Bad,North,33,05-09-2023,0
APP000216,Male,Yes,4,Graduate,Salaried,23528,7237,94000,84,Good,South,34,17-08-2024,0
APP001978,Male,Yes,1,Graduate,Self-Employed,41783,7468,46000,48,Good,East,45,11-05-2024,0
APP001103,Female,Yes,2,Graduate,Salaried,54251,8931,156000,120,Good,East,45,17-02-2024,0
APP001979,Female,Yes,3,Graduate,Self-Employed,88424,5832,45000,120,No History,East,41,19-07-2023,0
APP005064,Male,No,3,Graduate,Salaried,97224,33835,35000,84,Good,West,34,13-12-2024,0
APP002866,Female,Yes,1,Graduate,Self-Employed,27477,2262,70000,240,Good,South,47,30-06-2024,0
APP001113,Male,No,0,Graduate,Salaried,72878,23962,54000,60,Good,East,58,08-03-2023,0
APP003622,Male,Yes,3,Graduate,Salaried,74888,10576,42000,84,Good,West,26,13-06-2024,0
APP004761,Male,Yes,1,Graduate,Salaried,38640,8142,85000,60,Bad,East,30,15-09-2023,0
APP004868,Male,No,1,Not Graduate,Self-Employed,41015,12413,115000,84,Good,West,36,01-08-2023,0
APP003672,Male,No,1,Graduate,Salaried,44663,1016,44000,84,Bad,East,25,01-10-2024,0
APP001694,Male,Yes,0,Not Graduate,Self-Employed,64882,18546,110000,120,Bad,South,34,13-03-2023,0
APP001618,Female,Yes,0,Not Graduate,Self-Employed,32974,5985,100000,84,Bad,North,40,23-01-2023,0
APP005663,Female,Yes,2,Graduate,Salaried,72729,11611,87000,60,Good,East,34,14-01-2023,0
APP005810,Male,No,1,Graduate,Salaried,54245,2919,137000,360,Good,East,43,26-12-2024,0
APP000033,Male,Yes,2,Not Graduate,Salaried,28369,7680,140000,60,Good,South,23,09-07-2024,0
APP004818,Female,No,0,Graduate,Salaried,15845,2486,277000,36,Good,South,32,19-04-2023,0
APP000115,Female,No,1,Graduate,Self-Employed,14794,128,52000,120,Good,East,47,26-06-2024,0
APP004233,Male,No,3,Graduate,Salaried,70748,10985,134000,120,Good,South,41,21-03-2023,0
APP004229,Male,Yes,1,Graduate,Salaried,63148,14287,137000,60,Good,West,29,07-03-2023,0
APP002289,Male,No,0,Not Graduate,Self-Employed,151265,13924,119000,84,Good,West,39,17-11-2023,0
APP000821,Female,Yes,1,Not Graduate,Salaried,44581,3677,237000,120,Good,East,21,18-05-2023,0
APP002250,Male,No,1,Graduate,Self-Employed,100730,18998,189000,60,Good,West,44,29-04-2023,0
APP004663,Male,Yes,2,Graduate,Salaried,53825,1546,334000,36,Good,East,51,06-01-2024,0
APP000587,Male,No,1,Graduate,Self-Employed,44067,6992,118000,48,Good,East,29,26-10-2024,0
APP001348,Male,Yes,0,Not Graduate,Salaried,102249,3028,161000,60,Good,South,42,12-07-2024,0
APP001099,Female,Yes,2,Graduate,Salaried,43043,1735,80000,48,Good,South,21,20-07-2024,0
APP001364,Female,Yes,1,Graduate,Self-Employed,73573,5565,47000,24,Good,North,59,10-11-2023,0
APP000394,Female,No,2,Graduate,Self-Employed,33658,9333,89000,120,Good,West,53,22-02-2024,0
APP001516,Male,Yes,3,Not Graduate,Salaried,69791,5490,84000,36,Good,North,21,03-05-2023,0
APP004210,Male,Yes,0,Not Graduate,Self-Employed,134996,31398,181000,240,Good,North,27,08-05-2024,0
APP005430,Female,Yes,0,Graduate,Self-Employed,44675,3408,106000,120,Bad,East,31,08-06-2024,0
APP003076,Female,Yes,1,Graduate,Self-Employed,126461,23570,157000,24,Good,East,39,24-09-2023,0
APP002446,Male,Yes,2,Graduate,Salaried,28836,587,241000,180,Good,South,52,06-12-2023,0
APP001852,Female,Yes,2,Graduate,Salaried,20975,931,112000,84,Good,South,23,13-01-2024,0
APP001523,Male,Yes,3,Graduate,Self-Employed,39637,12243,119000,48,Good,South,35,31-08-2024,0
APP002329,Female,Yes,3,Not Graduate,Salaried,114100,12978,82000,60,Good,North,41,25-02-2024,0
APP000218,Female,Yes,1,Graduate,Salaried,62254,1322,174000,120,Good,South,21,22-10-2024,0
APP004479,Female,Yes,1,Not Graduate,Self-Employed,22067,5318,71000,84,Good,North,35,27-05-2023,0
APP001710,Female,Yes,2,Graduate,Salaried,45682,5060,76000,60,No History,North,44,10-04-2024,0
APP000984,Male,Yes,2,Graduate,Salaried,38787,2948,49000,24,Good,South,29,18-10-2024,0
APP000190,Male,Yes,1,Not Graduate,Salaried,57982,8674,97000,240,Good,North,48,24-04-2023,0
APP004782,Male,Yes,1,Graduate,Self-Employed,42731,11017,94000,240,Good,West,45,04-06-2023,0
APP001622,Male,Yes,3,Not Graduate,Salaried,73421,23792,57000,36,No History,East,43,05-12-2024,0
APP000554,Male,No,1,Graduate,Salaried,61618,18303,280000,24,Good,North,34,25-12-2023,0
APP005793,Female,Yes,0,Graduate,Salaried,55585,18090,123000,60,Good,North,54,30-11-2024,0
APP004087,Male,Yes,0,Graduate,Self-Employed,63993,4486,170000,84,Good,South,26,06-12-2023,0
APP004640,Female,No,1,Graduate,Salaried,47693,5248,125000,60,Good,South,38,12-06-2023,0
APP001381,Male,Yes,2,Graduate,Self-Employed,63852,17425,127000,84,Good,South,38,17-02-2024,0
APP003447,Female,Yes,3,Graduate,Salaried,74337,24103,47000,48,Good,East,45,15-06-2024,0
APP001254,Male,Yes,0,Graduate,Self-Employed,35845,6211,110000,180,Good,East,36,09-01-2023,0
APP005508,Male,Yes,0,Graduate,Salaried,77806,6571,52000,60,No History,West,53,13-05-2023,0
APP003250,Female,No,2,Not Graduate,Self-Employed,37150,2207,215000,12,Good,North,49,25-07-2023,0
APP004145,Female,No,2,Not Graduate,Self-Employed,42119,7460,68000,360,Good,South,48,13-07-2024,0
APP004809,Male,Yes,1,Graduate,Salaried,58733,13338,147000,180,Good,West,35,20-09-2023,0
APP002788,Male,Yes,2,Graduate,Salaried,70865,5305,106000,60,Good,North,38,04-07-2024,0
APP003338,Female,Yes,1,Graduate,Self-Employed,40160,9292,64000,84,Good,East,37,23-09-2024,0
APP005640,Male,Yes,0,Graduate,Salaried,43347,9049,60000,360,Good,West,50,30-03-2024,0
APP000405,Male,No,0,Graduate,Self-Employed,63814,15351,53000,240,Good,South,41,29-12-2024,1
APP001784,Female,No,4,Graduate,Salaried,33288,9654,104000,240,Good,West,21,10-06-2023,0
APP000667,Male,No,0,Graduate,Self-Employed,17309,671,196000,24,Good,North,50,25-10-2024,0
APP003500,Female,Yes,2,Not Graduate,Salaried,17738,5946,132000,240,Good,West,51,12-04-2024,0
APP002680,Male,No,0,Graduate,Self-Employed,51719,12364,45000,48,Good,West,25,05-04-2024,0
APP001414,Male,Yes,1,Graduate,Salaried,43431,9947,152000,60,Good,South,38,06-01-2024,0
APP003664,Male,Yes,0,Graduate,Salaried,80233,9404,106000,240,Good,North,30,30-11-2024,0
APP000529,Male,Yes,0,Not Graduate,Self-Employed,48644,14388,211000,84,Good,West,35,15-01-2023,0
APP001387,Female,Yes,1,Not Graduate,Self-Employed,66409,11164,120000,36,Good,East,33,06-05-2024,0
APP004788,Female,No,0,Graduate,Self-Employed,39239,4590,175000,180,Good,West,41,11-05-2024,0
APP003241,Male,Yes,4,Graduate,Salaried,34196,11300,70000,12,Good,West,44,28-02-2023,1
APP002061,Male,Yes,2,Graduate,Salaried,79980,10773,166000,12,No History,West,34,03-06-2024,0
APP000486,Female,Yes,0,Graduate,Salaried,37092,3686,76000,48,Bad,West,49,03-07-2023,1
APP005985,Male,Yes,4,Graduate,Self-Employed,50283,9398,29000,360,Good,North,40,01-01-2023,0
APP004826,Male,Yes,1,Graduate,Self-Employed,73400,10811,99000,24,Good,West,48,08-01-2024,0
APP004585,Female,No,4,Graduate,Salaried,41914,8066,148000,84,Good,East,34,19-05-2023,0
APP004897,Male,Yes,2,Graduate,Self-Employed,30493,1717,78000,120,Good,North,26,12-06-2023,0
APP003287,Male,Yes,1,Graduate,Self-Employed,157400,24856,48000,84,Bad,West,37,01-03-2023,0
APP003656,Male,Yes,1,Graduate,Salaried,60095,4552,107000,36,Good,East,51,19-05-2024,0
APP002782,Female,Yes,0,Not Graduate,Salaried,37963,8183,154000,48,No History,East,54,28-06-2024,1
APP005586,Male,No,3,Graduate,Salaried,19579,6362,93000,36,Good,East,65,16-05-2024,0
APP002918,Female,No,3,Graduate,Self-Employed,27379,4218,130000,60,Good,East,24,03-09-2024,0
APP005108,Male,Yes,2,Graduate,Salaried,25027,3744,49000,84,No History,South,21,09-10-2023,0
APP002688,Male,Yes,2,Graduate,Self-Employed,42773,5067,142000,48,No History,North,47,02-07-2023,1
APP005372,Male,No,2,Not Graduate,Self-Employed,33845,2561,164000,60,Good,South,36,05-11-2024,0
APP003638,Male,No,0,Not Graduate,Self-Employed,55816,11321,85000,84,Good,South,30,19-05-2023,0
APP004052,Female,No,3,Not Graduate,Salaried,25834,3114,47000,120,No History,South,32,05-09-2024,1
APP000599,Male,No,0,Graduate,Salaried,36449,11894,255000,240,Good,East,33,28-08-2023,0
APP000159,Male,Yes,3,Graduate,Salaried,31190,1525,35000,60,Bad,North,51,19-03-2023,1
APP003308,Male,No,1,Graduate,Salaried,169350,43967,32000,48,Good,North,41,11-07-2024,0
APP001468,Male,No,2,Graduate,Self-Employed,40254,11584,118000,180,Good,East,39,11-12-2023,0
APP005737,Female,No,1,Not Graduate,Self-Employed,96094,23557,103000,180,Bad,East,36,28-12-2023,0
APP003728,Male,No,2,Not Graduate,Self-Employed,48644,14681,157000,120,Good,North,24,21-05-2024,0
APP003385,Male,Yes,1,Graduate,Salaried,28063,3930,99000,60,Good,East,51,26-07-2023,0
APP004427,Male,Yes,0,Graduate,Self-Employed,105748,6617,160000,84,Good,South,48,21-03-2023,0
APP005377,Male,Yes,0,Graduate,Salaried,46992,11404,76000,120,Good,East,40,14-06-2023,0
APP003409,Male,Yes,0,Not Graduate,Salaried,34665,678,121000,60,Good,South,39,19-04-2024,0
APP000523,Female,Yes,1,Not Graduate,Self-Employed,31266,2073,104000,180,Good,West,21,12-07-2023,0
APP001124,Female,No,1,Graduate,Salaried,18233,4406,81000,48,No History,South,29,11-12-2024,1
APP005943,Male,No,2,Not Graduate,Salaried,21754,1262,388000,120,Good,West,32,05-10-2024,0
APP000227,Female,Yes,0,Graduate,Self-Employed,47651,10964,80000,84,Good,East,51,13-05-2023,0
APP005993,Male,Yes,0,Not Graduate,Self-Employed,69663,7392,58000,60,Bad,East,38,17-03-2023,0
APP001029,Male,Yes,1,Graduate,Salaried,49821,4850,195000,120,Bad,East,36,29-05-2023,0
APP003606,Male,Yes,1,Graduate,Salaried,23293,2563,108000,48,Good,South,35,24-09-2023,0
APP000556,Male,Yes,0,Not Graduate,Salaried,103762,19935,172000,60,Good,West,48,22-09-2023,0
APP004086,Male,No,3,Graduate,Salaried,51262,11017,132000,24,Good,South,53,15-09-2024,0
APP005888,Female,Yes,3,Graduate,Salaried,17338,1936,66000,36,Good,East,27,18-01-2024,0
APP004360,Male,No,0,Graduate,Salaried,40492,1172,121000,48,No History,North,30,14-11-2024,0
APP003841,Male,Yes,4,Graduate,Salaried,61434,18716,111000,24,Good,North,46,17-10-2023,0
APP003666,Male,Yes,0,Not Graduate,Salaried,53785,4665,114000,60,Good,North,55,08-11-2023,0
APP002921,Male,No,3,Graduate,Self-Employed,47341,7688,48000,60,Good,South,40,19-01-2023,0
APP003524,Male,No,0,Not Graduate,Self-Employed,107477,3029,225000,48,Good,South,29,09-11-2024,0
APP005145,Male,Yes,2,Not Graduate,Self-Employed,48644,8988,184000,48,Good,North,50,16-04-2024,0
APP002346,Female,Yes,2,Graduate,Salaried,152195,17259,167000,120,Good,South,41,15-04-2024,0
APP003410,Male,Yes,0,Not Graduate,Salaried,32735,7254,52000,12,Good,East,42,03-09-2023,0
APP004774,Female,Yes,4,Graduate,Self-Employed,84532,18416,94000,84,Good,South,44,05-01-2024,1
APP003878,Female,Yes,3,Graduate,Salaried,32118,459,134000,240,Bad,North,38,24-04-2024,1
APP000708,Female,Yes,3,Not Graduate,Self-Employed,47429,6697,95000,60,Good,West,27,07-01-2024,0
APP005121,Male,No,1,Not Graduate,Salaried,71520,4418,389000,180,No History,East,38,20-08-2023,1
APP005683,Female,No,2,Graduate,Salaried,49117,7977,94000,12,Good,East,41,25-08-2024,0
APP005682,Male,Yes,2,Graduate,Salaried,36673,650,82000,60,No History,East,52,22-02-2023,0
APP005216,Female,No,0,Graduate,Salaried,34971,1429,187000,84,Good,South,34,09-09-2023,0
APP004945,Female,No,1,Graduate,Self-Employed,27876,6400,29000,48,Bad,North,37,26-07-2023,1
APP001172,Female,Yes,1,Graduate,Salaried,87823,2856,216000,120,Good,North,35,27-01-2023,0
APP001456,Female,Yes,0,Graduate,Salaried,93145,24432,133000,180,Good,East,21,12-01-2023,1
APP002777,Male,No,0,Graduate,Salaried,31565,966,37000,120,Good,North,21,16-01-2023,0
APP004430,Female,No,0,Not Graduate,Self-Employed,46346,3732,80000,240,Good,North,46,25-05-2024,0
APP005780,Male,Yes,0,Graduate,Self-Employed,49027,10477,61000,180,Good,North,23,23-01-2023,0
APP002677,Male,Yes,0,Not Graduate,Self-Employed,17479,2684,161000,24,Good,East,38,01-08-2024,1
APP004292,Male,Yes,1,Graduate,Self-Employed,79585,26868,126000,240,Good,South,45,01-02-2024,0
APP000327,Male,No,0,Graduate,Self-Employed,45425,3505,107000,24,Good,North,49,18-11-2023,0
APP004303,Female,No,1,Not Graduate,Salaried,48236,7733,122000,48,Good,West,50,24-01-2023,0
APP000477,Male,Yes,0,Graduate,Salaried,48644,1212,35000,180,No History,West,47,03-09-2024,0
APP003814,Female,Yes,0,Graduate,Salaried,141415,22495,46000,60,Good,South,59,09-06-2023,0
APP004923,Female,Yes,2,Not Graduate,Salaried,61768,12998,124000,60,Good,North,47,23-04-2024,0
APP004284,Male,No,2,Graduate,Self-Employed,28643,8127,84000,180,No History,West,41,17-09-2023,1
APP002513,Male,No,2,Not Graduate,Salaried,72000,21974,357000,84,Bad,South,47,04-11-2023,1
APP005348,Male,No,2,Graduate,Salaried,27670,6610,121000,120,Bad,West,41,25-02-2024,0
APP000104,Male,No,1,Graduate,Self-Employed,51593,10529,119000,240,Good,East,48,27-04-2023,0
APP004083,Female,No,2,Graduate,Self-Employed,58225,13736,201000,360,Good,West,41,08-11-2024,0
APP001420,Female,No,1,Graduate,Self-Employed,30150,2767,134000,60,No History,West,21,27-10-2023,1
APP004938,Male,Yes,2,Graduate,Self-Employed,56830,294,68000,48,Good,South,40,01-08-2024,0
APP003329,Male,Yes,0,Graduate,Salaried,51943,861,79000,48,Good,North,33,30-07-2024,0
APP004773,Male,No,2,Not Graduate,Self-Employed,135459,20290,108000,240,Bad,North,23,28-04-2024,1
APP000524,Female,No,3,Graduate,Salaried,26276,4491,80000,12,Good,West,46,07-08-2024,0
APP000993,Male,No,0,Not Graduate,Self-Employed,38316,2472,89000,84,Bad,East,64,30-06-2023,0
APP005401,Male,Yes,3,Not Graduate,Salaried,30622,5947,105000,84,Good,West,47,29-10-2024,0
APP001831,Female,No,1,Graduate,Salaried,48644,4122,188000,360,Good,East,36,23-04-2024,0
APP004175,Female,No,2,Graduate,Salaried,73406,4130,103000,48,Good,East,37,10-09-2023,0
APP002607,Male,Yes,1,Graduate,Salaried,48644,11231,58000,84,Good,West,25,25-08-2024,0
APP000731,Male,No,0,Graduate,Salaried,89286,21205,151000,48,Good,East,37,03-05-2024,0
APP000067,Male,No,0,Graduate,Self-Employed,48644,1736,128000,360,No History,East,39,20-12-2024,0
APP004443,Male,Yes,0,Graduate,Self-Employed,90017,24165,104000,84,Good,South,39,14-12-2024,0
APP004108,Male,No,3,Graduate,Salaried,67891,4576,385000,120,No History,West,32,12-10-2023,0
APP005498,Female,Yes,4,Graduate,Salaried,31238,6320,92000,60,Good,North,60,10-06-2023,1
APP004265,Female,Yes,3,Graduate,Salaried,93150,30911,24000,36,Good,West,46,29-06-2024,0
APP005963,Male,No,3,Not Graduate,Salaried,71439,6852,75000,180,Good,West,45,04-06-2024,0
APP001940,Male,Yes,1,Graduate,Self-Employed,33992,9206,91000,48,Good,North,22,18-05-2023,0
APP002667,Male,No,1,Graduate,Salaried,60460,14631,153000,36,Good,West,32,04-05-2024,0
APP001397,Male,Yes,0,Graduate,Self-Employed,31292,106,108000,84,Good,East,41,06-10-2024,0
APP002869,Male,No,1,Not Graduate,Self-Employed,45666,9150,121000,240,Good,West,40,09-07-2023,0
APP000752,Female,Yes,0,Graduate,Salaried,50023,9619,105000,120,Good,East,36,20-04-2024,0
APP000886,Male,No,0,Graduate,Salaried,40974,8599,65000,48,Good,East,49,30-01-2023,0
APP000489,Female,Yes,1,Not Graduate,Self-Employed,130826,29194,166000,360,Good,North,42,03-08-2023,0
APP004040,Male,No,1,Not Graduate,Salaried,116156,10978,87000,36,Good,East,38,12-05-2024,0
APP001017,Male,Yes,0,Graduate,Self-Employed,48541,2069,166000,240,Good,South,33,27-07-2023,0
APP002107,Female,No,0,Graduate,Salaried,35669,1556,40000,84,Good,West,36,24-02-2024,0
APP004383,Male,No,2,Not Graduate,Self-Employed,49408,302,137000,24,Good,North,25,08-01-2023,0
APP002725,Male,Yes,3,Graduate,Salaried,29723,8418,133000,120,Good,North,48,03-05-2023,0
APP005731,Female,Yes,2,Not Graduate,Salaried,33603,4748,84000,60,Good,North,35,01-03-2024,1
APP004539,Male,No,1,Graduate,Salaried,111588,38375,118000,60,No History,East,41,18-04-2023,0
APP002320,Male,Yes,3,Graduate,Self-Employed,61050,9303,99000,180,Good,East,65,20-09-2024,0
APP002004,Male,Yes,0,Not Graduate,Salaried,64882,2908,59000,180,Good,North,24,14-04-2023,0
APP005434,Male,Yes,0,Graduate,Self-Employed,64576,7306,129000,240,No History,West,48,28-03-2024,0
APP004680,Female,Yes,3,Graduate,Salaried,29761,6642,168000,12,Bad,North,43,20-04-2023,1
APP000703,Male,Yes,1,Graduate,Salaried,71565,2156,27000,48,Good,North,41,11-08-2023,0
APP000618,Male,No,0,Graduate,Salaried,49947,11435,271000,240,Good,South,45,08-02-2024,0
APP001725,Female,No,3,Not Graduate,Salaried,25589,6775,248000,240,Bad,South,29,11-07-2024,1
APP000011,Male,No,0,Graduate,Salaried,49064,6627,49000,120,Good,West,44,04-11-2023,0
APP003468,Female,Yes,2,Graduate,Self-Employed,51216,4598,258000,48,Good,North,57,08-04-2024,0
APP002201,Female,Yes,2,Graduate,Salaried,56169,19486,83000,36,Bad,West,42,04-08-2024,0
APP002098,Female,Yes,0,Graduate,Self-Employed,38574,9381,21000,84,Good,West,40,31-10-2024,0
APP000979,Male,Yes,0,Graduate,Salaried,51424,6510,59000,180,No History,West,33,28-06-2023,0
APP002273,Male,No,0,Graduate,Salaried,72338,21929,86000,240,Good,East,48,02-09-2024,0
APP005312,Female,No,0,Graduate,Salaried,52492,5024,111000,60,Bad,South,22,06-08-2024,0
APP000775,Female,Yes,0,Graduate,Self-Employed,27497,2547,47000,180,Good,West,21,10-12-2024,0
APP000760,Female,No,3,Graduate,Salaried,85982,4962,305000,24,Good,North,56,28-04-2024,0
APP003080,Female,Yes,2,Not Graduate,Salaried,44449,5852,120000,84,Good,South,48,09-11-2024,0
APP001612,Female,No,1,Graduate,Salaried,44766,6359,86000,60,Good,North,31,23-05-2023,0
APP000937,Male,Yes,0,Graduate,Self-Employed,18927,934,132000,48,Good,South,52,13-02-2023,0
APP002221,Female,Yes,2,Graduate,Salaried,21900,4238,86000,48,Good,West,31,14-02-2024,0
APP004109,Female,No,0,Graduate,Self-Employed,33234,7864,114000,360,Good,North,46,07-08-2023,0
APP002076,Female,No,1,Graduate,Self-Employed,71850,20560,169000,24,Good,East,33,25-06-2024,0
APP004687,Male,Yes,0,Graduate,Salaried,52014,191,52000,120,Bad,South,49,11-11-2024,0
APP000111,Male,Yes,1,Not Graduate,Salaried,71473,17051,159000,48,Good,North,53,22-01-2023,0
APP004976,Male,No,1,Not Graduate,Self-Employed,84622,9867,93000,84,Good,East,25,30-04-2024,0
APP005183,Male,No,0,Graduate,Self-Employed,70257,2422,59000,120,Good,West,46,19-12-2024,0
APP004234,Female,Yes,2,Not Graduate,Salaried,20957,7320,256000,180,No History,North,37,15-10-2023,0
APP002993,Male,No,1,Graduate,Salaried,120628,30490,55000,120,Bad,East,28,14-03-2023,0
APP000491,Male,Yes,3,Graduate,Salaried,43318,6077,16000,120,Bad,East,29,20-12-2023,0
APP001191,Male,No,0,Graduate,Salaried,69861,17108,102000,360,Good,North,34,27-03-2023,0
APP001090,Male,Yes,0,Graduate,Self-Employed,56825,6105,61000,360,Good,South,26,09-08-2024,0
APP004436,Male,Yes,0,Graduate,Salaried,28299,4094,206000,12,Good,South,41,16-08-2023,0
APP001480,Male,Yes,2,Graduate,Salaried,52535,4049,110000,84,Good,West,52,03-08-2023,0
APP003744,Male,No,0,Graduate,Self-Employed,35686,1296,114000,60,No History,East,48,02-06-2024,0
APP003202,Male,Yes,0,Graduate,Salaried,103579,12249,91000,60,Good,South,31,12-01-2024,0
APP003545,Female,Yes,4,Graduate,Self-Employed,48644,27426,33000,120,Bad,East,50,28-12-2023,1
APP001907,Female,Yes,1,Not Graduate,Self-Employed,39403,1470,149000,24,Good,North,30,23-11-2024,0
APP005873,Female,Yes,1,Graduate,Salaried,54209,16782,110000,36,Good,North,36,10-12-2024,0
APP003048,Male,Yes,2,Graduate,Salaried,29231,9084,106000,24,Good,North,32,14-01-2023,0
APP001299,Female,Yes,1,Graduate,Self-Employed,19957,5225,156000,60,Good,North,21,29-01-2023,0
APP002073,Male,Yes,3,Graduate,Self-Employed,30480,1020,89000,240,Good,East,34,07-09-2023,0
APP002744,Male,No,1,Not Graduate,Self-Employed,126966,26398,59000,240,Good,South,34,23-10-2023,0
APP004609,Female,Yes,0,Graduate,Self-Employed,29318,4118,143000,120,Good,North,48,06-10-2023,0
APP000072,Male,No,1,Graduate,Salaried,33211,2169,44000,48,Good,North,43,30-10-2023,0
APP002609,Female,Yes,2,Not Graduate,Salaried,35249,12114,140000,180,Good,South,21,28-09-2024,1
APP004504,Male,Yes,1,Not Graduate,Self-Employed,23817,5769,77000,360,Good,West,45,17-10-2023,0
APP004653,Male,No,3,Not Graduate,Salaried,32934,4979,63000,48,Good,East,39,12-11-2024,0
APP001853,Female,Yes,0,Graduate,Self-Employed,117806,22356,43000,84,Good,East,35,08-10-2023,0
APP002728,Male,Yes,0,Graduate,Salaried,23356,7863,78000,120,Good,East,51,25-08-2024,0
APP001943,Female,No,0,Graduate,Salaried,82029,4023,96000,84,Good,West,44,29-08-2023,0
APP001255,Female,Yes,4,Not Graduate,Self-Employed,31621,382,39000,240,Good,North,48,23-08-2024,0
APP003527,Female,Yes,3,Graduate,Self-Employed,41038,5743,71000,84,Good,North,36,05-11-2024,0
APP003088,Male,No,1,Graduate,Salaried,55762,11357,85000,360,Good,East,39,01-04-2024,1
APP000185,Male,Yes,3,Graduate,Salaried,87945,11480,72000,60,Good,South,47,25-09-2024,0
APP004888,Female,No,0,Graduate,Self-Employed,34326,11437,33000,48,Good,East,25,09-07-2024,0
APP000825,Male,Yes,1,Not Graduate,Self-Employed,51101,15932,58000,48,Good,East,52,04-09-2024,0
APP000387,Male,No,0,Graduate,Salaried,20530,1950,129000,360,No History,South,34,11-01-2024,0
APP001720,Male,Yes,2,Not Graduate,Salaried,83583,10996,175000,60,Good,North,53,11-08-2023,0
APP000348,Male,Yes,0,Graduate,Salaried,110519,510,168000,36,Bad,East,36,22-05-2024,0
APP005996,Female,Yes,3,Graduate,Salaried,48644,2978,99000,120,No History,East,50,01-05-2024,1
APP004764,Male,Yes,4,Graduate,Self-Employed,25205,3906,30000,84,Good,West,43,08-02-2024,0
APP002770,Female,No,2,Graduate,Salaried,52418,12325,376000,120,Good,North,21,10-11-2023,0
APP003602,Male,No,0,Graduate,Self-Employed,72538,5899,137000,120,Good,North,42,24-04-2023,0
APP000469,Male,No,2,Graduate,Salaried,40867,7638,161000,60,No History,South,21,13-02-2023,0
APP001419,Male,Yes,1,Graduate,Self-Employed,138788,29876,39000,24,Good,West,54,21-06-2023,0
APP005472,Male,Yes,1,Not Graduate,Salaried,50531,15641,100000,180,Good,East,48,13-03-2023,0
APP000537,Female,No,0,Not Graduate,Self-Employed,23512,2850,124000,60,Good,North,34,06-04-2023,0
APP003275,Female,Yes,2,Graduate,Salaried,51842,9338,59000,60,Good,West,28,09-04-2024,0
APP000342,Male,Yes,1,Not Graduate,Salaried,20838,795,99000,60,Good,North,29,21-07-2023,0
APP003632,Male,No,4,Graduate,Salaried,38571,6911,128000,120,Bad,North,21,24-02-2024,0
APP001300,Female,Yes,1,Not Graduate,Salaried,38806,7296,87000,84,Good,North,51,27-09-2024,0
APP001118,Female,Yes,0,Not Graduate,Salaried,35919,2180,104000,24,Good,West,39,22-11-2023,0
APP001996,Female,Yes,0,Graduate,Self-Employed,43351,13075,111000,48,Good,East,28,14-10-2024,0
APP003624,Female,No,0,Graduate,Self-Employed,82920,4833,173000,360,Good,South,53,11-03-2024,0
APP001620,Female,No,1,Not Graduate,Salaried,27698,2023,50000,12,Good,West,52,30-03-2023,0
APP004471,Female,Yes,2,Graduate,Self-Employed,37428,189,119000,36,Good,West,46,23-09-2023,0
APP003687,Female,No,2,Graduate,Salaried,36226,654,168000,36,Good,East,45,20-04-2023,0
APP002491,Male,No,3,Not Graduate,Self-Employed,43815,6604,72000,36,Bad,East,35,20-05-2024,1
APP004157,Male,Yes,2,Not Graduate,Salaried,47214,1673,163000,36,Good,North,33,20-09-2023,0
APP003835,Male,No,2,Graduate,Self-Employed,96447,23650,204000,120,Good,West,27,14-05-2024,0
APP003307,Male,No,1,Graduate,Self-Employed,46813,2646,161000,36,Good,South,35,25-01-2023,0
APP005550,Male,No,0,Not Graduate,Salaried,47375,12229,76000,84,No History,West,38,29-06-2023,0
APP001928,Male,Yes,2,Graduate,Salaried,57786,3617,131000,180,No History,North,46,15-09-2023,0
APP004832,Female,Yes,1,Graduate,Salaried,105330,30673,76000,120,Good,North,47,04-12-2023,0
APP000720,Female,No,1,Not Graduate,Salaried,52104,14824,95000,60,Good,West,34,09-01-2024,0
APP005499,Male,Yes,0,Graduate,Self-Employed,48644,20575,69000,120,No History,East,40,14-04-2024,0
APP001084,Female,Yes,1,Graduate,Salaried,71417,13730,243000,240,Good,South,52,26-03-2023,0
APP004451,Male,No,1,Not Graduate,Salaried,43530,7179,56000,36,Good,South,42,14-11-2023,1
APP002766,Female,No,1,Not Graduate,Salaried,157709,40644,158000,180,Good,West,38,30-04-2024,1
APP003181,Male,Yes,0,Graduate,Salaried,43623,10861,41000,84,Bad,West,48,03-09-2023,0
APP003857,Male,Yes,0,Not Graduate,Salaried,33364,8815,184000,48,Good,West,32,09-07-2023,0
APP004074,Female,No,1,Graduate,Self-Employed,48644,4503,73000,84,No History,West,41,20-01-2024,0
APP000750,Female,Yes,3,Graduate,Salaried,62808,15912,72000,24,No History,North,30,27-04-2024,0
APP000689,Female,No,0,Graduate,Salaried,49943,8351,79000,180,Good,East,38,21-06-2024,0
APP003355,Male,No,0,Graduate,Self-Employed,16456,1648,175000,120,Good,West,28,29-03-2024,0
APP005115,Male,Yes,0,Not Graduate,Salaried,56819,4437,108000,36,Good,East,44,07-01-2023,0
APP003992,Male,Yes,1,Graduate,Self-Employed,58460,16218,95000,120,No History,South,21,13-03-2024,0
APP003017,Female,No,2,Graduate,Self-Employed,73233,4958,86000,180,Good,East,21,28-03-2024,0
APP003097,Female,No,0,Not Graduate,Self-Employed,54454,4691,118000,36,Good,West,58,25-09-2024,0
APP001559,Female,Yes,3,Graduate,Salaried,42925,7103,173000,60,Good,East,47,17-01-2024,0
APP001082,Male,Yes,2,Graduate,Salaried,30853,9539,171000,120,Good,North,37,25-10-2023,1
APP000921,Female,Yes,1,Graduate,Salaried,45615,10848,125000,360,No History,West,41,16-10-2023,0
APP004215,Female,Yes,1,Graduate,Salaried,43937,4778,60000,240,Bad,East,43,03-05-2024,0
APP001854,Female,Yes,0,Graduate,Salaried,51893,16318,55000,60,Good,West,35,05-07-2023,0
APP004252,Male,Yes,0,Not Graduate,Self-Employed,77229,10743,44000,84,Good,South,57,25-11-2024,0
APP005781,Female,Yes,2,Not Graduate,Salaried,46522,9403,37000,360,Good,West,27,02-05-2024,0
APP002783,Female,Yes,1,Graduate,Salaried,25656,6647,121000,360,No History,East,49,03-06-2024,0
APP000849,Male,No,1,Not Graduate,Salaried,139406,587,198000,240,Good,North,39,23-09-2023,0
APP001604,Male,No,3,Graduate,Self-Employed,51341,11660,120000,24,Good,East,35,30-04-2024,0
APP004847,Female,Yes,1,Graduate,Self-Employed,27035,3770,266000,240,Good,North,68,04-03-2023,0
APP003041,Male,No,1,Graduate,Salaried,41784,10409,44000,60,Bad,South,49,16-12-2023,1
APP005144,Female,Yes,1,Graduate,Salaried,48460,10789,210000,180,Bad,South,36,08-10-2023,0
APP003306,Male,Yes,0,Not Graduate,Salaried,22653,6337,129000,240,Good,West,21,22-01-2023,0
APP003984,Male,Yes,2,Graduate,Salaried,66945,5566,106000,84,Good,West,39,01-06-2023,0
APP005349,Male,No,0,Not Graduate,Salaried,135505,113,114000,360,Good,North,40,12-11-2023,0
APP004535,Male,Yes,0,Graduate,Salaried,42796,10136,57000,360,No History,North,32,05-10-2023,1
APP005452,Male,Yes,1,Graduate,Salaried,68897,13422,191000,240,Good,West,49,30-01-2024,0
APP005875,Male,Yes,0,Not Graduate,Salaried,63208,15502,172000,36,Good,North,27,24-06-2023,0
APP005481,Female,Yes,4,Graduate,Salaried,70841,18059,84000,120,Good,South,52,13-04-2023,0
APP002660,Female,No,0,Graduate,Salaried,51170,4056,272000,60,Good,South,47,05-07-2023,0
APP001295,Female,No,0,Graduate,Salaried,88374,25370,47000,240,Good,North,37,30-10-2024,0
APP002190,Female,No,3,Graduate,Salaried,34649,6265,56000,36,Good,East,29,15-06-2024,0
APP001532,Female,No,0,Graduate,Salaried,58079,19118,99000,60,Good,West,47,21-10-2024,0
APP003701,Female,Yes,0,Not Graduate,Self-Employed,34535,8627,106000,120,Good,South,29,23-09-2023,1
APP005879,Male,No,1,Not Graduate,Salaried,43834,10074,123000,84,Good,North,41,09-02-2023,0
APP001388,Male,Yes,3,Not Graduate,Self-Employed,40568,11225,65000,12,Bad,North,21,21-10-2023,1
APP003490,Male,No,0,Graduate,Salaried,83435,12149,135000,360,Good,South,27,21-10-2024,0
APP002722,Female,No,1,Not Graduate,Self-Employed,85982,7478,99000,360,Good,North,39,16-11-2023,0
APP002348,Male,Yes,3,Not Graduate,Self-Employed,44978,2493,75000,180,No History,North,29,15-01-2024,0
APP001252,Male,No,0,Graduate,Salaried,60846,19161,24000,36,Good,South,44,31-08-2023,0
APP001893,Female,No,2,Not Graduate,Self-Employed,34201,9802,101000,60,Good,West,52,02-01-2023,0
APP000569,Female,No,0,Not Graduate,Salaried,43706,3479,177000,84,No History,East,42,26-04-2024,1
APP005615,Male,No,0,Graduate,Self-Employed,79881,17915,103000,12,Good,South,33,31-05-2023,0
APP002911,Male,Yes,2,Graduate,Salaried,38429,11718,138000,48,Good,North,37,26-03-2024,0
APP004358,Female,No,2,Graduate,Self-Employed,35680,5903,205000,60,Good,East,41,27-05-2024,0
APP000437,Male,No,4,Graduate,Self-Employed,32165,6197,142000,120,Good,North,40,20-09-2023,0
APP001560,Female,Yes,0,Not Graduate,Self-Employed,109835,36248,321000,120,Bad,West,35,20-11-2023,1
APP000656,Male,Yes,0,Not Graduate,Self-Employed,21335,2270,191000,120,Good,South,24,11-11-2024,0
APP003650,Female,Yes,1,Graduate,Self-Employed,58017,18439,47000,120,Good,East,29,29-11-2023,0
APP000781,Female,Yes,4,Graduate,Salaried,69611,4803,96000,36,No History,South,42,21-03-2024,0
APP003612,Male,Yes,1,Graduate,Self-Employed,23585,8223,150000,36,Good,West,21,18-01-2023,0
APP004116,Male,No,0,Graduate,Self-Employed,48644,7056,110000,120,Good,East,37,10-02-2024,0
APP002043,Male,Yes,4,Not Graduate,Self-Employed,26815,3668,133000,60,Good,West,37,31-08-2024,0
APP002533,Male,Yes,0,Not Graduate,Self-Employed,45210,8830,162000,12,Good,North,32,10-06-2023,0
APP001198,Female,No,0,Graduate,Self-Employed,61194,20604,89000,84,Good,West,28,19-05-2024,0
APP004307,Male,Yes,3,Graduate,Self-Employed,75035,10327,135000,240,Bad,South,30,05-01-2024,1
APP004394,Male,Yes,4,Graduate,Salaried,50788,15836,68000,24,Good,South,60,15-05-2023,0
APP003578,Male,Yes,1,Graduate,Self-Employed,42371,10791,83000,84,Good,South,38,04-01-2024,0
APP001988,Male,Yes,0,Graduate,Salaried,78661,22196,78000,60,Good,North,34,18-06-2024,0
APP000846,Male,Yes,2,Graduate,Self-Employed,54522,5969,57000,60,Good,West,53,17-09-2023,0
APP000603,Male,No,0,Graduate,Self-Employed,32066,7754,111000,12,Good,North,39,11-05-2024,0
APP002878,Male,Yes,1,Graduate,Salaried,47722,15281,74000,180,Good,South,21,28-08-2024,0
APP000612,Female,Yes,2,Graduate,Salaried,36000,11945,82000,48,Good,North,44,27-04-2024,0
APP004415,Male,Yes,0,Graduate,Self-Employed,42771,10843,66000,360,No History,North,21,18-12-2023,1
APP004564,Male,Yes,3,Graduate,Self-Employed,28363,8641,62000,180,Good,West,28,06-11-2024,0
APP000109,Male,Yes,0,Graduate,Self-Employed,31461,1772,48000,120,Good,South,45,29-08-2023,0
APP000425,Male,Yes,1,Not Graduate,Salaried,52867,10437,76000,60,Good,South,31,11-10-2023,0
APP005180,Female,Yes,1,Graduate,Self-Employed,83480,18842,40000,60,Good,East,49,05-05-2023,0
APP003018,Male,Yes,1,Graduate,Salaried,48644,25638,85000,360,Good,South,24,18-09-2023,0
APP002472,Female,No,1,Not Graduate,Salaried,30819,10286,87000,240,Good,North,49,17-11-2023,0
APP001734,Male,No,1,Graduate,Salaried,76497,2175,49000,24,Good,South,41,17-08-2023,1
APP005155,Female,No,4,Graduate,Salaried,45381,474,34000,12,Good,South,45,11-12-2024,1
APP001303,Male,No,0,Graduate,Salaried,22365,5496,58000,60,Good,North,31,12-02-2023,0
APP000829,Female,No,2,Graduate,Self-Employed,27583,3051,69000,120,Good,East,33,03-06-2023,0
APP000152,Male,No,0,Not Graduate,Salaried,63669,1899,71000,60,Good,West,42,30-09-2023,0
APP004684,Male,Yes,2,Not Graduate,Salaried,30001,7383,201000,120,Good,East,42,30-04-2024,0
APP001418,Male,Yes,1,Graduate,Self-Employed,56482,5924,73000,120,Good,South,28,06-07-2024,0
APP003783,Male,Yes,0,Not Graduate,Self-Employed,38647,11487,80000,120,Good,North,50,05-09-2023,0
APP005295,Female,Yes,1,Graduate,Self-Employed,56107,17475,76000,24,Good,North,35,15-08-2024,0
APP002085,Male,No,1,Graduate,Salaried,16639,5054,187000,180,Good,West,44,21-03-2024,0
APP002074,Female,Yes,2,Graduate,Self-Employed,45725,15879,116000,180,Bad,East,35,20-03-2024,0
APP000783,Male,Yes,0,Graduate,Salaried,94612,11569,118000,36,Good,East,55,06-02-2024,0
APP000398,Male,No,2,Not Graduate,Salaried,51731,4517,178000,48,Good,East,28,18-03-2024,0
APP003054,Male,Yes,0,Graduate,Salaried,50657,9034,148000,36,Good,East,38,31-05-2023,0
APP000167,Male,No,1,Graduate,Self-Employed,70898,10789,184000,120,Bad,South,52,09-10-2024,0
APP005601,Male,No,2,Graduate,Self-Employed,139042,26963,53000,120,Good,North,41,23-06-2023,0
APP003655,Male,Yes,1,Not Graduate,Salaried,120159,41489,447000,36,Good,East,21,07-04-2023,0
APP001226,Female,No,0,Graduate,Salaried,68283,16034,120000,24,Good,East,27,09-05-2024,0
APP001797,Female,Yes,3,Graduate,Salaried,49552,2177,123000,84,Good,North,41,13-12-2023,0
APP004243,Female,No,0,Graduate,Salaried,76850,4597,145000,60,Good,East,32,28-04-2024,0
APP001643,Male,Yes,1,Not Graduate,Salaried,44604,13839,30000,48,Good,North,63,23-12-2024,0
APP005555,Female,No,2,Graduate,Salaried,46561,4235,112000,60,Good,North,37,19-01-2023,0
APP000143,Male,No,2,Graduate,Salaried,35087,11093,53000,60,Good,South,47,06-03-2024,0
APP001241,Female,Yes,0,Graduate,Salaried,71483,6947,82000,60,Good,West,52,27-08-2024,0
APP001987,Female,No,0,Not Graduate,Salaried,127966,31673,456000,84,Good,North,56,09-10-2024,0
APP004075,Female,Yes,3,Not Graduate,Self-Employed,205802.1872,2638,30000,180,Good,West,34,19-04-2023,0
APP002453,Male,Yes,2,Graduate,Self-Employed,50195,1886,64000,48,Good,North,43,14-12-2024,0
APP005330,Male,Yes,1,Graduate,Self-Employed,55892,11942,70000,240,Good,East,24,23-07-2024,0
APP003806,Female,No,3,Not Graduate,Self-Employed,124703,39053,49000,24,No History,North,39,27-08-2023,1
APP002462,Female,Yes,0,Graduate,Salaried,84555,14776,68000,36,Good,East,27,05-10-2023,0
APP003754,Female,No,1,Graduate,Self-Employed,74343,18225,195000,48,Good,East,47,04-08-2023,0
APP002224,Male,No,3,Graduate,Salaried,48644,301,76000,180,Good,West,39,06-12-2023,0
APP000238,Male,Yes,2,Graduate,Self-Employed,108990,25103,88000,180,Good,North,26,20-11-2023,0
APP000990,Female,Yes,2,Graduate,Salaried,126397,1687,176000,120,Bad,South,43,15-07-2024,0
APP005305,Male,No,0,Not Graduate,Salaried,41465,13530,46000,240,Good,North,35,05-09-2023,0
APP001759,Male,Yes,3,Not Graduate,Self-Employed,52021,16973,140000,24,Good,West,56,23-05-2023,0
APP003953,Female,No,3,Graduate,Salaried,79170,18312,109000,240,Good,North,37,20-07-2024,0
APP001022,Male,No,3,Graduate,Self-Employed,23254,2915,218000,240,Good,East,26,20-02-2023,0
APP005016,Male,No,2,Graduate,Salaried,25943,4251,98000,36,Bad,West,45,18-04-2023,0
APP003095,Male,Yes,1,Graduate,Self-Employed,47460,13865,42000,36,Good,West,45,07-04-2023,0
APP000867,Male,Yes,0,Graduate,Salaried,48644,11915,53000,60,Good,West,38,01-08-2024,0
APP003021,Male,Yes,2,Not Graduate,Salaried,76536,3092,151000,180,Good,West,49,31-07-2024,0
APP005398,Male,Yes,1,Graduate,Salaried,26047,4948,80000,120,Good,South,22,01-01-2023,0
APP003417,Male,Yes,1,Graduate,Salaried,56674,19077,62000,120,Good,North,44,12-11-2024,0
APP005322,Male,Yes,0,Not Graduate,Salaried,48644,8842,126000,120,No History,East,21,05-07-2023,0
APP003598,Male,No,2,Not Graduate,Salaried,45766,4101,82000,84,Good,South,34,17-10-2024,0
APP001698,Male,Yes,2,Graduate,Self-Employed,37926,3368,56000,84,Good,South,31,13-03-2023,0
APP003550,Male,Yes,0,Not Graduate,Salaried,104398,12626,98000,120,No History,South,41,20-06-2024,0
APP002218,Male,Yes,1,Graduate,Self-Employed,72142,24204,143000,60,Good,East,46,26-08-2023,0
APP003474,Female,No,2,Graduate,Self-Employed,38344,6977,111000,48,Good,South,44,22-12-2024,0
APP000328,Female,No,3,Not Graduate,Salaried,38827,4495,72000,120,Good,East,42,26-12-2023,0
APP004368,Male,Yes,0,Not Graduate,Self-Employed,37237,7977,94000,48,Good,East,32,01-08-2024,0
APP005088,Male,No,1,Graduate,Salaried,90187,22751,93000,240,No History,South,49,30-09-2023,0
APP001583,Female,No,2,Graduate,Salaried,89835,17453,48000,84,No History,North,24,20-11-2024,0
APP000804,Female,No,3,Graduate,Salaried,193977,5384,91000,84,Good,South,31,26-05-2023,0
APP004294,Female,Yes,2,Graduate,Self-Employed,71831,7547,115000,84,Good,South,45,01-06-2023,0
APP004208,Male,No,0,Graduate,Self-Employed,45058,5447,194000,60,Bad,West,39,21-10-2023,0
APP001227,Male,Yes,1,Not Graduate,Salaried,38365,10295,161000,360,Bad,East,39,14-03-2023,0
APP001204,Male,Yes,4,Not Graduate,Self-Employed,48644,11346,58000,24,Bad,East,51,05-05-2023,0
APP005821,Female,Yes,0,Graduate,Salaried,24011,5779,88000,48,Good,East,40,14-12-2023,0
APP002888,Male,No,4,Graduate,Self-Employed,60882,2505,245000,48,Good,West,27,09-11-2024,0
APP002904,Male,Yes,4,Graduate,Self-Employed,38957,4760,32000,180,Good,North,32,19-03-2023,0
APP001035,Male,Yes,3,Graduate,Salaried,69185,2737,49000,36,Good,North,24,16-01-2023,0
APP003957,Female,Yes,1,Not Graduate,Salaried,150312,43690,71000,60,Good,North,40,13-02-2024,0
APP004133,Female,No,3,Graduate,Self-Employed,63530,14092,112000,180,No History,East,32,24-08-2024,0
APP002393,Male,Yes,0,Graduate,Self-Employed,205802.1872,12127,99000,60,Good,West,42,01-06-2023,0
APP005706,Male,Yes,3,Graduate,Salaried,40453,9915,29000,360,Bad,North,41,26-03-2023,0
APP004071,Male,Yes,0,Graduate,Self-Employed,64418,7937,62000,24,No History,North,29,03-04-2023,0
APP000402,Female,No,0,Graduate,Self-Employed,62911,19286,55000,180,Good,North,24,08-11-2023,0
APP005612,Female,Yes,0,Graduate,Salaried,28783,6415,343000,84,Good,West,48,04-05-2023,0
APP001347,Male,Yes,3,Graduate,Salaried,23503,170,93000,84,Good,West,34,26-06-2023,0
APP002392,Male,No,1,Graduate,Self-Employed,47833,70,99000,36,Bad,West,35,13-09-2024,0
APP001268,Male,No,2,Not Graduate,Salaried,25754,2038,314000,12,Bad,North,33,12-04-2023,0
APP000806,Female,No,1,Graduate,Self-Employed,40355,8930,133000,48,Good,West,36,18-02-2023,0
APP001444,Male,No,2,Not Graduate,Salaried,42412,4347,99000,240,Good,East,35,14-06-2024,0
APP000960,Female,Yes,0,Graduate,Self-Employed,18759,2607,69000,84,Good,West,34,05-10-2023,0
APP005254,Male,Yes,1,Not Graduate,Salaried,39498,7902,96000,240,Good,East,41,13-06-2024,0
APP000186,Female,Yes,0,Graduate,Salaried,39871,937,62000,36,No History,North,41,19-04-2023,0
APP004734,Female,Yes,1,Graduate,Self-Employed,48644,4937,109000,240,Good,North,38,09-09-2024,0
APP002086,Male,Yes,3,Not Graduate,Self-Employed,48644,3620,150000,60,No History,North,27,01-02-2023,0
APP003227,Male,No,0,Graduate,Self-Employed,51546,14912,78000,48,Good,North,36,08-08-2024,0
APP000097,Male,Yes,0,Graduate,Self-Employed,81465,25580,47000,48,Good,West,40,11-06-2023,0
APP004037,Female,No,0,Not Graduate,Self-Employed,50456,6275,159000,60,Good,West,38,15-11-2024,0
APP005746,Female,No,0,Graduate,Self-Employed,92420,19021,77000,48,Good,North,40,23-03-2024,0
APP002120,Female,Yes,0,Graduate,Self-Employed,32365,5403,65000,120,Good,East,39,30-08-2023,0
APP002790,Female,No,0,Graduate,Self-Employed,20492,6502,268000,180,Good,South,37,12-03-2024,0
APP002928,Female,Yes,1,Graduate,Self-Employed,30892,8162,163000,180,Good,North,21,18-11-2023,0
APP001251,Female,Yes,1,Graduate,Self-Employed,146569,12487,88000,180,Good,East,27,14-08-2024,0
APP003680,Male,No,0,Graduate,Self-Employed,85266,22499,54000,60,Good,West,33,08-07-2023,0
APP000670,Male,Yes,2,Not Graduate,Salaried,39398,5443,112000,12,Good,South,42,02-03-2024,0
APP001753,Male,Yes,1,Graduate,Salaried,72166,609,185000,240,Good,North,30,06-09-2023,0
APP000470,Female,No,1,Graduate,Salaried,37027,8218,95000,84,Good,West,28,23-06-2023,0
APP003688,Male,No,2,Graduate,Self-Employed,37029,7668,99000,240,Good,East,55,15-08-2024,0
APP000577,Male,Yes,1,Graduate,Salaried,32292,9184,83000,240,Good,South,26,05-08-2024,0
APP001660,Male,Yes,0,Graduate,Salaried,48918,2885,131000,120,Good,South,35,12-01-2023,0
APP003239,Female,No,2,Not Graduate,Self-Employed,118015,38684,156000,84,Good,North,34,28-08-2024,0
APP003426,Female,No,0,Graduate,Salaried,27729,6000,64000,360,Good,South,32,11-05-2023,0
APP001477,Female,Yes,0,Graduate,Salaried,47344,3278,87000,48,Good,South,47,12-04-2024,0
APP005820,Male,Yes,1,Not Graduate,Salaried,22567,2354,58000,84,Bad,East,39,28-12-2024,1
APP003962,Male,Yes,1,Graduate,Salaried,45901,9704,107000,120,Good,South,54,29-03-2024,0
APP003866,Male,No,0,Graduate,Salaried,87244,12739,146000,180,Good,North,46,21-04-2024,0
APP005926,Female,Yes,1,Graduate,Salaried,30102,6905,69000,120,Good,South,40,28-11-2024,0
APP001378,Male,No,4,Graduate,Self-Employed,32869,8757,96000,84,Good,South,58,09-09-2023,0
APP004798,Female,No,3,Graduate,Self-Employed,45091,5004,136000,12,Bad,North,21,02-08-2024,0
APP003042,Male,Yes,1,Not Graduate,Self-Employed,62585,4092,68000,360,Good,North,21,05-01-2023,0
APP004757,Male,Yes,1,Graduate,Salaried,37642,7904,113000,84,Good,North,40,22-11-2023,0
APP004049,Female,No,4,Graduate,Salaried,32726,7196,82000,60,Good,West,32,26-04-2024,0
APP003211,Male,Yes,1,Graduate,Self-Employed,22155,7017,197000,48,No History,South,37,11-04-2023,0
APP001222,Male,Yes,1,Graduate,Self-Employed,76518,1169,58000,180,Good,North,32,29-06-2023,0
APP003778,Male,Yes,1,Graduate,Self-Employed,67945,15214,122000,24,Good,East,36,27-05-2023,0
APP002127,Female,No,1,Graduate,Salaried,34892,11207,96000,180,Bad,South,29,10-11-2024,0
APP005582,Male,Yes,0,Graduate,Self-Employed,76573,17894,82000,48,Good,West,26,02-10-2023,0
APP003661,Male,Yes,1,Graduate,Self-Employed,116516,37560,149000,60,Good,North,44,27-06-2023,0
APP002423,Female,Yes,3,Graduate,Self-Employed,39655,1463,66000,84,Good,West,33,04-04-2023,0
APP005835,Female,Yes,2,Graduate,Salaried,99610,29412,147000,36,Good,East,30,29-01-2023,0
APP005622,Female,Yes,2,Graduate,Salaried,30539,4449,736000,36,Good,East,42,17-09-2024,1
APP005172,Male,Yes,1,Graduate,Self-Employed,47915,10002,95000,84,Good,West,34,13-08-2024,0
APP000944,Female,Yes,0,Graduate,Self-Employed,49566,7448,234000,360,Good,North,51,03-09-2024,0
APP004891,Male,Yes,1,Graduate,Self-Employed,54187,9651,161000,84,Good,South,42,03-03-2024,0
APP004408,Male,No,3,Graduate,Salaried,75962,19576,36000,180,Good,South,33,20-09-2023,0
APP000242,Female,Yes,0,Not Graduate,Self-Employed,15565,314,106000,120,Good,East,30,18-07-2024,0
APP001790,Male,Yes,0,Not Graduate,Salaried,47042,81,235000,84,Good,North,51,27-06-2024,1
APP001927,Female,No,0,Not Graduate,Self-Employed,46110,10525,66000,120,Good,East,34,12-02-2024,0
APP003078,Male,Yes,2,Not Graduate,Salaried,17026,3399,91000,84,Good,East,23,05-02-2024,0
APP002604,Male,No,0,Graduate,Self-Employed,57860,17541,78000,180,Good,North,34,16-05-2023,0
APP000527,Male,Yes,0,Graduate,Self-Employed,20033,5187,67000,60,Good,East,36,01-10-2023,1
APP005906,Female,Yes,3,Graduate,Salaried,25466,4847,101000,48,Good,South,33,17-04-2023,0
APP003710,Female,No,1,Not Graduate,Self-Employed,105840,10676,110000,84,Good,North,22,27-10-2024,0
APP003740,Male,Yes,1,Graduate,Salaried,114194,15382,198000,120,Good,North,40,31-07-2024,0
APP003832,Female,Yes,1,Graduate,Salaried,54977,7840,509000,12,Good,North,34,14-08-2024,0
APP002961,Male,No,1,Graduate,Self-Employed,111430,35040,71000,120,Good,South,36,22-10-2023,0
APP002253,Female,Yes,1,Not Graduate,Salaried,24593,8344,192000,180,Good,North,26,30-12-2024,0
APP004964,Female,Yes,0,Graduate,Self-Employed,31624,7767,84000,12,Good,East,44,15-12-2024,0
APP005179,Male,Yes,2,Graduate,Salaried,55276,14003,109000,36,Good,West,44,10-11-2024,1
APP002137,Male,No,4,Graduate,Self-Employed,36695,10811,74000,48,Bad,East,37,07-02-2023,0
APP004432,Male,Yes,0,Graduate,Self-Employed,88203,26799,101000,360,Good,West,44,26-05-2023,0
APP000430,Male,Yes,0,Graduate,Salaried,15661,4798,141000,360,Good,North,45,26-10-2024,0
APP005964,Female,No,1,Graduate,Salaried,27110,4384,133000,48,Good,North,58,19-02-2023,0
APP002067,Male,Yes,1,Graduate,Self-Employed,41975,4229,65000,180,Good,North,56,27-12-2023,0
APP002326,Female,Yes,0,Not Graduate,Salaried,48288,16656,388000,12,Good,North,45,27-12-2023,0
APP001929,Female,Yes,0,Graduate,Self-Employed,77516,23116,109000,120,Good,East,37,11-12-2024,0
APP003030,Female,No,2,Graduate,Self-Employed,72569,16954,62000,84,Good,South,40,09-09-2024,0
APP003336,Female,Yes,0,Graduate,Salaried,81562,9881,84000,60,Good,East,26,27-03-2024,0
APP002808,Male,Yes,1,Not Graduate,Salaried,41315,2031,139000,60,Good,South,36,10-10-2023,0
APP005042,Female,Yes,2,Graduate,Self-Employed,43615,8651,258000,60,Good,East,34,24-11-2023,0
APP001479,Female,No,0,Graduate,Salaried,84214,1919,47000,240,Good,South,39,14-09-2024,0
APP000339,Male,Yes,3,Graduate,Self-Employed,25632,5410,68000,120,Good,West,30,27-03-2024,0
APP002075,Female,Yes,1,Not Graduate,Salaried,29712,9257,189000,120,Good,West,47,06-04-2024,1
APP002012,Male,No,0,Not Graduate,Self-Employed,21572,3115,280000,84,Good,South,35,12-11-2024,0
APP002675,Female,No,1,Graduate,Salaried,39874,9250,80000,120,Good,East,32,07-01-2023,0
APP000254,Male,Yes,2,Graduate,Self-Employed,120534,39049,53000,60,Good,South,33,10-06-2023,0
APP003222,Male,No,0,Not Graduate,Self-Employed,22825,5665,99000,360,Good,East,46,01-09-2023,0
APP000321,Male,Yes,1,Not Graduate,Salaried,59155,12829,147000,240,No History,East,50,26-12-2024,0
APP002049,Male,Yes,2,Graduate,Self-Employed,94946,24546,106000,36,Good,North,50,26-08-2023,0
APP004844,Male,Yes,0,Not Graduate,Salaried,30790,1886,71000,24,Good,North,32,31-05-2024,0
APP000947,Male,Yes,2,Graduate,Salaried,59746,1301,152000,48,Good,East,49,13-02-2024,0
APP003691,Female,No,3,Graduate,Self-Employed,35276,8423,68000,180,Good,West,36,05-03-2023,0
APP002456,Male,Yes,1,Graduate,Self-Employed,157455,15949,81000,240,Good,East,39,21-01-2023,0
APP001085,Female,No,2,Graduate,Self-Employed,31316,1262,150000,60,Good,East,25,16-12-2024,0
APP004745,Male,No,0,Graduate,Self-Employed,56921,17574,41000,120,Good,West,50,22-12-2023,0
APP005423,Female,No,1,Graduate,Salaried,51144,15866,138000,48,Good,North,59,03-08-2023,0
APP001192,Female,Yes,0,Graduate,Salaried,51282,1704,67000,240,Good,East,21,13-05-2024,1
APP000621,Male,Yes,0,Not Graduate,Salaried,53753,18143,105000,120,Good,West,21,23-08-2023,0
APP002099,Female,Yes,0,Graduate,Salaried,62522,8678,39000,120,No History,East,51,20-09-2023,0
APP000751,Male,Yes,0,Not Graduate,Salaried,51304,832,41000,60,No History,West,36,24-08-2023,0
APP002994,Male,Yes,0,Graduate,Self-Employed,22309,2293,98000,24,Good,West,50,25-04-2023,0
APP005734,Male,No,2,Graduate,Salaried,33196,6925,104000,12,Bad,West,27,08-05-2024,0
APP002804,Female,No,1,Graduate,Self-Employed,27129,5110,83000,84,Good,North,24,19-11-2023,0
APP001798,Male,No,0,Graduate,Salaried,31529,10224,31000,24,Good,North,49,10-03-2023,0
APP001865,Female,Yes,1,Not Graduate,Salaried,37147,1985,58000,84,Good,West,43,12-09-2023,0
APP003613,Male,Yes,1,Graduate,Self-Employed,16408,3753,114000,120,Good,North,33,16-07-2023,0
APP001959,Female,Yes,2,Graduate,Salaried,63591,18227,240000,36,Good,North,44,23-04-2023,0
APP002296,Male,Yes,1,Graduate,Self-Employed,26371,4031,106000,36,Good,North,27,21-07-2023,0
APP003759,Male,Yes,0,Graduate,Salaried,98387,28564,229000,84,Good,North,27,11-03-2023,0
APP001778,Male,No,1,Graduate,Self-Employed,107317,16481,113000,24,Good,West,36,04-09-2024,0
APP003926,Male,No,0,Graduate,Self-Employed,121338,26462,72000,60,Good,North,21,25-08-2024,0
APP000578,Female,Yes,1,Graduate,Salaried,28615,4178,119000,120,Bad,North,54,06-01-2024,0
APP005311,Male,No,3,Graduate,Self-Employed,42507,6260,26000,60,Good,East,54,15-10-2024,0
APP001668,Female,Yes,0,Graduate,Salaried,22279,6882,34000,60,Good,West,21,20-04-2024,0
APP001396,Female,No,0,Graduate,Salaried,111743,12969,113000,120,Good,North,28,21-09-2023,0
APP004278,Male,No,2,Graduate,Self-Employed,92176,29715,157000,36,No History,East,41,07-02-2024,1
APP002184,Male,No,0,Graduate,Self-Employed,24166,7285,106000,360,Good,East,21,09-03-2024,0
APP001806,Female,Yes,1,Graduate,Salaried,71881,18763,51000,84,Good,East,50,24-08-2023,0
APP002855,Male,Yes,0,Graduate,Salaried,27679,8015,63000,120,Good,South,21,08-10-2023,0
APP005276,Male,No,4,Graduate,Salaried,31891,1223,46000,120,Good,South,33,17-02-2023,0
APP000271,Female,No,3,Not Graduate,Self-Employed,18259,6053,69000,60,Good,West,50,08-04-2024,0
APP000171,Female,Yes,2,Not Graduate,Self-Employed,27859,7713,119000,48,Good,West,49,27-03-2024,0
APP002042,Male,Yes,1,Graduate,Self-Employed,25784,7034,53000,48,Bad,South,30,17-06-2024,1
APP000345,Male,Yes,0,Graduate,Salaried,50147,7409,59000,60,No History,West,62,23-04-2023,1
APP001234,Male,Yes,4,Not Graduate,Self-Employed,52536,7743,181000,60,No History,East,39,27-02-2023,0
APP001816,Female,No,1,Graduate,Salaried,31262,6806,72000,180,Good,West,47,03-07-2024,1
APP005914,Male,Yes,2,Graduate,Salaried,55518,4598,101000,12,Good,South,38,09-03-2024,0
APP005730,Female,Yes,2,Graduate,Self-Employed,28444,4252,100000,48,Good,North,21,09-10-2024,0
APP003708,Male,No,3,Not Graduate,Salaried,64915,5936,279000,60,Good,South,46,30-11-2024,0
APP002723,Female,No,0,Graduate,Salaried,27425,5742,92000,60,Good,East,35,22-08-2024,0
APP005245,Female,No,4,Graduate,Salaried,123112,33437,75000,240,Good,North,21,22-11-2024,0
APP004369,Male,Yes,0,Graduate,Self-Employed,40636,5265,113000,12,Good,South,27,21-02-2024,0
APP004785,Male,No,4,Graduate,Salaried,135446,5085,52000,48,Bad,East,30,02-12-2023,0
APP001497,Female,No,1,Graduate,Self-Employed,77352,4035,40000,84,Good,East,33,27-12-2023,0
APP004524,Female,No,1,Graduate,Salaried,37742,2799,151000,240,Good,West,27,28-01-2023,0
APP001276,Male,No,0,Not Graduate,Self-Employed,20494,5112,106000,360,Bad,East,22,09-11-2023,1
APP001310,Female,No,3,Graduate,Self-Employed,95814,1793,83000,36,Good,West,22,25-08-2024,0
APP001787,Female,Yes,0,Graduate,Salaried,11595.68039,1105,83000,180,No History,East,42,05-07-2023,0
APP003119,Male,No,0,Graduate,Salaried,147463,42323,86000,180,Good,South,25,15-02-2024,0
APP004216,Female,Yes,4,Graduate,Salaried,54266,17779,87000,240,Good,West,40,02-08-2023,0
APP002950,Female,Yes,0,Graduate,Salaried,31475,1154,48000,120,Good,East,49,01-04-2023,0
APP005895,Male,Yes,1,Not Graduate,Self-Employed,100201,29668,89000,120,Good,East,39,18-03-2023,0
APP001891,Male,Yes,2,Graduate,Salaried,59932,6933,145000,60,Good,West,38,27-10-2024,0
APP000678,Male,Yes,1,Graduate,Salaried,90690,14359,136000,360,Good,South,33,04-09-2024,0
APP004555,Male,No,0,Graduate,Salaried,62044,11972,45000,84,Bad,North,25,30-09-2024,1
APP002171,Female,No,1,Not Graduate,Self-Employed,61842,14561,30000,12,Good,South,28,09-12-2024,0
APP003620,Male,No,0,Graduate,Salaried,36091,9452,38000,240,Good,East,54,10-05-2024,0
APP002302,Male,No,4,Not Graduate,Salaried,28559,3437,157000,24,Bad,North,25,27-03-2023,0
APP004857,Male,No,0,Graduate,Salaried,15795,5271,211000,120,Good,East,61,19-01-2024,0
APP004193,Male,Yes,4,Graduate,Salaried,26498,4287,248000,48,No History,North,38,27-07-2024,0
APP002734,Female,Yes,1,Not Graduate,Self-Employed,30537,8090,54000,240,Bad,North,31,24-10-2023,1
APP004039,Female,Yes,1,Graduate,Salaried,39882,12403,55000,360,Good,West,47,05-07-2023,0
APP003611,Male,No,3,Graduate,Self-Employed,203001,35761,121000,120,Good,East,43,04-12-2023,0
APP003533,Male,No,1,Not Graduate,Self-Employed,14491,2529,81000,36,Bad,North,40,30-06-2023,0
APP000296,Male,Yes,1,Graduate,Salaried,38479,7264,177000,240,Good,North,39,12-05-2024,0
APP001071,Male,No,0,Graduate,Self-Employed,39113,7508,141000,84,Good,West,33,26-03-2023,0
APP000054,Female,No,2,Graduate,Salaried,41436,13503,99000,84,Bad,East,45,02-05-2024,0
APP005653,Male,No,1,Graduate,Self-Employed,40769,4353,56000,48,Good,West,50,03-01-2024,0
APP003401,Male,No,1,Not Graduate,Self-Employed,57220,18254,265000,48,Good,West,38,27-07-2024,0
APP003614,Female,No,4,Graduate,Salaried,58854,14491,48000,120,No History,South,37,13-10-2023,0
APP004231,Female,Yes,3,Graduate,Salaried,56457,15162,126000,36,Good,West,47,09-05-2024,0
APP005580,Male,Yes,2,Not Graduate,Salaried,36779,9818,92000,360,Good,North,48,29-05-2024,0
APP003343,Female,Yes,0,Not Graduate,Self-Employed,15681,4180,53000,48,Good,South,32,03-09-2023,0
APP002007,Male,Yes,0,Graduate,Salaried,205802.1872,74961,45000,84,No History,North,43,31-08-2023,0
APP000302,Male,No,3,Graduate,Salaried,65916,11949,95000,120,Good,South,53,08-03-2023,0
APP000366,Male,Yes,0,Graduate,Salaried,26451,8989,65000,120,Good,East,40,28-03-2024,0
APP004296,Male,Yes,3,Graduate,Self-Employed,48644,24096,53000,60,Bad,South,22,09-04-2023,1
APP000103,Male,Yes,3,Graduate,Salaried,17133,5546,118000,180,Good,West,37,19-12-2024,0
APP005818,Female,No,3,Not Graduate,Salaried,72539,983,128000,84,Good,North,21,14-03-2024,1
APP002793,Male,Yes,1,Not Graduate,Salaried,47089,10991,35000,240,Good,North,38,03-05-2024,0
APP003702,Female,Yes,3,Graduate,Self-Employed,73685,19446,105000,36,Good,South,41,23-06-2024,1
APP002796,Female,Yes,1,Graduate,Salaried,39267,3545,89000,84,Good,North,40,17-05-2024,0
APP004365,Male,Yes,0,Graduate,Salaried,24475,3091,150000,24,Good,South,43,04-11-2023,0
APP002732,Male,Yes,3,Graduate,Salaried,26019,5562,163000,84,Good,East,27,14-08-2023,0
APP005274,Female,No,0,Graduate,Salaried,32078,2974,181000,240,Good,North,38,15-11-2024,0
APP004010,Male,No,4,Not Graduate,Self-Employed,113103,17300,54000,120,Good,West,32,23-02-2024,1
APP003785,Female,Yes,1,Graduate,Salaried,29435,6506,89000,60,No History,East,42,12-08-2023,0
APP003006,Female,Yes,2,Graduate,Salaried,65247,6183,124000,84,Good,West,47,19-02-2024,0
APP004191,Female,Yes,3,Graduate,Salaried,48644,4929,64000,180,Good,North,38,04-02-2023,0
APP001488,Female,No,1,Graduate,Salaried,104147,5333,51000,180,Good,North,40,03-10-2024,0
APP004981,Female,No,0,Not Graduate,Salaried,24183,763,242000,12,Bad,North,38,17-03-2023,0
APP000375,Male,Yes,1,Graduate,Self-Employed,27820,6096,166000,240,Good,East,58,22-06-2023,0
APP001214,Female,No,2,Graduate,Self-Employed,77535,11965,57000,180,Good,East,62,16-11-2023,0
APP000545,Female,Yes,0,Graduate,Self-Employed,21834,7338,83000,180,Good,East,36,29-02-2024,0
APP000292,Male,Yes,0,Graduate,Self-Employed,20340,1505,261000,84,Good,North,36,04-08-2024,0
APP004455,Female,Yes,1,Graduate,Self-Employed,19147,1909,78000,360,Good,East,30,27-04-2024,0
APP000390,Female,Yes,3,Graduate,Salaried,38566,8911,131000,120,Good,West,21,08-11-2024,0
APP002870,Male,Yes,4,Graduate,Salaried,37049,12298,78000,360,No History,West,45,09-11-2023,0
APP005314,Female,Yes,1,Graduate,Self-Employed,52371,14680,106000,84,Good,North,27,18-03-2023,0
APP003733,Male,Yes,4,Graduate,Self-Employed,84435,12765,48000,180,Good,South,21,29-04-2023,0
APP001871,Female,Yes,4,Not Graduate,Self-Employed,80979,16088,66000,48,Good,West,29,14-05-2023,1
APP004475,Female,Yes,1,Graduate,Salaried,87457,22969,118000,24,Good,East,31,09-11-2023,1
APP000248,Female,Yes,3,Graduate,Salaried,14455,3234,70000,180,Good,North,39,04-10-2024,0
APP004043,Male,Yes,1,Graduate,Salaried,107862,18682,43000,12,Good,North,36,25-06-2023,0
APP003232,Female,No,3,Not Graduate,Self-Employed,73453,22059,60000,48,Good,West,22,07-11-2023,0
APP002165,Male,Yes,1,Graduate,Self-Employed,32987,9385,90000,12,Good,East,35,18-05-2023,0
APP001297,Male,Yes,1,Graduate,Salaried,16630,4507,116000,180,Good,South,51,12-12-2023,0
APP005765,Female,Yes,0,Graduate,Self-Employed,21632,5867,24000,360,Good,South,29,24-10-2024,0
APP003065,Female,Yes,0,Not Graduate,Salaried,23452,379,91000,84,Bad,West,27,03-05-2024,0
APP005496,Male,Yes,3,Graduate,Salaried,48644,718,149000,120,Good,North,35,26-12-2024,0
APP000411,Male,Yes,1,Graduate,Self-Employed,86564,21384,38000,240,Good,West,28,04-04-2024,0
APP002006,Female,No,2,Not Graduate,Self-Employed,58839,11,34000,120,Good,North,23,09-01-2024,0
APP005231,Female,Yes,0,Graduate,Salaried,71587,8516,65000,84,Good,West,35,08-12-2023,0
APP001895,Male,Yes,3,Not Graduate,Self-Employed,60201,6174,50000,36,Good,West,49,26-03-2024,0
APP001185,Male,No,1,Graduate,Salaried,76025,5799,53000,180,Good,North,50,15-09-2024,0
APP004961,Male,Yes,0,Graduate,Self-Employed,197147,61106,148000,240,Good,North,39,06-04-2023,0
APP003005,Male,No,0,Graduate,Self-Employed,205802.1872,53098,95000,48,Good,South,46,04-08-2024,0
APP001899,Male,Yes,1,Graduate,Salaried,20692,2408,173000,60,Good,South,42,09-01-2023,0
APP000833,Male,Yes,0,Not Graduate,Salaried,49877,10288,70000,60,Good,East,37,27-01-2024,0
APP002228,Female,No,1,Graduate,Salaried,51712,8736,56000,84,Bad,South,51,08-06-2024,0
APP001804,Male,Yes,2,Graduate,Salaried,76969,21235,372000,48,Good,West,53,23-12-2024,0
APP000691,Male,No,0,Graduate,Self-Employed,81576,25152,57000,120,Good,South,55,20-11-2023,0
APP004986,Male,No,1,Graduate,Self-Employed,27277,2443,55000,48,No History,East,46,16-05-2024,0
APP002519,Female,Yes,0,Not Graduate,Salaried,58980,10516,99000,360,Good,East,60,22-08-2023,0
APP002753,Male,Yes,0,Graduate,Salaried,40709,13666,87000,36,No History,North,24,18-03-2024,0
APP005992,Male,Yes,1,Graduate,Self-Employed,50981,11787,148000,120,Bad,South,37,01-07-2024,0
APP001513,Female,Yes,1,Graduate,Self-Employed,35147,2847,43000,84,No History,East,52,16-04-2024,0
APP005327,Male,Yes,2,Not Graduate,Salaried,63763,5732,119000,36,Good,North,33,30-05-2024,0
APP005266,Male,No,2,Graduate,Salaried,33259,3658,72000,240,Good,West,38,15-06-2024,0
APP004095,Male,Yes,2,Graduate,Salaried,27044,5880,266000,180,Good,East,46,27-04-2023,0
APP001076,Male,No,1,Graduate,Self-Employed,40193,11284,86000,180,Good,South,34,26-02-2023,0
APP005884,Female,No,0,Not Graduate,Salaried,57638,18499,22000,60,No History,North,32,04-07-2023,0
APP003491,Male,Yes,0,Graduate,Self-Employed,66141,13217,105000,180,Good,North,38,15-09-2023,0
APP004102,Male,No,0,Graduate,Salaried,82370,25402,20000,24,Good,North,39,01-12-2024,0
APP002358,Male,Yes,3,Graduate,Self-Employed,78898,21472,82000,60,Good,North,56,10-10-2023,0
APP002440,Male,Yes,1,Graduate,Self-Employed,42800,4308,52000,180,Good,North,57,21-07-2023,0
APP002112,Male,No,4,Graduate,Self-Employed,30700,7798,79000,240,Good,North,39,04-08-2024,1
APP000770,Female,Yes,1,Graduate,Self-Employed,65727,21669,50000,84,Good,East,38,21-06-2024,0
APP005103,Male,Yes,1,Graduate,Salaried,161303,49679,62000,84,Bad,West,50,16-12-2023,0
APP004586,Female,Yes,0,Graduate,Salaried,28325,8605,45000,24,Good,North,47,16-09-2024,0
APP002868,Female,Yes,1,Not Graduate,Salaried,56393,7132,255000,360,Good,North,29,24-06-2023,0
APP005833,Female,No,2,Not Graduate,Salaried,173682,42765,92000,36,Good,South,28,07-05-2023,0
APP002967,Female,Yes,0,Graduate,Salaried,62611,18494,73000,120,Good,East,46,11-04-2024,1
APP002603,Female,Yes,3,Graduate,Self-Employed,48644,13659,50000,180,Good,North,36,14-06-2023,0
APP001947,Male,Yes,4,Not Graduate,Self-Employed,34231,4573,150000,84,Good,East,61,17-12-2023,0
APP000555,Female,Yes,3,Graduate,Salaried,25102,3620,143000,36,Good,South,38,14-08-2023,0
APP005874,Female,No,0,Graduate,Salaried,17685,2853,60000,24,Good,East,35,10-12-2023,0
APP000753,Female,Yes,3,Not Graduate,Salaried,13209,1586,128000,60,Good,South,49,05-06-2024,0
APP003116,Female,Yes,0,Not Graduate,Salaried,50937,10271,241000,24,Good,East,39,26-08-2023,1
APP001362,Male,No,0,Graduate,Salaried,30359,8886,209000,60,Good,South,36,25-03-2023,0
APP003747,Female,Yes,1,Graduate,Salaried,165691,10237,47000,84,Good,West,42,22-07-2023,0
APP002683,Male,No,1,Graduate,Salaried,172618,43590,176000,120,Good,East,32,18-08-2023,0
APP001042,Female,No,1,Graduate,Self-Employed,30951,213,93000,48,Good,North,49,27-12-2023,1
APP003285,Male,Yes,2,Graduate,Self-Employed,32758,5683,77000,60,Bad,East,41,29-08-2024,0
APP004873,Male,Yes,0,Graduate,Self-Employed,78546,4443,36000,24,Good,South,42,27-03-2024,0
APP005725,Male,Yes,1,Not Graduate,Salaried,36587,2091,181000,48,Good,South,46,22-10-2024,0
APP000364,Male,Yes,1,Graduate,Self-Employed,40528,2627,133000,240,Bad,North,38,12-07-2024,0
APP004675,Male,No,2,Graduate,Self-Employed,25365,351,183000,84,Good,East,36,31-05-2024,0
APP002765,Male,No,3,Not Graduate,Salaried,36906,3060,49000,24,No History,East,60,16-05-2023,1
APP001136,Male,Yes,3,Not Graduate,Self-Employed,33398,8344,169000,120,Bad,East,38,23-01-2023,1
APP003213,Male,Yes,0,Not Graduate,Self-Employed,61473,13127,47000,36,Good,East,28,15-01-2024,0
APP004703,Female,Yes,1,Graduate,Self-Employed,114508,7464,119000,120,Bad,West,31,04-02-2023,0
APP003412,Male,Yes,3,Graduate,Self-Employed,37957,6595,60000,240,Good,East,49,23-05-2023,0
APP002428,Female,Yes,3,Graduate,Self-Employed,39274,8670,99000,36,Bad,North,39,28-04-2023,0
APP001680,Female,Yes,3,Not Graduate,Self-Employed,46441,15771,57000,84,Good,East,31,22-01-2023,0
APP000551,Male,Yes,1,Graduate,Salaried,86232,7404,111000,36,Good,East,49,08-08-2024,0
APP003590,Male,No,3,Graduate,Salaried,23667,5409,70000,84,Good,North,58,25-12-2024,0
APP002357,Female,Yes,2,Graduate,Salaried,50472,11963,28000,12,Good,East,26,30-09-2024,0
APP002798,Female,Yes,0,Graduate,Self-Employed,15880,999,51000,24,Good,South,53,28-01-2023,0
APP004713,Male,Yes,0,Graduate,Salaried,107882,22112,119000,84,Good,West,29,25-08-2023,0
APP001623,Male,Yes,2,Graduate,Salaried,15640,148,135000,48,Good,South,23,22-06-2024,0
APP002521,Female,No,2,Graduate,Salaried,87658,4259,83000,180,Good,West,45,06-03-2024,0
APP004537,Male,Yes,4,Graduate,Salaried,131004,41222,95000,360,No History,North,45,08-04-2024,0
APP005532,Male,Yes,3,Graduate,Salaried,44980,7575,60000,60,No History,North,50,23-12-2023,0
APP003869,Female,No,3,Graduate,Salaried,39684,1186,159000,120,Good,West,32,04-05-2023,1
APP004947,Female,Yes,3,Graduate,Salaried,57305,8542,84000,180,Bad,South,33,12-02-2024,1
APP003015,Female,Yes,0,Not Graduate,Salaried,106988,19844,159000,240,Good,West,48,19-06-2024,0
APP004834,Male,Yes,0,Graduate,Self-Employed,51889,14078,34000,60,Bad,East,29,18-10-2024,0
APP003121,Male,Yes,0,Not Graduate,Salaried,59762,10791,65000,360,Good,North,33,14-09-2024,0
APP000843,Male,No,0,Graduate,Salaried,28597,2046,141000,180,No History,North,35,06-09-2023,1
APP002496,Male,No,2,Not Graduate,Salaried,47670,11132,99000,180,Good,South,49,25-05-2024,0
APP002069,Male,No,4,Graduate,Self-Employed,29088,3454,157000,120,Good,West,21,14-07-2024,0
APP004958,Female,Yes,0,Graduate,Salaried,57602,11259,68000,60,Good,North,32,27-05-2023,0
APP000880,Male,Yes,2,Graduate,Salaried,129519,13072,46000,120,No History,East,23,21-11-2024,1
APP005483,Male,No,0,Graduate,Self-Employed,17114,5391,113000,36,No History,West,22,01-02-2023,0
APP003784,Female,No,0,Graduate,Self-Employed,55684,2815,45000,360,Good,East,39,09-05-2024,0
APP005477,Male,No,2,Graduate,Salaried,49292,940,44000,120,Good,North,43,14-05-2024,0
APP004314,Female,No,1,Graduate,Salaried,48644,5970,73000,240,Good,East,47,03-03-2023,0
APP000864,Male,Yes,0,Graduate,Self-Employed,18797,323,80000,60,Good,North,30,02-02-2023,0
APP000759,Female,No,1,Graduate,Salaried,39102,4022,45000,84,Good,East,30,30-04-2024,0
APP003122,Male,Yes,0,Graduate,Salaried,66021,6428,48000,84,Good,South,41,22-08-2024,0
APP004409,Male,Yes,1,Not Graduate,Salaried,48977,3109,80000,180,Bad,East,43,25-11-2023,1
APP002403,Male,Yes,0,Graduate,Salaried,39548,3591,83000,60,Good,West,41,06-02-2024,0
APP004622,Female,Yes,0,Graduate,Self-Employed,53773,3642,171000,84,Good,East,56,06-10-2024,0
APP002060,Male,Yes,0,Not Graduate,Salaried,38191,3738,61000,24,Good,North,49,07-04-2024,0
APP004405,Female,Yes,2,Not Graduate,Self-Employed,44082,9643,200000,240,No History,North,21,21-11-2024,0
APP004581,Female,No,0,Graduate,Self-Employed,88696,167,133000,84,Good,North,21,22-03-2023,0
APP003617,Male,No,1,Graduate,Self-Employed,67585,4354,72000,180,Good,East,49,29-12-2023,0
APP002578,Female,Yes,3,Not Graduate,Salaried,28717,3904,144000,24,Good,West,33,18-02-2023,0
APP001912,Female,No,4,Not Graduate,Salaried,33922,122,148000,60,Bad,South,55,01-03-2023,1
APP002646,Male,Yes,2,Graduate,Salaried,68530,15927,71000,24,Good,West,35,29-04-2024,0
APP004025,Female,No,1,Graduate,Salaried,37290,10887,69000,60,Good,South,28,04-10-2024,0
APP005387,Male,No,2,Graduate,Self-Employed,32396,9837,83000,240,Good,South,45,31-10-2023,0
APP001074,Male,Yes,4,Graduate,Salaried,52850,10799,178000,24,Good,South,40,16-11-2023,1
APP001754,Male,No,1,Graduate,Self-Employed,193714,23622,106000,60,Good,West,26,19-08-2024,0
APP001160,Male,Yes,0,Graduate,Self-Employed,72658,1909,188000,84,Good,East,51,08-01-2024,0
APP000059,Male,No,0,Graduate,Salaried,42358,11412,127000,24,No History,East,29,17-12-2024,0
APP001327,Male,Yes,4,Graduate,Self-Employed,205802.1872,37791,47000,360,Good,East,50,24-02-2024,0
APP005170,Female,Yes,2,Not Graduate,Salaried,60082,13202,59000,36,Good,West,40,30-09-2023,0
APP002295,Male,Yes,3,Graduate,Salaried,58149,18678,80000,84,Good,West,67,02-11-2024,0
APP004195,Female,Yes,1,Not Graduate,Salaried,23314,307,166000,84,Good,South,38,15-07-2024,0
APP004073,Female,No,2,Not Graduate,Salaried,61089,15616,125000,180,Good,East,42,30-10-2024,0
APP001239,Female,No,0,Not Graduate,Salaried,83838,22499,72000,120,Good,South,45,28-05-2024,0
APP004829,Male,No,0,Graduate,Self-Employed,41175,5579,41000,36,No History,North,36,27-02-2024,0
APP005417,Male,No,0,Graduate,Salaried,18904,6548,119000,240,Good,North,51,29-07-2023,0
APP002399,Female,Yes,0,Not Graduate,Self-Employed,47057,11584,82000,360,Bad,West,51,11-11-2023,0
APP003504,Male,No,1,Not Graduate,Self-Employed,75626,22388,107000,36,Bad,South,55,02-09-2023,1
APP002694,Male,No,1,Graduate,Salaried,65964,1268,188000,120,Good,North,40,15-05-2023,0
APP004595,Male,Yes,2,Graduate,Salaried,31616,2102,83000,84,Good,South,32,27-04-2024,0
APP003134,Male,Yes,0,Not Graduate,Salaried,28010,4814,128000,48,Good,North,54,19-07-2023,0
APP004843,Male,Yes,1,Not Graduate,Salaried,61253,19028,85000,240,Good,South,45,25-08-2023,0
APP002530,Female,No,2,Graduate,Salaried,49342,8945,55000,48,Bad,West,31,28-03-2024,0
APP005329,Male,Yes,2,Graduate,Self-Employed,52939,3330,106000,60,No History,South,39,19-12-2023,0
APP001478,Female,Yes,1,Graduate,Self-Employed,34103,2861,99000,60,Good,North,47,14-04-2024,0
APP001514,Male,Yes,0,Graduate,Self-Employed,64459,7676,104000,120,No History,North,41,08-09-2023,1
APP002197,Male,Yes,3,Graduate,Salaried,47240,6615,132000,12,Good,East,36,01-10-2023,0
APP005381,Male,No,0,Graduate,Salaried,33887,10422,76000,36,Good,East,55,18-04-2023,0
APP003286,Male,Yes,3,Not Graduate,Self-Employed,32626,2432,50000,84,Bad,North,61,29-12-2024,1
APP000356,Female,No,0,Graduate,Self-Employed,64716,2868,158000,360,Good,East,37,08-10-2023,0
APP003069,Male,No,2,Graduate,Self-Employed,30993,5334,42000,12,Good,West,52,04-03-2024,0
APP003990,Female,Yes,2,Graduate,Self-Employed,54481,14473,99000,60,Good,East,30,01-11-2024,0
APP001069,Male,Yes,4,Graduate,Salaried,57663,2237,254000,180,Bad,East,45,23-06-2024,1
APP003414,Male,Yes,0,Graduate,Self-Employed,48346,5992,103000,360,Bad,East,41,28-01-2023,0
APP002196,Male,No,0,Graduate,Self-Employed,26315,7170,235000,12,Good,North,54,10-09-2023,0
APP004936,Male,Yes,0,Graduate,Salaried,39719,13188,97000,180,Good,West,47,06-03-2023,0
APP000077,Female,Yes,2,Not Graduate,Salaried,107475,11388,91000,240,Bad,North,21,16-10-2024,1
APP000517,Male,No,0,Graduate,Salaried,76930,5990,133000,84,Good,East,56,01-12-2023,0
APP003889,Female,No,0,Graduate,Self-Employed,31745,5745,50000,360,Bad,East,44,26-08-2024,1
APP003290,Male,Yes,1,Not Graduate,Self-Employed,35922,2649,147000,36,Good,North,25,02-12-2024,1
APP001800,Male,Yes,0,Graduate,Self-Employed,63135,931,131000,360,No History,North,39,04-05-2024,1
APP005552,Male,No,0,Graduate,Salaried,55732,5773,114000,48,Good,North,51,01-05-2023,0
APP001127,Male,No,1,Not Graduate,Salaried,41542,13467,357000,48,Bad,North,51,28-01-2024,0
APP005019,Male,No,2,Graduate,Self-Employed,37551,3999,70000,36,Good,North,57,21-05-2024,0
APP002501,Female,Yes,0,Graduate,Self-Employed,56096,18205,146000,180,Good,West,48,24-02-2024,0
APP004096,Male,Yes,1,Graduate,Salaried,58966,13283,112000,24,Good,West,48,09-04-2023,0
APP005203,Female,Yes,1,Not Graduate,Self-Employed,50663,13639,98000,24,Good,East,52,28-08-2024,0
APP005876,Male,Yes,0,Graduate,Salaried,46163,2873,73000,180,Bad,South,49,09-07-2023,1
APP005898,Male,Yes,2,Graduate,Salaried,132692,36786,49000,120,Bad,East,39,04-05-2023,1
APP000193,Female,No,1,Graduate,Salaried,62697,18386,58000,48,Bad,North,30,03-06-2024,0
APP004377,Male,No,1,Graduate,Self-Employed,113870,30096,78000,36,Good,South,38,24-04-2024,0
APP004079,Female,Yes,3,Graduate,Self-Employed,53069,6950,85000,60,Good,South,41,03-06-2023,0
APP003465,Male,No,3,Graduate,Salaried,69844,11644,62000,48,Good,South,30,31-07-2024,0
APP001039,Male,Yes,1,Not Graduate,Salaried,138502,27003,306000,120,Good,West,60,19-01-2024,0
APP002179,Female,Yes,0,Graduate,Salaried,15361,2949,338000,240,Good,West,21,29-12-2024,0
APP001960,Female,Yes,2,Graduate,Salaried,33303,8884,101000,48,Good,South,32,04-04-2023,0
APP002996,Female,Yes,0,Graduate,Salaried,20157,5725,94000,180,Bad,North,21,18-06-2024,0
APP004106,Female,No,0,Not Graduate,Self-Employed,23335,7452,95000,120,Bad,South,35,18-01-2023,0
APP005803,Male,Yes,4,Not Graduate,Self-Employed,20078,5496,99000,84,Good,East,28,06-09-2023,0
APP002682,Female,Yes,0,Graduate,Self-Employed,61084,1225,103000,84,Good,South,29,19-06-2023,0
APP005378,Male,No,1,Graduate,Salaried,100953,32128,85000,84,Good,North,21,25-04-2024,0
APP002506,Male,Yes,2,Graduate,Salaried,57105,13425,461000,48,Good,West,32,06-04-2023,0
APP001304,Male,Yes,2,Graduate,Salaried,50926,12151,79000,360,Good,North,44,04-08-2024,0
APP000627,Male,No,4,Graduate,Self-Employed,18145,5902,86000,120,Good,West,60,05-05-2023,0
APP001174,Male,No,2,Graduate,Salaried,39601,8941,300000,240,Good,North,40,09-08-2024,0
APP001433,Male,No,0,Graduate,Self-Employed,116855,34010,40000,60,Bad,South,36,31-01-2023,1
APP001100,Male,Yes,0,Graduate,Salaried,45899,11217,153000,12,Good,West,51,16-06-2024,0
APP005493,Male,No,2,Graduate,Salaried,98820,19723,46000,84,Good,East,43,11-01-2024,0
APP001909,Male,Yes,0,Not Graduate,Self-Employed,48644,3410,189000,360,Good,East,42,29-10-2023,0
APP005182,Female,Yes,2,Graduate,Self-Employed,75942,19205,83000,120,Good,East,21,23-11-2024,0
APP005947,Male,No,2,Graduate,Salaried,36630,5773,102000,240,Good,North,34,24-01-2023,0
APP005246,Female,Yes,0,Not Graduate,Self-Employed,29867,5209,154000,180,Good,West,29,03-12-2023,0
APP005222,Male,Yes,3,Not Graduate,Salaried,28899,6021,122000,36,Good,South,24,19-09-2024,1
APP005236,Male,Yes,2,Not Graduate,Salaried,48746,2389,152000,36,Good,West,36,10-11-2024,0
APP001406,Male,Yes,3,Graduate,Salaried,35805,11377,78000,360,Good,North,21,21-03-2024,0
APP001911,Male,Yes,2,Graduate,Self-Employed,30656,9083,70000,84,Good,West,26,13-12-2023,0
APP002199,Male,Yes,2,Graduate,Salaried,31879,4401,31000,84,Bad,North,21,10-04-2024,0
APP005392,Male,Yes,0,Graduate,Salaried,20248,5780,216000,36,No History,East,64,24-12-2024,0
APP000836,Male,No,0,Graduate,Salaried,71710,17604,195000,36,Good,North,44,13-12-2024,0
APP005960,Female,Yes,0,Graduate,Salaried,48644,26260,65000,360,Good,South,34,06-12-2023,0
APP002814,Male,Yes,0,Not Graduate,Self-Employed,63499,19377,166000,360,Good,North,38,30-12-2023,0
APP000310,Male,Yes,2,Graduate,Salaried,19327,5595,120000,84,Good,West,42,24-09-2023,0
APP001413,Male,No,0,Graduate,Salaried,48644,21201,81000,24,Good,West,47,31-03-2023,0
APP000776,Male,No,4,Graduate,Self-Employed,12180,493,55000,48,Good,South,30,30-03-2024,0
APP000485,Female,No,2,Not Graduate,Salaried,57528,12895,136000,24,Good,South,26,15-03-2024,0
APP005600,Female,Yes,0,Graduate,Salaried,36573,2611,86000,60,Bad,South,40,13-02-2024,0
APP000368,Female,Yes,0,Graduate,Self-Employed,50891,12061,47000,180,No History,North,43,27-06-2023,0
APP000571,Male,Yes,0,Not Graduate,Salaried,78578,11767,91000,12,Good,East,55,26-07-2024,0
APP005908,Female,Yes,0,Not Graduate,Salaried,48272,5642,105000,84,Bad,South,57,18-07-2024,0
APP000650,Male,No,0,Graduate,Self-Employed,34861,7624,168000,36,Good,South,53,29-09-2024,0
APP000041,Male,Yes,3,Graduate,Self-Employed,69918,13350,62000,180,Good,South,45,30-07-2023,0
APP003516,Female,Yes,1,Not Graduate,Salaried,39344,6829,47000,120,Good,North,38,29-10-2023,0
APP000442,Female,Yes,2,Not Graduate,Salaried,28358,5317,76000,240,Good,North,21,22-12-2023,0
APP001594,Male,Yes,2,Graduate,Salaried,22539,2169,48000,84,Good,South,21,30-11-2024,0
APP002264,Male,No,0,Not Graduate,Salaried,41613,2948,57000,240,Bad,East,52,24-02-2023,1
APP000897,Male,No,0,Graduate,Self-Employed,31383,5408,155000,12,Bad,West,37,13-07-2023,0
APP001072,Male,Yes,0,Graduate,Salaried,133305,26025,135000,120,Good,South,35,16-02-2023,0
APP001542,Male,No,0,Graduate,Self-Employed,27037,1504,133000,120,Good,North,41,19-05-2023,0
APP001405,Female,No,1,Not Graduate,Self-Employed,89272,15366,111000,24,No History,West,30,20-03-2024,0
APP000352,Female,Yes,2,Graduate,Salaried,27226,9363,99000,180,Good,East,37,08-03-2023,1
APP003563,Male,Yes,0,Graduate,Self-Employed,79644,2959,122000,48,No History,East,25,20-03-2024,0
APP005368,Male,Yes,0,Graduate,Salaried,35570,8606,52000,60,Bad,West,40,17-09-2023,0
APP005125,Female,No,0,Graduate,Salaried,30584,4646,125000,240,Good,East,29,22-09-2023,0
APP005455,Female,Yes,0,Graduate,Salaried,24285,5396,44000,24,No History,East,50,26-02-2024,0
APP001270,Male,Yes,1,Graduate,Salaried,34648,9279,43000,240,Good,East,45,16-12-2024,0
APP005989,Female,Yes,2,Graduate,Self-Employed,44080,2284,53000,24,Good,North,44,10-03-2024,1
APP004283,Male,Yes,1,Graduate,Salaried,48644,5202,61000,180,Good,East,39,27-11-2024,1
APP002032,Male,Yes,4,Graduate,Salaried,122638,28632,58000,120,Good,East,33,16-10-2024,0
APP000946,Male,No,0,Graduate,Salaried,102727,29092,107000,48,Good,North,44,21-03-2023,0
APP001690,Female,Yes,1,Graduate,Salaried,31195,3163,133000,360,Good,South,54,26-01-2024,0
APP005131,Male,Yes,2,Graduate,Salaried,65640,3448,73000,180,Good,West,33,07-06-2023,0
APP000073,Male,Yes,2,Not Graduate,Salaried,42425,13502,96000,12,Good,North,34,30-12-2024,0
APP004859,Female,Yes,0,Graduate,Salaried,79390,22177,81000,240,Good,West,36,05-05-2023,0
APP005071,Male,Yes,4,Graduate,Salaried,174225,53199,141000,360,Good,South,46,03-12-2023,0
APP004333,Male,Yes,0,Graduate,Self-Employed,63007,10604,61000,24,Good,North,56,30-12-2023,0
APP000995,Male,No,3,Not Graduate,Self-Employed,14551,1798,63000,84,Good,East,42,01-08-2024,0
APP000763,Male,Yes,2,Not Graduate,Salaried,62129,21383,55000,12,Good,West,28,21-10-2023,0
APP004123,Female,No,0,Not Graduate,Salaried,45127,12290,112000,12,Good,West,39,09-05-2023,0
APP002138,Female,No,0,Graduate,Salaried,23688,5768,150000,120,Good,East,33,30-09-2024,0
APP002836,Female,Yes,3,Graduate,Salaried,24990,6092,134000,24,Bad,South,38,21-06-2024,0
APP000174,Male,Yes,0,Graduate,Self-Employed,81678,6152,105000,48,Bad,East,29,26-03-2023,0
APP002066,Female,No,0,Graduate,Salaried,116404,7817,90000,84,Good,West,46,05-04-2023,0
APP002857,Male,No,2,Graduate,Salaried,60962,11451,147000,180,Good,West,38,07-09-2024,0
APP001735,Male,No,0,Graduate,Self-Employed,48644,6817,101000,24,No History,South,46,14-02-2024,0
APP005462,Male,No,3,Not Graduate,Salaried,48542,1203,60000,12,Good,North,34,15-04-2024,0
APP003737,Female,No,0,Graduate,Salaried,25213,4400,109000,36,Good,West,54,17-03-2023,1
APP004865,Male,Yes,1,Graduate,Self-Employed,28708,8656,84000,360,Good,South,41,24-08-2023,0
APP002853,Male,No,4,Not Graduate,Self-Employed,70572,17231,153000,24,Good,South,48,23-12-2024,0
APP002512,Female,Yes,1,Not Graduate,Salaried,34415,142,124000,48,Good,North,54,22-04-2023,0
APP002959,Male,Yes,1,Graduate,Self-Employed,61410,11913,99000,120,Good,North,41,29-04-2024,0
APP003188,Male,No,4,Graduate,Self-Employed,63401,13939,74000,60,Good,South,25,01-01-2023,0
APP003176,Male,No,0,Graduate,Self-Employed,42062,4541,100000,36,Good,South,28,10-09-2023,0
APP001781,Male,Yes,0,Graduate,Self-Employed,32245,9433,82000,24,Bad,West,27,06-11-2023,0
APP002352,Female,No,3,Graduate,Self-Employed,34251,4093,125000,84,Good,West,21,18-05-2024,0
APP001776,Male,Yes,0,Graduate,Self-Employed,64233,5903,94000,180,Good,North,30,30-12-2023,0
APP001535,Male,No,2,Graduate,Salaried,51038,15870,66000,360,Bad,East,38,20-07-2024,1
APP000839,Female,Yes,1,Graduate,Self-Employed,48644,10195,275000,48,Bad,South,32,02-01-2024,0
APP003106,Male,Yes,0,Not Graduate,Self-Employed,46967,12538,100000,36,Good,West,34,30-09-2024,0
APP003766,Male,Yes,2,Graduate,Salaried,95316,2098,79000,60,No History,West,36,21-12-2023,0
APP003335,Female,Yes,3,Not Graduate,Salaried,93007,9438,22000,360,Good,East,43,06-01-2024,0
APP004610,Male,No,0,Graduate,Self-Employed,51158,9038,130000,12,Bad,East,56,17-05-2024,0
APP000865,Male,Yes,1,Graduate,Salaried,61402,6125,154000,60,No History,South,41,12-06-2024,0
APP005591,Male,No,0,Graduate,Salaried,86712,13619,158000,36,Good,South,32,23-08-2024,0
APP003917,Female,No,2,Graduate,Self-Employed,56151,7688,61000,24,Good,North,47,24-12-2023,0
APP000117,Female,Yes,2,Not Graduate,Salaried,48644,4358,99000,60,Good,South,34,22-01-2024,0
APP004690,Female,No,2,Graduate,Salaried,48644,6669,152000,120,Bad,East,50,16-05-2023,1
APP003677,Male,Yes,0,Graduate,Salaried,34721,4712,32000,24,Good,North,37,07-04-2023,1
APP001904,Male,No,2,Graduate,Self-Employed,39479,10737,149000,180,Good,North,40,20-05-2023,0
APP000299,Female,Yes,3,Not Graduate,Self-Employed,24838,7073,55000,180,Good,South,39,28-08-2023,0
APP000372,Male,Yes,1,Graduate,Self-Employed,48644,4915,102000,120,No History,West,40,15-11-2024,0
APP001900,Female,Yes,0,Graduate,Salaried,63036,18144,153000,60,Good,East,26,18-02-2024,0
APP001294,Female,Yes,0,Graduate,Self-Employed,52267,10624,63000,180,No History,West,43,24-01-2024,0
APP000267,Female,Yes,0,Graduate,Self-Employed,76452,16402,229000,120,Good,West,27,16-01-2023,0
APP000161,Male,Yes,1,Graduate,Salaried,35839,4063,418000,120,Good,West,40,16-04-2023,0
APP001785,Female,No,2,Not Graduate,Salaried,124342,28132,171000,84,Good,North,38,10-10-2024,0
APP004935,Male,No,3,Graduate,Self-Employed,46052,1554,213000,120,Good,East,35,19-09-2023,0
APP005502,Male,No,0,Graduate,Self-Employed,26710,8337,54000,36,Good,North,28,17-08-2024,0
APP001030,Female,No,0,Graduate,Salaried,65131,18559,36000,48,Good,West,38,22-08-2023,0
APP000520,Male,Yes,3,Graduate,Salaried,36453,6138,136000,12,Good,East,21,24-07-2023,0
APP004127,Female,Yes,3,Not Graduate,Self-Employed,20297,2574,50000,120,Bad,South,32,09-11-2023,0
APP002447,Male,No,2,Graduate,Salaried,39025,7553,25000,60,Good,West,33,14-02-2024,0
APP003115,Male,Yes,1,Graduate,Self-Employed,30021,1438,137000,240,Good,East,44,31-03-2023,0
APP003979,Male,Yes,0,Not Graduate,Salaried,46096,9182,113000,240,No History,South,32,26-01-2023,1
APP001915,Male,No,1,Graduate,Salaried,66443,9027,108000,120,Good,North,35,06-11-2023,0
APP005907,Male,Yes,2,Graduate,Salaried,38055,833,46000,120,No History,East,42,22-12-2023,0
APP005798,Female,No,4,Graduate,Self-Employed,49858,9364,119000,180,Bad,South,27,30-10-2023,0
APP004239,Female,No,1,Not Graduate,Salaried,39535,13138,416000,36,Good,South,21,27-08-2023,0
APP001610,Male,Yes,1,Graduate,Self-Employed,46050,11703,59000,48,Good,West,43,28-04-2024,0
APP004240,Male,Yes,1,Graduate,Salaried,110604,4083,162000,84,Good,West,21,22-02-2023,0
APP002924,Male,No,0,Graduate,Self-Employed,40806,5271,94000,60,Good,North,38,05-07-2023,0
APP004812,Female,Yes,0,Not Graduate,Self-Employed,35851,8297,144000,60,Good,South,31,25-04-2023,1
APP000396,Female,Yes,1,Graduate,Salaried,48638,9890,96000,180,Bad,East,30,04-10-2023,0
APP000095,Female,Yes,0,Graduate,Self-Employed,51353,13920,145000,12,No History,North,40,11-10-2024,0
APP005840,Female,No,4,Graduate,Salaried,36792,3168,81000,60,Good,South,41,28-05-2023,0
APP004841,Female,Yes,0,Not Graduate,Self-Employed,37452,9951,34000,120,Good,North,57,17-06-2024,0
APP001786,Female,Yes,1,Graduate,Self-Employed,53071,3566,90000,120,Good,East,32,18-05-2024,0
APP001984,Male,Yes,1,Not Graduate,Salaried,63162,8091,124000,48,Bad,West,34,20-08-2023,1
APP001937,Male,No,0,Graduate,Salaried,60607,2486,107000,48,Bad,North,41,23-05-2023,1
APP003365,Female,Yes,1,Graduate,Self-Employed,92450,28509,58000,180,Good,East,49,11-08-2024,0
APP000902,Male,Yes,2,Not Graduate,Self-Employed,57766,17499,129000,120,No History,South,49,18-06-2024,0
APP005668,Female,Yes,2,Graduate,Salaried,17530,3980,48000,24,No History,North,45,26-06-2023,0
APP004007,Male,Yes,0,Graduate,Salaried,110522,29887,60000,120,Bad,North,38,04-06-2023,1
APP001034,Male,Yes,1,Not Graduate,Self-Employed,41136,5481,206000,24,Good,West,66,24-03-2024,0
APP004384,Male,Yes,0,Not Graduate,Salaried,80904,26027,61000,240,Good,South,37,22-09-2024,0
APP004930,Female,Yes,3,Graduate,Salaried,57225,5491,271000,48,Good,North,49,27-02-2024,0
APP005711,Male,Yes,0,Not Graduate,Salaried,46730,9401,321000,84,Good,East,45,17-03-2023,1
APP004416,Male,Yes,2,Graduate,Self-Employed,37647,4895,119000,84,Good,East,48,21-03-2023,0
APP000605,Male,Yes,0,Graduate,Self-Employed,36979,4238,66000,48,Good,East,43,14-01-2023,0
APP004378,Female,Yes,3,Graduate,Salaried,61778,6681,41000,240,Good,North,22,05-03-2024,0
APP000882,Female,No,0,Graduate,Salaried,51598,7502,58000,120,Good,South,28,06-04-2024,0
APP005159,Male,No,1,Not Graduate,Salaried,97594,20720,187000,120,Good,North,43,02-08-2024,0
APP002805,Male,Yes,1,Graduate,Salaried,38665,9793,91000,60,Good,East,49,31-03-2024,0
APP001432,Male,Yes,3,Graduate,Salaried,21102,5260,136000,24,Good,West,51,18-06-2023,0
APP005120,Male,No,0,Graduate,Salaried,44983,9166,108000,24,Good,North,52,11-01-2024,0
APP003651,Female,Yes,0,Not Graduate,Self-Employed,51583,287,107000,84,Good,East,21,11-02-2023,0
APP005982,Male,No,2,Not Graduate,Salaried,17021,2734,108000,24,Bad,West,50,22-07-2023,1
APP004263,Male,Yes,2,Not Graduate,Salaried,48503,12509,209000,240,Good,North,50,31-01-2024,1
APP005891,Female,Yes,1,Graduate,Self-Employed,63037,5637,72000,36,No History,South,21,22-12-2023,1
APP000113,Female,No,3,Graduate,Salaried,93107,18409,118000,240,Good,South,47,15-10-2024,0
APP002366,Male,No,0,Graduate,Salaried,47332,2490,99000,120,Good,West,50,29-03-2023,0
APP001322,Male,Yes,2,Not Graduate,Self-Employed,78427,25886,78000,180,Good,South,54,29-05-2023,0
APP005418,Male,Yes,0,Graduate,Salaried,39488,7822,106000,360,Good,East,42,22-01-2023,0
APP002577,Female,Yes,0,Graduate,Salaried,27513,7119,59000,24,Good,West,43,25-04-2023,0
APP000948,Female,No,2,Graduate,Salaried,37263,10886,115000,24,Good,West,28,22-04-2024,0
APP005208,Male,Yes,1,Graduate,Self-Employed,17135,5745,195000,60,Good,West,24,20-12-2024,0
APP001588,Male,Yes,1,Graduate,Self-Employed,46242,3296,117000,60,Good,North,43,07-04-2023,0
APP005347,Male,No,3,Not Graduate,Salaried,59719,13752,115000,180,Bad,South,47,10-02-2024,0
APP001178,Male,No,2,Not Graduate,Self-Employed,29859,1484,38000,120,Good,West,23,31-01-2023,0
APP002642,Male,No,0,Graduate,Self-Employed,17153,5821,33000,36,Good,North,56,28-12-2023,0
APP004636,Female,Yes,4,Graduate,Salaried,102187,10805,76000,60,Good,North,45,16-05-2024,0
APP002593,Male,Yes,3,Not Graduate,Self-Employed,63643,21295,146000,24,Good,South,29,28-05-2024,1
APP005703,Male,Yes,1,Graduate,Self-Employed,56278,16975,70000,240,Good,East,28,09-04-2023,0
APP000631,Female,Yes,0,Graduate,Salaried,50718,6699,134000,240,Good,East,36,15-01-2024,0
APP004286,Female,No,0,Not Graduate,Self-Employed,32725,8120,46000,36,No History,North,36,26-04-2023,1
APP005994,Male,Yes,3,Graduate,Salaried,48644,7274,50000,240,Good,West,23,08-08-2024,0
APP003261,Male,No,0,Graduate,Self-Employed,120744,33829,170000,120,Good,North,54,07-05-2023,0
APP004602,Female,Yes,1,Not Graduate,Salaried,79177,8500,185000,24,Good,West,37,07-10-2023,0
APP000334,Male,Yes,1,Not Graduate,Salaried,43797,14946,67000,84,Good,West,41,02-06-2023,0
APP003433,Female,No,2,Graduate,Self-Employed,18537,5706,73000,12,Good,South,27,05-05-2023,0
APP003592,Male,Yes,4,Not Graduate,Salaried,120908,23484,73000,60,Good,East,50,04-06-2023,0
APP003478,Male,Yes,0,Graduate,Salaried,59204,11149,43000,24,Good,West,35,07-03-2023,0
APP003381,Male,No,1,Graduate,Salaried,18652,5561,209000,360,Good,West,32,11-02-2024,0
APP001615,Male,Yes,1,Graduate,Salaried,48644,1022,211000,60,Good,West,52,27-04-2023,0
APP005804,Female,No,3,Graduate,Self-Employed,25150,3115,105000,180,Good,West,36,07-03-2023,0
APP004473,Male,No,3,Not Graduate,Self-Employed,26463,6343,129000,84,Good,West,30,29-04-2023,0
APP002157,Male,Yes,3,Graduate,Salaried,34603,507,138000,360,Good,South,67,03-07-2023,1
APP004670,Female,No,4,Graduate,Self-Employed,39484,8794,49000,120,Good,East,21,28-11-2023,1
APP004905,Female,No,2,Not Graduate,Self-Employed,47008,5752,93000,360,Good,West,51,01-02-2023,0
APP003933,Female,No,0,Not Graduate,Self-Employed,41000,8550,36000,120,Good,North,44,24-01-2023,1
APP001743,Female,No,2,Graduate,Self-Employed,17920,5828,132000,84,Good,North,39,31-01-2023,0
APP004910,Male,Yes,3,Not Graduate,Self-Employed,60218,1486,53000,120,Good,North,38,06-01-2024,0
APP004548,Female,Yes,2,Graduate,Salaried,41404,12357,35000,48,Good,South,48,22-08-2024,0
APP003361,Female,Yes,3,Not Graduate,Salaried,46309,2067,35000,360,Good,North,37,18-04-2024,1
APP001878,Male,Yes,0,Not Graduate,Salaried,54822,5012,49000,84,Good,East,52,31-07-2024,0
APP000385,Female,Yes,2,Not Graduate,Salaried,123051,32838,81000,60,Good,North,21,05-11-2023,0
APP002090,Male,Yes,2,Not Graduate,Salaried,134409,23132,231000,24,Good,West,44,19-08-2024,0
APP005414,Male,Yes,0,Not Graduate,Self-Employed,90659,10374,170000,180,Good,East,24,13-08-2023,0
APP002163,Male,No,2,Not Graduate,Salaried,33218,9444,103000,84,Good,West,52,17-04-2023,0
APP005345,Female,No,1,Not Graduate,Salaried,34158,11215,198000,24,Good,East,27,23-02-2024,0
APP001924,Male,No,3,Graduate,Salaried,133148,29259,122000,48,Bad,West,53,27-08-2024,0
APP005211,Female,Yes,0,Not Graduate,Salaried,149074,50459,67000,36,Good,South,62,02-06-2024,0
APP000288,Male,No,0,Graduate,Salaried,61021,13753,109000,12,Good,East,31,29-03-2023,0
APP002213,Male,No,0,Not Graduate,Salaried,18273,5977,82000,24,Good,North,33,19-04-2023,0
APP005267,Male,No,1,Graduate,Self-Employed,64387,525,215000,360,Good,South,41,10-08-2024,0
APP005224,Male,Yes,2,Not Graduate,Salaried,71925,9525,143000,84,Good,North,44,03-07-2023,0
APP004469,Female,No,0,Not Graduate,Salaried,122431,39605,107000,360,Good,North,35,05-09-2024,0
APP002370,Female,Yes,2,Graduate,Self-Employed,45703,2393,41000,48,Good,West,59,08-07-2024,0
APP003476,Female,Yes,0,Graduate,Salaried,20792,3773,64000,48,Good,West,33,16-01-2023,0
APP000028,Male,Yes,2,Graduate,Salaried,72915,14129,119000,120,Good,South,40,15-10-2024,0
APP003951,Male,Yes,1,Not Graduate,Salaried,19380,5506,57000,120,Good,West,39,14-05-2023,0
APP004370,Male,Yes,0,Graduate,Salaried,48644,2443,180000,240,Bad,North,36,11-01-2023,1
APP001110,Male,Yes,3,Not Graduate,Self-Employed,25384,4260,82000,360,Good,East,53,09-11-2024,0
APP003817,Male,Yes,0,Graduate,Salaried,38588,8476,56000,240,Good,East,54,11-11-2023,0
APP003180,Female,No,0,Graduate,Salaried,66879,3836,107000,84,Good,East,38,08-08-2023,0
APP003569,Female,Yes,2,Not Graduate,Self-Employed,109055,25649,68000,60,Good,West,43,14-12-2023,0
APP003159,Female,No,1,Not Graduate,Salaried,53726,12755,145000,60,Good,West,48,13-05-2024,0
APP001225,Male,Yes,2,Not Graduate,Salaried,45811,3952,115000,120,No History,North,21,25-05-2023,1
APP004791,Male,No,0,Graduate,Self-Employed,82832,19657,75000,48,Good,West,43,21-03-2023,0
APP005644,Male,No,1,Graduate,Salaried,67268,4180,68000,360,Good,West,25,13-01-2024,0
APP003782,Male,No,3,Graduate,Salaried,63818,18364,53000,240,Bad,North,54,19-07-2023,1
APP000756,Female,No,2,Graduate,Salaried,62043,13988,75000,180,Good,East,27,09-05-2023,0
APP005486,Female,No,0,Graduate,Self-Employed,11595.68039,2966,90000,36,Good,West,32,13-04-2024,0
APP002177,Male,Yes,0,Not Graduate,Salaried,30553,1218,56000,24,Good,North,51,03-12-2024,0
APP000526,Male,Yes,0,Not Graduate,Salaried,48644,3793,154000,84,Good,East,53,26-01-2023,0
APP004489,Female,No,0,Graduate,Salaried,57384,5754,169000,120,Good,North,50,06-04-2023,0
APP005328,Male,Yes,0,Graduate,Salaried,22208,6980,87000,84,Good,East,43,25-11-2023,0
APP005638,Female,Yes,4,Not Graduate,Self-Employed,129399,5279,215000,120,Good,East,44,16-05-2024,0
APP003880,Male,No,3,Graduate,Salaried,67504,17713,106000,12,Good,North,45,01-12-2024,0
APP000507,Female,Yes,2,Graduate,Self-Employed,54120,1897,68000,24,Good,West,37,28-02-2024,0
APP005805,Male,No,0,Graduate,Self-Employed,89645,29313,52000,24,No History,North,37,20-10-2023,1
APP005938,Male,Yes,0,Graduate,Self-Employed,35226,6197,99000,60,Good,West,21,16-08-2024,0
APP002063,Female,Yes,1,Not Graduate,Salaried,43910,3381,84000,240,Good,North,36,31-10-2024,0
APP001224,Female,Yes,1,Graduate,Salaried,78588,15504,220000,84,Good,North,33,16-09-2023,0
APP002445,Male,No,2,Graduate,Salaried,94173,17,101000,36,Good,West,22,01-12-2024,0
APP003509,Female,Yes,2,Graduate,Self-Employed,55108,11487,122000,24,Good,North,29,12-11-2024,0
APP004512,Male,Yes,0,Graduate,Salaried,26670,2028,194000,120,Good,West,51,27-08-2023,0
APP003313,Female,No,2,Not Graduate,Salaried,82805,28533,42000,120,Good,South,48,12-12-2023,0
APP004098,Male,No,0,Graduate,Self-Employed,24716,8516,51000,84,Good,East,57,30-05-2023,0
APP001696,Male,Yes,1,Graduate,Self-Employed,111912,30785,195000,36,Good,North,39,20-04-2023,1
APP001450,Female,Yes,1,Graduate,Salaried,41440,2139,155000,60,Good,West,35,19-02-2024,0
APP005578,Female,Yes,1,Graduate,Salaried,72594,24998,28000,60,Good,East,31,15-02-2023,0
APP003068,Female,No,1,Graduate,Salaried,17880,1380,201000,120,Good,North,21,07-01-2023,0
APP001627,Male,No,3,Graduate,Salaried,48644,3722,64000,180,Good,South,46,19-11-2023,0
APP001265,Male,Yes,3,Not Graduate,Salaried,92407,5691,95000,24,Good,South,32,06-03-2024,0
APP003970,Male,No,1,Graduate,Salaried,35481,7480,80000,36,Good,South,38,31-08-2023,0
APP005361,Female,No,2,Not Graduate,Salaried,12683,1306,86000,36,Good,East,35,13-12-2024,0
APP004493,Male,Yes,2,Not Graduate,Salaried,21551,5367,185000,120,Good,North,38,16-11-2024,0
APP000878,Female,No,2,Not Graduate,Self-Employed,50048,2537,49000,84,Good,North,41,18-04-2023,0
APP004549,Female,Yes,0,Not Graduate,Self-Employed,91946,30265,341000,180,Good,West,42,24-04-2023,1
APP005871,Male,Yes,0,Graduate,Salaried,30618,241,100000,36,Good,West,46,31-01-2024,0
APP004009,Female,Yes,3,Not Graduate,Salaried,32427,10282,304000,240,Good,West,21,06-12-2023,0
APP003479,Male,No,1,Graduate,Salaried,69052,18072,107000,84,Good,East,42,10-12-2024,0
APP000014,Male,Yes,3,Graduate,Salaried,41907,13260,79000,120,Good,North,24,03-03-2024,0
APP000482,Female,Yes,1,Graduate,Self-Employed,61061,1000,156000,36,No History,South,34,09-03-2024,1
APP005998,Female,No,1,Graduate,Self-Employed,26644,1571,117000,48,Bad,East,44,26-06-2024,1
APP005867,Female,Yes,0,Graduate,Salaried,57439,5711,105000,180,Bad,West,43,13-05-2024,0
APP005390,Female,Yes,1,Not Graduate,Salaried,37564,4770,153000,180,Good,South,21,07-10-2024,0
APP003218,Male,Yes,3,Graduate,Salaried,49260,15125,79000,24,Good,West,32,10-06-2024,0
APP004282,Female,Yes,4,Graduate,Salaried,53202,14539,162000,48,Good,East,36,30-09-2023,0
APP002425,Male,Yes,4,Graduate,Salaried,93177,2044,138000,12,Good,East,45,11-11-2023,0
APP002553,Female,Yes,1,Graduate,Salaried,97474,30219,65000,60,Good,West,42,25-02-2023,0
APP001288,Male,Yes,3,Graduate,Salaried,83296,2292,50000,12,Good,North,44,07-04-2024,0
APP005574,Female,No,1,Not Graduate,Salaried,24328,1496,58000,84,No History,South,55,17-10-2024,0
APP000858,Male,Yes,0,Graduate,Salaried,114368,140,67000,360,Good,West,33,13-08-2023,1
APP002552,Male,No,0,Graduate,Salaried,47977,9990,60000,84,No History,East,21,08-04-2023,0
APP003130,Male,Yes,1,Graduate,Salaried,53173,6782,38000,60,Good,North,27,16-07-2024,0
APP000047,Male,No,1,Graduate,Self-Employed,26839,9261,135000,36,Good,West,51,21-02-2024,0
APP002919,Male,No,0,Graduate,Self-Employed,89953,15110,102000,360,Good,South,32,24-05-2023,0
APP005306,Male,Yes,0,Graduate,Self-Employed,41270,13396,301000,60,No History,North,26,01-09-2024,0
APP002315,Female,Yes,2,Graduate,Self-Employed,49350,13219,53000,180,Good,North,27,20-06-2024,0
APP005785,Male,No,3,Graduate,Salaried,26355,2923,108000,84,Bad,South,25,14-02-2024,0
APP002386,Female,No,1,Graduate,Self-Employed,40101,8748,202000,60,Good,East,46,12-05-2024,0
APP000900,Male,Yes,1,Not Graduate,Salaried,78878,246,129000,24,Good,North,49,20-04-2024,0
APP001023,Female,No,0,Graduate,Salaried,44016,7416,45000,240,Bad,East,26,12-11-2023,1
APP000233,Male,Yes,1,Not Graduate,Salaried,34179,5095,105000,36,Good,North,30,29-07-2023,0
APP000942,Male,Yes,1,Not Graduate,Salaried,205802.1872,23361,44000,48,Good,West,34,02-05-2024,0
APP005659,Female,Yes,0,Graduate,Salaried,12455,3876,18000,180,Bad,West,31,14-05-2023,0
APP005742,Male,Yes,2,Graduate,Self-Employed,29021,72,39000,36,Good,East,31,11-09-2023,0
APP005911,Male,No,2,Graduate,Salaried,88266,13490,210000,120,Bad,North,34,24-08-2023,1
APP003238,Female,Yes,3,Graduate,Salaried,91404,2228,41000,120,Good,West,51,31-03-2024,0
APP005482,Male,Yes,1,Not Graduate,Salaried,46089,8387,103000,180,Good,West,37,15-09-2024,0
APP005099,Male,No,1,Graduate,Salaried,27992,1525,180000,180,No History,West,56,27-10-2023,0
APP004632,Male,No,1,Graduate,Salaried,52925,12620,161000,60,Good,North,28,13-04-2023,0
APP004339,Male,Yes,0,Graduate,Self-Employed,81441,8315,70000,48,No History,East,55,09-06-2024,0
APP001810,Male,Yes,2,Not Graduate,Salaried,11595.68039,534,102000,60,Good,West,31,09-05-2024,0
APP005405,Male,Yes,4,Not Graduate,Salaried,25429,2235,162000,24,Good,East,34,15-08-2024,0
APP002222,Male,No,2,Not Graduate,Salaried,33940,2532,91000,60,Good,West,42,17-02-2023,0
APP001166,Female,Yes,3,Graduate,Salaried,88861,14027,160000,36,Bad,West,24,10-08-2023,0
APP000205,Female,Yes,2,Graduate,Salaried,49106,1837,157000,12,Good,East,61,14-09-2023,0
APP005054,Male,Yes,3,Graduate,Salaried,54840,4576,52000,60,Good,North,51,12-04-2024,0
APP000907,Female,No,1,Graduate,Salaried,40665,10846,43000,360,Bad,South,33,04-02-2024,0
APP003690,Male,Yes,1,Graduate,Salaried,82376,2262,82000,60,Good,East,55,26-06-2024,0
APP003226,Female,No,4,Graduate,Salaried,160736,20315,25000,120,Good,West,52,25-06-2024,0
APP005393,Female,Yes,3,Graduate,Salaried,42033,4432,39000,12,Good,East,21,16-09-2023,0
APP003510,Male,No,0,Graduate,Salaried,48742,8187,89000,60,Good,West,38,02-09-2023,0
APP001163,Male,No,3,Not Graduate,Self-Employed,62820,19652,98000,60,Good,South,35,30-04-2024,0
APP004817,Female,Yes,2,Graduate,Salaried,34712,4121,112000,180,Good,West,42,04-06-2024,0
APP002730,Male,Yes,2,Graduate,Salaried,48164,16442,149000,84,Good,East,40,03-03-2023,0
APP001601,Male,No,3,Graduate,Salaried,38415,10569,40000,84,Good,West,25,31-12-2023,0
APP003038,Female,Yes,1,Graduate,Self-Employed,93115,19944,374000,120,Bad,South,49,13-02-2023,1
APP000087,Female,No,3,Graduate,Self-Employed,69230,13247,66000,36,Good,North,32,27-01-2024,0
APP001870,Female,Yes,4,Graduate,Self-Employed,50622,8658,249000,120,Good,South,45,21-09-2023,0
APP004077,Male,No,1,Graduate,Self-Employed,64085,11838,86000,12,Good,East,42,25-07-2023,0
APP002208,Female,No,3,Not Graduate,Salaried,23966,4465,42000,84,Good,North,43,24-09-2023,0
APP003047,Male,Yes,0,Not Graduate,Self-Employed,43249,294,106000,180,Good,West,52,24-06-2023,0
APP000622,Male,No,0,Graduate,Self-Employed,92897,9071,38000,24,Good,West,56,08-05-2023,0
APP004534,Male,No,1,Not Graduate,Salaried,70998,15654,86000,24,Good,West,38,28-03-2023,0
APP000640,Male,No,0,Graduate,Salaried,26395,3231,165000,48,Bad,East,26,21-08-2024,0
APP005383,Male,Yes,4,Not Graduate,Salaried,41996,5331,30000,84,Good,East,49,18-09-2024,0
APP000365,Female,Yes,1,Not Graduate,Salaried,79940,24975,100000,84,Good,West,46,20-11-2024,0
APP003981,Female,Yes,0,Graduate,Salaried,25788,3913,124000,24,Good,West,33,07-10-2024,0
APP004159,Female,Yes,3,Graduate,Self-Employed,41513,5922,39000,12,No History,South,70,25-09-2024,0
APP004870,Female,Yes,3,Graduate,Salaried,98498,21779,289000,84,Good,North,50,01-03-2024,0
APP001293,Male,Yes,0,Graduate,Self-Employed,41160,6516,210000,60,Good,North,61,31-07-2023,0
APP003976,Female,Yes,0,Graduate,Salaried,61392,1751,75000,60,Good,East,43,28-08-2024,0
APP003155,Male,Yes,3,Not Graduate,Salaried,93327,10187,23000,360,No History,North,21,22-10-2023,0
APP005313,Female,Yes,2,Graduate,Self-Employed,31084,656,63000,120,Good,West,51,15-08-2024,0
APP004940,Female,Yes,4,Graduate,Salaried,60696,4938,128000,48,Good,West,37,27-09-2023,0
APP004190,Female,No,4,Graduate,Self-Employed,60841,9806,187000,360,Bad,East,39,30-05-2023,1
APP004946,Female,Yes,1,Graduate,Self-Employed,117500,29084,323000,24,Good,West,21,10-05-2024,0
APP001000,Male,Yes,2,Not Graduate,Salaried,50195,5501,40000,120,Good,East,61,18-06-2024,0
APP003173,Male,No,1,Graduate,Salaried,90395,16468,227000,240,No History,East,45,22-05-2024,0
APP001037,Male,No,3,Graduate,Self-Employed,54874,7578,184000,60,No History,North,39,09-12-2023,0
APP005449,Male,No,0,Not Graduate,Salaried,22457,5110,90000,60,Good,North,32,06-02-2023,0
APP001654,Male,No,0,Not Graduate,Self-Employed,98457,27742,174000,60,Good,North,31,27-09-2023,1
APP005473,Male,Yes,2,Not Graduate,Salaried,49004,8663,46000,180,Good,South,31,23-11-2024,0
APP002803,Female,Yes,1,Graduate,Self-Employed,36646,9221,287000,120,Good,North,26,29-06-2023,0
APP004255,Male,No,2,Not Graduate,Self-Employed,48644,7748,66000,360,Good,East,35,13-09-2023,0
APP002695,Female,Yes,4,Graduate,Self-Employed,40962,9997,64000,180,Good,East,45,30-12-2024,0
APP001337,Male,No,1,Not Graduate,Salaried,78980,25980,110000,360,Good,North,34,10-03-2024,0
APP000996,Male,No,1,Graduate,Self-Employed,43182,4074,62000,48,Good,West,39,18-08-2023,0
APP000221,Female,No,1,Graduate,Self-Employed,75694,4019,100000,180,Good,South,36,08-12-2024,0
APP002402,Male,Yes,2,Not Graduate,Salaried,51773,4824,49000,48,Good,South,41,10-04-2023,0
APP005220,Male,No,0,Graduate,Salaried,55552,14640,175000,36,Good,South,47,23-09-2023,0
APP001057,Female,Yes,2,Graduate,Self-Employed,18751,5576,135000,240,Good,West,39,07-08-2023,1
APP004241,Female,Yes,1,Graduate,Self-Employed,34117,11854,75000,360,Bad,North,40,09-03-2024,1
APP003822,Male,No,3,Not Graduate,Self-Employed,49225,12229,86000,24,Good,East,47,29-03-2024,0
APP000250,Female,No,1,Graduate,Self-Employed,79849,25466,94000,84,Good,North,21,06-04-2024,0
APP002008,Female,No,2,Graduate,Salaried,27851,7457,295000,120,Good,North,21,15-03-2023,0
APP002166,Female,Yes,3,Graduate,Salaried,26394,5397,338000,60,Good,South,46,24-03-2024,1
APP000040,Male,No,4,Graduate,Salaried,28677,1743,110000,240,No History,North,38,26-01-2024,0
APP001193,Male,No,2,Not Graduate,Self-Employed,18698,6240,44000,84,Good,North,39,28-01-2023,0
APP001887,Male,No,2,Graduate,Self-Employed,22219,4738,55000,36,Bad,East,28,14-08-2024,0
APP004541,Male,No,1,Not Graduate,Salaried,28267,5011,90000,48,No History,West,38,11-02-2023,1
APP000564,Male,Yes,0,Not Graduate,Salaried,44667,9730,137000,48,Good,West,33,08-05-2024,0
APP005014,Female,No,0,Not Graduate,Salaried,70125,21018,39000,84,Good,South,33,15-06-2023,0
APP003467,Male,Yes,0,Graduate,Self-Employed,164976,41955,93000,36,Good,North,44,31-10-2024,0
APP002539,Female,No,1,Graduate,Salaried,19059,5538,647000,36,Good,North,43,15-10-2023,0
APP004614,Male,No,0,Graduate,Salaried,44848,7804,156000,60,Good,East,21,19-10-2023,0
APP004628,Male,No,4,Graduate,Self-Employed,58103,11376,43000,48,Good,North,43,28-07-2023,0
APP000592,Female,No,4,Graduate,Self-Employed,55032,17554,130000,60,Good,North,42,27-04-2024,0
APP004823,Male,No,0,Not Graduate,Self-Employed,38687,6682,75000,48,Bad,East,39,27-03-2024,0
APP002203,Male,No,4,Graduate,Self-Employed,48644,27505,80000,36,Good,East,48,27-07-2024,1
APP002226,Male,Yes,3,Graduate,Self-Employed,132369,43765,124000,180,Bad,North,24,13-05-2023,0
APP002260,Male,Yes,1,Graduate,Self-Employed,83224,18846,180000,180,Good,West,21,23-08-2024,0
APP000519,Female,Yes,2,Not Graduate,Salaried,28820,9020,115000,60,Good,South,46,14-09-2024,0
APP003105,Male,No,2,Graduate,Salaried,72180,18438,222000,48,Bad,West,29,17-03-2024,0
APP004063,Female,Yes,2,Graduate,Self-Employed,25920,3082,58000,84,Good,South,37,27-09-2023,0
APP003046,Female,Yes,0,Graduate,Self-Employed,27991,8375,60000,180,Good,North,33,14-03-2023,1
APP001651,Male,No,1,Graduate,Self-Employed,36925,12606,193000,240,Good,North,22,06-04-2023,0
APP005415,Male,No,0,Not Graduate,Salaried,25768,584,159000,180,Good,West,53,24-03-2024,0
APP005722,Male,Yes,3,Graduate,Salaried,94139,7420,119000,60,Good,East,27,28-07-2024,0
APP001275,Male,No,0,Graduate,Salaried,41084,10400,137000,180,Good,North,32,04-06-2023,0
APP001817,Male,No,0,Graduate,Self-Employed,60789,7197,112000,180,Bad,North,24,28-01-2023,0
APP002635,Female,Yes,1,Not Graduate,Self-Employed,126802,18066,40000,12,Good,North,40,30-08-2023,0
APP001328,Female,No,0,Not Graduate,Salaried,68115,4295,42000,48,Good,East,24,01-02-2024,0
APP005198,Male,No,2,Not Graduate,Self-Employed,66254,6247,38000,360,Bad,South,46,17-05-2023,1
APP000044,Female,Yes,1,Not Graduate,Self-Employed,75391,25059,61000,48,Good,East,43,15-12-2023,0
APP000008,Female,Yes,3,Not Graduate,Salaried,72101,3566,42000,48,Good,South,53,30-11-2023,0
APP000481,Female,No,1,Graduate,Salaried,44515,8338,90000,240,Good,West,26,26-09-2023,0
APP000472,Female,No,2,Graduate,Salaried,74900,24241,38000,120,Bad,East,38,20-05-2023,0
APP002238,Male,Yes,3,Graduate,Self-Employed,77228,23852,73000,120,Good,West,54,25-10-2023,0
APP005534,Female,Yes,3,Graduate,Self-Employed,61108,14643,82000,120,No History,West,39,13-03-2024,0
APP004304,Female,No,0,Graduate,Salaried,60926,14983,202000,180,Good,East,21,30-07-2024,0
APP000655,Male,No,0,Not Graduate,Self-Employed,103059,20397,137000,12,No History,North,28,16-06-2024,0
APP005476,Male,Yes,1,Not Graduate,Self-Employed,21394,4302,51000,360,Good,North,21,01-05-2024,0
APP000465,Female,Yes,3,Graduate,Self-Employed,86352,10157,53000,48,Good,West,41,05-03-2024,0
APP003903,Female,Yes,0,Graduate,Salaried,26588,1361,89000,60,Bad,West,36,25-03-2024,0
APP001692,Male,Yes,1,Not Graduate,Salaried,52876,9070,105000,48,Good,South,31,19-05-2023,0
APP000698,Female,No,2,Graduate,Self-Employed,18478,316,301000,180,Good,North,58,01-06-2023,0
APP002231,Female,Yes,0,Graduate,Salaried,64498,19799,97000,60,Good,West,28,19-04-2024,0
APP002696,Male,Yes,1,Not Graduate,Self-Employed,25745,8644,65000,48,Good,North,64,19-12-2023,0
APP000066,Male,No,1,Graduate,Self-Employed,16778,2043,52000,48,Good,South,34,21-10-2023,0
APP001349,Female,Yes,1,Graduate,Salaried,114892,28542,95000,24,Good,West,30,19-10-2024,0
APP002416,Female,Yes,0,Graduate,Salaried,11595.68039,325,131000,180,No History,North,33,07-05-2024,0
APP002481,Male,Yes,2,Graduate,Self-Employed,24100,5690,149000,120,Good,North,48,08-07-2024,0
APP002150,Female,Yes,0,Not Graduate,Salaried,47842,4871,107000,180,Bad,East,43,13-07-2024,1
APP004982,Male,No,3,Graduate,Salaried,40861,3138,67000,120,Good,North,37,19-03-2024,0
APP005749,Female,No,0,Graduate,Salaried,90089,1402,81000,180,Good,West,37,02-03-2024,0
APP004317,Female,No,2,Graduate,Salaried,44076,2393,260000,24,Good,South,21,06-09-2023,0
APP004852,Male,Yes,1,Graduate,Salaried,56847,846,87000,48,Good,South,22,05-03-2023,0
APP002048,Female,No,3,Graduate,Salaried,44789,7643,154000,36,Good,West,27,21-08-2023,0
APP003853,Female,Yes,1,Graduate,Salaried,42351,4763,48000,48,Good,North,40,26-10-2023,0
APP004517,Male,No,1,Not Graduate,Salaried,101863,27399,84000,24,Good,South,34,20-11-2024,0
APP000850,Female,Yes,1,Graduate,Self-Employed,86050,3934,78000,60,Good,North,25,29-08-2023,0
APP004279,Male,Yes,2,Graduate,Salaried,59158,10617,213000,180,Bad,South,45,02-05-2024,1
APP003966,Female,Yes,3,Not Graduate,Salaried,22696,3447,333000,180,No History,East,33,08-04-2023,1
APP000418,Male,Yes,2,Not Graduate,Salaried,58634,15011,126000,36,Good,East,45,27-03-2023,0
APP003719,Male,No,0,Graduate,Self-Employed,18666,5078,105000,120,Good,West,24,14-11-2023,0
APP004671,Male,No,4,Graduate,Salaried,20477,1404,103000,12,Bad,North,46,25-12-2023,0
APP002286,Male,Yes,2,Graduate,Salaried,30648,3514,146000,48,Bad,West,35,18-02-2023,0
APP002550,Male,Yes,0,Graduate,Self-Employed,104032,9257,26000,60,Good,East,43,17-05-2024,0
APP001923,Female,Yes,0,Not Graduate,Salaried,36323,2114,81000,48,Good,North,42,03-11-2023,0
APP002571,Male,Yes,0,Graduate,Salaried,48644,1145,152000,24,Bad,North,32,25-01-2024,1
APP005223,Male,No,3,Graduate,Salaried,56374,3047,92000,60,Good,South,21,06-07-2024,0
APP005851,Male,Yes,1,Not Graduate,Salaried,37499,7167,65000,240,Good,North,34,20-11-2023,1
APP002103,Male,Yes,0,Not Graduate,Salaried,60614,18179,99000,240,Good,North,54,05-07-2024,0
APP005658,Female,Yes,1,Graduate,Salaried,67406,6031,236000,12,Good,East,56,17-01-2024,0
APP004709,Female,Yes,2,Graduate,Self-Employed,18639,865,133000,84,Good,North,48,04-08-2024,0
APP005815,Male,No,1,Graduate,Self-Employed,59568,1331,114000,48,Good,North,21,09-04-2023,0
APP005431,Female,Yes,4,Graduate,Salaried,57281,10176,83000,180,Good,North,37,05-06-2024,0
APP001482,Male,Yes,0,Graduate,Salaried,23920,241,77000,240,Good,South,38,09-06-2024,0
APP000383,Female,Yes,0,Graduate,Salaried,45533,8578,240000,48,Good,East,37,28-02-2023,0
APP004920,Male,Yes,1,Graduate,Salaried,71136,11885,59000,84,No History,West,53,10-04-2023,1
APP000030,Male,Yes,0,Graduate,Salaried,70818,21761,146000,120,Good,West,35,12-04-2024,0
APP003812,Male,Yes,2,Not Graduate,Self-Employed,48774,14216,38000,180,Good,West,38,29-03-2023,0
APP004921,Female,Yes,1,Not Graduate,Salaried,54506,7708,147000,24,Good,North,43,07-01-2023,0
APP000322,Female,No,0,Graduate,Salaried,42225,13927,68000,48,Good,East,53,05-09-2024,1
APP005197,Female,Yes,3,Graduate,Salaried,71578,7513,51000,120,Good,West,46,26-10-2024,0
APP003698,Female,Yes,1,Not Graduate,Self-Employed,36565,2160,128000,12,Good,East,51,28-06-2024,0
APP004371,Male,Yes,0,Graduate,Salaried,73368,24327,46000,84,Good,West,29,09-12-2023,0
APP003685,Female,Yes,1,Graduate,Salaried,47305,12687,239000,36,Bad,West,48,16-11-2024,1
APP003345,Male,No,3,Not Graduate,Salaried,46841,9745,119000,120,Good,South,54,21-11-2024,0
APP004372,Male,Yes,1,Graduate,Salaried,104608,30612,40000,36,Good,North,45,29-02-2024,0
APP004559,Female,No,1,Graduate,Self-Employed,33867,4891,100000,120,Good,East,39,06-05-2024,0
APP003945,Male,No,2,Not Graduate,Self-Employed,54947,14348,97000,84,Bad,South,45,22-05-2024,0
APP004338,Female,Yes,1,Graduate,Self-Employed,73032,19519,159000,36,Good,South,33,09-01-2024,0
APP005717,Male,Yes,3,Graduate,Salaried,40652,6028,76000,120,No History,East,41,23-09-2023,0
APP003281,Male,Yes,3,Graduate,Salaried,46053,7228,49000,360,Good,West,38,25-08-2024,0
APP002948,Male,No,0,Graduate,Self-Employed,48644,4650,170000,60,Good,East,37,31-12-2023,0
APP003186,Male,Yes,1,Graduate,Self-Employed,38121,5943,99000,360,Good,North,37,23-10-2024,0
APP003168,Male,Yes,2,Graduate,Salaried,37529,13042,60000,24,Good,East,44,01-11-2024,0
APP000098,Male,Yes,2,Graduate,Salaried,27506,7248,84000,60,Good,North,21,17-12-2024,0
APP004837,Male,No,0,Graduate,Self-Employed,160491,24111,117000,36,No History,South,32,19-09-2024,0
APP002430,Female,Yes,1,Graduate,Self-Employed,47501,14505,112000,120,Good,East,37,02-11-2024,0
APP002246,Male,Yes,0,Graduate,Salaried,85070,15874,42000,120,Good,South,41,04-06-2024,0
APP002077,Male,No,0,Not Graduate,Salaried,39871,2196,76000,12,No History,South,33,12-03-2023,0
APP000448,Female,Yes,1,Graduate,Salaried,49446,9821,22000,36,Good,North,28,11-11-2023,0
APP000015,Male,No,0,Graduate,Salaried,52905,2195,42000,60,Good,North,27,31-10-2023,0
APP004367,Male,No,4,Not Graduate,Self-Employed,51999,8891,117000,84,Good,East,42,12-03-2024,0
APP001216,Male,Yes,1,Not Graduate,Salaried,93084,28145,99000,36,Good,South,40,24-07-2023,0
APP003795,Male,No,2,Graduate,Salaried,41021,11141,98000,360,Good,West,21,19-04-2024,0
APP005304,Female,Yes,3,Graduate,Self-Employed,37333,6014,128000,60,Good,West,33,23-10-2024,0
APP002343,Male,Yes,0,Not Graduate,Salaried,73317,24231,110000,240,Good,North,41,13-11-2024,0
APP000287,Male,Yes,4,Graduate,Salaried,53393,4573,108000,24,Good,East,46,10-12-2023,0
APP003844,Male,No,0,Not Graduate,Self-Employed,61280,2763,124000,12,Good,North,46,04-09-2024,0
APP002313,Male,Yes,1,Graduate,Salaried,76030,2083,61000,60,Bad,East,27,16-05-2024,1
APP002860,Male,Yes,0,Graduate,Self-Employed,68485,11660,164000,48,Good,East,23,02-07-2024,0
APP000780,Female,Yes,3,Not Graduate,Self-Employed,73181,11050,90000,24,Bad,North,34,19-01-2024,1
APP005694,Female,No,0,Graduate,Salaried,64783,22521,43000,36,Bad,South,42,25-02-2024,0
APP004020,Male,Yes,1,Graduate,Self-Employed,65994,6613,57000,180,Good,East,34,16-12-2024,0
APP002053,Male,Yes,1,Not Graduate,Salaried,71428,18209,62000,360,Good,North,51,03-04-2023,0
APP005627,Male,No,4,Graduate,Salaried,40188,12712,128000,240,Good,East,30,15-06-2024,0
APP005022,Male,Yes,0,Not Graduate,Salaried,58990,14788,147000,120,Good,South,23,24-12-2023,1
APP005406,Female,Yes,0,Not Graduate,Salaried,17886,1103,52000,84,Good,West,36,10-08-2024,1
APP000166,Female,Yes,0,Not Graduate,Salaried,48644,1327,34000,120,Good,South,50,31-12-2023,0
APP000661,Male,Yes,0,Not Graduate,Salaried,51874,13473,51000,24,Good,East,42,16-07-2023,0
APP003109,Female,Yes,2,Graduate,Salaried,47354,8612,238000,120,Good,East,32,03-02-2024,0
APP001340,Male,Yes,2,Graduate,Self-Employed,21382,902,99000,60,Bad,North,43,25-01-2023,0
APP001139,Male,Yes,2,Graduate,Salaried,34560,7404,156000,48,No History,East,47,11-02-2023,0
APP002619,Female,Yes,0,Not Graduate,Salaried,29628,10366,112000,240,Good,North,32,27-04-2023,0
APP002217,Female,Yes,1,Graduate,Salaried,40043,1135,81000,24,Good,East,41,03-09-2024,0
APP002189,Female,Yes,0,Graduate,Salaried,56475,5948,146000,24,Good,East,32,20-01-2024,0
APP003833,Female,Yes,3,Graduate,Salaried,13427,2443,89000,120,Good,East,42,05-07-2024,0
APP005187,Female,Yes,2,Graduate,Salaried,44228,1001,114000,12,Good,South,41,28-02-2024,0
APP000300,Male,Yes,2,Graduate,Salaried,97722,9459,127000,120,Bad,West,31,19-08-2024,0
APP001616,Female,Yes,3,Not Graduate,Salaried,98715,10152,48000,60,Bad,North,48,05-08-2024,0
APP005942,Male,Yes,1,Graduate,Salaried,29552,6669,98000,36,Good,East,21,08-03-2024,0
APP001134,Male,Yes,0,Graduate,Salaried,35246,6942,29000,84,Good,East,21,29-05-2024,0
APP003082,Female,Yes,3,Not Graduate,Salaried,39377,6038,65000,48,Good,West,38,17-10-2024,0
APP003143,Female,Yes,1,Graduate,Self-Employed,205802.1872,80298,217000,12,Good,West,63,19-03-2023,0
APP001938,Female,No,3,Graduate,Salaried,72147,4154,59000,24,Good,North,32,29-12-2023,0
APP001049,Female,Yes,2,Graduate,Salaried,24887,8114,137000,24,Bad,North,37,01-05-2023,1
APP005363,Male,No,0,Graduate,Self-Employed,46050,2876,59000,48,Bad,North,56,16-08-2023,1
APP005543,Female,Yes,2,Graduate,Salaried,32263,4533,122000,120,Good,North,33,15-10-2023,0
APP000847,Male,Yes,3,Graduate,Salaried,23354,5018,43000,60,No History,North,31,09-01-2023,1
APP000252,Male,No,4,Graduate,Salaried,45208,15111,87000,84,Good,South,53,11-08-2024,0
APP003035,Male,No,2,Graduate,Self-Employed,204711,56889,126000,120,Good,West,25,14-03-2024,0
APP001028,Female,No,2,Not Graduate,Self-Employed,78375,17503,51000,120,Good,North,47,18-02-2023,0
APP001553,Female,No,0,Graduate,Self-Employed,35355,9041,29000,84,Good,West,27,29-07-2024,0
APP000032,Male,Yes,0,Graduate,Salaried,60555,2659,147000,120,Good,West,42,18-03-2023,0
APP000716,Female,No,1,Graduate,Salaried,129637,33554,83000,36,Good,West,35,14-11-2023,0
APP002385,Male,Yes,2,Not Graduate,Salaried,128574,13423,64000,180,Bad,East,32,09-09-2023,1
APP004247,Male,Yes,0,Not Graduate,Salaried,48644,23502,36000,36,Good,South,46,23-10-2024,0
APP005816,Male,No,3,Graduate,Salaried,80574,844,95000,180,Good,South,43,14-12-2023,0
APP005009,Male,No,1,Graduate,Self-Employed,31326,4580,233000,48,Bad,East,34,23-07-2023,0
APP005178,Male,Yes,1,Graduate,Self-Employed,106694,8885,128000,240,Good,West,49,22-06-2023,0
APP003460,Female,No,0,Graduate,Salaried,39124,908,81000,60,Good,East,33,20-07-2024,0
APP004362,Female,No,0,Graduate,Salaried,99179,26541,53000,12,Good,East,51,18-04-2023,0
APP001045,Female,No,0,Graduate,Self-Employed,62858,12831,108000,180,No History,North,43,10-08-2023,0
APP002145,Male,Yes,0,Not Graduate,Salaried,66374,5224,143000,60,Bad,South,27,18-06-2023,0
APP002490,Male,Yes,2,Graduate,Salaried,14030,1043,54000,360,Bad,East,45,14-04-2023,1
APP003245,Female,Yes,2,Graduate,Self-Employed,28472,731,111000,240,Good,West,48,13-09-2024,0
APP003192,Female,Yes,0,Graduate,Salaried,99614,9235,61000,120,No History,East,39,29-03-2024,0
APP004487,Male,Yes,2,Not Graduate,Self-Employed,29879,397,37000,240,Good,West,52,03-02-2024,0
APP004569,Male,No,0,Graduate,Salaried,61802,17127,103000,48,Bad,East,40,01-09-2023,1
APP003988,Male,Yes,0,Graduate,Salaried,31561,1400,132000,240,Bad,North,39,11-01-2024,0
APP000331,Male,No,2,Not Graduate,Self-Employed,40766,633,90000,48,Good,East,51,02-04-2024,0
APP005454,Male,Yes,3,Graduate,Salaried,205802.1872,58110,100000,240,Good,East,25,20-10-2023,0
APP003511,Male,Yes,1,Graduate,Self-Employed,44550,1731,100000,24,Good,West,48,27-06-2024,0
APP000862,Male,Yes,1,Graduate,Self-Employed,60504,13788,76000,120,Good,East,23,26-06-2024,0
APP001199,Female,No,0,Graduate,Salaried,28805,79,133000,180,Good,East,40,03-03-2023,0
APP003952,Female,Yes,2,Graduate,Self-Employed,77433,9399,124000,360,Bad,East,47,16-02-2023,0
APP001089,Female,No,1,Not Graduate,Salaried,49938,16699,49000,120,No History,East,41,02-05-2024,0
APP004220,Male,Yes,0,Graduate,Self-Employed,25187,495,116000,12,Good,South,50,08-11-2023,0
APP002516,Female,Yes,1,Not Graduate,Salaried,49428,10392,120000,60,No History,North,27,23-11-2024,1
APP000004,Female,Yes,3,Graduate,Salaried,83018,2360,84000,36,Good,North,32,09-06-2023,0
APP003758,Male,Yes,0,Graduate,Salaried,32928,3560,58000,120,No History,East,25,29-03-2024,0
APP003725,Male,Yes,0,Graduate,Self-Employed,85307,20610,78000,36,Good,North,45,09-11-2023,0
APP005904,Male,No,0,Graduate,Salaried,26546,3703,103000,60,No History,South,53,24-11-2023,0
APP004041,Female,No,0,Graduate,Self-Employed,31779,1315,101000,360,Good,South,58,27-05-2023,0
APP002460,Male,Yes,0,Graduate,Salaried,49931,14810,59000,360,Bad,East,42,22-10-2023,0
APP000550,Female,No,1,Graduate,Salaried,48644,14754,118000,120,Good,South,49,11-06-2023,0
APP005268,Male,No,2,Graduate,Salaried,69872,20198,56000,24,Good,South,47,25-08-2023,1
APP004527,Female,No,2,Graduate,Salaried,205802.1872,9392,83000,360,Bad,North,31,20-02-2024,0
APP005513,Female,No,1,Graduate,Self-Employed,119615,39349,336000,48,Good,West,29,08-12-2024,0
APP001472,Female,Yes,0,Graduate,Salaried,136913,26815,73000,240,Good,East,28,10-01-2023,0
APP001235,Female,No,2,Graduate,Self-Employed,78286,7026,133000,180,Good,West,33,09-01-2024,0
APP001155,Female,Yes,0,Graduate,Self-Employed,32677,11103,187000,36,Good,South,45,06-03-2023,0
APP001402,Male,Yes,4,Graduate,Salaried,49968,14799,95000,12,Good,South,46,05-11-2023,1
APP000919,Female,Yes,2,Graduate,Self-Employed,44495,1319,111000,120,Good,South,49,02-03-2024,0
APP002349,Female,Yes,0,Not Graduate,Salaried,59196,19765,51000,120,Good,East,54,12-08-2024,0
APP005191,Male,Yes,0,Graduate,Salaried,19046,2146,39000,360,Good,South,38,23-09-2023,0
APP004796,Male,Yes,0,Graduate,Self-Employed,62503,17478,104000,120,Good,North,45,08-10-2023,0
APP002602,Male,Yes,0,Graduate,Self-Employed,105608,27890,47000,240,Bad,South,53,08-06-2024,1
APP005166,Female,Yes,0,Graduate,Salaried,42250,13940,115000,120,Good,South,38,13-07-2024,0
APP001822,Male,No,0,Graduate,Salaried,32497,8621,183000,60,No History,East,42,17-06-2023,0
APP000468,Female,No,3,Graduate,Salaried,81562,10301,259000,84,Bad,South,42,10-10-2023,1
APP001493,Male,Yes,1,Graduate,Salaried,65278,20337,89000,48,Bad,West,47,28-05-2024,0
APP005503,Male,Yes,3,Not Graduate,Salaried,21598,3533,78000,360,Good,North,31,19-05-2023,0
APP004171,Male,Yes,4,Graduate,Salaried,28649,5301,182000,240,Good,East,49,19-01-2023,0
APP005778,Male,Yes,0,Graduate,Self-Employed,26315,2716,87000,240,Good,West,29,11-08-2023,1
APP004867,Male,Yes,0,Not Graduate,Salaried,67062,22539,85000,84,Good,South,28,11-06-2023,0
APP003755,Male,Yes,2,Graduate,Self-Employed,61661,5501,116000,180,Good,South,40,11-11-2024,0
APP001889,Female,No,2,Graduate,Salaried,13251,131,329000,24,Good,East,50,19-10-2024,0
APP004755,Female,Yes,0,Not Graduate,Self-Employed,44840,8633,95000,180,Good,West,50,21-08-2024,0
APP003129,Female,No,1,Not Graduate,Salaried,151722,21430,35000,36,Good,South,40,22-09-2024,1
APP002488,Female,No,1,Not Graduate,Self-Employed,18834,5379,176000,84,Bad,West,21,16-03-2023,0
APP004582,Male,Yes,4,Graduate,Salaried,46751,6570,73000,36,Good,East,34,08-02-2024,0
APP000022,Male,Yes,0,Graduate,Salaried,39191,13602,150000,180,Good,West,38,08-05-2024,0
APP005487,Male,Yes,3,Graduate,Salaried,94191,27469,64000,180,Good,East,41,17-10-2023,0
APP004509,Female,No,3,Graduate,Salaried,75363,1764,120000,180,Good,North,24,30-06-2023,0
APP005916,Male,No,0,Not Graduate,Self-Employed,58944,20321,204000,60,Good,West,30,30-05-2023,0
APP005676,Male,No,1,Graduate,Salaried,32451,7683,191000,240,Good,West,55,06-09-2023,0
APP003276,Female,No,2,Graduate,Salaried,111737,13256,173000,12,Good,West,47,17-02-2024,0
APP002404,Male,No,2,Not Graduate,Salaried,65113,12809,29000,48,Good,North,33,26-12-2024,0
APP003593,Male,Yes,1,Graduate,Salaried,50827,1724,103000,120,Good,West,52,26-02-2024,0
APP001315,Male,Yes,1,Graduate,Self-Employed,49074,14469,66000,12,Good,West,60,13-08-2024,0
APP004545,Male,Yes,0,Graduate,Self-Employed,38811,8993,68000,36,Good,East,52,04-08-2023,0
APP001048,Male,Yes,1,Graduate,Salaried,71961,8490,85000,36,Good,North,52,11-01-2024,0
APP003248,Male,Yes,3,Graduate,Self-Employed,19079,4004,37000,36,Good,South,35,24-03-2023,0
APP005581,Male,Yes,2,Graduate,Self-Employed,48644,10292,105000,360,Good,East,45,16-12-2023,0
APP004067,Male,No,0,Graduate,Self-Employed,97822,8321,80000,120,Good,West,48,17-08-2023,0
APP000811,Female,Yes,0,Not Graduate,Self-Employed,96103,28277,47000,24,Good,West,38,26-06-2024,0
APP003742,Female,Yes,0,Graduate,Salaried,35349,8239,78000,24,Good,East,51,31-10-2024,0
APP002480,Female,Yes,0,Not Graduate,Salaried,39824,11318,82000,360,Good,East,38,08-11-2024,0
APP004204,Female,Yes,2,Graduate,Salaried,47723,9477,257000,120,Good,South,50,14-08-2023,0
APP001369,Male,Yes,1,Graduate,Salaried,35478,7170,121000,12,No History,West,28,26-10-2024,0
APP002669,Female,Yes,0,Graduate,Salaried,34663,4064,85000,48,Good,West,47,15-11-2024,0
APP001521,Male,No,1,Not Graduate,Salaried,205802.1872,24351,82000,12,No History,South,54,19-11-2023,0
APP004032,Male,Yes,0,Graduate,Salaried,67400,12681,104000,360,Bad,West,39,30-11-2024,0
APP005690,Female,Yes,3,Graduate,Salaried,61001,12436,76000,48,Bad,West,41,02-09-2024,0
APP001206,Female,No,0,Not Graduate,Salaried,20551,342,104000,12,Good,South,36,23-03-2024,0
APP002333,Female,No,1,Not Graduate,Salaried,55822,5222,70000,36,Good,West,21,01-02-2023,0
APP004576,Male,Yes,0,Not Graduate,Salaried,60178,15592,83000,24,Good,East,31,06-09-2024,0
APP003850,Male,Yes,2,Graduate,Self-Employed,34892,4890,66000,180,No History,South,31,08-06-2023,0
APP004227,Male,No,2,Graduate,Salaried,82798,16350,319000,36,Good,North,27,01-10-2023,0
APP000956,Male,Yes,0,Graduate,Salaried,37283,7227,25000,60,Good,East,48,10-05-2023,0
APP000860,Male,Yes,2,Not Graduate,Salaried,42631,14748,161000,60,Good,East,30,25-01-2024,0
APP002034,Female,No,0,Graduate,Self-Employed,61543,2638,307000,180,Good,West,33,14-05-2023,0
APP001316,Female,Yes,1,Graduate,Self-Employed,113900,13908,190000,12,Good,North,38,01-04-2024,0
APP002400,Female,No,0,Graduate,Self-Employed,44289,7744,184000,12,Good,West,30,20-04-2024,0
APP005101,Male,Yes,1,Not Graduate,Salaried,38161,2291,39000,120,Good,North,44,18-06-2023,0
APP003905,Female,Yes,3,Not Graduate,Salaried,98822,5204,256000,60,Good,West,41,11-12-2023,1
APP004822,Male,No,3,Graduate,Salaried,48644,11653,90000,60,Good,South,52,16-04-2023,0
APP001367,Female,No,1,Not Graduate,Salaried,55724,15022,268000,180,Good,East,33,25-08-2023,1
APP003044,Male,Yes,1,Graduate,Salaried,68279,15780,94000,36,Bad,East,24,30-01-2024,0
APP003925,Female,No,0,Graduate,Salaried,40305,11078,64000,48,Bad,East,36,02-02-2023,1
APP004836,Male,Yes,3,Graduate,Self-Employed,65137,5223,136000,60,Good,East,35,04-09-2024,0
APP002507,Female,No,0,Not Graduate,Self-Employed,29342,8676,28000,180,Good,North,37,07-02-2024,0
APP000463,Female,No,1,Graduate,Self-Employed,17754,4538,205000,180,Good,South,48,07-05-2023,0
APP001574,Female,Yes,3,Not Graduate,Salaried,83965,5267,111000,60,Good,East,31,27-11-2023,0
APP000309,Female,Yes,0,Graduate,Salaried,64505,2577,25000,240,Bad,South,36,15-04-2024,1
APP002122,Male,Yes,1,Not Graduate,Self-Employed,18974,1258,69000,48,Good,East,53,12-06-2023,0
APP000580,Male,Yes,1,Graduate,Self-Employed,96621,3477,40000,120,Good,North,24,23-02-2023,0
APP004202,Male,No,0,Graduate,Self-Employed,28491,2518,81000,60,Good,West,37,30-03-2024,0
APP001706,Male,No,1,Graduate,Salaried,41997,12469,154000,48,Good,West,52,23-07-2024,0
APP003787,Male,Yes,0,Graduate,Salaried,34584,5406,81000,120,Good,East,53,11-09-2024,0
APP004598,Male,No,1,Graduate,Self-Employed,48644,4356,61000,60,Bad,South,32,19-10-2024,0
APP002995,Male,Yes,2,Graduate,Self-Employed,24171,2357,105000,84,Good,East,61,13-04-2023,0
APP002038,Male,Yes,0,Graduate,Salaried,34681,3665,36000,60,Good,North,26,15-03-2023,0
APP005171,Male,Yes,3,Graduate,Self-Employed,26515,304,36000,48,Good,South,39,21-06-2024,1
APP005739,Male,Yes,2,Not Graduate,Self-Employed,65395,20092,100000,48,Good,West,21,28-09-2024,0
APP002096,Female,Yes,4,Not Graduate,Salaried,48690,16315,253000,240,Good,South,25,08-10-2024,0
APP000871,Male,No,4,Not Graduate,Self-Employed,43581,4744,43000,36,Good,East,32,21-08-2023,0
APP005707,Female,Yes,1,Graduate,Self-Employed,119263,36047,189000,84,Good,West,41,30-08-2024,1
APP004470,Female,No,2,Graduate,Self-Employed,37728,464,102000,240,Good,South,34,05-04-2023,0
APP003050,Male,Yes,3,Not Graduate,Salaried,85680,20951,145000,84,Good,South,33,08-06-2024,1
APP005923,Male,Yes,2,Graduate,Salaried,30705,5447,96000,12,Good,East,50,27-02-2024,0
APP002657,Female,Yes,1,Graduate,Salaried,62413,15973,179000,24,Good,North,38,31-08-2024,0
APP004414,Female,No,1,Graduate,Salaried,19194,3564,161000,120,Bad,North,42,30-12-2023,1
APP003503,Female,Yes,3,Not Graduate,Self-Employed,87628,20545,100000,120,Bad,West,54,14-02-2024,1
APP000977,Female,No,1,Not Graduate,Salaried,32035,8146,138000,60,No History,West,51,23-10-2024,0
APP003353,Female,Yes,0,Not Graduate,Salaried,21975,2746,192000,36,Good,South,39,27-12-2023,0
APP000958,Male,Yes,0,Graduate,Salaried,44688,15624,41000,48,Good,West,24,12-04-2023,0
APP003700,Male,Yes,3,Not Graduate,Self-Employed,46942,5586,39000,60,Good,North,24,30-06-2023,0
APP001341,Male,No,2,Not Graduate,Salaried,54270,533,155000,48,Good,North,38,20-05-2023,0
APP001823,Female,No,1,Not Graduate,Salaried,42013,13293,138000,120,Good,West,34,19-08-2023,0
APP002330,Male,No,0,Graduate,Salaried,68094,23737,160000,120,Good,East,21,06-05-2023,0
APP001930,Male,Yes,0,Graduate,Self-Employed,34661,8969,91000,120,Good,North,21,30-04-2023,0
APP003881,Male,No,2,Graduate,Self-Employed,55287,16031,65000,60,Good,East,40,08-05-2023,0
APP005647,Male,Yes,0,Graduate,Salaried,44601,4127,212000,60,Good,North,21,28-12-2024,0
APP005026,Male,Yes,0,Not Graduate,Self-Employed,37323,8344,229000,36,Good,East,44,04-05-2023,0
APP000354,Male,Yes,3,Graduate,Self-Employed,176058,39535,278000,48,Good,West,41,02-08-2024,0
APP001446,Male,Yes,1,Graduate,Self-Employed,25195,257,20000,84,Good,West,62,17-08-2024,0
APP002727,Male,Yes,0,Not Graduate,Salaried,34919,5664,74000,60,No History,East,30,01-07-2024,0
APP005604,Female,Yes,0,Not Graduate,Salaried,47247,14814,56000,240,Good,East,24,27-10-2023,0
APP004257,Female,Yes,2,Graduate,Salaried,113378,29501,82000,60,Good,North,39,12-03-2023,0
APP003201,Male,Yes,4,Not Graduate,Salaried,44531,1046,38000,24,Good,West,22,04-01-2024,0
APP004552,Male,Yes,1,Graduate,Self-Employed,72122,9739,294000,60,Good,North,24,08-03-2024,0
APP005229,Male,Yes,1,Graduate,Self-Employed,27204,5807,111000,60,Good,South,34,08-04-2023,1
APP001386,Male,Yes,3,Graduate,Salaried,30936,6507,71000,60,Good,West,57,27-05-2023,0
APP005221,Male,Yes,0,Not Graduate,Salaried,30049,1478,79000,60,Good,East,27,24-08-2023,0
APP003722,Female,No,1,Graduate,Salaried,34764,7829,56000,360,Good,South,30,27-10-2024,0
APP000502,Male,Yes,4,Graduate,Salaried,42560,5906,109000,36,Good,North,32,15-04-2023,0
APP003525,Male,No,2,Graduate,Salaried,90847,24153,284000,24,Good,North,25,15-01-2023,1
APP001007,Female,Yes,0,Graduate,Self-Employed,34701,4475,160000,120,Bad,South,21,08-12-2024,0
APP000374,Female,Yes,1,Not Graduate,Self-Employed,54771,14016,33000,120,Bad,North,42,02-03-2023,1
APP002105,Female,No,2,Not Graduate,Salaried,81671,28008,79000,84,Bad,East,44,22-12-2023,1
APP002234,Female,Yes,2,Graduate,Salaried,65882,20653,78000,240,Good,South,36,01-02-2024,0
APP005754,Female,Yes,2,Graduate,Salaried,50992,14136,123000,24,No History,East,46,06-02-2024,0
APP001008,Female,Yes,2,Graduate,Salaried,51762,6264,82000,12,Good,West,34,22-10-2024,0
APP005723,Female,Yes,0,Not Graduate,Self-Employed,28456,2788,42000,84,Good,North,29,06-01-2024,0
APP004551,Female,No,2,Graduate,Self-Employed,30828,8516,192000,84,Good,North,37,11-07-2024,0
APP002172,Male,No,0,Graduate,Salaried,37934,10713,65000,180,Good,East,24,29-01-2023,0
APP003217,Male,No,0,Graduate,Self-Employed,83843,22697,89000,36,Bad,East,39,18-01-2023,0
APP005616,Female,Yes,1,Not Graduate,Salaried,105785,23934,114000,60,Good,West,39,16-03-2023,0
APP004402,Male,Yes,0,Graduate,Self-Employed,56991,3606,51000,60,Good,West,24,19-01-2023,0
APP001319,Male,No,2,Not Graduate,Self-Employed,104553,3381,135000,84,Good,West,26,25-04-2023,0
APP003983,Male,Yes,1,Graduate,Self-Employed,90151,24204,30000,36,No History,North,40,25-07-2023,0
APP001476,Female,Yes,0,Not Graduate,Salaried,48644,15274,39000,240,Good,North,51,12-11-2023,0
APP000680,Female,Yes,4,Not Graduate,Self-Employed,36755,8282,127000,120,No History,South,43,25-03-2023,0
APP004779,Male,Yes,0,Graduate,Self-Employed,13160,3902,100000,84,Good,East,33,03-06-2023,0
APP003927,Female,Yes,2,Graduate,Salaried,50898,8863,140000,60,Good,North,57,30-01-2024,0
APP000381,Male,No,2,Graduate,Salaried,47957,6094,34000,180,Bad,North,35,21-04-2024,0
APP004164,Male,Yes,0,Graduate,Self-Employed,151011,51047,155000,84,Good,South,54,10-01-2024,0
APP001883,Female,No,1,Not Graduate,Self-Employed,74766,6396,51000,60,Good,East,52,24-03-2024,0
APP000478,Male,Yes,2,Graduate,Self-Employed,50730,16614,41000,120,Good,East,39,27-04-2023,0
APP005495,Male,Yes,3,Graduate,Salaried,34048,6979,65000,60,Good,South,46,13-02-2024,0
APP002383,Female,Yes,2,Not Graduate,Self-Employed,87877,26663,173000,84,Good,North,33,04-07-2024,0
APP005794,Female,Yes,3,Graduate,Self-Employed,46752,12987,156000,84,Good,South,41,02-12-2023,0
APP002360,Male,Yes,3,Not Graduate,Self-Employed,123305,6581,49000,60,Good,West,49,29-10-2024,0
APP000426,Male,Yes,2,Not Graduate,Salaried,205802.1872,1921,102000,84,Good,West,56,18-09-2023,0
APP005135,Female,Yes,0,Graduate,Self-Employed,58505,6702,84000,360,Good,East,51,27-10-2024,0
APP002256,Male,Yes,1,Graduate,Salaried,154833,4484,31000,60,Good,South,29,22-06-2023,0
APP001334,Female,Yes,0,Graduate,Self-Employed,42188,1462,158000,48,Good,East,38,11-07-2023,0
APP000200,Female,No,2,Graduate,Self-Employed,14688,4995,50000,12,Good,North,41,15-03-2024,0
APP004424,Female,No,1,Graduate,Salaried,38003,347,52000,60,Good,South,33,07-11-2024,0
APP001939,Male,No,2,Graduate,Salaried,48644,18866,73000,120,No History,East,33,27-12-2024,0
APP000144,Male,Yes,0,Graduate,Salaried,28058,345,134000,84,Bad,South,27,19-05-2024,0
APP003821,Male,No,0,Graduate,Self-Employed,65502,10494,180000,24,Good,East,41,27-02-2024,0
APP004346,Male,Yes,3,Graduate,Self-Employed,25977,3224,169000,12,Bad,North,50,19-02-2023,0
APP005315,Male,Yes,2,Graduate,Salaried,62815,2686,92000,120,Good,North,42,20-09-2023,0
APP000305,Female,Yes,3,Graduate,Self-Employed,163048,1017,64000,240,Bad,North,29,08-04-2023,0
APP001455,Male,Yes,2,Graduate,Salaried,61651,17206,248000,84,Good,East,21,04-07-2023,0
APP000912,Male,No,4,Graduate,Self-Employed,103524,25620,54000,120,Good,South,41,14-11-2023,0
APP005565,Female,Yes,0,Graduate,Self-Employed,13418,1397,64000,120,Bad,South,64,11-11-2024,1
APP002597,Male,No,3,Not Graduate,Salaried,23003,2390,58000,48,Good,South,21,07-11-2023,0
APP002310,Male,No,2,Graduate,Salaried,39041,12346,22000,120,Good,South,37,09-07-2023,0
APP002113,Male,Yes,3,Not Graduate,Salaried,187713,26973,69000,360,Good,West,42,02-12-2023,0
APP005646,Male,Yes,1,Graduate,Self-Employed,75760,3935,169000,60,No History,South,50,18-12-2024,1
APP000594,Male,Yes,3,Graduate,Salaried,48774,14550,99000,240,Bad,East,21,30-12-2024,1
APP003571,Male,Yes,4,Graduate,Self-Employed,32963,10378,135000,360,Good,North,58,01-06-2024,0
APP003534,Male,No,2,Graduate,Salaried,44025,9612,115000,360,No History,South,50,23-12-2024,0
APP001289,Male,Yes,1,Graduate,Salaried,56230,5536,142000,180,Good,East,32,08-08-2024,0
APP001656,Female,Yes,1,Graduate,Self-Employed,22421,5356,113000,120,Good,East,67,02-03-2024,0
APP004715,Male,No,2,Graduate,Self-Employed,31567,2406,89000,48,Good,South,65,21-10-2023,0
APP002132,Male,No,3,Graduate,Salaried,56456,2974,293000,180,Good,North,48,12-07-2023,0
APP000766,Male,Yes,2,Graduate,Salaried,34255,10942,217000,48,Good,West,58,10-12-2023,0
APP005889,Female,No,4,Graduate,Salaried,38886,7512,79000,84,Good,East,49,28-12-2024,0
APP005160,Male,No,0,Not Graduate,Salaried,81121,23190,91000,60,No History,North,21,22-06-2023,0
APP000147,Female,Yes,2,Graduate,Salaried,33700,7661,73000,180,Good,East,59,28-11-2023,0
APP000395,Male,No,1,Graduate,Salaried,42169,3280,47000,48,Good,North,30,31-08-2023,0
APP004659,Male,No,0,Graduate,Salaried,45898,16010,35000,36,Good,West,45,04-02-2023,0
APP003809,Male,Yes,0,Graduate,Salaried,41092,13287,44000,60,Good,West,46,11-01-2024,0
APP000046,Female,Yes,0,Not Graduate,Self-Employed,94973,29881,55000,60,Good,East,42,06-05-2024,0
APP003495,Female,No,0,Graduate,Salaried,38640,12651,58000,84,Good,East,39,23-04-2023,0
APP004447,Male,No,0,Graduate,Self-Employed,27871,717,191000,120,Good,South,46,15-07-2023,0
APP003337,Female,Yes,1,Graduate,Salaried,49955,16867,188000,120,Good,East,32,11-10-2024,0
APP004418,Male,Yes,0,Graduate,Salaried,61653,14119,68000,60,Bad,North,35,15-06-2023,0
APP002160,Female,Yes,4,Graduate,Salaried,205802.1872,79597,62000,36,Good,West,36,28-01-2023,1
APP001958,Male,Yes,0,Graduate,Self-Employed,33445,8535,99000,120,Good,South,47,24-03-2023,0
APP002185,Female,No,4,Not Graduate,Salaried,26940,5055,108000,60,Bad,West,29,25-04-2023,1
APP005885,Male,No,1,Not Graduate,Self-Employed,60205,258,143000,36,Good,North,52,24-05-2023,0
APP004887,Male,Yes,2,Graduate,Self-Employed,86239,21141,210000,240,Good,North,56,21-12-2023,0
APP003498,Female,Yes,0,Graduate,Salaried,73447,854,99000,24,Good,North,46,26-05-2024,0
APP002072,Male,No,1,Graduate,Salaried,123017,19037,188000,60,Good,South,22,23-04-2023,0
APP001368,Female,Yes,2,Not Graduate,Self-Employed,33026,11438,368000,120,Good,South,52,04-05-2024,1
APP003096,Female,Yes,1,Graduate,Salaried,43412,7491,27000,60,Good,East,38,19-09-2024,0
APP002365,Male,Yes,3,Not Graduate,Self-Employed,205802.1872,6708,141000,120,Good,South,43,20-07-2024,0
APP005881,Male,No,1,Graduate,Salaried,104896,18299,72000,24,Good,South,36,07-08-2023,0
APP000931,Male,Yes,0,Graduate,Self-Employed,49220,14953,186000,48,Good,East,25,26-11-2024,0
APP003513,Female,Yes,2,Graduate,Self-Employed,33263,5710,75000,84,Good,North,39,15-01-2024,0
APP002976,Male,Yes,4,Not Graduate,Self-Employed,47749,8920,49000,12,Good,West,21,08-09-2024,0
APP004511,Male,Yes,3,Graduate,Salaried,48658,15954,51000,36,Good,North,44,31-10-2024,0
APP003142,Female,No,1,Graduate,Self-Employed,29849,2877,99000,360,Good,North,42,01-01-2024,0
APP005139,Female,Yes,2,Graduate,Self-Employed,50627,9836,60000,240,Good,East,36,20-09-2024,0
APP002582,Female,Yes,1,Graduate,Salaried,16805,4683,125000,84,Good,North,47,19-07-2023,0
APP000607,Male,No,1,Graduate,Self-Employed,40500,879,173000,360,Good,North,34,02-01-2023,0
APP000075,Female,Yes,0,Not Graduate,Salaried,32648,5180,157000,84,Good,West,28,27-09-2023,0
APP001323,Female,Yes,0,Not Graduate,Self-Employed,59140,18986,179000,84,Bad,West,40,24-09-2023,1
APP004750,Female,No,1,Graduate,Self-Employed,38585,13474,159000,60,Good,North,30,06-10-2024,0
APP000114,Female,No,0,Graduate,Salaried,65646,20025,83000,120,Good,North,25,26-08-2023,0
APP003914,Female,Yes,0,Graduate,Salaried,16586,5628,141000,120,Good,South,21,04-09-2024,0
APP000987,Female,No,3,Graduate,Self-Employed,66554,192,164000,360,Bad,East,34,16-02-2023,1
APP005549,Male,Yes,0,Graduate,Salaried,59284,20127,17000,36,No History,North,30,14-09-2023,0
APP000223,Male,Yes,1,Graduate,Salaried,58675,7504,118000,60,Good,East,43,26-06-2023,0
APP001993,Female,No,0,Graduate,Self-Employed,37252,1502,132000,60,No History,East,46,01-08-2023,0
APP005474,Female,Yes,4,Graduate,Salaried,94669,17568,86000,360,Good,North,44,08-03-2023,0
APP004132,Male,Yes,1,Graduate,Self-Employed,19704,1469,129000,240,Good,South,43,28-01-2024,0
APP005940,Male,No,0,Graduate,Self-Employed,47425,15805,417000,360,Bad,West,48,27-06-2023,1
APP001762,Female,Yes,0,Graduate,Salaried,70612,23872,221000,60,Good,East,34,09-09-2024,0
APP004444,Male,No,1,Graduate,Salaried,39829,1534,108000,48,Good,South,42,15-06-2023,0
APP004264,Male,Yes,0,Not Graduate,Salaried,51839,4830,236000,180,Good,West,21,10-04-2024,0
APP004181,Male,No,0,Not Graduate,Salaried,43362,12198,154000,240,Good,East,34,09-11-2023,1
APP004213,Male,Yes,1,Not Graduate,Salaried,28470,2502,93000,240,Good,South,40,13-05-2023,0
APP004044,Female,No,0,Graduate,Self-Employed,22982,5889,214000,240,No History,East,35,20-05-2024,0
APP003457,Male,Yes,1,Not Graduate,Self-Employed,71345,15597,78000,84,Bad,North,37,04-07-2023,0
APP000531,Female,No,0,Graduate,Self-Employed,56944,231,53000,120,Good,South,34,30-05-2024,0
APP002591,Female,Yes,4,Not Graduate,Self-Employed,38158,984,148000,60,Good,East,46,06-06-2023,0
APP003955,Male,Yes,2,Not Graduate,Salaried,26460,5621,96000,60,Good,South,35,14-03-2024,0
APP003631,Female,No,2,Graduate,Self-Employed,23671,4500,137000,48,Good,North,55,18-06-2023,0
APP002522,Male,Yes,1,Graduate,Salaried,83428,16656,67000,36,Good,North,45,17-09-2023,0
APP003052,Male,Yes,0,Graduate,Salaried,205617,20242,110000,240,Good,South,27,23-08-2023,0
APP004821,Male,No,1,Graduate,Self-Employed,66550,642,460000,48,Bad,West,48,03-01-2024,1
APP004508,Male,No,3,Not Graduate,Self-Employed,25161,8170,270000,60,Good,West,48,05-06-2023,0
APP004997,Male,Yes,0,Graduate,Self-Employed,38010,2370,99000,120,Bad,North,25,11-01-2024,0
APP005536,Male,Yes,4,Graduate,Self-Employed,45771,1653,142000,180,No History,West,27,04-09-2023,0
APP005113,Female,No,2,Not Graduate,Self-Employed,38675,1796,120000,180,No History,East,46,03-06-2023,0
APP005756,Male,No,2,Graduate,Salaried,83218,20240,194000,120,Good,North,44,29-10-2023,0
APP003205,Female,Yes,4,Not Graduate,Self-Employed,14469,99,156000,120,Bad,East,54,21-02-2023,1
APP004646,Female,No,1,Not Graduate,Salaried,95989,19334,86000,48,No History,South,35,03-03-2023,0
APP001780,Female,No,0,Graduate,Self-Employed,79639,8712,129000,180,Good,West,36,24-06-2023,0
APP001026,Male,Yes,0,Not Graduate,Salaried,40852,11328,112000,120,Good,West,44,17-03-2023,0
APP003779,Female,Yes,1,Not Graduate,Salaried,49103,14919,35000,12,Good,North,56,30-03-2024,0
APP000082,Male,Yes,2,Not Graduate,Salaried,31503,2310,72000,120,No History,West,58,20-09-2023,0
APP004597,Female,No,0,Graduate,Self-Employed,55487,3993,128000,360,Good,West,36,28-01-2024,0
APP002031,Male,Yes,4,Graduate,Salaried,57727,1893,89000,60,Good,East,37,16-08-2024,0
APP004055,Female,Yes,1,Graduate,Self-Employed,69296,6128,739000,60,Good,East,23,01-04-2023,0
APP001793,Male,No,3,Graduate,Salaried,90747,2659,160000,60,Good,West,43,03-09-2024,0
APP002717,Female,Yes,1,Not Graduate,Salaried,96805,12305,61000,60,Good,West,27,23-05-2024,1
APP003820,Male,Yes,3,Graduate,Salaried,32589,7099,122000,84,Bad,West,27,09-09-2024,1
APP002674,Male,No,0,Graduate,Self-Employed,122526,13912,273000,48,Good,East,57,28-11-2023,1
APP005830,Male,No,4,Graduate,Salaried,68623,17961,24000,84,Good,North,37,18-07-2024,0
APP003502,Female,Yes,2,Not Graduate,Salaried,35652,4050,51000,120,Good,East,34,11-08-2023,0
APP002564,Male,No,0,Graduate,Self-Employed,38932,6280,157000,48,Bad,North,41,28-05-2024,0
APP003403,Female,Yes,1,Not Graduate,Self-Employed,21128,3429,79000,120,Good,East,34,29-01-2023,0
APP005929,Female,No,0,Graduate,Self-Employed,106125,20915,149000,60,Bad,North,37,26-02-2023,1
APP001957,Female,No,2,Graduate,Salaried,18667,4841,157000,84,Good,East,21,04-09-2024,1
APP003870,Male,Yes,0,Not Graduate,Salaried,32236,9279,50000,60,Good,South,35,10-03-2024,0
APP004137,Female,Yes,1,Graduate,Self-Employed,48644,10121,100000,120,Good,West,28,10-09-2024,0
APP005708,Male,No,3,Graduate,Self-Employed,48644,7278,125000,24,Good,North,50,14-08-2024,0
APP005303,Female,Yes,2,Not Graduate,Salaried,16527,4213,39000,24,Bad,West,54,13-07-2023,1
APP003137,Female,Yes,0,Graduate,Salaried,25965,1614,382000,120,Good,West,34,27-06-2024,0
APP000312,Male,No,2,Graduate,Salaried,31349,7559,274000,24,Good,West,21,13-10-2023,0
APP001632,Male,Yes,2,Not Graduate,Salaried,71380,12977,69000,48,No History,West,35,02-11-2024,1
APP004261,Male,Yes,1,Graduate,Salaried,45024,5199,229000,180,Good,North,41,24-11-2024,0
APP002068,Male,Yes,1,Not Graduate,Self-Employed,96460,28798,78000,240,Good,North,27,07-02-2024,0
APP001427,Male,No,1,Graduate,Salaried,51576,11285,62000,60,Good,North,40,05-05-2024,0
APP002003,Female,Yes,1,Graduate,Salaried,68749,6938,129000,60,Good,West,30,11-02-2023,0
APP004454,Female,Yes,1,Graduate,Self-Employed,47270,1817,90000,360,No History,South,41,29-04-2023,0
APP003811,Female,No,2,Graduate,Salaried,33654,5575,70000,36,Good,South,37,08-09-2023,0
APP004811,Male,Yes,1,Not Graduate,Salaried,75413,23235,71000,24,Good,South,49,16-09-2024,0
APP002338,Male,Yes,1,Graduate,Salaried,15609,346,60000,120,Bad,North,31,31-03-2024,1
APP002441,Male,Yes,3,Graduate,Self-Employed,44684,15264,218000,120,Good,South,42,01-01-2023,0
APP000129,Male,Yes,1,Not Graduate,Salaried,37734,4199,81000,240,Good,North,39,18-10-2024,0
APP001010,Male,No,0,Graduate,Self-Employed,28398,8596,128000,24,Good,North,38,06-10-2024,0
APP001814,Male,No,1,Not Graduate,Self-Employed,40010,6464,56000,180,Good,South,24,31-12-2023,0
APP001291,Male,Yes,2,Not Graduate,Salaried,193049,11513,287000,60,Good,East,44,28-02-2024,0
APP003874,Female,Yes,3,Not Graduate,Salaried,91654,22152,121000,24,Bad,West,56,08-10-2024,0
APP002772,Male,Yes,0,Not Graduate,Salaried,51788,5124,93000,120,Good,East,28,23-02-2024,0
APP000202,Male,Yes,0,Not Graduate,Self-Employed,90881,5688,69000,48,Bad,South,47,09-11-2023,0
APP005394,Female,No,0,Graduate,Salaried,45709,14914,65000,36,No History,North,44,23-01-2023,0
APP005897,Female,Yes,2,Graduate,Salaried,81796,19387,220000,180,Good,North,54,13-04-2024,0
APP000955,Male,Yes,0,Graduate,Self-Employed,97766,10473,67000,36,Good,North,25,09-06-2024,0
APP002419,Male,Yes,1,Not Graduate,Salaried,71511,19094,108000,48,Good,West,38,28-06-2024,0
APP004021,Male,Yes,2,Graduate,Salaried,68906,11855,72000,240,Good,East,40,01-03-2024,0
APP000830,Male,Yes,3,Graduate,Salaried,48318,16882,16000,24,No History,North,42,14-08-2023,0
APP002362,Male,No,2,Graduate,Salaried,94390,26861,135000,120,Good,West,31,18-02-2024,0
APP003908,Male,Yes,0,Graduate,Self-Employed,34932,1536,99000,60,Good,North,36,06-10-2024,0
APP000971,Female,Yes,0,Graduate,Self-Employed,48644,13070,41000,180,Good,South,23,04-12-2024,0
APP000203,Male,No,1,Graduate,Salaried,38068,9036,150000,84,Bad,West,42,13-09-2024,0
APP000983,Male,Yes,1,Not Graduate,Self-Employed,60902,9418,108000,84,Good,North,38,03-08-2023,0
APP003697,Female,Yes,2,Graduate,Self-Employed,18422,4793,142000,48,Good,East,39,07-08-2024,0
APP003319,Female,No,3,Graduate,Self-Employed,27059,1357,82000,60,Good,West,49,10-11-2023,0
APP002381,Female,No,1,Graduate,Salaried,100986,25955,143000,12,Good,West,28,11-01-2024,0
APP002487,Male,No,2,Not Graduate,Self-Employed,26556,9140,141000,36,Good,South,29,17-06-2024,0
APP004992,Male,No,3,Not Graduate,Salaried,49672,15041,165000,84,Bad,North,40,14-12-2023,1
APP003098,Male,Yes,2,Graduate,Self-Employed,26047,8662,60000,60,Good,East,28,15-07-2024,0
APP005516,Female,Yes,0,Not Graduate,Salaried,69375,17399,163000,24,Good,West,41,25-06-2023,1
APP003090,Male,No,0,Graduate,Self-Employed,78381,5087,145000,24,Bad,North,70,27-01-2023,0
APP001188,Male,No,0,Graduate,Self-Employed,26783,3592,58000,60,Good,North,35,26-03-2024,0
APP004448,Female,Yes,2,Graduate,Self-Employed,38102,6155,118000,120,Good,South,21,05-09-2024,0
APP003920,Female,No,2,Not Graduate,Self-Employed,66757,2914,118000,48,Good,South,31,05-11-2024,0
APP001596,Male,No,0,Graduate,Salaried,68904,12447,122000,180,Good,East,34,02-02-2024,0
APP004093,Male,No,0,Graduate,Salaried,79697,25808,174000,60,No History,South,38,06-10-2024,0
APP000043,Male,Yes,1,Graduate,Self-Employed,13682,4345,81000,180,Good,South,49,15-08-2023,0
APP005984,Male,Yes,0,Graduate,Self-Employed,21266,1374,40000,240,Good,North,25,20-01-2024,0
APP003348,Male,Yes,2,Not Graduate,Salaried,102112,22608,56000,360,Good,North,32,21-12-2024,0
APP005511,Male,Yes,2,Graduate,Salaried,37677,6461,57000,36,Good,East,32,04-12-2023,1
APP001274,Male,No,0,Not Graduate,Salaried,77686,23624,62000,360,Good,East,51,12-05-2023,0
APP002183,Male,No,0,Graduate,Salaried,88242,4087,169000,120,Good,South,44,10-03-2023,0
APP000575,Female,Yes,1,Graduate,Self-Employed,45662,8939,56000,84,Good,North,55,29-11-2023,0
APP001921,Female,Yes,1,Graduate,Self-Employed,32462,3679,120000,24,Good,North,40,27-08-2024,0
APP005639,Male,Yes,0,Graduate,Self-Employed,32021,6823,329000,60,Good,West,38,17-05-2024,0
APP001809,Male,Yes,1,Graduate,Self-Employed,57184,2989,82000,120,Good,North,49,16-09-2023,0
APP002621,Female,Yes,1,Graduate,Salaried,37176,12141,18000,180,Good,West,21,11-11-2023,0
APP001847,Male,No,0,Graduate,Self-Employed,56362,1164,110000,60,Good,East,22,08-01-2024,0
APP004035,Male,Yes,0,Not Graduate,Self-Employed,85699,28103,70000,36,Good,East,46,23-10-2023,0
APP004200,Female,No,0,Graduate,Self-Employed,54026,11138,133000,120,Good,East,54,09-02-2023,1
APP004708,Male,Yes,0,Graduate,Self-Employed,48644,1740,127000,120,Good,North,21,09-01-2023,0
APP002459,Male,Yes,3,Graduate,Salaried,53474,6168,99000,48,Good,South,45,27-03-2023,0
APP000989,Male,No,3,Graduate,Salaried,38614,13288,102000,180,Good,South,30,16-12-2023,0
APP005402,Female,Yes,1,Graduate,Self-Employed,42172,10073,99000,60,No History,West,27,10-03-2023,0
APP001434,Female,Yes,4,Not Graduate,Salaried,35015,8291,51000,240,Good,North,55,04-02-2024,0
APP004481,Male,Yes,0,Graduate,Salaried,95535,7437,45000,48,Good,West,43,20-12-2023,0
APP004153,Female,No,4,Graduate,Self-Employed,127503,24019,64000,60,No History,North,35,03-02-2023,0
APP000712,Female,No,3,Graduate,Salaried,36404,651,109000,24,Good,North,26,21-01-2024,0
APP002373,Female,Yes,0,Graduate,Salaried,69444,22845,43000,240,Good,South,44,12-10-2023,0
APP003851,Male,Yes,0,Graduate,Salaried,20120,1039,157000,180,Good,North,49,19-02-2023,0
APP004452,Male,Yes,1,Not Graduate,Salaried,58905,12594,15000,180,No History,South,32,28-06-2024,0
APP003566,Female,No,2,Not Graduate,Salaried,60325,11652,105000,180,Good,West,46,03-08-2023,0
APP001019,Female,No,0,Graduate,Salaried,47816,4404,60000,84,Good,South,22,06-06-2024,0
APP003888,Female,Yes,1,Not Graduate,Salaried,117181,37208,48000,180,Good,South,49,29-09-2024,0
APP003297,Female,Yes,0,Graduate,Self-Employed,20054,4668,104000,120,Good,West,55,04-02-2024,0
APP002964,Female,No,1,Graduate,Self-Employed,109161,4184,46000,240,Good,East,34,04-05-2024,0
APP004404,Male,No,0,Not Graduate,Salaried,36597,6999,82000,84,Good,East,53,17-11-2024,0
APP003462,Male,Yes,1,Graduate,Salaried,51540,17813,45000,360,Bad,North,54,19-04-2023,0
APP004138,Male,Yes,2,Not Graduate,Salaried,23124,129,74000,60,Good,West,51,16-10-2024,0
APP005766,Female,Yes,3,Graduate,Self-Employed,51429,15244,87000,180,Good,North,37,16-07-2024,0
APP004647,Female,No,1,Graduate,Salaried,39345,9706,13000,84,No History,South,37,01-12-2023,0
APP001682,Female,Yes,0,Not Graduate,Salaried,58824,4843,93000,36,Good,North,32,05-02-2023,0
APP001970,Male,Yes,2,Graduate,Salaried,45217,8338,143000,36,Good,North,21,29-06-2024,1
APP004819,Female,Yes,0,Not Graduate,Salaried,59779,14251,219000,48,Good,East,42,13-10-2023,0
APP002052,Male,Yes,1,Graduate,Salaried,42358,14343,69000,60,Good,West,57,29-09-2024,0
APP004312,Female,No,4,Graduate,Self-Employed,17960,3946,105000,36,Good,West,33,24-07-2023,0
APP002147,Male,Yes,0,Graduate,Self-Employed,41546,4873,164000,48,Good,South,48,01-03-2024,0
APP002323,Female,Yes,3,Not Graduate,Salaried,53032,3983,57000,36,Good,North,36,21-03-2024,0
APP002697,Female,Yes,2,Graduate,Salaried,54793,12633,59000,36,Good,North,48,19-02-2023,0
APP002483,Female,No,3,Graduate,Self-Employed,48644,16777,46000,24,Good,East,36,08-08-2023,0
APP001371,Female,Yes,1,Not Graduate,Salaried,26281,6438,80000,48,Good,West,47,10-11-2024,0
APP001567,Female,No,1,Not Graduate,Salaried,40509,4170,184000,36,Bad,West,34,23-09-2023,0
APP003597,Male,Yes,2,Graduate,Salaried,48644,15460,202000,36,Good,South,36,31-05-2023,0
APP003772,Female,Yes,2,Graduate,Salaried,42415,11925,82000,84,Good,East,48,09-11-2023,0
APP004355,Male,Yes,2,Graduate,Salaried,150173,4834,52000,120,Good,East,48,12-02-2024,0
APP001517,Female,No,0,Graduate,Salaried,19306,565,325000,36,No History,North,43,02-06-2024,0
APP003994,Male,Yes,3,Graduate,Self-Employed,39832,8185,39000,360,Bad,West,32,21-10-2024,0
APP005983,Female,Yes,2,Graduate,Self-Employed,42837,7998,81000,180,Good,North,26,16-09-2023,0
APP002187,Female,No,0,Graduate,Self-Employed,48644,41988,60000,60,Good,West,41,14-10-2024,0
APP003309,Male,Yes,2,Not Graduate,Salaried,43858,2274,153000,24,No History,South,26,11-02-2023,0
APP003732,Female,No,1,Graduate,Salaried,26699,3533,99000,36,Good,South,50,30-08-2024,0
APP001038,Female,Yes,0,Not Graduate,Salaried,20073,6285,207000,84,No History,South,40,28-05-2023,1
APP002438,Male,Yes,1,Graduate,Self-Employed,50071,3797,62000,180,Good,West,21,11-12-2024,0
APP003000,Female,Yes,1,Graduate,Self-Employed,56045,3064,248000,48,Good,North,52,28-05-2023,0
APP001511,Female,No,0,Not Graduate,Self-Employed,102018,5826,315000,120,Good,North,56,14-02-2023,0
APP000412,Female,Yes,2,Graduate,Salaried,39179,6918,32000,48,Good,South,54,16-06-2023,0
APP004848,Male,Yes,1,Graduate,Salaried,40690,14068,71000,180,No History,North,47,23-07-2023,0
APP005162,Male,Yes,0,Not Graduate,Self-Employed,43520,1739,99000,84,Good,East,32,27-11-2024,0
APP004076,Male,Yes,3,Graduate,Salaried,48227,2308,48000,36,Bad,West,29,11-04-2024,0
APP001302,Female,Yes,1,Not Graduate,Salaried,30034,9836,138000,12,Good,East,28,21-10-2024,0
APP003260,Female,No,0,Graduate,Salaried,48370,14200,96000,120,Good,South,54,16-07-2024,0
APP001318,Female,Yes,2,Graduate,Salaried,30529,3497,67000,36,Bad,East,44,25-02-2024,0
APP003317,Male,Yes,1,Graduate,Salaried,24071,797,64000,84,Good,West,40,08-11-2023,0
APP000778,Female,Yes,0,Not Graduate,Self-Employed,45344,10969,99000,84,Good,East,31,03-03-2023,0
APP004971,Male,Yes,2,Not Graduate,Self-Employed,67703,6994,38000,36,Good,West,37,27-08-2023,0
APP005293,Male,Yes,3,Graduate,Salaried,74682,2279,40000,48,Good,West,25,15-04-2023,0
APP002368,Male,Yes,2,Not Graduate,Salaried,22609,4667,134000,36,Good,West,47,02-10-2024,0
APP002477,Male,Yes,2,Graduate,Salaried,24375,6993,79000,36,Good,East,21,18-08-2023,0
APP004170,Male,Yes,1,Not Graduate,Self-Employed,55149,16517,48000,12,Good,South,44,04-04-2024,0
APP000026,Female,Yes,2,Graduate,Self-Employed,99163,3197,50000,84,Good,North,28,21-08-2024,0
APP003393,Female,No,0,Not Graduate,Salaried,40806,11383,57000,360,Good,North,44,10-09-2024,0
APP001409,Female,Yes,1,Graduate,Salaried,37559,6039,204000,240,No History,West,21,17-02-2024,0
APP001140,Female,No,2,Graduate,Salaried,54972,9898,46000,24,Good,North,32,13-05-2023,0
APP000506,Male,Yes,0,Graduate,Salaried,94980,21205,99000,36,Good,South,35,25-01-2023,0
APP001561,Male,No,0,Graduate,Salaried,64735,6651,91000,60,No History,West,29,28-08-2023,0
APP001121,Male,Yes,3,Not Graduate,Salaried,68650,8196,190000,240,Good,North,28,04-08-2023,0
APP000602,Male,Yes,1,Graduate,Self-Employed,94497,4223,134000,84,Good,West,22,15-11-2023,0
APP003942,Female,No,1,Not Graduate,Salaried,94512,7612,92000,36,Good,West,21,25-09-2023,0
APP002738,Male,Yes,3,Graduate,Salaried,68992,14816,87000,60,Good,West,24,19-06-2024,0
APP003852,Male,Yes,2,Graduate,Salaried,69311,9670,139000,84,Good,North,45,27-06-2023,0
APP002614,Female,Yes,1,Not Graduate,Salaried,28005,9433,139000,120,Good,South,36,11-05-2024,0
APP000349,Male,Yes,1,Not Graduate,Salaried,28382,9331,134000,120,Good,South,31,02-06-2023,0
APP005981,Female,No,0,Graduate,Salaried,22311,3829,32000,240,Good,East,27,08-01-2023,0
APP005510,Male,Yes,1,Graduate,Salaried,34357,10224,187000,48,Good,East,41,31-10-2024,0
APP005661,Male,Yes,3,Graduate,Salaried,89259,31148,148000,360,Good,North,21,18-06-2024,0
APP005941,Male,Yes,0,Graduate,Salaried,30332,9725,161000,36,Good,East,37,28-01-2024,0
APP000630,Male,No,2,Not Graduate,Salaried,52196,12215,311000,60,Good,North,34,16-06-2023,0
APP005917,Female,No,2,Not Graduate,Self-Employed,40152,7516,81000,84,Good,North,51,07-06-2024,0
APP002549,Male,Yes,2,Graduate,Self-Employed,32009,9453,102000,120,No History,South,44,11-03-2023,0
APP004732,Male,Yes,0,Graduate,Self-Employed,56523,6003,102000,84,Good,South,48,09-10-2023,0
APP000409,Female,Yes,0,Graduate,Salaried,35748,6674,28000,48,Good,West,46,13-07-2023,0
APP003392,Female,Yes,2,Not Graduate,Salaried,48646,9920,149000,120,Good,North,57,07-05-2024,0
APP000165,Male,Yes,0,Graduate,Salaried,48644,5702,156000,48,Good,East,55,18-10-2024,0
APP005652,Female,Yes,4,Graduate,Self-Employed,51792,6784,60000,84,Good,South,38,16-06-2024,0
APP002337,Male,Yes,0,Graduate,Salaried,118550,35879,114000,84,Good,West,55,04-05-2023,0
APP004050,Male,Yes,0,Graduate,Self-Employed,82931,5874,89000,84,Good,North,38,17-06-2023,0
APP002427,Male,Yes,4,Not Graduate,Self-Employed,30639,6793,80000,120,No History,South,51,08-02-2024,1
APP001088,Male,No,3,Graduate,Salaried,42367,11400,466000,360,Good,East,56,14-06-2023,0
APP003771,Male,No,0,Graduate,Self-Employed,139014,8840,149000,60,Good,North,46,25-10-2024,0
APP004391,Male,No,0,Graduate,Self-Employed,71318,22978,87000,180,Good,South,39,28-10-2024,0
APP002915,Male,No,0,Graduate,Self-Employed,17498,1318,117000,84,No History,West,55,09-01-2024,0
APP002861,Female,Yes,1,Not Graduate,Salaried,32353,1795,137000,240,Good,West,55,25-08-2023,0
APP002364,Male,Yes,0,Not Graduate,Self-Employed,19076,1533,123000,36,Good,South,36,02-03-2024,0
APP004625,Female,No,1,Graduate,Self-Employed,70487,2370,97000,180,Good,South,39,23-07-2023,0
APP003882,Female,Yes,1,Not Graduate,Salaried,44723,7147,72000,240,Good,West,34,29-07-2023,0
APP004124,Female,No,2,Graduate,Salaried,34039,5599,70000,84,Good,North,44,02-07-2023,0
APP005721,Male,Yes,1,Graduate,Salaried,81114,6327,47000,84,Good,North,42,12-08-2023,0
APP000275,Male,Yes,0,Graduate,Self-Employed,87262,21148,236000,36,No History,South,46,28-11-2024,1
APP001073,Male,No,0,Graduate,Self-Employed,48644,19874,150000,36,Good,North,23,31-05-2024,0
APP004810,Female,No,2,Not Graduate,Self-Employed,35753,3431,112000,84,Good,West,26,25-08-2024,0
APP000676,Female,No,1,Graduate,Salaried,92286,12211,142000,60,Good,West,23,30-09-2024,0
APP005399,Male,No,4,Graduate,Salaried,58594,20204,250000,120,Bad,West,47,02-01-2024,0
APP003383,Male,Yes,3,Not Graduate,Self-Employed,30065,6430,147000,24,Good,West,35,30-07-2024,0
APP003705,Female,Yes,3,Graduate,Salaried,53461,5158,24000,180,Good,South,41,07-05-2024,0
APP000586,Male,Yes,1,Graduate,Salaried,43421,2396,105000,24,Good,West,40,20-01-2024,0
APP000838,Male,No,1,Not Graduate,Salaried,28310,4054,45000,48,Good,East,46,07-11-2024,0
APP004400,Male,Yes,3,Not Graduate,Self-Employed,148369,42684,47000,48,Good,South,21,27-09-2023,0
APP002616,Male,No,0,Graduate,Salaried,24145,481,84000,84,Good,West,52,23-06-2023,0
APP002966,Female,Yes,0,Graduate,Self-Employed,22586,2217,99000,12,Good,West,41,23-05-2024,0
APP001438,Female,Yes,0,Graduate,Self-Employed,62388,17586,30000,60,Good,North,53,02-08-2024,0
APP001554,Female,Yes,0,Graduate,Salaried,34931,3904,94000,240,Good,East,29,30-10-2023,0
APP000817,Female,No,4,Not Graduate,Self-Employed,37400,6655,155000,60,Good,West,53,29-08-2024,0
APP001244,Female,Yes,1,Graduate,Salaried,34502,8295,42000,120,Good,East,30,30-01-2023,0
APP004313,Male,No,0,Graduate,Salaried,41530,101,74000,48,Good,West,55,01-05-2023,0
APP000303,Male,Yes,2,Graduate,Salaried,72668,1072,99000,360,Good,North,21,22-08-2024,0
APP002620,Male,No,0,Graduate,Self-Employed,52552,15989,157000,60,Good,West,31,22-09-2024,0
APP005695,Female,No,3,Graduate,Self-Employed,47949,16063,61000,36,No History,West,45,06-12-2024,1
APP002679,Male,Yes,1,Not Graduate,Salaried,87441,27381,91000,180,Good,South,34,05-07-2023,0
APP002486,Female,Yes,0,Graduate,Salaried,115308,8706,336000,120,Good,South,51,28-09-2024,0
APP003937,Male,Yes,0,Graduate,Salaried,60581,18370,92000,120,Good,North,41,09-10-2023,0
APP005974,Female,Yes,2,Graduate,Salaried,33238,5477,88000,84,Good,West,22,07-09-2024,0
APP003163,Male,Yes,0,Graduate,Salaried,16908,5798,86000,48,Bad,West,37,09-02-2024,1
APP001064,Male,No,0,Graduate,Self-Employed,46240,2566,114000,48,Good,East,24,15-01-2024,0
APP000873,Female,Yes,1,Graduate,Salaried,61717,12267,79000,24,Bad,South,43,06-02-2023,0
APP002820,Male,Yes,2,Graduate,Self-Employed,140715,6957,114000,240,Good,West,54,10-10-2023,0
APP004932,Male,No,2,Not Graduate,Self-Employed,55540,6886,158000,120,Good,West,44,11-09-2023,0
APP000953,Male,Yes,2,Graduate,Salaried,35943,10014,73000,120,Bad,East,30,23-04-2023,0
APP000160,Female,Yes,0,Not Graduate,Self-Employed,25069,6969,48000,180,Good,East,40,01-11-2023,0
APP000924,Female,No,0,Graduate,Salaried,31471,4608,46000,84,Good,West,36,02-06-2024,0
APP002771,Male,Yes,2,Not Graduate,Salaried,74190,4553,278000,120,Good,East,42,06-03-2023,0
APP004156,Male,Yes,0,Graduate,Salaried,45678,15964,54000,36,Good,East,47,04-06-2024,0
APP005922,Female,Yes,1,Not Graduate,Self-Employed,19615,4317,55000,360,Good,North,33,19-06-2024,1
APP004335,Male,No,0,Graduate,Self-Employed,29938,4110,277000,120,No History,North,21,23-02-2024,0
APP001976,Female,Yes,3,Graduate,Salaried,49902,709,198000,24,Good,North,34,10-11-2024,0
APP004120,Female,No,0,Graduate,Salaried,32375,391,69000,12,Good,South,52,06-09-2024,0
APP004925,Male,No,0,Not Graduate,Self-Employed,68447,5417,130000,180,Good,North,47,03-06-2023,0
APP003736,Male,Yes,0,Graduate,Salaried,105961,10049,49000,60,Good,East,48,01-05-2023,0
APP002395,Female,No,0,Not Graduate,Salaried,49647,14774,48000,120,Good,South,33,13-12-2023,0
APP005252,Female,Yes,2,Graduate,Self-Employed,56058,11485,115000,36,Good,South,53,28-12-2023,0
APP003604,Male,Yes,0,Graduate,Self-Employed,60688,6758,19000,24,Bad,East,28,08-03-2024,0
APP002057,Male,Yes,2,Graduate,Self-Employed,26785,5604,108000,240,Good,West,42,15-07-2024,0
APP004325,Male,Yes,1,Graduate,Self-Employed,44314,82,51000,24,Bad,South,26,26-12-2023,0
APP000490,Female,Yes,0,Graduate,Salaried,49385,16336,61000,60,Bad,North,22,15-11-2024,0
APP003714,Female,Yes,2,Graduate,Self-Employed,30695,8312,97000,84,Good,West,43,02-11-2024,0
APP000386,Female,Yes,0,Graduate,Salaried,35447,1322,209000,360,No History,South,40,04-02-2024,0
APP003489,Male,Yes,1,Not Graduate,Self-Employed,19757,3823,99000,120,Bad,South,34,26-03-2023,1
APP002284,Male,Yes,1,Not Graduate,Self-Employed,61246,3745,118000,84,Good,East,47,02-09-2024,0
APP004112,Male,Yes,4,Graduate,Salaried,41860,561,176000,84,Good,North,53,09-09-2024,0
APP001825,Female,Yes,0,Graduate,Salaried,46190,3811,79000,12,Good,East,44,04-02-2023,0
APP004366,Female,Yes,0,Not Graduate,Salaried,24928,6137,101000,12,Good,North,44,14-09-2023,0
APP004420,Male,Yes,3,Graduate,Salaried,55698,5079,60000,60,Good,West,21,31-08-2024,0
APP001589,Male,Yes,0,Graduate,Salaried,96604,22982,136000,36,Good,East,28,25-10-2024,0
APP003349,Male,No,0,Graduate,Salaried,33405,8935,135000,120,Good,West,56,21-08-2023,0
APP005822,Male,No,3,Not Graduate,Self-Employed,21935,2186,269000,120,Good,East,24,25-12-2023,1
APP001752,Male,Yes,2,Graduate,Self-Employed,40826,7573,159000,240,Good,East,33,28-10-2024,0
APP001232,Male,No,0,Not Graduate,Self-Employed,23005,6893,155000,12,Good,West,31,25-03-2023,0
APP004090,Male,Yes,1,Not Graduate,Salaried,102590,24913,50000,36,No History,East,21,23-04-2023,0
APP003161,Male,No,4,Graduate,Self-Employed,25418,2066,137000,24,Good,North,52,15-04-2023,0
APP000964,Male,Yes,1,Not Graduate,Salaried,65394,19345,64000,360,Good,North,49,31-07-2024,0
APP004594,Male,No,0,Graduate,Self-Employed,59817,13157,438000,360,Good,West,35,07-05-2024,0
APP000353,Female,Yes,3,Graduate,Salaried,82947,1562,60000,120,Good,East,43,19-09-2024,0
APP001839,Female,Yes,0,Not Graduate,Self-Employed,45563,8828,78000,12,Bad,East,31,25-01-2023,0
APP003946,Male,Yes,2,Graduate,Salaried,62638,3617,144000,84,Good,West,44,23-10-2024,0
APP004877,Female,Yes,1,Not Graduate,Salaried,22367,516,52000,36,Good,East,26,21-04-2023,0
APP000002,Female,Yes,0,Graduate,Salaried,63600,13449,131000,84,Good,West,48,04-05-2023,0
APP005193,Female,Yes,2,Graduate,Self-Employed,50294,7440,133000,180,Good,South,38,03-01-2023,0
APP004382,Male,Yes,1,Graduate,Self-Employed,41030,1775,79000,24,Good,North,58,19-06-2024,0
APP005844,Male,No,3,Graduate,Self-Employed,62205,4894,175000,180,Good,South,30,26-11-2024,0
APP000784,Male,Yes,1,Graduate,Self-Employed,21260,1104,213000,48,Good,South,30,31-03-2024,0
APP004916,Female,Yes,0,Graduate,Salaried,48250,2887,195000,84,Good,South,43,11-08-2024,0
APP002397,Male,No,0,Graduate,Salaried,54524,9891,69000,84,Bad,South,33,07-08-2024,1
APP004898,Male,No,3,Graduate,Salaried,150553,11344,65000,60,Good,West,32,06-11-2024,0
APP000069,Male,Yes,0,Not Graduate,Salaried,64787,19801,66000,120,Good,East,43,08-04-2023,0
APP000404,Female,No,1,Graduate,Salaried,50394,6577,73000,48,Good,North,21,06-02-2024,0
APP003435,Female,No,3,Graduate,Salaried,128056,26601,154000,120,Good,North,61,25-04-2023,0
APP005451,Male,Yes,2,Graduate,Salaried,73513,8378,39000,48,Good,South,39,22-09-2024,0
APP004274,Male,No,2,Not Graduate,Salaried,25961,7183,115000,12,Good,North,30,05-05-2023,0
APP003429,Female,No,1,Graduate,Salaried,45345,6912,158000,84,Bad,West,33,09-12-2024,0
APP002140,Female,Yes,1,Graduate,Self-Employed,70731,11625,120000,360,Good,West,35,26-01-2024,0
APP001201,Female,No,0,Graduate,Salaried,51876,9213,51000,120,No History,West,63,15-10-2023,0
APP002916,Female,Yes,1,Not Graduate,Self-Employed,48644,3767,83000,24,Good,North,27,15-12-2024,0
APP002301,Female,Yes,1,Graduate,Salaried,64570,21565,122000,48,Good,North,33,28-04-2024,0
APP001757,Female,No,0,Graduate,Salaried,61160,10836,106000,12,Good,South,50,25-11-2023,0
APP003487,Male,Yes,2,Graduate,Self-Employed,43417,12597,211000,24,Good,East,21,26-06-2024,0
APP001578,Female,No,0,Graduate,Self-Employed,49803,13789,95000,60,Good,West,37,13-11-2023,0
APP002720,Male,Yes,0,Graduate,Self-Employed,63668,821,24000,84,Good,South,58,06-06-2024,0
APP002242,Male,Yes,1,Not Graduate,Salaried,92989,27511,315000,84,Good,East,50,01-01-2023,0
APP002775,Male,No,0,Not Graduate,Salaried,54885,1455,89000,180,Good,East,60,23-06-2024,0
APP001508,Male,Yes,2,Graduate,Salaried,59769,20225,306000,84,Good,North,26,27-03-2024,0
APP003750,Female,Yes,0,Graduate,Self-Employed,48153,11010,80000,36,Good,South,43,14-07-2023,0
APP002494,Male,Yes,2,Graduate,Self-Employed,26465,2630,148000,60,Good,West,21,14-12-2024,0
APP005148,Female,No,3,Graduate,Salaried,125742,21217,97000,48,No History,East,36,17-07-2024,0
APP000539,Male,Yes,2,Graduate,Salaried,99700,31001,74000,12,Good,South,37,07-05-2024,0
APP001331,Male,Yes,0,Graduate,Salaried,40099,275,69000,84,Good,North,47,04-10-2023,0
APP002304,Male,Yes,3,Graduate,Salaried,96102,3786,98000,180,Good,North,35,05-08-2024,0
APP001613,Male,Yes,2,Graduate,Salaried,49885,6230,131000,36,Good,South,21,16-05-2023,0
APP001489,Male,Yes,0,Graduate,Self-Employed,94809,28955,155000,48,Good,West,47,10-01-2024,0
APP002019,Male,No,1,Graduate,Self-Employed,80164,329,301000,180,Good,South,33,03-04-2024,0
APP001745,Male,Yes,1,Graduate,Salaried,86721,2255,170000,120,Good,East,33,17-02-2024,0
APP004864,Male,Yes,0,Graduate,Self-Employed,38243,4706,24000,48,Good,West,36,16-09-2023,0
APP005724,Male,No,2,Graduate,Salaried,37422,579,63000,60,Good,South,43,16-12-2023,0
APP005528,Male,Yes,0,Not Graduate,Self-Employed,48142,13636,124000,180,Good,East,60,11-01-2023,1
APP005939,Male,Yes,0,Graduate,Self-Employed,75270,17888,99000,24,Good,West,38,22-10-2023,0
APP004607,Female,No,2,Graduate,Salaried,49912,9903,114000,48,Bad,East,35,08-04-2024,1
APP001394,Male,No,3,Not Graduate,Self-Employed,31954,5107,112000,60,Good,North,24,17-02-2023,0
APP001509,Female,Yes,2,Graduate,Salaried,43517,12024,88000,60,Good,West,39,10-05-2023,0
APP001195,Male,Yes,3,Graduate,Self-Employed,70956,15297,144000,240,Good,East,30,02-01-2023,1
APP005256,Male,Yes,1,Graduate,Self-Employed,18457,4277,68000,60,Good,East,26,17-03-2023,0
APP005837,Female,Yes,2,Graduate,Self-Employed,48644,13071,168000,36,Good,West,44,17-04-2023,0
APP003801,Male,Yes,2,Graduate,Salaried,63834,13664,330000,60,Good,East,30,01-04-2024,0
APP005175,Male,No,4,Graduate,Self-Employed,69571,7637,126000,360,Good,East,34,14-07-2024,0
APP004678,Female,No,0,Graduate,Self-Employed,103331,33423,93000,120,No History,West,33,22-12-2024,0
APP004876,Female,Yes,0,Graduate,Salaried,62246,18942,86000,120,Good,North,40,26-03-2023,0
APP001932,Male,Yes,0,Graduate,Self-Employed,11595.68039,497,124000,240,Good,West,52,18-10-2023,0
APP002813,Female,No,0,Graduate,Salaried,87728,27848,45000,120,Bad,West,23,04-06-2024,0
APP003975,Male,No,4,Graduate,Self-Employed,54865,13675,56000,60,Good,West,43,06-07-2024,0
APP002540,Female,Yes,0,Graduate,Self-Employed,55819,11271,52000,36,Good,North,42,17-07-2024,0
APP002670,Male,No,0,Graduate,Self-Employed,67220,11960,71000,120,Good,North,54,15-02-2024,0
APP003720,Male,No,4,Not Graduate,Self-Employed,62922,11218,95000,60,Good,West,35,14-09-2024,0
APP003249,Female,Yes,0,Not Graduate,Self-Employed,29410,10045,61000,48,No History,North,44,30-08-2023,1
APP004760,Female,No,3,Graduate,Self-Employed,47821,1789,58000,180,Good,South,35,20-12-2023,0
APP002823,Female,Yes,3,Not Graduate,Self-Employed,78461,22557,157000,24,Bad,North,37,26-11-2024,1
APP000574,Female,No,4,Graduate,Salaried,88891,18884,97000,36,Good,North,36,06-12-2024,0
APP000697,Male,No,1,Not Graduate,Self-Employed,32075,4369,108000,60,Good,South,33,12-03-2023,1
APP005674,Male,Yes,2,Not Graduate,Salaried,87097,4403,65000,60,Good,East,45,08-08-2023,0
APP005419,Male,Yes,0,Graduate,Salaried,49952,4610,56000,84,Good,East,49,23-11-2024,0
APP004955,Male,No,2,Graduate,Self-Employed,17402,3985,99000,240,Good,West,43,12-12-2023,0
APP005138,Male,No,1,Not Graduate,Salaried,41303,5910,34000,360,Good,North,40,11-10-2024,0
APP002188,Female,Yes,3,Graduate,Salaried,48178,7976,154000,240,Good,East,55,05-12-2024,0
APP004023,Female,No,2,Graduate,Salaried,48644,10877,160000,12,Good,North,22,15-01-2023,0
APP005444,Female,No,0,Graduate,Salaried,43901,12611,86000,36,Good,East,37,27-05-2024,0
APP002046,Female,Yes,1,Graduate,Salaried,58584,7706,46000,180,Good,East,33,05-12-2024,0
APP000283,Male,Yes,2,Not Graduate,Self-Employed,51130,5025,195000,84,Good,West,41,08-02-2023,0
APP000259,Male,Yes,0,Graduate,Salaried,15450,3336,104000,180,Good,North,42,30-05-2023,0
APP002665,Female,Yes,2,Graduate,Salaried,105215,568,42000,84,Bad,North,42,05-06-2023,1
APP005056,Female,No,1,Graduate,Self-Employed,123260,33861,108000,84,Good,East,31,23-08-2024,1
APP003234,Male,Yes,0,Not Graduate,Salaried,38057,11234,40000,180,Good,South,34,12-01-2024,0
APP000726,Female,No,2,Not Graduate,Self-Employed,42082,1506,141000,180,Good,East,25,02-02-2023,0
APP001637,Male,Yes,2,Graduate,Salaried,31211,7912,135000,180,Good,West,34,11-10-2024,0
APP000056,Female,No,3,Not Graduate,Self-Employed,34274,2241,99000,48,Bad,South,21,18-03-2023,1
APP004942,Male,No,0,Graduate,Self-Employed,20320,1072,86000,60,Good,West,50,11-12-2023,0
APP001412,Male,No,1,Graduate,Salaried,71384,10887,161000,36,Good,North,48,18-10-2023,0
APP002215,Female,No,2,Graduate,Self-Employed,17833,5526,52000,48,Bad,South,31,04-11-2024,1
APP005930,Female,Yes,0,Graduate,Salaried,56099,13745,69000,60,Good,East,25,23-07-2023,0
APP002936,Male,Yes,2,Graduate,Salaried,37564,5653,40000,48,Good,East,65,17-11-2023,1
APP000889,Male,Yes,2,Graduate,Salaried,41101,1379,20000,60,No History,South,45,19-02-2023,0
APP002955,Female,Yes,1,Not Graduate,Salaried,37237,5081,146000,12,Good,West,41,11-08-2024,0
APP001688,Male,Yes,1,Graduate,Self-Employed,43218,3607,59000,180,No History,East,22,23-12-2023,0
APP001820,Male,No,1,Graduate,Salaried,92620,19198,132000,360,Good,West,35,03-03-2023,0
APP003704,Female,Yes,2,Graduate,Self-Employed,53250,2399,82000,48,Good,South,52,01-05-2024,0
APP001973,Male,Yes,0,Graduate,Salaried,42738,1102,199000,60,Good,North,32,08-05-2024,0
APP000715,Male,No,0,Graduate,Self-Employed,23333,7982,110000,180,No History,South,30,10-07-2023,1
APP004702,Male,Yes,3,Graduate,Self-Employed,34535,8990,300000,360,Good,North,47,04-05-2023,0
APP002287,Female,Yes,3,Not Graduate,Self-Employed,99683,34407,55000,48,Good,North,29,10-06-2023,1
APP005699,Female,No,2,Graduate,Self-Employed,38856,12010,374000,24,Good,North,62,09-09-2023,0
APP000648,Female,Yes,2,Not Graduate,Salaried,36083,2067,123000,60,Good,South,45,04-12-2024,0
APP004966,Male,Yes,2,Graduate,Salaried,68750,10433,135000,60,Bad,West,46,20-06-2023,1
APP002849,Male,No,3,Graduate,Self-Employed,48644,16597,181000,24,Bad,North,46,29-11-2023,1
APP004714,Female,No,2,Graduate,Salaried,18832,5949,127000,60,Bad,East,42,04-12-2024,1
APP000124,Male,No,1,Graduate,Self-Employed,177906,5639,79000,180,Good,South,44,28-10-2024,0
APP004431,Female,Yes,3,Graduate,Self-Employed,70902,18650,195000,24,Good,North,43,23-12-2023,0
APP005621,Male,Yes,0,Graduate,Self-Employed,45543,8450,137000,12,Good,South,48,06-11-2023,0
APP004401,Male,Yes,0,Not Graduate,Self-Employed,56064,13513,35000,180,Good,South,41,20-01-2024,0
APP000981,Male,No,2,Graduate,Salaried,78528,25646,208000,360,Good,East,37,11-08-2023,0
APP000176,Male,Yes,3,Not Graduate,Self-Employed,25993,3688,72000,120,Good,West,27,28-10-2024,0
APP000582,Female,No,2,Graduate,Salaried,54375,9133,110000,48,Good,North,22,02-09-2023,0
APP004875,Male,Yes,0,Graduate,Salaried,11595.68039,544,149000,36,Good,North,30,16-07-2024,0
APP001617,Female,Yes,0,Graduate,Self-Employed,25765,3302,171000,84,Good,East,37,22-12-2023,0
APP005364,Female,Yes,0,Not Graduate,Salaried,118127,20367,80000,24,Good,West,32,28-06-2024,0
APP002877,Male,No,4,Graduate,Self-Employed,39876,4643,68000,120,Good,North,36,07-05-2023,0
APP005122,Female,Yes,4,Graduate,Salaried,34441,6714,176000,120,Good,North,29,29-04-2023,0
APP003244,Female,Yes,1,Graduate,Salaried,58484,9112,72000,84,Good,North,28,18-09-2024,0
APP001862,Female,Yes,1,Graduate,Self-Employed,34813,11629,113000,24,Bad,West,46,27-06-2024,1
APP003576,Male,Yes,0,Not Graduate,Salaried,140278,19804,320000,180,Bad,West,37,22-05-2023,1
APP003607,Female,Yes,1,Graduate,Salaried,53201,6014,104000,84,Good,West,21,14-02-2024,1
APP005753,Male,Yes,0,Not Graduate,Salaried,67044,7578,169000,48,Good,West,26,06-06-2023,0
APP002975,Male,Yes,4,Not Graduate,Salaried,116626,24811,135000,120,Good,East,44,11-04-2023,0
APP004506,Male,Yes,1,Graduate,Salaried,19553,3767,135000,24,Good,East,52,01-05-2023,0
APP004772,Male,No,3,Graduate,Self-Employed,27900,2356,30000,60,Bad,East,33,18-07-2024,1
APP000298,Male,No,4,Graduate,Self-Employed,49414,11708,56000,240,No History,West,35,14-08-2024,0
APP000926,Male,No,2,Not Graduate,Salaried,47839,13333,70000,180,Good,West,47,30-12-2024,0
APP004119,Male,Yes,0,Graduate,Salaried,137034,23300,41000,36,Good,West,38,14-02-2023,0
APP004987,Female,No,1,Graduate,Self-Employed,67994,15733,76000,84,No History,South,39,07-06-2023,0
APP002116,Male,Yes,1,Graduate,Salaried,63700,20778,46000,36,Good,North,42,07-06-2023,0
APP004825,Male,No,0,Graduate,Self-Employed,21812,2275,85000,60,Good,West,40,08-03-2023,0
APP001308,Female,No,0,Graduate,Self-Employed,76843,8040,140000,36,Good,East,30,09-07-2023,0
APP004768,Male,Yes,4,Graduate,Salaried,48644,31777,49000,48,Good,North,39,26-12-2023,0
APP001673,Female,Yes,0,Graduate,Salaried,48644,9548,196000,120,Good,East,44,18-06-2024,0
APP001200,Male,Yes,1,Graduate,Salaried,31640,7669,33000,60,Good,South,34,28-01-2023,0
APP002230,Male,Yes,1,Not Graduate,Self-Employed,48644,8219,57000,120,Good,West,43,13-12-2023,0
APP005987,Male,Yes,4,Graduate,Salaried,111500,11163,101000,60,No History,West,40,20-11-2024,0
APP000294,Male,Yes,2,Graduate,Self-Employed,24860,5542,122000,36,Good,North,49,31-12-2023,0
APP002691,Male,Yes,3,Graduate,Salaried,26271,2541,198000,36,Bad,North,53,20-05-2024,1
APP004223,Female,No,1,Graduate,Self-Employed,41972,8995,54000,48,Bad,South,35,04-02-2023,0
APP002580,Female,No,2,Not Graduate,Self-Employed,32344,2122,78000,180,Good,North,21,12-02-2024,0
APP005507,Male,Yes,0,Graduate,Self-Employed,21415,413,156000,120,Good,West,22,01-10-2023,0
APP000693,Male,No,1,Graduate,Self-Employed,44459,1966,92000,24,Good,West,39,13-09-2024,0
APP000687,Male,No,1,Graduate,Salaried,35822,9626,63000,120,Good,North,41,04-12-2024,0
APP000818,Male,Yes,3,Graduate,Self-Employed,101766,5368,117000,60,Good,North,25,04-11-2024,0
APP000217,Male,No,1,Graduate,Self-Employed,39651,8798,72000,84,Bad,East,57,19-08-2023,1
APP003326,Female,Yes,3,Graduate,Self-Employed,41836,4465,122000,84,Bad,South,24,14-08-2023,0
APP004249,Female,No,0,Graduate,Self-Employed,41399,296,107000,24,Good,South,21,14-09-2023,0
APP005440,Female,Yes,1,Graduate,Self-Employed,80860,5081,82000,84,Good,East,44,13-08-2023,0
APP003890,Male,Yes,3,Graduate,Self-Employed,71758,10412,63000,180,Bad,South,28,11-10-2024,1
APP005589,Female,Yes,2,Not Graduate,Self-Employed,56309,1838,21000,120,Bad,West,59,04-10-2023,0
APP005811,Male,No,1,Graduate,Self-Employed,50919,16657,229000,24,No History,South,21,30-10-2023,0
APP000479,Female,Yes,0,Graduate,Self-Employed,51997,3803,170000,180,Good,North,34,11-07-2023,0
APP005412,Male,No,3,Graduate,Salaried,31137,2175,66000,60,Good,North,44,20-01-2024,0
APP005403,Female,Yes,4,Graduate,Salaried,27480,2783,102000,240,Good,North,26,17-08-2024,0
APP003199,Male,No,3,Not Graduate,Salaried,68497,6824,135000,240,Good,East,40,22-05-2023,0
APP000813,Male,No,2,Not Graduate,Self-Employed,40099,13559,102000,84,Good,South,30,28-10-2024,1
APP004347,Female,Yes,2,Graduate,Salaried,27279,8604,105000,360,No History,North,41,12-09-2024,0
APP000844,Female,No,1,Graduate,Salaried,16705,2865,47000,240,Good,South,28,26-01-2023,0
APP003057,Female,Yes,0,Graduate,Salaried,47486,16494,285000,240,No History,West,36,02-10-2024,0
APP002376,Male,Yes,3,Graduate,Self-Employed,45155,10101,70000,360,No History,West,23,14-01-2023,0
APP004070,Female,Yes,0,Not Graduate,Self-Employed,25990,6347,80000,120,No History,South,42,15-06-2023,1
APP002033,Male,No,1,Graduate,Salaried,15242,3887,244000,180,Good,North,39,09-05-2024,0
APP000968,Male,Yes,2,Graduate,Salaried,68668,10720,164000,180,Bad,East,52,10-09-2023,0
APP005489,Female,Yes,0,Graduate,Salaried,101103,4472,122000,36,No History,North,37,27-04-2023,1
APP005333,Male,Yes,1,Graduate,Salaried,23143,638,86000,24,Good,East,36,13-08-2024,0
APP000973,Female,Yes,4,Not Graduate,Salaried,40588,404,120000,360,Good,West,34,15-10-2024,0
APP001897,Female,Yes,0,Graduate,Salaried,35417,8705,124000,60,Good,West,31,20-03-2024,0
APP004343,Female,Yes,0,Graduate,Self-Employed,151749,17348,83000,36,Bad,West,41,10-03-2023,0
APP002705,Female,Yes,2,Not Graduate,Salaried,32052,9929,142000,24,Good,East,27,11-11-2023,0
APP005979,Male,Yes,3,Graduate,Self-Employed,48644,21258,45000,36,No History,South,54,01-04-2023,0
APP005490,Female,Yes,2,Graduate,Salaried,43949,5106,54000,48,Good,East,42,10-10-2024,0
APP003375,Female,Yes,0,Graduate,Self-Employed,47998,2915,80000,360,Good,North,40,03-12-2023,0
APP004991,Female,Yes,0,Graduate,Self-Employed,51880,3897,95000,24,Bad,East,28,28-04-2024,1
APP005036,Male,No,0,Graduate,Self-Employed,50764,813,86000,180,Good,North,23,17-11-2024,0
APP005299,Male,Yes,0,Graduate,Self-Employed,77102,6721,53000,84,Bad,East,32,29-10-2024,0
APP002952,Female,Yes,2,Graduate,Salaried,114491,1277,74000,24,Bad,South,60,16-02-2023,0
APP001346,Male,No,1,Graduate,Salaried,29957,2386,142000,24,Bad,West,51,22-01-2024,0
APP005425,Male,Yes,0,Graduate,Self-Employed,26811,8082,243000,120,Good,West,43,16-11-2024,0
APP000976,Male,No,2,Graduate,Salaried,57777,12785,387000,60,Good,East,43,23-10-2023,0
APP005141,Male,Yes,2,Not Graduate,Salaried,41112,5839,84000,60,Good,West,48,02-11-2024,0
APP000510,Female,No,0,Graduate,Salaried,30843,6730,69000,240,Good,North,28,31-05-2024,0
APP000123,Male,No,0,Graduate,Self-Employed,93888,17234,161000,24,Good,East,40,27-04-2023,0
APP005429,Female,Yes,4,Graduate,Salaried,21563,5031,99000,240,Good,East,30,18-06-2023,0
APP005471,Female,Yes,0,Graduate,Salaried,64153,8635,81000,360,Good,North,42,28-12-2023,0
APP001711,Male,Yes,2,Not Graduate,Salaried,22906,6282,52000,240,Bad,West,41,15-03-2024,0
APP002101,Female,No,1,Graduate,Self-Employed,26014,4952,41000,360,Good,South,37,20-08-2024,0
APP000870,Female,Yes,1,Graduate,Salaried,46306,7553,64000,60,No History,East,28,29-03-2023,0
APP005599,Female,Yes,3,Graduate,Salaried,32012,7060,226000,120,Bad,North,45,05-05-2024,0
APP001031,Male,No,1,Graduate,Self-Employed,28575,6244,41000,48,Good,West,49,22-03-2023,0
APP003464,Female,Yes,0,Not Graduate,Self-Employed,84882,25079,423000,36,Good,East,39,29-11-2023,0
APP004853,Female,No,0,Graduate,Salaried,92246,5873,165000,180,Good,West,58,11-09-2023,0
APP001999,Male,Yes,1,Graduate,Salaried,123602,25301,92000,180,Good,North,37,25-02-2024,0
APP003591,Female,No,1,Graduate,Salaried,132481,45954,51000,36,Good,North,40,05-12-2023,0
APP001157,Male,Yes,2,Graduate,Salaried,14096,4780,110000,60,Good,East,30,28-09-2023,0
APP003157,Female,Yes,1,Not Graduate,Self-Employed,67608,19470,49000,120,Good,West,21,06-11-2024,0
APP004429,Male,Yes,4,Graduate,Self-Employed,36395,8876,190000,48,Good,West,53,04-07-2024,0
APP001576,Male,No,0,Graduate,Salaried,48644,1412,120000,180,No History,North,36,21-10-2023,0
APP005677,Male,Yes,0,Graduate,Salaried,92526,21513,162000,360,Bad,East,32,26-06-2023,0
APP000062,Male,Yes,0,Graduate,Salaried,56690,18387,64000,360,Good,East,46,13-05-2024,1
APP000473,Male,Yes,4,Graduate,Self-Employed,181669,25409,63000,48,Good,South,39,15-08-2023,0
APP003455,Female,Yes,0,Graduate,Salaried,66608,3088,54000,36,Good,East,65,22-05-2024,0
APP000866,Male,No,2,Not Graduate,Salaried,42101,12472,91000,12,Good,North,35,30-07-2024,0
APP003584,Female,Yes,3,Graduate,Self-Employed,74834,9992,91000,84,Bad,South,54,05-09-2023,0
APP003615,Male,Yes,0,Not Graduate,Self-Employed,39854,4375,22000,84,Bad,East,43,08-06-2023,0
APP004838,Male,No,4,Graduate,Salaried,39760,5309,98000,60,Bad,North,42,19-02-2024,0
APP005850,Male,No,0,Graduate,Self-Employed,205802.1872,21772,43000,180,Bad,West,44,29-09-2023,0
APP003389,Male,No,0,Graduate,Salaried,91779,17789,133000,84,No History,South,21,29-11-2024,0
APP002181,Male,Yes,0,Not Graduate,Salaried,33604,9608,110000,36,Good,North,34,10-04-2023,0
APP004744,Female,No,0,Graduate,Self-Employed,49881,7606,79000,240,Bad,South,26,20-09-2023,0
APP005011,Male,Yes,1,Graduate,Salaried,48644,1756,60000,180,Good,East,44,23-07-2023,0
APP001629,Male,Yes,0,Graduate,Salaried,80346,21648,50000,24,Good,East,28,23-11-2024,0
APP002439,Male,Yes,1,Not Graduate,Salaried,37571,3868,81000,120,Good,East,32,28-12-2023,0
APP001150,Female,Yes,1,Graduate,Self-Employed,105435,24392,113000,84,No History,North,47,03-12-2023,1
APP001161,Female,No,3,Graduate,Self-Employed,22709,1152,61000,60,Good,North,21,09-05-2024,0
APP002599,Male,Yes,1,Graduate,Self-Employed,205802.1872,62456,53000,60,Good,North,50,01-03-2024,0
APP004730,Male,Yes,0,Graduate,Salaried,47938,11878,150000,84,No History,North,36,12-08-2023,0
APP005445,Male,No,1,Not Graduate,Salaried,46964,12419,46000,84,No History,East,37,26-11-2023,0
APP004874,Male,Yes,0,Graduate,Self-Employed,113386,25740,60000,240,Good,East,59,20-05-2023,0
APP001106,Male,Yes,2,Graduate,Self-Employed,108491,5570,60000,360,Good,East,56,11-12-2023,0
APP005044,Female,Yes,0,Graduate,Self-Employed,117368,12076,295000,120,Good,North,28,19-12-2024,0
APP003408,Female,Yes,0,Graduate,Salaried,59306,9282,100000,360,Good,North,29,24-12-2024,0
APP000558,Male,Yes,3,Graduate,Self-Employed,80881,12745,37000,240,Good,North,44,09-01-2023,0
APP001851,Male,Yes,1,Graduate,Salaried,42257,7516,35000,84,Good,North,29,14-03-2024,0
APP002089,Female,Yes,0,Graduate,Salaried,146623,1513,86000,24,Good,South,44,29-10-2024,0
APP002900,Male,No,4,Graduate,Salaried,30657,3184,145000,84,Good,West,68,14-11-2024,0
APP003221,Male,No,1,Graduate,Self-Employed,42247,14393,293000,60,Good,East,32,02-02-2023,0
APP000262,Female,Yes,0,Graduate,Salaried,66952,18494,118000,12,Bad,West,50,10-06-2024,1
APP005102,Male,Yes,2,Graduate,Self-Employed,40351,1574,102000,12,Good,North,39,21-07-2024,0
APP000628,Female,No,0,Not Graduate,Self-Employed,42143,9341,318000,48,Good,South,43,21-03-2023,0
APP001890,Female,Yes,1,Graduate,Salaried,54500,8907,100000,48,Bad,North,21,11-05-2024,1
APP003043,Male,No,0,Graduate,Self-Employed,76777,22865,135000,60,Good,East,43,13-02-2023,0
APP004306,Male,No,1,Graduate,Salaried,102828,2257,181000,84,Good,North,22,03-08-2023,0
APP002079,Female,Yes,2,Not Graduate,Salaried,62500,20325,170000,84,Good,North,23,13-07-2023,0
APP003586,Male,No,0,Not Graduate,Salaried,77834,417,137000,84,Good,North,42,01-02-2024,0
APP004305,Female,Yes,0,Graduate,Salaried,49919,16287,98000,180,Good,North,54,16-10-2024,0
APP001607,Male,Yes,1,Graduate,Self-Employed,52916,4322,36000,60,Good,North,34,03-08-2023,0
APP001021,Female,No,0,Not Graduate,Self-Employed,105349,4636,31000,24,Good,South,24,16-12-2023,0
APP000609,Male,Yes,0,Graduate,Self-Employed,27457,3405,95000,240,Good,West,25,13-06-2024,0
APP001404,Female,Yes,0,Graduate,Self-Employed,26084,2021,104000,240,Good,East,46,25-07-2024,0
APP005005,Female,No,4,Not Graduate,Salaried,61709,1520,194000,84,Bad,East,30,22-03-2023,0
APP003255,Male,No,0,Not Graduate,Self-Employed,55345,7819,31000,12,Good,South,42,27-04-2023,0
APP002097,Male,No,1,Not Graduate,Salaried,44575,9744,87000,84,Good,North,42,27-01-2024,0
APP000210,Male,Yes,1,Graduate,Salaried,43779,7640,71000,12,Good,North,46,03-02-2023,0
APP003799,Male,Yes,4,Graduate,Salaried,30180,7690,38000,36,Good,South,52,22-02-2023,0
APP003540,Male,Yes,1,Graduate,Self-Employed,87710,13768,133000,24,Good,North,28,02-04-2023,0
APP000154,Male,Yes,1,Graduate,Salaried,37767,2149,85000,120,Good,North,53,05-05-2023,0
APP001591,Male,Yes,0,Graduate,Salaried,39603,294,70000,60,Good,South,21,22-01-2023,0
APP002443,Female,Yes,0,Not Graduate,Salaried,104405,28504,158000,60,Good,West,41,08-09-2024,1
APP001148,Female,Yes,0,Graduate,Salaried,58496,10292,193000,12,Good,West,38,12-02-2024,0
APP003428,Female,Yes,0,Graduate,Salaried,32239,42,95000,120,Good,West,40,21-08-2024,0
APP001968,Male,No,0,Graduate,Salaried,31160,5818,84000,120,Good,East,37,25-08-2024,0
APP003207,Female,Yes,1,Not Graduate,Salaried,111581,37744,92000,84,No History,East,42,01-01-2023,1
APP002434,Male,Yes,3,Graduate,Salaried,45991,12142,216000,60,Good,East,41,12-09-2023,0
APP001634,Female,Yes,0,Graduate,Self-Employed,131012,3645,182000,240,Good,North,51,11-07-2024,0
APP003293,Male,No,0,Graduate,Self-Employed,11595.68039,1828,90000,360,Good,West,58,06-05-2023,0
APP000598,Male,Yes,3,Graduate,Salaried,18755,5587,200000,24,Bad,North,59,09-05-2024,0
APP003138,Female,No,3,Graduate,Salaried,73042,1098,207000,120,Good,North,57,13-05-2023,0
APP001657,Male,No,2,Not Graduate,Self-Employed,77916,2940,127000,180,Good,South,36,05-04-2024,0
APP004777,Male,Yes,1,Graduate,Salaried,39260,7159,78000,84,Good,East,51,06-12-2024,0
APP005205,Female,No,2,Graduate,Salaried,58200,11478,41000,120,Good,North,30,11-02-2024,0
APP003298,Male,Yes,1,Not Graduate,Self-Employed,51308,15496,150000,48,Good,South,38,20-03-2023,0
APP001566,Male,Yes,3,Graduate,Self-Employed,26273,7237,261000,12,Good,North,38,23-11-2023,1
APP001519,Male,No,1,Graduate,Self-Employed,35834,1584,118000,24,Bad,South,37,27-04-2024,0
APP005106,Male,Yes,2,Graduate,Self-Employed,93220,18973,27000,48,Good,West,50,20-02-2024,0
APP004318,Male,Yes,1,Graduate,Salaried,80277,21475,90000,360,Good,North,49,07-10-2024,0
APP000226,Male,No,0,Not Graduate,Salaried,87820,4917,75000,36,Good,East,41,06-08-2023,0
APP005395,Female,Yes,0,Not Graduate,Salaried,63580,4747,140000,240,Bad,East,61,27-11-2024,0
APP002518,Male,Yes,3,Not Graduate,Salaried,21827,6330,77000,240,Good,West,38,05-10-2023,0
APP005094,Male,No,1,Graduate,Self-Employed,21083,7094,95000,36,Good,East,42,08-06-2024,0
APP002394,Male,Yes,1,Graduate,Salaried,16920,270,152000,36,Good,South,50,08-08-2023,0
APP001761,Male,Yes,1,Not Graduate,Salaried,83025,9211,218000,60,Good,North,26,03-08-2023,1
APP001361,Female,No,1,Graduate,Self-Employed,44825,14671,169000,120,Good,South,21,24-12-2024,0
APP003305,Male,No,1,Graduate,Salaried,20865,1318,194000,360,Good,East,23,08-06-2023,0
APP002325,Female,No,0,Not Graduate,Salaried,42247,4870,42000,84,Bad,East,38,27-09-2024,0
APP003559,Male,Yes,2,Graduate,Self-Employed,46695,591,79000,240,Good,East,21,11-03-2024,0
APP005192,Female,No,1,Graduate,Salaried,87188,232,171000,180,No History,North,36,10-09-2023,1
APP001834,Female,Yes,2,Graduate,Salaried,72329,8861,202000,120,Good,East,23,28-06-2023,0
APP003662,Male,Yes,2,Graduate,Self-Employed,40528,372,125000,60,Good,West,58,05-08-2023,0
APP002010,Male,No,2,Not Graduate,Self-Employed,39490,33,30000,60,Good,North,35,21-03-2023,0
APP003658,Male,Yes,2,Not Graduate,Self-Employed,24603,5065,105000,12,No History,East,26,06-04-2024,0
APP004302,Female,No,1,Graduate,Salaried,25620,1713,119000,84,No History,West,32,24-05-2024,0
APP004188,Male,Yes,0,Graduate,Salaried,77208,6814,136000,60,Good,West,39,03-09-2024,0
APP005681,Male,No,1,Graduate,Salaried,27204,6716,163000,48,Bad,South,32,04-06-2024,0
APP003858,Male,Yes,0,Graduate,Self-Employed,43689,4052,54000,48,Good,South,43,05-07-2024,0
APP000694,Male,Yes,0,Not Graduate,Salaried,70315,7572,209000,12,Good,North,33,03-06-2023,0
APP005505,Male,No,1,Graduate,Self-Employed,92858,7817,62000,84,Good,East,34,23-06-2024,0
APP002613,Male,No,0,Not Graduate,Salaried,38246,12280,107000,120,Good,East,36,28-03-2023,0
APP001187,Female,No,4,Not Graduate,Salaried,69929,3456,122000,180,Good,West,54,07-09-2023,0
APP001370,Male,No,0,Graduate,Salaried,48644,9347,99000,36,Bad,East,44,13-10-2023,0
APP001908,Male,Yes,1,Not Graduate,Self-Employed,47915,14940,139000,180,Good,South,39,31-10-2024,0
APP004089,Female,No,0,Not Graduate,Salaried,60443,11237,101000,120,Good,North,32,05-07-2023,0
APP002478,Female,Yes,0,Not Graduate,Salaried,92511,11144,187000,48,Good,South,46,07-03-2023,0
APP000017,Male,Yes,2,Graduate,Self-Employed,30408,2517,35000,120,Good,West,26,17-08-2023,0
APP002515,Female,Yes,2,Graduate,Salaried,45949,14122,129000,120,Good,East,30,23-02-2023,0
APP005602,Male,No,0,Not Graduate,Salaried,45131,8634,101000,180,Bad,West,45,12-12-2024,0
APP002206,Female,No,0,Graduate,Self-Employed,38066,10605,80000,36,Good,East,44,03-06-2023,0
APP003596,Female,Yes,0,Not Graduate,Self-Employed,48644,3861,104000,120,Bad,South,27,28-06-2023,1
APP001487,Male,No,3,Graduate,Salaried,48644,106,72000,48,Good,South,21,21-06-2023,0
APP001677,Male,No,0,Not Graduate,Salaried,38532,11554,123000,240,Good,West,30,06-01-2024,0
APP002354,Female,Yes,2,Not Graduate,Salaried,15405,254,213000,60,Good,North,45,26-09-2024,0
APP000657,Male,No,1,Not Graduate,Self-Employed,23579,1819,73000,240,Good,East,38,24-10-2023,0
APP001572,Male,No,0,Not Graduate,Self-Employed,91147,21441,36000,60,Good,East,21,01-09-2023,0
APP001738,Male,No,2,Graduate,Self-Employed,34034,9556,58000,24,Good,West,56,11-11-2023,0
APP003856,Male,Yes,1,Graduate,Salaried,15096,3849,186000,24,Good,West,42,20-10-2024,0
APP004496,Female,Yes,3,Graduate,Salaried,34722,1226,98000,120,Good,East,37,29-11-2024,0
APP002847,Female,Yes,0,Graduate,Salaried,35988,4528,100000,84,No History,East,37,18-06-2023,0
APP002981,Male,No,1,Not Graduate,Salaried,42786,13523,47000,60,Good,East,40,22-12-2024,0
APP000619,Female,No,1,Graduate,Salaried,68705,5477,88000,84,Good,West,56,13-05-2023,0
APP004605,Female,Yes,3,Graduate,Salaried,105377,2438,165000,24,No History,West,24,13-12-2024,0
APP002848,Male,No,0,Graduate,Salaried,22339,2797,198000,120,Good,South,40,03-04-2024,0
APP005343,Male,Yes,0,Graduate,Self-Employed,81208,18766,146000,12,Bad,North,31,12-07-2023,1
APP000868,Male,Yes,2,Not Graduate,Salaried,63098,9846,260000,120,Good,North,51,22-06-2023,0
APP002508,Male,Yes,4,Not Graduate,Salaried,28330,1737,83000,36,Good,South,27,10-06-2024,0
APP004983,Female,No,2,Graduate,Salaried,62949,7341,101000,60,Good,East,37,18-04-2024,0
APP002111,Male,No,0,Graduate,Self-Employed,137186,18256,202000,60,Good,East,29,15-03-2024,0
APP004696,Female,No,3,Not Graduate,Self-Employed,35002,10240,88000,60,No History,East,38,18-06-2024,0
APP005111,Female,Yes,2,Graduate,Salaried,36281,4146,71000,120,Good,West,49,14-01-2023,0
APP000458,Male,Yes,2,Not Graduate,Self-Employed,127026,11179,253000,360,Good,West,36,21-08-2023,0
APP005075,Female,No,0,Graduate,Self-Employed,53452,9570,82000,84,Good,East,21,26-05-2023,0
APP004967,Female,Yes,1,Graduate,Salaried,95032,11718,160000,24,Good,North,44,10-11-2023,0
APP000791,Male,Yes,4,Graduate,Salaried,74190,1378,127000,180,No History,East,25,22-01-2024,0
APP005169,Male,Yes,1,Graduate,Self-Employed,81966,26421,99000,120,Good,North,51,21-08-2023,0
APP003608,Male,Yes,1,Not Graduate,Self-Employed,44614,14918,39000,180,Good,West,30,21-08-2023,0
APP003823,Female,Yes,1,Graduate,Salaried,82340,28619,258000,240,Good,South,31,02-06-2023,0
APP002261,Female,Yes,1,Graduate,Salaried,82474,8167,225000,12,Good,East,38,11-11-2024,0
APP005561,Male,Yes,1,Graduate,Salaried,30217,8373,260000,24,Good,East,54,10-05-2024,0
APP002809,Male,No,4,Not Graduate,Salaried,68558,4059,67000,240,No History,West,49,08-12-2023,1
APP005051,Male,No,1,Graduate,Salaried,26626,4493,32000,180,Good,West,55,02-08-2024,0
APP003519,Male,Yes,3,Graduate,Salaried,39139,7932,264000,120,Good,East,35,25-07-2023,0
APP004747,Male,No,1,Graduate,Self-Employed,52384,6590,281000,120,Good,West,51,26-07-2023,0
APP000734,Male,Yes,4,Graduate,Salaried,48451,2262,78000,84,Good,West,24,15-03-2023,0
APP005886,Male,Yes,0,Graduate,Salaried,42429,4178,78000,12,Good,West,44,30-01-2024,0
APP004476,Male,Yes,1,Graduate,Salaried,17790,3568,165000,60,Bad,North,25,03-11-2024,0
APP003959,Male,No,0,Graduate,Salaried,64912,5828,163000,36,Good,East,34,16-05-2023,0
APP002134,Male,Yes,1,Graduate,Self-Employed,86410,10179,91000,360,Good,West,55,25-10-2024,0
APP005053,Male,No,4,Graduate,Salaried,20928,7052,30000,36,Good,South,23,27-06-2023,1
APP004268,Male,Yes,2,Graduate,Salaried,76164,19347,193000,360,Bad,South,39,29-09-2023,1
APP001945,Female,No,3,Graduate,Salaried,49849,11458,30000,180,Good,North,62,26-05-2023,0
APP002280,Male,Yes,0,Graduate,Salaried,49896,10310,264000,12,Good,West,35,10-12-2024,0
APP000660,Male,Yes,1,Graduate,Salaried,53580,1983,284000,120,Good,West,44,27-04-2024,0
APP002431,Female,Yes,0,Not Graduate,Salaried,66266,16286,153000,48,Good,West,40,09-02-2024,1
APP003752,Female,Yes,2,Graduate,Salaried,23655,3849,79000,180,Good,East,37,03-09-2024,0
APP002529,Male,Yes,2,Graduate,Salaried,145947,47694,179000,12,Good,South,34,22-07-2024,0
APP005297,Male,No,3,Not Graduate,Salaried,19196,2207,148000,120,Good,North,40,03-07-2024,0
APP000643,Male,Yes,4,Graduate,Self-Employed,62156,5583,101000,240,Good,South,42,13-06-2023,0
APP000169,Male,Yes,4,Graduate,Salaried,39516,9538,72000,48,Good,South,54,28-04-2024,1
APP001518,Female,Yes,0,Graduate,Self-Employed,85275,15630,47000,24,Good,North,21,29-01-2023,0
APP001801,Female,No,0,Not Graduate,Self-Employed,114376,2185,65000,120,Good,North,44,29-07-2024,0
APP003395,Female,Yes,0,Graduate,Self-Employed,79496,22517,151000,12,Good,North,21,18-05-2023,0
APP001918,Female,Yes,3,Not Graduate,Salaried,54742,12997,216000,36,Good,East,21,01-07-2024,0
APP000273,Female,Yes,1,Not Graduate,Self-Employed,73354,20889,31000,84,Good,West,50,16-10-2023,0
APP002469,Male,No,3,Not Graduate,Salaried,52934,16517,110000,36,Good,West,21,16-04-2023,0
APP005841,Male,No,0,Graduate,Self-Employed,25219,3888,105000,12,Good,South,40,24-11-2024,0
APP005741,Female,Yes,0,Graduate,Self-Employed,37296,8515,57000,36,No History,East,34,13-05-2024,0
APP001067,Male,Yes,3,Graduate,Salaried,64898,9295,99000,84,Good,West,42,27-01-2023,0
APP000495,Male,No,2,Graduate,Salaried,38721,10350,116000,360,Good,West,52,14-10-2024,0
APP004912,Male,Yes,1,Not Graduate,Salaried,50769,10379,83000,48,Good,East,57,21-07-2023,0
APP001913,Female,Yes,0,Graduate,Salaried,28622,2662,59000,240,Good,North,37,24-09-2024,0
APP003647,Male,Yes,0,Graduate,Self-Employed,76520,17928,62000,360,Good,West,31,18-09-2023,1
APP000307,Male,Yes,1,Graduate,Self-Employed,119747,16296,137000,24,Good,North,36,08-05-2024,0
APP003741,Female,Yes,2,Graduate,Salaried,34129,7945,23000,180,Bad,East,31,17-09-2023,0
APP004103,Male,No,1,Graduate,Self-Employed,72300,18150,114000,48,Good,North,44,11-06-2024,0
APP003153,Female,No,0,Graduate,Self-Employed,52991,9790,96000,240,Good,West,30,01-08-2024,0
APP002830,Male,No,0,Graduate,Self-Employed,26351,3833,73000,60,Good,East,21,29-11-2024,0
APP000782,Male,No,0,Graduate,Salaried,56519,189,53000,36,Good,North,43,08-05-2024,0
APP000535,Female,No,4,Not Graduate,Salaried,89381,10459,82000,180,Bad,North,37,22-05-2024,1
APP000584,Male,No,1,Graduate,Salaried,42482,9665,191000,36,Good,West,21,10-03-2024,0
APP005421,Male,Yes,0,Graduate,Salaried,38126,8656,126000,84,Good,East,44,26-06-2024,0
APP004144,Female,No,0,Not Graduate,Salaried,40816,8655,44000,48,Bad,South,60,21-01-2024,0
APP004419,Male,Yes,2,Graduate,Self-Employed,70421,16447,273000,48,Good,North,46,28-02-2024,0
APP003797,Male,Yes,2,Graduate,Salaried,85452,16833,166000,12,Good,West,43,20-12-2024,1
APP005817,Male,No,0,Graduate,Self-Employed,39612,12486,88000,120,Bad,East,29,21-07-2023,1
APP005945,Female,Yes,1,Graduate,Salaried,89902,30967,143000,120,Good,West,35,07-08-2023,1
APP002862,Male,Yes,2,Graduate,Self-Employed,46347,11658,78000,180,Good,West,33,11-11-2024,0
APP000317,Male,Yes,0,Not Graduate,Self-Employed,90855,10037,132000,120,No History,North,33,29-09-2023,0
APP002198,Female,Yes,1,Not Graduate,Salaried,27145,6313,119000,24,Bad,East,41,08-01-2024,0
APP002565,Male,No,0,Not Graduate,Self-Employed,205802.1872,9309,112000,60,Good,East,42,08-06-2023,1
APP005484,Female,Yes,0,Graduate,Self-Employed,28832,4685,67000,240,Good,West,38,07-02-2024,0
APP005814,Male,Yes,1,Not Graduate,Salaried,62732,12800,102000,120,Good,South,47,22-03-2024,0
APP001795,Male,Yes,3,Graduate,Salaried,40675,6303,178000,180,Bad,North,38,14-10-2024,0
APP005657,Female,Yes,1,Graduate,Salaried,132768,1752,97000,36,Good,South,34,02-08-2024,0
APP005157,Male,Yes,0,Graduate,Self-Employed,56432,2591,110000,120,Good,West,44,18-07-2024,0
APP000272,Female,Yes,0,Graduate,Self-Employed,40882,13750,81000,240,No History,West,44,14-04-2023,0
APP000549,Male,Yes,3,Graduate,Self-Employed,34455,6852,106000,36,Good,East,33,21-08-2023,0
APP001693,Male,Yes,3,Not Graduate,Salaried,36213,12050,170000,36,Good,West,54,09-04-2024,0
APP003526,Male,Yes,0,Not Graduate,Self-Employed,55604,652,97000,84,No History,North,49,12-07-2023,0
APP003013,Male,Yes,1,Graduate,Salaried,60606,6731,135000,60,Good,East,44,07-06-2023,0
APP005826,Male,Yes,0,Graduate,Salaried,42351,8164,73000,360,Bad,North,21,15-03-2024,0
APP005839,Female,Yes,1,Graduate,Salaried,17739,6126,148000,48,Good,North,50,10-12-2024,0
APP002391,Male,No,2,Not Graduate,Self-Employed,37691,12534,332000,84,Good,South,42,06-05-2023,0
APP003877,Male,Yes,1,Graduate,Salaried,12333,142,73000,240,Good,South,33,26-05-2023,0
APP004695,Male,Yes,2,Graduate,Salaried,28628,7233,78000,180,Good,East,34,13-02-2023,0
APP000895,Female,No,2,Graduate,Salaried,58706,16042,266000,240,Good,North,57,22-06-2023,0
APP004667,Male,No,1,Graduate,Self-Employed,36565,1424,172000,48,Good,East,33,23-03-2023,0
APP002000,Male,Yes,2,Graduate,Self-Employed,30148,8189,115000,12,Bad,West,50,12-11-2024,1
APP002123,Female,No,1,Not Graduate,Salaried,49627,2642,38000,48,Good,East,34,28-05-2023,0
APP004158,Female,Yes,0,Graduate,Salaried,42409,9004,56000,36,Good,North,39,11-07-2024,0
APP001248,Male,Yes,1,Not Graduate,Self-Employed,64053,6058,32000,240,Good,West,28,14-09-2023,0
APP004488,Male,Yes,1,Not Graduate,Self-Employed,39050,2968,44000,360,Good,North,35,22-12-2023,0
APP001260,Female,Yes,0,Graduate,Self-Employed,58018,7301,99000,84,Good,East,39,09-05-2023,0
APP000810,Male,Yes,4,Not Graduate,Self-Employed,122818,40403,158000,180,Good,East,38,19-08-2024,0
APP001050,Male,Yes,2,Graduate,Self-Employed,33642,11468,175000,84,Bad,South,26,03-12-2024,1
APP001879,Male,No,0,Graduate,Self-Employed,71322,21257,129000,240,Good,South,28,24-05-2023,1
APP002880,Male,No,4,Graduate,Salaried,11595.68039,1255,268000,180,Good,South,35,06-10-2023,0
APP000108,Female,Yes,1,Graduate,Salaried,34217,11154,82000,360,Good,South,49,29-08-2024,0
APP000674,Male,Yes,0,Not Graduate,Salaried,49190,10323,71000,120,Good,North,47,19-08-2024,0
APP005435,Female,Yes,2,Graduate,Salaried,113056,31870,84000,60,Good,West,38,09-03-2024,0
APP004762,Female,Yes,1,Graduate,Salaried,60831,18414,120000,24,Good,East,42,28-01-2024,0
APP004606,Female,No,1,Graduate,Self-Employed,43620,4764,188000,180,Good,West,27,26-09-2024,0
APP005219,Male,Yes,2,Graduate,Salaried,79007,19116,222000,84,Good,East,37,13-05-2024,0
APP001533,Female,Yes,0,Graduate,Salaried,35235,9709,199000,180,Bad,West,47,18-12-2023,1
APP004963,Male,Yes,0,Not Graduate,Self-Employed,43177,1018,78000,12,Good,East,33,03-08-2023,0
APP001856,Male,Yes,0,Not Graduate,Self-Employed,42488,14609,88000,24,Good,North,34,05-03-2023,0
APP000212,Female,Yes,1,Not Graduate,Salaried,32843,5445,34000,48,Bad,East,47,28-04-2024,0
APP003148,Female,No,0,Graduate,Self-Employed,61052,12146,118000,120,Good,South,36,22-08-2024,0
APP002257,Male,Yes,1,Graduate,Salaried,48420,11665,157000,120,No History,West,48,24-12-2023,0
APP002106,Male,No,3,Not Graduate,Salaried,18513,5367,49000,24,Good,South,38,19-04-2023,0
APP003269,Female,Yes,1,Graduate,Self-Employed,48138,4946,54000,60,Good,West,36,06-06-2024,0
APP005797,Male,No,3,Graduate,Salaried,91289,3976,190000,36,Good,South,47,20-08-2023,0
APP001974,Male,No,0,Graduate,Self-Employed,25857,7284,99000,60,Good,North,26,10-03-2024,0
APP004686,Male,Yes,0,Graduate,Self-Employed,60555,14467,104000,60,Good,North,45,23-06-2023,0
APP001502,Male,No,0,Not Graduate,Salaried,12478,2568,51000,84,Good,West,40,04-04-2024,0
APP004183,Female,Yes,3,Graduate,Salaried,45068,7663,214000,60,Good,West,45,26-09-2024,0
APP000647,Female,No,0,Graduate,Self-Employed,68515,3451,224000,36,Good,East,29,06-03-2023,0
APP003634,Male,No,0,Graduate,Self-Employed,59481,8431,36000,180,Good,North,33,10-01-2023,0
APP000772,Female,Yes,0,Graduate,Self-Employed,22923,5727,217000,60,Bad,South,21,14-05-2024,0
APP000704,Male,Yes,0,Not Graduate,Self-Employed,34991,6773,128000,24,Bad,South,49,03-11-2024,1
APP003588,Female,No,1,Not Graduate,Salaried,37380,11760,81000,60,Good,East,23,18-02-2024,0
APP001250,Female,Yes,4,Graduate,Salaried,119706,25109,85000,360,No History,South,28,27-07-2024,0
APP004805,Female,No,2,Graduate,Salaried,31602,3544,55000,36,Good,South,43,03-04-2024,0
APP002473,Female,Yes,0,Not Graduate,Salaried,18788,4091,47000,360,Good,South,21,07-02-2024,0
APP001861,Female,No,0,Not Graduate,Self-Employed,110016,15500,31000,120,Good,West,38,15-06-2024,0
APP000710,Female,Yes,1,Graduate,Salaried,34604,8028,346000,360,No History,North,51,10-01-2024,0
APP002673,Female,No,3,Graduate,Salaried,32058,3748,95000,240,Good,East,51,22-10-2024,0
APP004515,Male,Yes,2,Graduate,Salaried,60530,548,29000,24,Good,East,35,12-10-2024,0
APP001462,Female,Yes,0,Graduate,Salaried,83004,2500,288000,36,Good,South,36,09-03-2023,0
APP001485,Male,No,0,Graduate,Salaried,49351,14515,156000,48,Good,South,23,13-09-2023,1
APP002546,Male,Yes,0,Not Graduate,Salaried,47241,6520,55000,12,Good,North,42,21-04-2023,0
APP000231,Female,Yes,0,Not Graduate,Salaried,45806,2690,144000,84,Good,East,38,16-04-2024,1
APP001357,Female,Yes,2,Not Graduate,Self-Employed,56689,3951,100000,36,Good,East,26,23-10-2023,0
APP003012,Male,No,0,Graduate,Self-Employed,68166,22726,154000,84,Good,North,41,06-03-2023,0
APP000852,Female,No,3,Graduate,Salaried,60786,4210,50000,180,No History,East,34,05-07-2024,1
APP001005,Male,Yes,0,Graduate,Salaried,67416,11227,32000,60,No History,West,52,30-07-2023,0
APP001997,Female,Yes,0,Not Graduate,Salaried,48644,4884,78000,24,Good,West,38,08-01-2024,0
APP001835,Female,No,3,Graduate,Self-Employed,110339,13380,90000,240,Good,East,42,21-05-2023,0
APP003974,Female,No,0,Graduate,Salaried,70614,6474,92000,84,No History,East,38,02-12-2023,0
APP004533,Male,Yes,0,Not Graduate,Self-Employed,29342,2495,31000,84,Good,South,31,10-04-2023,0
APP001317,Male,No,3,Graduate,Salaried,23394,3112,76000,48,Good,East,21,07-08-2023,0
APP003328,Male,Yes,0,Graduate,Salaried,28415,3939,308000,60,Good,South,52,13-03-2024,0
APP001624,Female,No,0,Not Graduate,Salaried,43071,10256,314000,36,Good,West,36,30-12-2024,0
APP001481,Female,No,1,Not Graduate,Salaried,37718,4534,68000,360,Good,North,35,18-04-2024,0
APP003834,Male,No,1,Graduate,Salaried,49515,7330,36000,180,No History,East,34,31-05-2024,0
APP005100,Male,No,0,Graduate,Salaried,31317,9278,49000,120,Good,West,44,22-06-2024,0
APP001279,Male,Yes,0,Graduate,Salaried,47463,5954,167000,360,Good,East,60,24-05-2024,0
APP003081,Female,No,0,Graduate,Salaried,53388,4438,76000,180,No History,West,47,20-07-2023,0
APP001824,Female,Yes,1,Graduate,Self-Employed,22662,6076,154000,180,Good,North,50,13-09-2024,0
APP001054,Female,Yes,1,Not Graduate,Self-Employed,67855,8752,49000,120,Good,West,43,19-06-2023,0
APP004146,Female,Yes,0,Graduate,Self-Employed,24999,6065,413000,84,Good,South,41,12-04-2023,1
APP000476,Female,No,1,Not Graduate,Salaried,37113,1770,52000,36,Good,West,44,09-02-2024,0
APP002283,Male,No,2,Graduate,Salaried,48644,7838,132000,60,Good,East,36,25-07-2023,0
APP003712,Female,No,3,Graduate,Salaried,23829,3030,72000,36,Good,West,48,28-06-2024,0
APP003147,Female,Yes,4,Graduate,Salaried,35592,3077,159000,240,Good,East,24,12-05-2024,0
APP000336,Male,Yes,0,Graduate,Salaried,118678,34146,94000,60,Good,West,36,31-05-2024,0
APP002618,Male,Yes,0,Not Graduate,Self-Employed,107012,17963,169000,180,Good,West,21,07-08-2024,0
APP003663,Male,No,3,Graduate,Self-Employed,30929,5751,83000,36,Bad,West,51,28-01-2024,0
APP000089,Female,Yes,1,Not Graduate,Self-Employed,44933,7018,35000,60,Good,East,34,15-06-2024,0
APP000875,Male,No,0,Not Graduate,Salaried,24367,3966,70000,60,Good,North,35,10-10-2023,0
APP000544,Female,No,1,Graduate,Self-Employed,75421,11205,329000,48,Good,North,29,19-09-2023,0
APP003001,Female,No,2,Graduate,Self-Employed,39250,3700,19000,48,Bad,West,44,26-07-2023,0
APP002761,Male,Yes,4,Graduate,Salaried,48644,1914,176000,36,Good,West,32,03-05-2023,0
APP001881,Female,No,0,Graduate,Salaried,24974,997,136000,48,Good,North,49,03-03-2023,0
APP005950,Female,Yes,0,Graduate,Salaried,51660,3430,38000,180,Bad,East,30,11-09-2023,0
APP000927,Male,No,3,Not Graduate,Self-Employed,104627,23004,51000,360,Good,North,30,27-10-2024,0
APP000320,Male,Yes,2,Not Graduate,Self-Employed,59465,2872,74000,12,Good,North,34,18-08-2023,0
APP004616,Male,Yes,0,Not Graduate,Self-Employed,74041,19809,161000,120,Good,South,31,27-09-2023,0
APP000879,Male,Yes,0,Graduate,Salaried,70456,10776,74000,84,Good,East,41,11-03-2023,0
APP003995,Male,No,4,Graduate,Salaried,205802.1872,48704,95000,24,Good,South,31,08-06-2023,0
APP004922,Male,No,0,Graduate,Salaried,112999,15284,82000,24,Good,West,36,31-01-2024,0
APP003247,Male,No,0,Graduate,Self-Employed,51381,6321,192000,240,Good,East,44,20-08-2024,1
APP003079,Male,No,2,Graduate,Self-Employed,67332,1928,61000,120,Good,South,35,09-09-2023,0
APP003762,Female,No,3,Graduate,Self-Employed,36120,7416,275000,36,Good,West,55,02-08-2024,0
APP004731,Male,No,2,Not Graduate,Salaried,46494,4075,38000,60,Good,West,27,10-10-2024,0
APP005605,Male,Yes,1,Not Graduate,Salaried,31197,5320,168000,180,No History,East,33,18-08-2024,0
APP004235,Male,Yes,1,Graduate,Salaried,40142,9684,89000,24,Good,East,38,26-02-2024,0
APP004260,Male,Yes,2,Graduate,Self-Employed,80058,4368,59000,120,Good,West,38,10-05-2024,0
APP001619,Male,No,1,Graduate,Salaried,205802.1872,37723,79000,84,Good,West,27,22-03-2023,0
APP003727,Male,Yes,2,Not Graduate,Self-Employed,30472,3406,211000,60,Good,North,34,24-11-2023,0
APP005893,Male,No,2,Graduate,Salaried,94753,4561,144000,240,Good,East,38,12-11-2023,0
APP001046,Female,Yes,2,Not Graduate,Self-Employed,40304,8570,82000,180,Bad,North,39,31-07-2024,1
APP005057,Male,Yes,1,Graduate,Self-Employed,20728,3123,182000,12,Good,East,21,13-07-2024,0
APP001751,Male,Yes,2,Graduate,Salaried,30112,749,139000,84,Good,North,36,07-01-2024,0
APP005152,Male,Yes,0,Graduate,Self-Employed,62707,4922,89000,36,Good,West,34,01-08-2023,0
APP003879,Male,Yes,0,Graduate,Salaried,38083,11947,65000,84,Bad,South,39,23-04-2024,1
APP003918,Male,Yes,2,Not Graduate,Salaried,26401,3576,164000,240,Good,East,27,17-05-2024,0
APP005190,Male,No,0,Not Graduate,Salaried,55537,9444,238000,36,No History,West,47,13-07-2023,1
APP001044,Female,Yes,0,Graduate,Self-Employed,23943,5035,65000,36,Good,South,31,15-05-2024,0
APP003011,Male,Yes,3,Graduate,Salaried,34642,703,56000,48,Good,East,49,26-03-2023,0
APP005156,Male,No,0,Graduate,Salaried,40760,11935,135000,36,Good,North,21,26-03-2023,0
APP003291,Male,No,0,Graduate,Salaried,18095,2136,72000,84,Bad,West,31,16-01-2023,1
APP005789,Female,Yes,0,Graduate,Salaried,39097,12655,102000,180,No History,West,56,12-12-2024,1
APP004752,Male,Yes,3,Not Graduate,Salaried,57025,1032,72000,84,Good,East,21,12-04-2023,0
APP002065,Male,Yes,1,Graduate,Self-Employed,114294,35705,164000,60,Good,North,39,30-01-2023,0
APP002965,Female,No,1,Graduate,Self-Employed,86458,20209,107000,48,Good,East,68,16-06-2023,0
APP000642,Male,Yes,1,Graduate,Salaried,47225,7828,119000,36,Bad,South,21,27-10-2023,0
APP000138,Female,No,3,Graduate,Salaried,48644,2240,124000,60,Good,East,46,17-01-2023,0
APP000881,Male,Yes,0,Not Graduate,Salaried,86789,29977,59000,120,Good,North,31,20-04-2023,0
APP001977,Male,No,1,Not Graduate,Salaried,109561,12009,99000,180,Good,West,41,03-07-2023,0
APP001582,Male,No,2,Graduate,Salaried,68481,479,55000,12,Bad,South,30,29-01-2023,0
APP004794,Male,Yes,4,Graduate,Salaried,31236,8177,147000,36,Bad,West,60,04-05-2023,0
APP001098,Male,No,2,Graduate,Salaried,103691,19026,93000,60,Good,South,44,08-07-2024,0
APP005678,Male,No,2,Graduate,Salaried,54530,16719,111000,360,No History,West,29,30-03-2024,0
APP001393,Male,Yes,0,Graduate,Salaried,113742,24117,73000,60,Good,West,42,17-08-2024,0
APP002084,Female,No,1,Graduate,Salaried,54078,2140,224000,36,Good,North,27,09-07-2023,0
APP001267,Male,Yes,0,Not Graduate,Self-Employed,48644,6811,258000,120,Bad,North,25,14-12-2024,0
APP004232,Male,No,1,Not Graduate,Self-Employed,43232,1674,117000,360,Good,West,54,07-08-2023,0
APP002575,Male,Yes,1,Graduate,Salaried,85983,3054,61000,120,No History,South,48,07-06-2024,0
APP002136,Female,Yes,2,Not Graduate,Salaried,31467,10600,242000,48,Good,West,50,28-03-2023,0
APP001504,Male,Yes,3,Not Graduate,Salaried,83546,19686,99000,24,Good,North,24,03-03-2024,0
APP005439,Male,Yes,0,Graduate,Self-Employed,129761,34686,157000,36,Good,North,37,24-01-2024,0
APP003368,Male,Yes,1,Not Graduate,Self-Employed,53721,8470,269000,60,Good,North,64,20-02-2023,0
APP003730,Female,No,3,Graduate,Salaried,14926,4817,113000,48,Good,West,51,31-07-2023,0
APP000149,Male,Yes,3,Not Graduate,Salaried,84675,465,116000,240,Good,East,44,01-08-2024,0
APP000304,Female,Yes,3,Graduate,Self-Employed,182937,26637,118000,12,Good,North,40,05-12-2023,0
APP005114,Female,Yes,3,Graduate,Self-Employed,42992,6524,170000,24,Good,North,66,03-09-2024,0
APP001925,Female,Yes,0,Graduate,Salaried,24389,2882,53000,84,Good,North,62,09-06-2024,0
APP005149,Female,No,3,Graduate,Salaried,50276,6197,27000,120,Good,North,42,26-04-2023,0
APP005801,Male,No,3,Not Graduate,Salaried,38594,12528,60000,36,Good,West,38,12-11-2023,0
APP002638,Female,Yes,3,Graduate,Self-Employed,37123,1552,206000,180,Good,West,37,14-11-2023,0
APP001905,Female,Yes,0,Not Graduate,Salaried,60496,2127,381000,48,Bad,North,21,07-07-2024,1
APP005667,Female,Yes,1,Graduate,Salaried,42216,8581,50000,60,Good,West,43,08-01-2024,0
APP004295,Male,Yes,0,Not Graduate,Salaried,38558,12741,68000,240,Good,West,38,13-12-2024,0
APP003843,Male,Yes,2,Graduate,Self-Employed,45267,9099,12000,180,Good,West,34,05-12-2023,0
APP005391,Male,No,4,Not Graduate,Salaried,72010,15196,179000,24,Good,North,60,22-08-2024,0
APP001769,Male,No,0,Graduate,Salaried,96279,18998,74000,180,Good,East,38,30-05-2024,0
APP002876,Male,No,0,Graduate,Salaried,34523,2670,82000,36,Good,East,42,21-02-2024,0
APP002241,Female,Yes,3,Not Graduate,Salaried,140309,43906,190000,180,Good,South,35,30-06-2023,0
APP004501,Female,Yes,0,Graduate,Salaried,50914,15104,151000,120,Bad,South,34,03-08-2024,0
APP000484,Female,Yes,1,Graduate,Self-Employed,64690,10255,112000,60,Good,East,56,03-06-2024,0
APP005279,Female,Yes,1,Not Graduate,Salaried,81395,26286,117000,360,Good,West,33,20-03-2023,0
APP001281,Female,Yes,0,Graduate,Self-Employed,54709,5506,105000,60,Good,East,21,09-11-2023,0
APP005128,Male,No,0,Graduate,Salaried,151714,4891,159000,48,Good,North,60,09-04-2023,0
APP003681,Female,No,3,Graduate,Salaried,27397,2063,162000,84,Good,East,46,09-09-2023,0
APP000792,Female,No,0,Graduate,Salaried,34962,974,100000,240,Good,North,45,10-11-2023,0
APP004896,Male,Yes,1,Graduate,Self-Employed,183665,56780,101000,84,Good,North,32,11-11-2024,0
APP001202,Male,Yes,4,Graduate,Self-Employed,13729,4337,61000,60,Good,East,43,05-07-2023,0
APP004519,Male,Yes,3,Graduate,Salaried,48644,4215,62000,60,Good,North,57,01-02-2023,0
APP003913,Male,Yes,2,Graduate,Salaried,56314,11857,128000,120,Bad,North,40,02-02-2023,1
APP002363,Male,No,4,Graduate,Self-Employed,71063,5884,99000,60,Good,North,34,17-05-2024,0
APP003070,Female,Yes,0,Graduate,Salaried,33727,3443,107000,24,No History,East,49,06-09-2023,0
APP003430,Female,Yes,0,Graduate,Self-Employed,79444,4386,99000,120,Good,West,23,07-07-2023,0
APP005878,Female,No,4,Graduate,Salaried,33875,5203,92000,180,Good,North,54,24-02-2024,0
APP002592,Female,No,0,Graduate,Self-Employed,56091,19555,313000,60,Good,West,48,17-09-2024,0
APP002711,Female,Yes,0,Graduate,Salaried,51541,5868,99000,84,Good,West,44,25-09-2023,0
APP001530,Male,Yes,0,Graduate,Self-Employed,75003,15652,203000,84,Good,West,48,20-03-2024,0
APP004999,Female,Yes,2,Graduate,Salaried,24280,8168,80000,120,Good,East,39,11-05-2024,0
APP002810,Female,No,1,Graduate,Salaried,47956,5733,97000,36,Good,East,42,22-02-2024,0
APP000686,Male,Yes,0,Graduate,Self-Employed,16535,2225,130000,84,Good,South,32,12-11-2023,0
APP001552,Female,Yes,0,Graduate,Salaried,85854,7530,176000,24,Good,South,43,06-02-2023,0
APP004256,Female,Yes,0,Graduate,Self-Employed,34969,6048,76000,36,Good,West,27,01-10-2023,0
APP005096,Male,Yes,3,Graduate,Self-Employed,48644,1852,95000,180,Good,North,51,27-09-2023,0
APP003872,Male,No,3,Graduate,Salaried,61727,15270,170000,60,Good,South,53,26-04-2024,0
APP005123,Male,Yes,0,Graduate,Salaried,35841,9936,50000,36,Good,East,22,01-09-2023,0
APP000561,Female,Yes,1,Graduate,Salaried,21528,3706,72000,84,No History,South,36,14-07-2023,0
APP002251,Male,Yes,0,Not Graduate,Salaried,42096,5823,99000,84,Good,North,51,18-09-2023,0
APP005688,Female,No,2,Not Graduate,Self-Employed,49275,6124,365000,48,Good,North,41,22-12-2024,0
APP003501,Male,No,3,Graduate,Salaried,15922,3872,107000,60,Good,East,47,18-04-2023,0
APP002690,Male,Yes,1,Not Graduate,Self-Employed,48739,12239,24000,12,Good,West,21,14-02-2023,0
APP004209,Male,Yes,0,Graduate,Salaried,106763,18259,40000,120,Bad,East,34,10-06-2024,0
APP005915,Male,Yes,1,Not Graduate,Salaried,144344,41893,33000,84,Good,East,21,25-10-2024,0
APP003380,Female,Yes,0,Not Graduate,Salaried,16939,563,49000,60,Good,South,27,29-06-2023,0
APP003194,Male,No,0,Not Graduate,Salaried,68214,6926,110000,60,Good,West,49,08-12-2024,0
APP001447,Female,No,0,Graduate,Self-Employed,117627,38814,57000,36,Good,North,39,14-11-2023,0
APP001953,Female,No,0,Graduate,Self-Employed,49457,11095,147000,48,Good,East,47,22-01-2024,0
APP000923,Female,Yes,0,Graduate,Self-Employed,30281,2135,130000,36,Good,South,27,19-12-2024,0
APP001625,Male,Yes,4,Graduate,Salaried,159565,34889,178000,180,Good,North,52,07-08-2024,0
APP000311,Male,Yes,1,Graduate,Salaried,48644,647,164000,360,Good,East,69,02-01-2024,0
APP001320,Male,Yes,3,Not Graduate,Salaried,85907,945,39000,60,Good,West,49,15-05-2024,0
APP003532,Female,No,3,Graduate,Self-Employed,46747,10500,218000,84,Good,East,54,05-04-2023,0
APP001664,Male,No,0,Graduate,Self-Employed,76504,16910,158000,48,Good,South,22,04-12-2024,0
APP000816,Male,Yes,0,Graduate,Salaried,63446,6254,110000,360,Good,East,59,17-09-2024,0
APP005520,Female,No,1,Not Graduate,Salaried,84703,26609,91000,36,Bad,South,35,13-11-2024,0
APP002267,Female,Yes,0,Graduate,Self-Employed,48883,1913,104000,24,Good,East,51,16-06-2024,0
APP001474,Male,Yes,0,Not Graduate,Salaried,117027,26410,74000,60,Good,South,32,01-09-2023,0
APP001774,Female,No,0,Not Graduate,Self-Employed,42535,12514,99000,48,Good,North,32,18-10-2023,0
APP004776,Female,Yes,4,Graduate,Salaried,73126,19170,104000,12,Good,West,42,02-12-2023,0
APP005619,Male,Yes,1,Not Graduate,Salaried,52977,13687,77000,120,Good,West,21,08-02-2023,0
APP001094,Male,Yes,0,Graduate,Salaried,19517,1291,92000,84,Good,West,36,05-03-2024,0
APP004177,Female,Yes,0,Graduate,Salaried,66878,75,121000,180,Good,West,55,04-10-2023,0
APP001951,Male,Yes,4,Graduate,Salaried,72645,1051,142000,36,Good,East,60,15-11-2023,0
APP003885,Female,Yes,1,Graduate,Self-Employed,21515,1835,156000,48,Good,East,45,27-11-2023,0
APP005500,Female,Yes,4,Graduate,Self-Employed,25371,7694,57000,60,Good,East,35,01-12-2024,0
APP005687,Male,Yes,1,Not Graduate,Self-Employed,78448,16006,104000,48,Good,North,37,01-08-2023,0
APP002801,Female,No,1,Graduate,Salaried,51451,6929,69000,84,Good,West,37,11-05-2023,0
APP001240,Male,Yes,0,Not Graduate,Self-Employed,49041,5949,35000,48,Good,South,53,18-06-2024,0
APP000330,Male,Yes,0,Graduate,Salaried,87186,11054,192000,120,Good,South,31,11-05-2024,0
APP003103,Female,Yes,2,Graduate,Salaried,55257,14537,282000,48,Good,North,60,16-02-2024,0
APP000243,Female,No,0,Graduate,Salaried,21816,2336,52000,60,Bad,West,58,26-03-2023,0
APP005697,Male,No,1,Graduate,Salaried,90089,5092,273000,240,Good,North,34,16-02-2024,0
APP004738,Male,No,2,Graduate,Salaried,46544,6863,119000,360,Good,West,47,31-07-2023,0
APP004793,Male,No,3,Not Graduate,Salaried,29517,1078,103000,36,Good,North,32,30-05-2024,1
APP002258,Male,No,3,Not Graduate,Salaried,47483,1576,61000,24,Bad,East,33,08-10-2024,0
APP002819,Male,Yes,3,Graduate,Salaried,59169,4443,62000,84,Good,West,38,29-08-2023,0
APP003825,Male,No,3,Graduate,Salaried,40382,7873,74000,60,Good,South,36,09-11-2023,0
APP000754,Male,Yes,1,Not Graduate,Self-Employed,73853,21074,301000,24,Good,South,33,12-08-2024,0
APP004532,Male,No,3,Graduate,Self-Employed,32159,10465,192000,24,Good,West,36,02-03-2024,0
APP001564,Male,Yes,3,Graduate,Self-Employed,71204,7840,174000,36,Good,North,29,24-08-2024,0
APP001935,Female,Yes,2,Not Graduate,Salaried,24602,6926,60000,84,No History,North,21,03-06-2023,0
APP005831,Female,Yes,0,Not Graduate,Salaried,48644,16214,63000,36,No History,South,30,30-04-2024,0
APP003494,Female,No,0,Not Graduate,Self-Employed,37652,12114,50000,180,No History,North,48,27-02-2023,0
APP003023,Female,No,3,Graduate,Self-Employed,50500,6961,46000,36,Good,South,46,10-07-2024,0
APP004648,Male,Yes,0,Graduate,Self-Employed,53446,11773,125000,24,Bad,East,47,31-01-2023,0
APP002649,Male,Yes,0,Graduate,Salaried,81831,2787,237000,240,Good,East,63,31-08-2023,0
APP001857,Female,No,1,Not Graduate,Salaried,30212,10145,150000,24,Good,West,57,14-11-2024,1
APP004698,Male,Yes,0,Graduate,Self-Employed,149455,39448,44000,180,No History,West,42,15-11-2024,0
APP003564,Male,Yes,0,Graduate,Self-Employed,86259,228,31000,180,No History,South,44,25-02-2024,0
APP001965,Male,No,2,Graduate,Self-Employed,84828,2928,50000,24,Good,South,29,10-04-2023,0
APP001014,Male,Yes,1,Graduate,Self-Employed,59977,17192,64000,84,Good,East,35,11-08-2024,0
APP001428,Female,Yes,3,Graduate,Salaried,20733,5225,136000,120,No History,North,42,11-04-2024,0
APP003323,Female,No,0,Not Graduate,Self-Employed,36465,12546,86000,240,Good,North,25,21-07-2023,1
APP001296,Male,Yes,2,Graduate,Self-Employed,21406,7476,86000,84,Good,East,52,07-08-2023,0
APP000467,Male,Yes,2,Graduate,Self-Employed,30775,6878,53000,84,Bad,East,30,21-03-2024,1
APP004029,Female,No,3,Graduate,Self-Employed,83640,2555,66000,360,Good,West,21,10-07-2024,1
APP000175,Female,No,3,Graduate,Self-Employed,37306,13046,176000,36,Good,North,44,19-06-2023,0
APP004881,Male,No,2,Not Graduate,Self-Employed,37250,12199,114000,360,Good,East,50,18-03-2024,0
APP000278,Female,No,0,Graduate,Salaried,45350,11860,106000,240,Good,North,21,11-01-2024,0
APP001070,Male,Yes,0,Not Graduate,Self-Employed,43001,3259,245000,60,Good,East,37,11-06-2023,0
APP001549,Male,No,1,Graduate,Self-Employed,52177,11450,160000,60,No History,South,29,04-09-2023,0
APP001025,Female,Yes,1,Graduate,Salaried,67086,7158,106000,60,Bad,East,52,23-07-2024,1
APP005037,Female,Yes,1,Graduate,Salaried,72171,24061,117000,60,Good,South,38,17-02-2023,1
APP002835,Male,Yes,3,Graduate,Self-Employed,40251,3156,152000,60,Good,North,31,01-01-2023,1
APP001467,Female,No,0,Not Graduate,Salaried,41591,5987,226000,24,Good,East,24,20-03-2023,0
APP005524,Male,Yes,0,Not Graduate,Salaried,23308,7900,223000,84,Good,North,34,10-06-2023,0
APP005003,Female,Yes,1,Graduate,Salaried,103434,28555,144000,48,Good,East,40,27-05-2023,0
APP001714,Male,Yes,2,Not Graduate,Self-Employed,29914,6469,67000,360,Good,East,25,06-05-2023,0
APP003425,Female,Yes,2,Graduate,Self-Employed,54185,14923,68000,84,Good,South,43,30-08-2023,0
APP002612,Male,No,1,Graduate,Salaried,29723,2748,131000,180,No History,East,21,05-08-2023,0
APP000389,Female,No,3,Graduate,Salaried,22941,414,113000,84,Good,South,50,03-06-2023,1
APP002071,Female,Yes,1,Graduate,Self-Employed,13457,1267,80000,60,Good,North,43,11-08-2024,0
APP003971,Female,Yes,4,Graduate,Self-Employed,22164,5030,224000,240,Good,West,37,07-01-2024,0
APP003496,Male,No,1,Graduate,Salaried,163105,6015,72000,84,No History,East,26,27-03-2023,1
APP002822,Male,No,0,Graduate,Salaried,25983,6520,136000,36,Good,East,55,16-12-2024,0
APP004977,Male,Yes,2,Graduate,Salaried,23395,5699,73000,84,Good,East,40,12-09-2023,0
APP001425,Female,Yes,2,Not Graduate,Salaried,44927,3528,176000,36,Good,East,42,25-08-2024,1
APP003543,Male,Yes,3,Not Graduate,Self-Employed,26420,7453,296000,36,Bad,South,25,27-04-2023,1
APP005966,Female,No,1,Graduate,Salaried,159818,31825,293000,180,Bad,South,63,01-02-2023,1
APP003575,Female,Yes,4,Not Graduate,Salaried,22398,4592,167000,360,Good,West,21,07-05-2023,0
APP000051,Female,No,1,Graduate,Self-Employed,19344,5479,144000,120,Bad,East,25,14-04-2023,0
APP001888,Male,Yes,1,Graduate,Self-Employed,43309,2765,42000,240,Good,East,28,26-02-2024,0
APP003696,Male,No,1,Not Graduate,Salaried,29787,7059,293000,24,No History,North,52,02-07-2023,0
APP005202,Female,Yes,4,Graduate,Salaried,32949,10167,297000,60,Good,North,34,06-07-2023,0
APP004800,Female,Yes,0,Graduate,Salaried,96547,24719,104000,240,Good,South,47,21-11-2023,0
APP000483,Male,No,0,Graduate,Salaried,59767,12970,90000,240,Good,West,31,08-05-2023,1
APP003394,Male,Yes,1,Graduate,Self-Employed,79769,4286,23000,84,No History,West,40,15-09-2024,0
APP005242,Male,Yes,0,Not Graduate,Salaried,68328,19396,162000,60,Good,East,52,08-08-2023,0
APP002252,Female,Yes,1,Graduate,Salaried,33879,1276,85000,84,Good,East,26,25-06-2024,0
APP004163,Male,No,0,Graduate,Self-Employed,26430,6547,44000,48,No History,South,23,13-06-2023,0
APP002314,Female,No,3,Not Graduate,Self-Employed,36123,6298,120000,84,Good,South,38,13-01-2024,0
APP002850,Male,Yes,0,Not Graduate,Salaried,70755,834,122000,60,No History,West,44,13-07-2023,1
APP005701,Male,Yes,3,Not Graduate,Salaried,58311,19498,134000,24,Good,South,37,26-06-2024,0
APP003104,Male,No,2,Graduate,Salaried,31146,3410,175000,36,Good,West,39,19-12-2023,0
APP005004,Male,No,2,Not Graduate,Self-Employed,45299,6459,75000,360,No History,East,39,16-03-2023,1
APP004128,Female,No,0,Graduate,Salaried,18066,6256,150000,36,Bad,East,48,12-10-2023,0
APP003868,Female,Yes,2,Graduate,Self-Employed,59277,10339,95000,36,Good,North,38,12-11-2023,1
APP002466,Male,Yes,2,Graduate,Salaried,46286,6683,58000,60,Good,West,39,11-04-2023,0
APP002930,Male,No,1,Not Graduate,Self-Employed,53004,8900,91000,24,Good,West,32,29-11-2024,0
APP005903,Male,No,2,Graduate,Salaried,58151,18131,63000,120,Good,West,43,07-06-2024,0
APP004107,Female,Yes,2,Not Graduate,Salaried,107055,1961,190000,240,Good,East,37,25-07-2024,0
APP000065,Male,Yes,4,Graduate,Self-Employed,64049,18199,153000,120,Bad,North,32,31-07-2024,0
APP005764,Male,Yes,0,Graduate,Salaried,42475,6007,72000,120,Good,West,27,13-01-2023,0
APP000777,Male,No,0,Not Graduate,Salaried,43265,12866,57000,60,Good,South,44,16-08-2023,0
APP004174,Male,Yes,1,Graduate,Self-Employed,32174,7219,138000,60,Good,South,36,16-02-2023,0
APP004588,Male,No,1,Graduate,Salaried,26796,9042,85000,60,Good,West,31,03-01-2024,0
APP002735,Female,No,0,Graduate,Self-Employed,41041,10028,111000,180,Good,South,21,06-08-2023,0
APP002581,Male,Yes,1,Not Graduate,Self-Employed,55446,19123,198000,84,Good,North,43,13-05-2023,0
APP004617,Female,No,2,Graduate,Self-Employed,68534,3012,99000,36,Good,East,21,02-03-2024,1
APP003484,Female,Yes,1,Not Graduate,Self-Employed,48644,5460,60000,84,Good,West,47,08-02-2023,1
APP005934,Female,No,0,Graduate,Salaried,48814,10639,151000,120,Good,East,39,11-08-2024,0
APP002345,Female,Yes,1,Not Graduate,Self-Employed,76144,6528,190000,120,Good,West,60,12-10-2023,0
APP004688,Male,Yes,2,Graduate,Self-Employed,42726,4649,55000,36,Good,South,33,15-05-2023,0
APP002816,Female,No,1,Graduate,Self-Employed,28583,7300,99000,12,Good,East,31,19-03-2023,0
APP005719,Male,Yes,3,Graduate,Salaried,62982,4655,76000,240,Good,North,44,11-05-2023,0
APP005382,Male,Yes,3,Not Graduate,Salaried,48644,348,73000,36,Good,East,32,28-07-2023,0
APP004027,Male,No,0,Graduate,Self-Employed,53628,3991,81000,36,Good,South,30,02-03-2024,0
APP000725,Male,No,3,Not Graduate,Self-Employed,34691,2594,196000,36,Good,South,29,24-11-2023,0
APP005585,Male,No,0,Graduate,Salaried,96037,21827,198000,84,Good,West,43,17-05-2024,0
APP005564,Male,Yes,3,Graduate,Self-Employed,42226,12470,514000,180,Good,West,37,25-01-2023,0
APP005309,Female,Yes,1,Not Graduate,Self-Employed,52467,13211,109000,120,Good,West,42,12-10-2024,0
APP005927,Female,No,2,Graduate,Self-Employed,70970,17627,257000,84,Good,North,47,19-07-2024,0
APP001736,Female,Yes,2,Graduate,Self-Employed,48644,6173,99000,84,No History,West,56,13-08-2023,0
APP003125,Female,No,0,Not Graduate,Self-Employed,25253,2069,63000,84,Good,East,30,31-05-2024,0
APP004941,Male,Yes,1,Graduate,Salaried,27862,5527,65000,84,Good,North,22,06-09-2023,0
APP005079,Male,Yes,1,Graduate,Salaried,35963,2134,185000,48,No History,East,26,08-04-2023,0
APP004803,Female,Yes,2,Not Graduate,Self-Employed,76963,4265,265000,84,No History,North,42,04-01-2023,0
APP000274,Female,No,3,Graduate,Salaried,24323,7504,168000,48,Good,North,37,23-05-2023,0
APP002945,Female,No,0,Graduate,Self-Employed,43565,548,76000,120,No History,East,39,25-04-2023,0
APP005808,Female,No,0,Graduate,Salaried,136994,30581,53000,360,Good,South,40,16-10-2024,0
APP005060,Male,Yes,1,Graduate,Self-Employed,58949,3962,99000,84,Good,South,29,23-04-2024,0
APP005558,Female,Yes,1,Not Graduate,Salaried,32431,2436,82000,60,Good,East,52,07-10-2024,0
APP001453,Female,Yes,0,Graduate,Salaried,47401,5547,82000,120,Good,East,45,17-11-2023,0
APP002716,Male,Yes,3,Graduate,Salaried,37565,11299,112000,12,Good,East,34,28-03-2023,0
APP004246,Female,Yes,2,Graduate,Salaried,47659,13184,60000,12,Good,North,39,13-03-2023,0
APP002693,Male,Yes,0,Graduate,Salaried,18274,2715,91000,48,Good,North,40,20-09-2023,0
APP002768,Male,No,0,Graduate,Salaried,44410,9213,271000,240,Good,East,26,24-05-2024,0
APP000219,Female,No,4,Graduate,Salaried,55944,18818,77000,180,Good,West,37,25-04-2024,0
APP000240,Male,Yes,2,Graduate,Self-Employed,46884,3662,141000,48,Good,South,43,30-08-2023,0
APP001132,Male,No,1,Not Graduate,Salaried,18276,6118,149000,120,No History,East,31,11-12-2024,0
APP005772,Female,Yes,0,Not Graduate,Salaried,51076,8916,65000,36,Good,North,34,04-01-2024,0
APP003265,Female,Yes,0,Graduate,Salaried,58680,7977,39000,360,Good,South,40,30-03-2023,0
APP002240,Male,Yes,0,Graduate,Self-Employed,47651,2718,91000,48,Good,South,40,26-08-2023,0
APP005350,Female,No,3,Not Graduate,Self-Employed,23880,3040,213000,36,Good,East,50,12-01-2023,0
APP005150,Male,Yes,0,Graduate,Salaried,42898,13391,48000,48,Good,West,33,11-05-2024,0
APP001384,Male,No,1,Not Graduate,Salaried,27804,8274,60000,48,Good,North,45,18-06-2023,0
APP003075,Female,No,0,Graduate,Salaried,62030,8411,69000,120,Good,South,43,20-01-2024,0
APP004861,Female,Yes,1,Graduate,Self-Employed,97615,30759,28000,60,No History,North,37,15-06-2024,0
APP001358,Male,Yes,1,Graduate,Self-Employed,47945,8997,161000,60,Bad,West,35,12-04-2023,0
APP004872,Male,Yes,1,Not Graduate,Salaried,39783,10542,214000,48,No History,West,60,17-07-2024,0
APP002631,Female,Yes,2,Not Graduate,Salaried,87795,6016,70000,36,Good,East,41,30-09-2023,0
APP002833,Male,Yes,2,Not Graduate,Salaried,59853,15672,46000,48,Good,East,29,28-03-2024,0
APP000625,Female,Yes,2,Graduate,Salaried,19978,442,77000,48,Good,West,44,03-03-2024,0
APP000840,Female,Yes,1,Graduate,Salaried,36563,7689,172000,180,Good,North,42,10-06-2023,0
APP004724,Male,No,0,Graduate,Self-Employed,32769,425,94000,240,No History,South,37,13-06-2023,0
APP000324,Male,No,2,Graduate,Salaried,26454,556,161000,60,No History,South,35,05-07-2024,0
APP001868,Male,No,3,Graduate,Self-Employed,127710,8910,53000,60,Good,East,51,27-04-2024,0
APP005257,Male,No,3,Graduate,Salaried,28580,355,155000,84,Good,South,35,15-09-2024,0
APP002827,Female,Yes,0,Not Graduate,Self-Employed,30413,6936,109000,120,Good,North,50,15-10-2024,0
APP005173,Male,No,2,Not Graduate,Self-Employed,83597,26423,187000,48,Good,South,38,01-11-2024,1
APP005553,Female,No,3,Graduate,Self-Employed,52408,9759,82000,84,Good,East,45,03-10-2024,0
APP000438,Female,Yes,1,Graduate,Self-Employed,26359,5227,56000,24,Bad,North,60,20-02-2024,0
APP000120,Male,Yes,1,Not Graduate,Self-Employed,199178,14130,77000,120,Good,North,31,05-02-2024,0
APP005514,Female,No,3,Graduate,Salaried,36831,12812,178000,180,Bad,East,41,09-07-2023,1
APP005713,Male,Yes,0,Graduate,Self-Employed,64068,10401,54000,36,Bad,North,56,30-03-2024,0
APP001840,Male,Yes,2,Graduate,Salaried,23707,3447,155000,240,Good,North,34,23-12-2024,0
APP001027,Female,Yes,0,Graduate,Self-Employed,36855,6720,94000,180,Good,South,48,24-11-2024,1
APP003302,Female,No,1,Graduate,Salaried,75504,18938,56000,84,Good,West,43,04-08-2023,0
APP004173,Male,Yes,1,Not Graduate,Self-Employed,38828,9517,40000,120,Good,North,50,23-12-2024,0
APP003102,Female,Yes,0,Not Graduate,Salaried,42250,1135,79000,84,Bad,East,33,18-01-2023,1
APP000901,Male,Yes,0,Graduate,Salaried,53278,17231,146000,60,Bad,East,36,22-12-2023,1
APP004468,Male,Yes,1,Graduate,Self-Employed,38100,9632,30000,84,Good,West,30,03-03-2023,0
APP001205,Male,No,1,Graduate,Salaried,96266,25012,121000,24,No History,North,39,31-05-2023,1
APP005608,Female,No,0,Graduate,Self-Employed,26370,6,65000,48,Bad,North,61,08-01-2024,1
APP005038,Female,Yes,1,Graduate,Self-Employed,18480,468,80000,120,Bad,East,38,28-05-2024,0
APP004051,Female,No,2,Not Graduate,Salaried,93991,10283,301000,120,Good,East,45,27-10-2023,0
APP000553,Male,No,0,Not Graduate,Self-Employed,119412,30150,107000,84,No History,North,27,17-09-2023,0
APP000407,Male,Yes,3,Graduate,Self-Employed,33497,2970,94000,24,Good,East,21,18-08-2024,0
APP005531,Male,Yes,3,Graduate,Salaried,67853,2647,218000,60,Good,South,33,06-02-2024,0
APP001614,Male,No,0,Graduate,Self-Employed,51104,11781,134000,180,Good,East,24,06-04-2024,0
APP002935,Female,Yes,4,Graduate,Salaried,27824,4059,116000,60,No History,West,37,09-01-2024,1
APP005065,Female,Yes,0,Graduate,Salaried,47652,7138,49000,180,No History,East,27,08-02-2023,0
APP003299,Male,Yes,4,Graduate,Salaried,39019,11822,100000,240,Good,West,48,25-12-2024,0
APP002834,Male,No,1,Not Graduate,Self-Employed,19023,1023,56000,48,Good,East,47,30-01-2023,1
APP002350,Male,Yes,4,Not Graduate,Self-Employed,97140,5494,41000,120,Good,East,46,21-07-2023,0
APP004786,Male,Yes,1,Graduate,Self-Employed,48644,20857,65000,120,No History,East,27,02-10-2023,0
APP003110,Female,No,0,Graduate,Salaried,38318,11686,95000,120,Bad,South,21,23-02-2024,0
APP001739,Male,Yes,1,Graduate,Salaried,50044,2704,72000,48,Good,West,45,22-07-2023,0
APP000237,Male,Yes,1,Graduate,Salaried,41691,4619,116000,84,Good,South,41,26-01-2023,0
APP003164,Male,Yes,0,Graduate,Salaried,36242,3435,248000,84,Good,East,25,19-01-2023,0
APP000500,Female,Yes,0,Graduate,Salaried,64756,21062,99000,120,No History,East,56,22-10-2024,0
APP004919,Female,No,2,Graduate,Self-Employed,90934,24283,35000,360,Good,East,34,15-04-2024,0
APP003626,Male,No,0,Graduate,Self-Employed,30039,3334,272000,84,Good,South,33,14-07-2024,0
APP003128,Male,No,2,Graduate,Self-Employed,66139,8281,65000,24,Good,North,34,17-05-2023,0
APP000795,Male,Yes,1,Not Graduate,Salaried,90694,22987,135000,60,Good,South,21,22-04-2024,1
APP003359,Female,No,2,Graduate,Salaried,27509,797,182000,120,Bad,North,34,04-03-2023,1
APP003292,Female,No,0,Graduate,Salaried,29060,5234,189000,240,Good,West,44,16-10-2023,0
APP003973,Male,Yes,0,Graduate,Salaried,127947,42426,56000,120,Good,South,39,22-06-2023,0
APP000991,Female,Yes,3,Graduate,Self-Employed,32148,3179,299000,360,No History,North,36,18-05-2024,0
APP004664,Female,Yes,1,Graduate,Salaried,72114,1419,106000,360,Good,South,53,10-05-2023,0
APP002436,Male,No,0,Graduate,Salaried,46046,2399,106000,120,Good,West,27,02-05-2023,0
APP003377,Female,Yes,2,Graduate,Salaried,90105,29254,444000,84,Good,West,40,06-09-2024,0
APP000391,Female,Yes,0,Graduate,Salaried,42545,13766,134000,60,No History,South,62,04-01-2024,0
APP004840,Male,Yes,0,Graduate,Self-Employed,36005,2674,121000,12,Bad,East,38,18-11-2024,0
APP002401,Male,No,2,Graduate,Self-Employed,67899,8646,22000,48,Good,West,32,10-06-2024,0
APP001218,Female,Yes,3,Graduate,Salaried,21545,4712,85000,120,Good,West,36,06-07-2024,0
APP000236,Female,No,2,Not Graduate,Salaried,90725,16837,123000,48,Good,West,39,12-01-2023,0
APP000332,Female,No,0,Graduate,Self-Employed,23445,3193,197000,84,No History,West,46,01-05-2024,1
APP004577,Male,No,2,Graduate,Salaried,55332,11541,25000,60,Good,West,48,11-06-2023,0
APP003189,Female,Yes,1,Not Graduate,Salaried,100794,34481,73000,120,Good,West,40,23-05-2023,0
APP000045,Male,Yes,3,Not Graduate,Self-Employed,48372,16588,88000,84,Good,East,38,16-02-2023,1
APP005715,Female,Yes,3,Not Graduate,Salaried,75016,11842,34000,60,Good,West,47,20-08-2023,1
APP004217,Male,No,0,Not Graduate,Self-Employed,58866,17176,371000,60,Good,North,52,27-02-2024,0
APP003437,Male,Yes,4,Not Graduate,Self-Employed,32394,1474,142000,12,Good,North,34,10-04-2023,0
APP003073,Male,No,2,Graduate,Self-Employed,44878,1176,70000,84,Good,West,61,14-05-2023,0
APP003135,Male,No,2,Graduate,Salaried,78677,12618,38000,24,Good,East,46,20-02-2024,0
APP005369,Female,Yes,1,Not Graduate,Salaried,106203,6716,55000,36,Good,South,38,21-06-2023,0
APP004046,Male,Yes,0,Graduate,Salaried,91878,14596,210000,60,Bad,East,33,03-03-2024,1
APP005023,Female,Yes,4,Not Graduate,Self-Employed,38112,11233,147000,360,Good,North,33,21-06-2024,1
APP001595,Female,Yes,2,Not Graduate,Salaried,36891,7123,99000,24,No History,East,56,03-06-2023,0
APP000224,Male,No,2,Graduate,Salaried,22831,7867,157000,180,Good,South,34,11-01-2023,0
APP004863,Male,Yes,0,Not Graduate,Salaried,51881,17121,39000,120,Good,West,21,23-03-2024,0
APP004710,Female,No,0,Graduate,Self-Employed,42697,6039,157000,120,No History,East,52,28-01-2024,0
APP002892,Female,Yes,3,Not Graduate,Salaried,32777,9749,211000,24,Good,East,30,16-11-2023,0
APP001246,Female,Yes,0,Graduate,Self-Employed,69058,8240,139000,84,Good,West,31,27-05-2024,0
APP001541,Female,No,1,Graduate,Salaried,46603,2659,49000,360,Good,North,27,01-09-2024,0
APP003538,Male,Yes,1,Not Graduate,Salaried,75810,8738,56000,48,Good,East,34,21-09-2023,0
APP004149,Female,No,0,Graduate,Salaried,14972,846,60000,180,Good,North,48,13-01-2024,0
APP004626,Female,No,0,Not Graduate,Salaried,73950,17187,210000,36,Good,North,51,30-06-2024,0
APP002534,Male,Yes,4,Graduate,Salaried,34162,4386,86000,24,Good,North,51,15-11-2024,0
APP000819,Male,Yes,3,Graduate,Self-Employed,28709,6747,86000,84,Good,West,36,18-04-2024,0
APP003459,Female,No,2,Graduate,Self-Employed,68338,8429,172000,36,Good,East,47,15-08-2023,0
APP000156,Male,No,0,Not Graduate,Salaried,118805,32667,188000,120,Good,East,41,02-02-2023,0
APP005951,Male,No,1,Graduate,Salaried,44409,8358,224000,48,Bad,West,25,29-10-2024,0
APP000249,Female,No,2,Graduate,Self-Employed,25365,8165,78000,36,Good,North,49,25-01-2024,0
APP004858,Female,No,0,Not Graduate,Salaried,76052,26477,26000,12,Good,North,41,08-04-2023,0
APP003928,Female,Yes,3,Graduate,Self-Employed,52547,16091,25000,180,Good,East,40,14-11-2023,0
APP004015,Female,No,3,Graduate,Self-Employed,46415,4801,72000,240,Good,West,30,30-03-2023,0
APP002637,Female,No,2,Not Graduate,Self-Employed,24168,1450,110000,60,Bad,North,47,05-02-2023,0
APP005227,Female,Yes,2,Graduate,Self-Employed,70113,1956,103000,360,Good,West,39,08-12-2023,0
APP004639,Female,No,1,Graduate,Salaried,21414,3000,104000,60,Good,West,50,29-03-2023,0
APP000794,Female,Yes,3,Graduate,Self-Employed,35017,4539,49000,60,Bad,North,64,25-05-2024,0
APP001726,Male,Yes,1,Not Graduate,Salaried,84778,8833,99000,24,Good,West,21,15-09-2023,1
APP003190,Female,No,1,Graduate,Self-Employed,93350,24267,83000,240,Bad,West,33,04-04-2023,0
APP002650,Male,Yes,0,Graduate,Self-Employed,60928,2998,193000,84,Good,North,40,24-04-2024,0
APP000629,Male,Yes,0,Not Graduate,Self-Employed,47789,12784,74000,120,Bad,South,33,14-09-2024,0
APP005783,Female,Yes,4,Graduate,Self-Employed,53692,10105,176000,60,Bad,North,38,23-10-2023,1
APP002340,Male,No,3,Not Graduate,Salaried,29283,7176,70000,240,Good,North,37,24-07-2023,0
APP005925,Male,No,1,Graduate,Salaried,107872,489,121000,120,Good,North,21,09-06-2023,0
APP005464,Male,Yes,3,Graduate,Self-Employed,66910,22094,177000,60,No History,South,30,27-07-2023,0
APP001621,Male,Yes,0,Graduate,Salaried,23282,4407,142000,180,Good,East,30,03-04-2024,0
APP001452,Female,Yes,2,Graduate,Self-Employed,143502,11615,91000,240,No History,North,29,21-12-2024,0
APP002903,Male,No,3,Not Graduate,Salaried,135757,25481,142000,60,Good,South,43,05-06-2024,0
APP005168,Male,Yes,4,Graduate,Self-Employed,82507,17256,125000,36,No History,East,47,30-10-2024,0
APP004651,Male,Yes,0,Graduate,Salaried,24527,2099,60000,360,Good,South,51,10-06-2023,0
APP001829,Female,No,0,Graduate,Self-Employed,41499,11362,109000,180,Good,South,36,08-10-2023,1
APP000827,Male,Yes,1,Graduate,Salaried,48239,10986,48000,180,Bad,East,21,14-12-2024,0
APP001640,Female,Yes,2,Graduate,Self-Employed,44209,1155,37000,60,Good,North,49,09-07-2023,0
APP003865,Male,No,3,Not Graduate,Self-Employed,38563,11247,219000,360,Good,North,40,18-03-2024,0
APP002914,Female,Yes,1,Graduate,Salaried,36174,109,40000,36,Good,South,21,01-07-2024,0
APP003792,Male,Yes,2,Graduate,Salaried,28035,1500,101000,180,No History,South,45,16-08-2023,0
APP002940,Male,Yes,0,Graduate,Salaried,16184,988,57000,60,Good,West,44,29-07-2024,0
APP003421,Female,No,4,Graduate,Self-Employed,37144,8707,56000,180,Good,North,53,03-02-2023,0
APP003997,Male,Yes,0,Graduate,Self-Employed,61527,12259,72000,120,No History,East,39,17-10-2024,0
APP003768,Male,Yes,3,Not Graduate,Salaried,88018,1568,279000,48,Good,East,26,14-08-2024,0
APP000536,Female,Yes,1,Not Graduate,Self-Employed,36267,8455,81000,120,Good,South,69,30-09-2023,0
APP002664,Female,Yes,0,Not Graduate,Self-Employed,17860,6064,146000,120,Good,East,57,19-05-2024,0
APP000155,Female,Yes,1,Not Graduate,Salaried,32065,6856,93000,60,No History,North,40,06-10-2023,1
APP003242,Male,No,2,Not Graduate,Salaried,37018,10676,57000,60,Good,North,42,29-05-2024,0
APP003150,Male,No,0,Not Graduate,Salaried,42988,262,63000,60,Good,South,45,05-02-2023,0
APP002953,Female,No,0,Graduate,Salaried,84702,7612,158000,48,Bad,South,50,25-07-2023,0
APP001312,Female,Yes,0,Graduate,Salaried,40302,9431,35000,60,Bad,North,21,13-07-2023,0
APP000323,Female,Yes,0,Not Graduate,Salaried,25106,505,87000,60,Good,South,43,12-05-2024,0
APP004111,Male,No,3,Graduate,Salaried,47164,7104,62000,48,No History,North,34,03-08-2023,0
APP003331,Female,Yes,3,Graduate,Salaried,21447,186,114000,240,No History,West,42,21-03-2024,0
APP003986,Female,No,1,Graduate,Self-Employed,53133,71,175000,84,Good,South,31,01-04-2024,0
APP001799,Male,Yes,0,Graduate,Salaried,67401,798,48000,120,Good,West,45,04-05-2024,0
APP000083,Male,Yes,3,Graduate,Salaried,58049,5157,38000,84,Good,North,38,18-01-2024,0
APP002561,Female,No,3,Not Graduate,Salaried,34743,12010,33000,84,Good,East,37,13-05-2023,0
APP001944,Female,Yes,0,Graduate,Salaried,75156,19295,211000,24,Good,East,27,14-02-2024,0
APP001989,Male,Yes,1,Graduate,Salaried,67007,14466,132000,360,Bad,West,27,20-02-2024,0
APP003537,Male,Yes,1,Graduate,Salaried,32439,11222,43000,48,Bad,West,37,04-05-2023,0
APP005480,Male,Yes,1,Graduate,Salaried,61168,13736,130000,240,No History,South,40,15-02-2023,0
APP001575,Male,No,0,Graduate,Self-Employed,31389,9472,411000,36,Good,North,21,19-03-2023,0
APP002978,Male,Yes,0,Graduate,Salaried,30252,7718,73000,240,Bad,South,35,11-04-2024,1
APP002724,Male,Yes,1,Graduate,Salaried,27515,5914,155000,84,No History,West,40,28-10-2024,1
APP003406,Female,Yes,0,Graduate,Salaried,68341,15912,155000,60,Good,East,27,01-03-2024,0
APP002059,Female,No,0,Not Graduate,Salaried,46691,8342,99000,360,Good,East,37,19-07-2023,0
APP001763,Male,Yes,1,Graduate,Salaried,27880,8612,203000,24,Good,East,21,28-12-2023,0
APP001495,Female,No,0,Graduate,Self-Employed,22375,3722,74000,48,Bad,North,29,26-08-2024,0
APP004928,Male,No,2,Graduate,Salaried,205802.1872,261,123000,84,Good,West,39,19-10-2023,0
APP002081,Male,Yes,0,Graduate,Salaried,30928,7379,94000,360,Good,West,48,25-04-2024,0
APP001175,Female,No,0,Graduate,Self-Employed,44495,3594,225000,48,No History,East,21,15-01-2023,0
APP004510,Female,Yes,2,Graduate,Salaried,48644,6203,69000,180,Good,East,43,06-11-2024,0
APP002629,Male,Yes,3,Graduate,Salaried,32279,7445,57000,240,Good,North,39,28-11-2023,0
APP004262,Female,No,0,Graduate,Self-Employed,18082,3742,148000,84,Good,North,42,04-09-2023,0
APP005650,Female,Yes,3,Not Graduate,Salaried,82656,4582,114000,24,Good,East,21,15-08-2024,0
APP000615,Female,No,2,Not Graduate,Salaried,42144,97,490000,360,Good,South,33,22-07-2024,1
APP003094,Male,No,0,Graduate,Salaried,93067,9974,101000,120,Good,West,23,28-05-2023,0
APP003451,Male,Yes,1,Graduate,Self-Employed,48644,12052,78000,48,Good,South,27,24-04-2024,0
APP001015,Female,Yes,1,Graduate,Self-Employed,39691,5774,52000,48,Good,East,60,11-09-2023,0
APP003058,Male,No,1,Graduate,Self-Employed,48644,23513,225000,48,Bad,North,46,23-11-2023,1
APP005827,Female,Yes,2,Graduate,Self-Employed,46330,12549,97000,84,Good,East,56,19-11-2024,0
APP005334,Male,Yes,2,Not Graduate,Salaried,47626,10192,278000,120,Good,West,56,18-08-2023,0
APP003906,Male,Yes,2,Not Graduate,Salaried,26249,4445,101000,24,Good,West,29,16-10-2024,0
APP002182,Male,No,2,Not Graduate,Salaried,92954,6235,90000,120,Good,North,27,27-10-2023,0
APP003419,Male,No,2,Graduate,Salaried,63385,7132,194000,60,Good,West,36,09-02-2023,0
APP004652,Female,Yes,2,Graduate,Salaried,28200,5812,58000,120,Good,West,29,15-05-2024,0
APP003101,Male,Yes,0,Not Graduate,Self-Employed,69778,5990,107000,84,No History,South,33,10-10-2023,1
APP001212,Male,Yes,0,Not Graduate,Salaried,20964,5840,98000,36,Good,North,51,12-04-2024,1
APP005864,Male,Yes,4,Graduate,Self-Employed,64541,18208,78000,120,Good,North,37,13-02-2024,0
APP000635,Male,No,2,Graduate,Salaried,103754,2944,273000,60,Bad,North,25,15-04-2023,1
APP001056,Male,No,3,Not Graduate,Self-Employed,142662,25025,108000,60,Bad,North,29,16-07-2023,0
APP002341,Female,No,3,Not Graduate,Salaried,23049,1535,35000,60,Good,West,36,24-04-2024,0
APP000797,Female,No,0,Not Graduate,Self-Employed,44419,15046,56000,12,Good,North,26,08-12-2024,0
APP005188,Male,No,0,Graduate,Self-Employed,51663,11177,158000,360,Good,South,42,08-04-2024,0
APP004271,Female,Yes,3,Graduate,Self-Employed,64491,20673,42000,240,Good,North,28,19-01-2023,1
APP002815,Male,No,1,Graduate,Self-Employed,49342,3843,166000,36,No History,East,33,20-06-2024,0
APP004342,Male,Yes,1,Graduate,Salaried,111254,27891,79000,360,Good,South,31,17-05-2023,0
APP001081,Female,Yes,2,Graduate,Salaried,55295,511,155000,120,Bad,South,25,12-05-2024,0
APP001655,Male,Yes,2,Graduate,Salaried,48367,6533,54000,36,Good,North,47,02-11-2024,0
APP001608,Female,No,2,Not Graduate,Salaried,47819,6167,105000,36,Good,North,21,21-08-2024,1
APP000145,Male,Yes,2,Not Graduate,Self-Employed,23458,5988,139000,240,Good,East,24,18-01-2024,0
APP004242,Male,Yes,2,Graduate,Self-Employed,101799,4482,104000,84,Good,South,25,12-12-2024,0
APP000091,Male,No,1,Graduate,Salaried,30788,951,168000,36,Good,North,46,30-08-2024,0
APP000683,Male,Yes,1,Graduate,Salaried,33184,7776,221000,84,No History,South,39,28-06-2023,0
APP004407,Female,Yes,2,Not Graduate,Salaried,35030,7529,271000,36,Good,West,48,12-07-2023,1
APP003432,Female,Yes,0,Graduate,Salaried,48430,16811,86000,240,Good,North,28,28-04-2024,0
APP000094,Male,No,0,Not Graduate,Salaried,55976,16410,69000,120,Good,North,30,16-06-2023,0
APP000835,Male,Yes,0,Graduate,Salaried,89165,30662,48000,180,Good,East,21,06-02-2024,0
APP005021,Female,Yes,0,Graduate,Salaried,27130,5664,148000,180,Good,South,30,30-12-2024,0
APP005824,Female,Yes,3,Not Graduate,Self-Employed,21311,5451,117000,120,Good,West,21,03-09-2024,0
APP005132,Male,Yes,0,Graduate,Self-Employed,27167,9243,69000,180,Good,North,53,18-03-2023,0
APP001401,Male,Yes,1,Not Graduate,Self-Employed,136999,41241,111000,60,Good,East,40,02-09-2024,0
APP003980,Male,No,0,Graduate,Salaried,38216,2462,63000,60,Good,South,49,17-10-2024,0
APP002292,Male,No,0,Not Graduate,Salaried,49909,12609,38000,120,Good,North,50,09-10-2023,0
APP001501,Male,Yes,1,Graduate,Self-Employed,44302,13812,97000,180,Bad,East,35,18-05-2024,0
APP002263,Female,Yes,0,Graduate,Salaried,34649,1510,124000,36,Good,West,55,21-11-2024,0
APP001469,Female,No,0,Graduate,Salaried,36180,2735,107000,36,Good,West,24,01-12-2024,0
APP003929,Female,Yes,0,Graduate,Self-Employed,174254,45102,108000,240,No History,East,38,04-04-2023,0
APP003246,Male,Yes,0,Graduate,Self-Employed,72960,8421,223000,180,Bad,North,21,10-06-2024,1
APP000999,Female,Yes,0,Graduate,Salaried,45266,4414,99000,24,Good,South,23,31-05-2023,0
APP000854,Female,Yes,0,Graduate,Salaried,32919,5149,156000,120,Good,West,41,14-04-2024,0
APP003876,Male,Yes,3,Graduate,Salaried,128510,31600,56000,120,Good,East,21,11-07-2023,0
APP001143,Female,Yes,0,Graduate,Salaried,98626,21682,146000,360,Good,North,41,12-03-2024,0
APP005240,Male,Yes,0,Graduate,Salaried,72097,9968,90000,48,Bad,West,31,27-02-2024,0
APP002275,Female,Yes,2,Graduate,Self-Employed,118700,35770,121000,48,Good,East,45,17-08-2023,0
APP004498,Male,No,3,Graduate,Self-Employed,49551,14873,125000,24,No History,West,52,05-07-2024,0
APP001104,Female,No,0,Graduate,Salaried,38909,7712,448000,180,Good,South,22,16-01-2023,0
APP000085,Male,Yes,0,Not Graduate,Self-Employed,101339,23204,152000,120,Good,East,28,09-06-2024,0
APP002211,Female,No,0,Graduate,Salaried,100207,7380,102000,84,Good,North,23,08-06-2023,0
APP004211,Male,Yes,2,Graduate,Salaried,45255,5437,125000,120,No History,South,36,23-10-2023,1
APP005684,Male,No,0,Not Graduate,Salaried,44044,14456,52000,36,Good,South,34,28-09-2023,0
APP003441,Male,Yes,1,Graduate,Salaried,56635,12837,61000,240,Good,North,38,30-08-2024,0
APP001568,Male,Yes,0,Graduate,Salaried,35519,1012,239000,84,No History,South,41,23-09-2023,1
APP005598,Female,Yes,0,Graduate,Salaried,88078,10829,150000,48,Bad,South,50,09-11-2024,0
APP001661,Female,No,2,Graduate,Self-Employed,20444,2760,93000,60,Good,East,53,20-08-2024,0
APP001557,Female,No,1,Graduate,Self-Employed,108755,34571,165000,180,Good,South,42,27-02-2023,0
APP004722,Male,No,3,Graduate,Salaried,55629,16593,63000,180,No History,West,32,21-03-2023,0
APP003765,Male,Yes,3,Not Graduate,Salaried,65808,19800,77000,240,Good,South,58,23-08-2023,1
APP003585,Male,No,1,Graduate,Self-Employed,44212,13739,56000,120,Good,North,43,16-01-2023,0
APP001886,Male,Yes,0,Graduate,Self-Employed,180047,5898,81000,48,Good,West,53,23-04-2023,0
APP003145,Male,Yes,0,Graduate,Self-Employed,35389,9771,135000,120,Good,West,34,14-03-2023,0
APP001867,Male,Yes,0,Graduate,Self-Employed,18565,2489,71000,60,Good,South,21,01-06-2023,0
APP005049,Male,Yes,0,Graduate,Salaried,38112,2128,235000,60,Good,West,45,06-01-2023,0
APP004721,Male,No,0,Graduate,Self-Employed,34746,4491,90000,48,Good,North,31,24-09-2024,0
APP002875,Female,Yes,0,Not Graduate,Salaried,29920,8385,77000,180,Good,North,34,19-04-2023,0
APP004331,Male,Yes,0,Graduate,Salaried,61105,5826,107000,24,Good,North,41,26-01-2024,0
APP003589,Male,No,2,Not Graduate,Salaried,16226,2373,102000,60,Good,North,38,21-05-2023,0
APP003268,Male,Yes,1,Not Graduate,Self-Employed,153703,658,76000,48,Good,East,21,02-01-2024,0
APP002885,Male,No,1,Graduate,Salaried,53613,17536,88000,120,Good,West,41,14-07-2023,0
APP002891,Male,No,2,Graduate,Salaried,31517,8761,145000,120,Good,West,21,28-04-2023,0
APP003008,Male,No,3,Not Graduate,Self-Employed,68757,13727,91000,60,No History,West,21,05-10-2023,1
APP001827,Male,No,1,Graduate,Salaried,71461,22888,103000,360,Good,North,37,27-11-2024,0
APP003924,Male,Yes,0,Not Graduate,Self-Employed,25699,8661,66000,60,Good,North,23,03-05-2024,0
APP002641,Male,No,1,Not Graduate,Self-Employed,39482,8970,114000,240,Good,West,25,20-07-2024,0
APP005411,Female,No,4,Graduate,Salaried,34954,2591,69000,240,No History,South,22,10-01-2024,0
APP001526,Male,No,2,Graduate,Self-Employed,23392,5283,119000,36,Good,West,39,26-10-2023,0
APP001563,Female,No,1,Graduate,Salaried,25463,2720,112000,84,Good,North,43,16-09-2023,0
APP000344,Male,Yes,1,Graduate,Salaried,51815,2727,82000,240,Good,East,37,21-08-2024,0
APP002543,Female,Yes,0,Graduate,Self-Employed,108016,19844,99000,60,Good,East,53,28-03-2024,1
APP003386,Female,Yes,0,Graduate,Salaried,59068,18838,142000,120,Good,North,27,24-02-2024,0
APP002413,Male,No,2,Not Graduate,Salaried,58125,8480,100000,84,Good,West,28,15-08-2024,0
APP002708,Male,No,1,Graduate,Self-Employed,69354,19516,45000,24,Bad,South,21,26-05-2024,0
APP005093,Female,No,1,Graduate,Self-Employed,44495,1741,143000,24,Good,South,54,10-03-2023,0
APP001111,Female,Yes,0,Graduate,Salaried,21559,1733,115000,360,Good,East,40,25-06-2024,0
APP003443,Male,Yes,2,Graduate,Self-Employed,37839,2943,63000,48,Bad,West,27,20-03-2023,0
APP002214,Female,Yes,1,Graduate,Salaried,88941,2786,66000,180,Good,South,39,11-07-2023,0
APP001360,Female,No,1,Graduate,Self-Employed,51608,14218,172000,60,Good,West,34,14-08-2024,0
APP002108,Female,Yes,1,Not Graduate,Salaried,42536,7555,61000,84,Good,West,34,19-01-2023,1
APP004806,Male,No,2,Not Graduate,Self-Employed,85836,18622,148000,48,Good,North,68,19-02-2024,0
APP001379,Male,No,2,Graduate,Self-Employed,86901,26552,63000,84,Good,North,36,27-07-2024,0
APP002829,Male,Yes,2,Graduate,Salaried,21100,5649,47000,240,Good,East,41,18-08-2024,0
APP000293,Female,Yes,0,Graduate,Self-Employed,171510,15152,138000,180,No History,North,22,21-01-2024,1
APP001066,Female,Yes,2,Graduate,Self-Employed,42532,4319,102000,84,Good,South,48,15-11-2024,0
APP002378,Female,Yes,1,Graduate,Salaried,59550,7313,55000,120,Bad,East,42,24-02-2023,0
APP005109,Female,No,0,Not Graduate,Salaried,26668,5510,97000,24,Good,West,23,28-12-2024,0
APP002128,Male,Yes,0,Graduate,Salaried,48644,26901,79000,180,Good,East,29,19-04-2023,0
APP001718,Female,Yes,0,Graduate,Self-Employed,58970,5213,63000,120,Good,West,36,20-07-2023,0
APP000938,Female,No,2,Graduate,Salaried,102093,34759,96000,84,Good,West,42,22-02-2024,0
APP003780,Female,No,0,Graduate,Self-Employed,67612,23102,208000,36,Good,West,51,13-10-2023,0
APP003965,Male,No,2,Graduate,Self-Employed,178099,18350,140000,120,Bad,South,38,28-01-2024,0
APP003991,Male,Yes,4,Not Graduate,Salaried,57104,10198,174000,24,Good,East,30,28-06-2023,1
APP004931,Male,No,3,Graduate,Self-Employed,40549,7272,73000,84,Good,North,54,25-10-2023,0
APP000255,Male,Yes,3,Not Graduate,Salaried,43409,8307,92000,12,Good,North,23,12-06-2024,1
APP005860,Female,No,4,Not Graduate,Salaried,39974,7056,139000,24,Good,East,40,01-03-2024,0
APP001483,Male,Yes,1,Graduate,Self-Employed,29987,3306,266000,60,No History,East,28,12-09-2023,0
APP000945,Male,No,2,Not Graduate,Salaried,54111,3662,31000,120,No History,West,30,11-10-2024,0
APP005504,Male,Yes,1,Graduate,Salaried,53132,13890,219000,24,Bad,East,43,22-08-2023,0
APP003184,Male,No,0,Not Graduate,Salaried,49081,5380,63000,60,Bad,North,38,09-05-2024,0
APP003267,Male,No,2,Graduate,Salaried,121674,32056,93000,240,Good,North,36,07-09-2024,0
APP004820,Male,Yes,1,Not Graduate,Self-Employed,48644,12509,180000,48,Bad,East,30,16-04-2024,1
APP002908,Male,Yes,1,Graduate,Salaried,17933,67,133000,48,Good,West,43,14-11-2023,0
APP000970,Male,No,2,Graduate,Salaried,43502,5310,100000,36,Good,South,23,19-08-2023,0
APP000497,Female,Yes,0,Graduate,Self-Employed,68194,16680,133000,84,Good,West,21,10-03-2024,0
APP005047,Male,No,0,Graduate,Self-Employed,77679,20438,46000,36,Good,South,50,23-06-2024,0
APP004902,Male,Yes,2,Graduate,Salaried,33502,3687,260000,12,Good,West,43,12-06-2023,0
APP001830,Male,Yes,2,Not Graduate,Salaried,102781,25891,210000,24,Good,North,51,25-05-2024,0
APP002178,Female,No,0,Graduate,Self-Employed,30037,9813,23000,36,Good,East,27,08-01-2023,0
APP000338,Female,No,0,Graduate,Salaried,57472,1755,294000,120,Good,South,21,26-03-2024,0
APP004827,Female,Yes,0,Graduate,Salaried,35738,8886,55000,60,Bad,East,70,04-09-2023,0
APP004705,Male,Yes,2,Graduate,Salaried,52206,9085,104000,120,Good,East,30,19-10-2024,0
APP001149,Female,Yes,0,Graduate,Self-Employed,13069,3355,106000,84,Good,South,39,23-06-2024,0
APP002244,Female,Yes,2,Graduate,Salaried,49684,10103,90000,240,No History,North,33,04-10-2024,0
APP005006,Male,Yes,3,Graduate,Self-Employed,37303,9305,33000,240,Good,East,58,05-06-2023,0
APP003969,Female,No,0,Graduate,Self-Employed,117667,14467,99000,36,Good,West,34,02-03-2023,0
APP002152,Male,Yes,2,Graduate,Salaried,44181,3216,83000,48,Good,South,23,06-08-2024,0
APP002011,Male,No,0,Graduate,Self-Employed,20694,3564,47000,24,Good,South,26,28-12-2023,0
APP002492,Male,No,1,Not Graduate,Salaried,205802.1872,9306,115000,84,Good,East,45,10-07-2024,0
APP005968,Male,No,2,Not Graduate,Salaried,15578,483,75000,180,Good,East,58,27-12-2024,0
APP001811,Female,No,2,Graduate,Salaried,18713,800,313000,24,Good,East,32,28-04-2024,0
APP001995,Female,Yes,3,Not Graduate,Self-Employed,31440,1143,217000,12,Good,East,38,06-06-2023,1
APP004816,Female,No,2,Graduate,Salaried,73889,14900,146000,60,No History,East,51,08-12-2024,0
APP002933,Male,Yes,2,Graduate,Self-Employed,80118,2209,36000,120,Good,North,44,04-11-2023,0
APP002825,Male,Yes,1,Not Graduate,Salaried,100970,31268,134000,84,Good,West,38,16-02-2023,0
APP005666,Female,No,1,Graduate,Salaried,111770,22141,78000,240,Good,East,51,26-12-2023,0
APP002898,Male,No,0,Graduate,Salaried,60915,1572,131000,24,Good,West,38,15-05-2023,0
APP002276,Female,No,1,Graduate,Self-Employed,103197,29721,55000,60,No History,North,44,22-07-2023,1
APP000435,Male,No,0,Graduate,Salaried,37162,9747,148000,84,Good,West,23,14-09-2024,0
APP005396,Male,Yes,4,Graduate,Self-Employed,11595.68039,3529,108000,48,Bad,North,49,24-03-2023,1
APP004502,Male,No,0,Not Graduate,Salaried,45573,10857,146000,120,Good,South,37,17-05-2023,0
APP002824,Male,Yes,1,Not Graduate,Salaried,56690,3134,109000,240,Good,East,33,25-04-2023,0
APP004918,Male,No,3,Not Graduate,Salaried,55174,17929,76000,48,Good,North,47,16-05-2023,0
APP003756,Male,Yes,3,Graduate,Salaried,28523,3233,48000,36,Good,South,30,01-02-2023,1
APP002505,Male,Yes,0,Graduate,Self-Employed,48644,4842,183000,60,Good,North,59,02-06-2024,0
APP003212,Female,Yes,2,Not Graduate,Salaried,62609,12860,241000,48,No History,West,38,14-08-2023,1
APP005654,Male,Yes,0,Not Graduate,Salaried,45504,6334,147000,84,Good,West,44,05-07-2023,0
APP004642,Male,Yes,2,Graduate,Salaried,58810,16897,66000,240,Good,West,31,23-08-2023,0
APP004309,Female,No,1,Graduate,Salaried,55225,15063,99000,180,Good,East,45,16-12-2023,0
APP004993,Male,No,1,Not Graduate,Salaried,32440,9334,85000,60,Good,South,24,08-04-2024,0
APP003541,Male,Yes,2,Graduate,Self-Employed,36582,6713,49000,120,Good,South,30,13-12-2023,0
APP003271,Male,Yes,0,Graduate,Salaried,44587,2010,143000,120,Bad,North,47,13-05-2024,0
APP001942,Male,Yes,0,Not Graduate,Self-Employed,52489,17700,172000,240,Good,North,29,10-10-2023,1
APP001892,Male,No,2,Graduate,Self-Employed,47976,13471,99000,84,Good,North,52,04-08-2024,0
APP005013,Male,No,0,Graduate,Salaried,67162,7548,183000,120,No History,West,30,08-01-2024,0
APP003600,Female,No,0,Graduate,Self-Employed,91938,14405,87000,120,Good,West,22,28-12-2024,0
APP005386,Male,No,4,Graduate,Salaried,62231,8314,301000,120,Good,East,37,23-08-2024,0
APP004911,Female,No,1,Graduate,Salaried,56696,14152,99000,48,Good,North,34,12-04-2023,1
APP001266,Male,Yes,3,Graduate,Self-Employed,25095,6548,47000,60,Good,West,43,16-11-2024,0
APP004439,Male,No,0,Not Graduate,Self-Employed,26788,8522,45000,84,No History,North,32,17-03-2023,0
APP002598,Male,Yes,1,Not Graduate,Self-Employed,37778,12356,106000,120,Good,West,39,24-08-2024,0
APP001411,Male,Yes,0,Graduate,Self-Employed,48576,4772,60000,36,No History,North,37,15-06-2024,0
APP001215,Female,Yes,1,Not Graduate,Self-Employed,35220,3448,114000,12,Bad,North,30,28-12-2024,0
APP001231,Female,Yes,0,Not Graduate,Self-Employed,49971,8921,167000,24,No History,East,43,25-06-2023,0
APP004792,Female,No,1,Not Graduate,Self-Employed,161861,35562,118000,36,No History,West,34,19-04-2023,1
APP000606,Male,Yes,2,Graduate,Self-Employed,31545,7557,130000,12,Good,North,35,27-07-2023,0
APP000105,Female,Yes,4,Graduate,Self-Employed,37886,2447,96000,120,Bad,South,31,08-06-2024,0
APP000646,Female,No,2,Graduate,Salaried,14226,90,85000,60,Good,West,26,31-12-2023,0
APP005501,Male,Yes,0,Graduate,Salaried,29983,10155,78000,120,Good,East,22,24-08-2023,0
APP004591,Male,No,3,Not Graduate,Salaried,51700,1063,31000,60,Good,North,21,20-03-2024,0
APP003089,Female,Yes,3,Not Graduate,Salaried,68149,23053,121000,84,Good,East,29,03-01-2023,0
APP001020,Male,No,1,Graduate,Salaried,24879,2469,120000,24,Good,West,43,08-03-2023,0
APP000092,Female,Yes,1,Not Graduate,Self-Employed,48642,10038,71000,360,Good,South,28,06-07-2023,0
APP005209,Female,Yes,0,Not Graduate,Salaried,35879,5736,205000,36,Good,East,21,24-06-2024,0
APP002871,Female,Yes,3,Graduate,Self-Employed,64020,8822,184000,240,Bad,South,48,07-08-2024,0
APP000909,Male,Yes,3,Graduate,Salaried,75548,510,89000,48,Good,West,44,09-05-2024,0
APP005571,Female,Yes,1,Graduate,Salaried,138440,25394,42000,360,Good,West,48,12-04-2024,0
APP002151,Male,Yes,0,Graduate,Salaried,32829,1048,16000,60,Bad,North,47,13-01-2024,0
APP000239,Female,Yes,1,Graduate,Salaried,113642,12656,57000,84,Good,East,46,08-09-2023,0
APP003141,Male,Yes,3,Graduate,Self-Employed,205802.1872,33948,86000,180,Good,North,33,02-06-2023,0
APP000943,Female,No,0,Graduate,Salaried,23732,4798,161000,180,Good,West,28,12-08-2023,0
APP001271,Female,Yes,1,Graduate,Salaried,29198,7427,121000,36,Good,East,21,07-07-2023,0
APP000939,Male,No,2,Graduate,Self-Employed,193606,23991,359000,60,Good,North,41,20-05-2023,0
APP005521,Female,Yes,2,Graduate,Self-Employed,65540,21940,28000,120,Good,East,42,19-07-2023,0
APP003230,Male,No,1,Graduate,Salaried,120619,12716,37000,360,No History,North,22,04-06-2024,0
APP003552,Male,No,3,Graduate,Salaried,11595.68039,2995,175000,36,Good,East,47,03-04-2024,0
APP001863,Male,Yes,1,Graduate,Salaried,17816,2283,27000,24,Good,West,48,04-11-2024,0
APP001670,Female,Yes,2,Not Graduate,Self-Employed,31329,6129,201000,360,Good,West,28,15-06-2024,0
APP000006,Male,No,3,Graduate,Self-Employed,49946,2887,63000,120,Good,West,29,05-10-2023,0
APP004344,Female,Yes,0,Graduate,Salaried,114524,11220,99000,180,Good,West,29,10-07-2024,0
APP003944,Male,Yes,1,Graduate,Self-Employed,80511,13413,35000,120,Good,West,35,24-04-2024,0
APP003014,Male,Yes,0,Graduate,Self-Employed,31400,9342,71000,120,Bad,West,33,15-09-2023,1
APP000019,Male,Yes,1,Graduate,Salaried,89964,18447,341000,24,Good,East,30,11-10-2023,0
APP001971,Male,Yes,1,Not Graduate,Salaried,14460,3716,177000,84,Good,East,59,15-12-2024,0
APP002710,Male,Yes,1,Not Graduate,Salaried,205802.1872,8481,38000,60,Good,North,37,02-08-2023,0
APP002233,Female,Yes,1,Graduate,Self-Employed,54573,2442,87000,360,Good,South,42,10-03-2024,0
APP000812,Female,Yes,0,Graduate,Salaried,43972,14517,117000,84,Good,South,31,05-04-2023,0
APP001301,Male,No,1,Graduate,Salaried,64626,10197,28000,120,Good,South,38,11-09-2024,0
APP005432,Male,Yes,2,Graduate,Salaried,46345,3377,350000,36,No History,South,45,27-07-2024,0
APP005969,Female,Yes,0,Graduate,Salaried,36061,11073,60000,120,Good,South,43,25-10-2023,0
APP000261,Female,Yes,2,Graduate,Self-Employed,46021,1802,69000,24,No History,West,42,30-06-2024,0
APP001805,Male,No,3,Graduate,Self-Employed,29056,2898,173000,60,Good,North,24,16-05-2024,0
APP001571,Female,Yes,1,Graduate,Self-Employed,83063,2923,130000,180,Good,North,38,10-11-2023,0
APP004281,Male,Yes,1,Graduate,Self-Employed,12253,1781,57000,84,Good,West,25,10-06-2023,0
APP002455,Female,Yes,0,Graduate,Self-Employed,15742,4164,87000,180,Good,East,51,11-01-2024,0
APP001744,Male,Yes,1,Graduate,Salaried,68788,18327,47000,48,Good,West,28,20-12-2023,0
APP001631,Female,Yes,2,Graduate,Self-Employed,36978,7710,281000,84,Bad,North,49,20-02-2023,1
APP001717,Male,Yes,0,Not Graduate,Salaried,14200,909,47000,180,Good,East,44,13-05-2024,0
APP000521,Female,Yes,1,Graduate,Salaried,37922,10264,65000,60,Good,North,21,18-04-2024,0
APP003938,Male,No,1,Not Graduate,Salaried,76055,3431,47000,60,Bad,South,44,02-09-2023,1
APP003483,Male,No,2,Graduate,Self-Employed,48644,2613,29000,120,Good,East,41,05-07-2023,0
APP001659,Male,Yes,1,Graduate,Self-Employed,16848,5704,146000,360,Good,South,44,01-03-2023,0
APP003473,Female,Yes,0,Graduate,Salaried,39374,13252,100000,36,Good,West,38,03-12-2023,0
APP005709,Female,No,4,Graduate,Salaried,41148,2495,29000,120,Good,East,36,01-10-2023,0
APP002476,Female,No,0,Graduate,Salaried,111222,17567,167000,180,Good,North,42,24-04-2023,0
APP003949,Male,Yes,3,Graduate,Self-Employed,26416,5071,99000,240,Good,East,52,30-05-2024,0
APP003935,Male,No,0,Not Graduate,Self-Employed,28564,6524,108000,60,Good,South,30,19-09-2023,0
APP003646,Male,No,2,Not Graduate,Salaried,29421,3980,60000,36,Good,West,29,26-07-2023,0
APP000764,Female,No,0,Graduate,Self-Employed,24303,5691,59000,180,Good,South,21,19-06-2023,0
APP004704,Female,No,1,Not Graduate,Salaried,22450,402,125000,84,Good,West,47,29-09-2023,0
APP004327,Male,No,0,Graduate,Salaried,21694,3918,140000,36,Good,East,60,29-12-2023,0
APP004428,Male,Yes,0,Not Graduate,Salaried,94386,17222,122000,60,Good,East,31,05-04-2024,0
APP005537,Male,Yes,0,Graduate,Salaried,45183,14242,195000,36,Good,North,44,25-03-2024,0
APP001092,Male,Yes,0,Graduate,Salaried,94684,14846,128000,48,Bad,East,39,17-04-2023,0
APP003609,Female,Yes,1,Graduate,Self-Employed,51435,9599,41000,84,Good,South,48,15-01-2023,0
APP001102,Female,Yes,2,Graduate,Self-Employed,76980,22023,261000,180,Good,West,53,03-11-2023,0
APP005226,Male,No,0,Not Graduate,Salaried,27749,5963,132000,120,Good,South,47,15-06-2024,0
APP004558,Female,Yes,1,Graduate,Salaried,80052,19151,122000,48,Bad,South,34,13-03-2023,0
APP000959,Male,Yes,3,Not Graduate,Self-Employed,50899,14411,190000,48,Bad,South,35,26-08-2023,0
APP005759,Male,Yes,3,Graduate,Self-Employed,28157,9226,73000,180,Good,North,49,10-01-2023,0
APP000560,Female,Yes,2,Not Graduate,Self-Employed,63018,16760,344000,60,Good,East,47,05-07-2024,0
APP001520,Female,Yes,3,Not Graduate,Salaried,40263,10467,58000,36,No History,North,49,25-10-2024,0
APP005967,Female,Yes,2,Graduate,Salaried,65295,15908,473000,36,No History,South,40,10-02-2023,1
APP002485,Male,No,1,Graduate,Salaried,35409,11247,54000,180,Good,East,33,11-12-2023,0
APP000367,Male,Yes,3,Graduate,Self-Employed,32152,9878,219000,84,Good,North,35,11-02-2023,0
APP003902,Male,Yes,2,Graduate,Salaried,92094,19316,103000,48,Good,East,23,20-01-2023,0
APP001949,Male,Yes,2,Not Graduate,Self-Employed,41217,9010,58000,48,Good,West,31,11-08-2024,0
APP004166,Male,No,4,Graduate,Self-Employed,57958,6686,143000,60,Good,South,57,14-02-2023,1
APP001573,Female,Yes,1,Graduate,Salaried,16797,5231,81000,240,Good,West,35,20-10-2023,0
APP000809,Male,Yes,0,Graduate,Salaried,124126,26810,34000,60,Good,East,25,02-08-2023,0
APP003233,Male,Yes,3,Graduate,Self-Employed,36043,3021,57000,60,Good,West,35,05-05-2024,0
APP003947,Female,Yes,1,Graduate,Self-Employed,61879,5178,33000,36,Good,East,30,09-09-2023,0
APP000012,Female,No,1,Graduate,Salaried,61582,7734,227000,36,Good,East,31,06-04-2024,0
APP002026,Male,No,0,Graduate,Self-Employed,64255,19096,124000,60,Good,East,66,04-04-2024,0
APP005548,Male,Yes,0,Graduate,Salaried,94306,11971,174000,48,Good,North,40,15-11-2024,0
APP000177,Female,Yes,0,Not Graduate,Salaried,56801,12330,217000,120,Bad,West,31,17-12-2023,1
APP005091,Male,Yes,1,Graduate,Self-Employed,31458,8876,95000,84,Good,West,30,13-12-2024,0
APP002489,Female,Yes,0,Graduate,Self-Employed,90101,29934,97000,120,Good,East,27,29-07-2024,0
APP003887,Female,No,2,Not Graduate,Salaried,71793,20842,70000,84,Good,South,31,13-10-2023,0
APP002570,Female,Yes,1,Graduate,Salaried,36930,6128,57000,24,No History,South,39,29-11-2024,0
APP003521,Male,Yes,2,Graduate,Self-Employed,17428,2123,111000,60,Good,West,55,01-09-2024,0
APP003761,Male,Yes,3,Graduate,Self-Employed,46063,1760,92000,36,Good,North,21,10-09-2024,0
APP005352,Female,Yes,0,Graduate,Self-Employed,116049,28010,45000,180,Good,East,32,19-10-2023,0
APP003283,Female,No,3,Not Graduate,Self-Employed,48644,12899,99000,36,Good,West,60,16-10-2024,1
APP001665,Female,Yes,2,Graduate,Self-Employed,52274,15611,103000,84,Good,East,35,26-11-2023,0
APP002192,Female,No,3,Graduate,Salaried,33043,1276,107000,180,Good,South,45,26-10-2024,0
APP003371,Male,No,3,Not Graduate,Self-Employed,37635,693,134000,240,Good,North,43,08-01-2024,1
APP002661,Male,Yes,3,Graduate,Salaried,23878,4311,126000,12,Good,North,40,03-12-2024,0
APP004253,Male,Yes,1,Graduate,Self-Employed,43306,2781,55000,60,Good,East,21,07-10-2024,0
APP003579,Female,Yes,0,Graduate,Salaried,48644,3098,186000,48,Good,West,21,21-08-2024,0
APP005557,Male,Yes,0,Graduate,Salaried,35501,12273,173000,84,Good,East,26,08-04-2024,0
APP002047,Male,No,3,Graduate,Salaried,77131,19042,53000,36,Good,North,27,08-07-2024,0
APP002625,Male,No,0,Graduate,Salaried,58010,556,143000,84,Good,North,34,11-03-2024,0
APP003411,Male,Yes,0,Graduate,Salaried,22124,7136,156000,84,Good,South,47,06-01-2024,0
APP001186,Female,Yes,1,Not Graduate,Self-Employed,17494,3093,86000,360,Good,West,29,13-07-2024,0
APP003570,Female,Yes,0,Graduate,Salaried,37647,12777,162000,84,Bad,East,47,27-01-2024,0
APP003738,Female,Yes,4,Graduate,Salaried,35909,9558,88000,240,Good,West,49,24-03-2023,0
APP004657,Female,No,0,Not Graduate,Self-Employed,86244,27776,194000,120,Bad,North,38,17-07-2024,0
APP005007,Female,Yes,0,Not Graduate,Salaried,81444,4295,428000,120,Good,East,40,07-10-2023,0
APP005408,Male,Yes,3,Graduate,Salaried,24033,7169,54000,60,Good,North,36,26-08-2023,0
APP002050,Male,Yes,2,Not Graduate,Self-Employed,49258,11561,62000,84,Good,North,23,13-11-2024,0
APP004012,Male,No,1,Not Graduate,Salaried,79751,16266,76000,240,Good,South,33,28-05-2024,1
APP000270,Male,Yes,0,Graduate,Salaried,38201,3539,38000,48,Bad,East,43,20-12-2023,1
APP001994,Male,Yes,2,Graduate,Self-Employed,94697,22687,74000,36,Good,North,58,22-11-2024,0
APP000266,Female,Yes,0,Graduate,Salaried,205802.1872,36678,41000,180,Good,West,32,02-11-2023,0
APP000915,Male,Yes,0,Not Graduate,Salaried,35096,1341,190000,36,Good,West,31,14-04-2023,0
APP002279,Female,No,1,Not Graduate,Salaried,57541,1007,170000,120,No History,West,61,11-03-2024,0
APP002232,Male,Yes,0,Not Graduate,Salaried,40612,999,96000,360,Good,South,52,11-06-2024,0
APP000291,Male,Yes,3,Graduate,Salaried,44256,13708,91000,120,Good,East,32,08-04-2024,0
APP002913,Female,No,0,Not Graduate,Salaried,82448,2041,50000,120,Good,East,36,04-05-2023,0
APP004970,Male,No,4,Not Graduate,Self-Employed,62673,20004,154000,60,Good,West,31,04-11-2023,0
APP002094,Male,Yes,0,Graduate,Self-Employed,35291,1921,74000,120,Bad,West,40,26-05-2024,0
APP004572,Female,Yes,2,Graduate,Salaried,18534,337,78000,60,Good,East,40,23-02-2024,0
APP001653,Male,No,0,Graduate,Salaried,62424,16633,101000,240,Good,West,58,23-10-2023,0
APP004142,Male,Yes,0,Graduate,Salaried,41549,984,67000,84,Good,North,32,08-06-2023,0
APP004258,Male,Yes,0,Graduate,Salaried,38380,2931,68000,48,Good,West,38,06-08-2023,0
APP003040,Male,Yes,2,Graduate,Salaried,43809,6579,139000,240,Good,North,29,03-03-2023,0
APP002678,Male,No,3,Not Graduate,Salaried,93807,11588,64000,60,Good,East,40,17-03-2023,0
APP000289,Male,Yes,1,Not Graduate,Self-Employed,47484,13114,87000,12,Good,West,23,29-11-2023,0
APP003108,Male,No,1,Not Graduate,Salaried,40177,7289,104000,180,Good,South,42,02-06-2024,0
APP000576,Female,Yes,1,Not Graduate,Self-Employed,30687,8835,172000,120,Good,North,38,08-02-2024,0
APP000851,Male,Yes,0,Graduate,Self-Employed,121049,7148,87000,360,Good,East,36,21-11-2023,0
APP003884,Male,No,2,Not Graduate,Salaried,28626,5350,50000,120,Good,East,34,20-03-2024,0
APP005351,Female,Yes,0,Graduate,Self-Employed,56983,18086,160000,60,Good,North,41,14-01-2024,0
APP001723,Male,Yes,1,Graduate,Self-Employed,21406,1089,65000,36,Good,North,57,29-03-2024,0
APP005832,Male,No,3,Not Graduate,Self-Employed,45089,9626,54000,60,Good,West,39,31-05-2023,0
APP005029,Female,No,1,Graduate,Salaried,22456,7380,277000,48,Good,East,21,19-01-2024,0
APP003950,Male,No,2,Graduate,Self-Employed,51865,5257,77000,240,Good,West,35,29-01-2023,1
APP001101,Male,Yes,0,Graduate,Salaried,26722,1566,206000,360,Good,West,30,06-03-2024,0
APP001208,Male,No,1,Graduate,Self-Employed,167263,12392,436000,120,No History,North,47,01-11-2024,0
APP001844,Female,No,1,Graduate,Salaried,92578,15521,196000,60,Good,North,25,06-05-2024,0
APP001849,Female,No,3,Not Graduate,Self-Employed,41842,144,95000,360,No History,East,38,18-05-2023,0
APP002525,Female,Yes,1,Not Graduate,Salaried,46831,9835,195000,360,Good,West,34,19-08-2023,0
APP003948,Female,No,4,Graduate,Self-Employed,20280,1721,72000,60,Good,South,29,25-07-2023,0
APP001695,Male,No,2,Graduate,Self-Employed,31322,2315,353000,180,No History,South,34,05-08-2024,0
APP004182,Female,Yes,0,Graduate,Self-Employed,57246,8120,39000,180,Good,East,40,20-05-2023,0
APP004566,Female,No,1,Graduate,Self-Employed,33173,10855,87000,120,Good,North,30,27-03-2024,1
APP003961,Male,No,0,Not Graduate,Self-Employed,65624,4501,151000,84,Bad,South,43,20-01-2024,0
APP000234,Male,No,0,Graduate,Salaried,43060,13167,150000,48,Good,South,49,28-11-2023,0
APP005782,Male,No,1,Not Graduate,Self-Employed,22547,4078,96000,180,Good,North,52,18-12-2024,0
APP002648,Male,No,2,Graduate,Salaried,60985,12240,38000,60,No History,North,21,15-12-2023,0
APP004042,Male,Yes,3,Graduate,Self-Employed,70355,3220,33000,24,Good,North,38,30-04-2023,0
APP001712,Male,Yes,0,Graduate,Salaried,80495,3232,63000,84,Bad,North,32,08-02-2024,0
APP000183,Female,Yes,1,Graduate,Salaried,24354,1917,323000,84,Good,North,44,01-09-2024,0
APP005085,Male,Yes,2,Graduate,Self-Employed,52202,4999,280000,120,No History,North,45,25-01-2023,0
APP005097,Female,Yes,2,Not Graduate,Self-Employed,65342,8196,59000,48,Good,West,44,19-10-2024,0
APP005738,Male,Yes,3,Graduate,Salaried,82629,27468,172000,240,Good,East,41,12-01-2023,0
APP005453,Male,Yes,1,Not Graduate,Salaried,34680,2096,169000,120,Good,East,52,25-12-2024,0
APP001463,Male,No,0,Graduate,Salaried,11595.68039,684,114000,60,Good,South,38,26-10-2024,0
APP000050,Male,No,3,Graduate,Self-Employed,57547,12927,176000,24,Good,North,43,17-12-2024,0
APP005976,Female,Yes,2,Graduate,Self-Employed,29983,2855,128000,48,Good,South,22,29-10-2024,0
APP005355,Male,Yes,2,Graduate,Salaried,28777,2481,359000,60,Good,North,30,06-10-2024,0
APP004583,Female,No,0,Graduate,Salaried,45646,12097,39000,36,Good,South,47,17-10-2024,0
APP000198,Female,Yes,0,Graduate,Salaried,48644,8072,101000,60,Good,North,45,09-02-2023,0
APP000107,Male,Yes,0,Graduate,Self-Employed,103050,16788,112000,360,Good,West,35,12-03-2023,0
APP000444,Male,Yes,1,Graduate,Salaried,132030,32156,111000,360,Good,West,39,29-10-2024,0
APP001955,Female,No,4,Graduate,Salaried,36911,3912,57000,60,Good,East,31,14-01-2023,0
APP004743,Male,No,4,Graduate,Self-Employed,15218,3190,355000,360,Good,West,37,17-05-2023,0
APP005859,Male,Yes,2,Graduate,Salaried,42039,13207,113000,180,Good,North,37,17-05-2023,0
APP000727,Male,No,0,Graduate,Salaried,27723,7488,50000,360,Bad,South,49,05-09-2023,0
APP002239,Male,Yes,1,Not Graduate,Salaried,27274,4678,91000,120,Good,West,41,18-07-2023,0
APP005953,Female,Yes,1,Graduate,Self-Employed,20589,200,95000,84,Bad,South,50,15-11-2023,0
APP002331,Male,Yes,0,Graduate,Salaried,33150,11487,228000,120,No History,East,52,20-11-2023,0
APP004126,Female,No,2,Not Graduate,Self-Employed,52729,16772,70000,24,Good,East,36,28-10-2023,0
APP000170,Female,No,0,Graduate,Self-Employed,28008,5377,134000,84,No History,North,60,01-11-2023,0
APP001002,Male,Yes,1,Graduate,Salaried,44146,763,183000,240,Good,West,36,17-07-2024,0
APP003253,Female,Yes,3,Graduate,Salaried,55882,3353,35000,60,Good,West,54,10-06-2023,0
APP002149,Male,No,0,Graduate,Self-Employed,48644,8023,369000,48,Good,South,35,07-04-2024,0
APP004592,Male,Yes,0,Graduate,Salaried,20169,3206,27000,240,Good,West,33,09-08-2023,0
APP003794,Female,Yes,4,Not Graduate,Salaried,27435,2006,102000,360,Good,South,36,12-07-2024,0
APP003036,Male,Yes,0,Graduate,Salaried,18992,878,196000,180,Good,East,44,11-10-2024,0
APP004141,Male,Yes,0,Graduate,Salaried,18537,2612,41000,60,Good,South,66,09-01-2023,0
APP003734,Male,Yes,1,Graduate,Self-Employed,39750,5689,65000,120,Good,West,25,14-10-2023,0
APP002759,Female,Yes,0,Graduate,Salaried,42387,4743,162000,60,Good,South,40,29-09-2024,0
APP004775,Male,No,1,Graduate,Self-Employed,45864,3631,45000,60,Bad,North,31,23-10-2024,0
APP000567,Male,Yes,1,Graduate,Self-Employed,71896,10385,243000,24,Good,South,51,04-11-2024,0
APP003721,Male,No,1,Graduate,Salaried,30117,1288,139000,360,Good,East,51,26-05-2024,0
APP002896,Male,Yes,0,Graduate,Salaried,64254,1100,43000,36,Good,West,45,27-06-2023,0
APP004557,Female,No,3,Graduate,Salaried,49566,14804,258000,120,Bad,West,28,09-11-2023,0
APP003486,Female,Yes,0,Graduate,Salaried,15897,4505,69000,240,Good,South,44,02-03-2024,0
APP001156,Female,Yes,4,Graduate,Self-Employed,30983,4866,172000,120,Good,West,21,29-03-2024,0
APP004136,Male,No,0,Graduate,Self-Employed,30758,3133,135000,12,Good,West,36,17-03-2023,0
APP000974,Male,Yes,0,Graduate,Salaried,15566,3901,220000,180,Bad,North,36,02-08-2024,1
APP003288,Female,Yes,1,Graduate,Salaried,83937,27135,62000,12,Good,West,57,28-09-2023,0
APP003628,Female,Yes,1,Not Graduate,Salaried,35384,8083,114000,48,Good,East,49,12-03-2023,0
APP003639,Male,No,3,Graduate,Salaried,39644,3078,211000,48,Good,East,49,28-10-2023,0
APP005883,Male,Yes,2,Not Graduate,Salaried,54175,918,220000,60,Good,South,49,31-05-2024,0
APP005595,Male,No,1,Graduate,Self-Employed,52905,8302,59000,24,Good,South,28,08-02-2023,0
APP001836,Female,Yes,1,Graduate,Self-Employed,44074,8641,134000,24,Good,South,37,06-04-2023,0
APP002309,Male,No,1,Graduate,Salaried,74721,24171,67000,36,Good,South,21,05-06-2023,0
APP001841,Male,Yes,0,Graduate,Self-Employed,159317,13939,73000,360,Good,South,43,31-05-2023,0
APP004924,Female,Yes,1,Graduate,Salaried,100482,12633,99000,48,Good,South,43,03-04-2024,0
APP002045,Female,No,3,Not Graduate,Salaried,79196,531,95000,24,Good,South,26,21-03-2023,0
APP004406,Female,Yes,4,Graduate,Self-Employed,87350,2209,71000,84,Good,East,28,12-05-2024,0
APP004373,Male,Yes,0,Graduate,Salaried,28429,3103,127000,240,Good,West,55,11-12-2023,0
APP004733,Female,No,3,Graduate,Self-Employed,65857,5605,327000,24,Good,South,34,25-04-2023,0
APP004751,Male,No,3,Graduate,Salaried,22586,3576,151000,36,Good,West,21,08-07-2024,0
APP004719,Male,Yes,1,Graduate,Salaried,44558,15418,178000,60,Good,West,52,29-01-2023,0
APP005956,Female,Yes,0,Graduate,Salaried,42498,12750,149000,360,Good,East,25,20-10-2024,0
APP000845,Male,Yes,0,Graduate,Salaried,33946,3088,106000,120,Good,South,45,25-05-2023,0
APP004490,Male,Yes,2,Not Graduate,Salaried,44191,6261,183000,120,Good,West,30,22-05-2023,0
APP002156,Male,Yes,0,Graduate,Salaried,132332,4635,191000,120,No History,North,37,16-03-2024,0
APP000350,Male,No,2,Graduate,Salaried,52826,15954,116000,120,No History,North,41,03-03-2024,0
APP000785,Male,Yes,1,Graduate,Salaried,64700,9550,90000,48,Good,South,43,22-06-2024,0
APP000048,Male,Yes,2,Not Graduate,Self-Employed,11595.68039,2111,99000,24,No History,West,45,17-06-2024,0
APP003652,Male,Yes,0,Graduate,Salaried,97108,2312,91000,360,Good,South,37,24-12-2024,0
APP005752,Female,No,0,Not Graduate,Salaried,68644,1638,339000,12,Good,South,33,06-05-2023,0
APP004499,Male,Yes,1,Graduate,Salaried,47619,11010,137000,84,Good,East,21,21-11-2024,0
APP004019,Male,No,2,Graduate,Salaried,79585,13632,178000,48,Good,North,43,26-08-2023,1
APP005204,Female,Yes,0,Graduate,Self-Employed,52474,959,117000,24,Good,East,50,02-10-2024,0
APP005251,Male,Yes,0,Graduate,Salaried,65465,11870,142000,120,Good,North,27,06-02-2023,0
APP001440,Female,No,2,Graduate,Self-Employed,52726,7803,161000,36,Good,North,30,01-07-2023,0
APP005086,Male,Yes,0,Graduate,Salaried,49069,12722,56000,12,Good,South,38,04-08-2023,0
APP001866,Female,No,0,Graduate,Salaried,35091,8725,54000,12,Good,East,21,07-02-2023,0
APP005407,Female,No,1,Graduate,Self-Employed,85809,27738,68000,60,Bad,East,33,21-05-2024,1
APP003196,Male,Yes,2,Graduate,Self-Employed,53002,13182,99000,120,Good,South,57,08-10-2023,0
APP000034,Female,Yes,1,Graduate,Salaried,56233,11447,85000,12,Good,North,47,14-02-2023,0
APP000788,Male,Yes,2,Graduate,Self-Employed,21449,689,193000,48,Good,South,27,24-10-2023,0
APP005140,Female,Yes,0,Graduate,Salaried,24952,4492,47000,60,Good,East,39,11-08-2024,0
APP004578,Male,No,2,Not Graduate,Salaried,86493,8857,111000,60,Good,East,29,24-01-2024,0
APP005340,Male,Yes,3,Graduate,Salaried,26528,3807,67000,120,Bad,East,43,31-03-2024,1
APP002628,Female,No,1,Graduate,Salaried,142763,36400,125000,240,Good,West,35,14-01-2023,0
APP000932,Female,Yes,0,Not Graduate,Self-Employed,21738,4451,216000,120,Good,East,55,10-11-2024,0
APP002405,Female,No,0,Graduate,Self-Employed,34239,1999,142000,48,Good,East,57,06-10-2024,0
APP001686,Female,No,0,Not Graduate,Salaried,110385,33260,51000,60,Good,North,43,10-02-2023,0
APP001249,Female,Yes,0,Graduate,Salaried,28307,8268,151000,240,Bad,North,47,10-02-2024,1
APP004856,Male,Yes,1,Not Graduate,Salaried,67478,3820,94000,60,No History,South,40,22-02-2023,1
APP000093,Male,No,0,Not Graduate,Self-Employed,47360,15850,126000,36,Bad,North,31,14-05-2023,1
APP005272,Male,No,0,Graduate,Salaried,52090,14373,196000,36,Good,West,22,08-10-2024,0
APP005512,Female,No,2,Not Graduate,Self-Employed,65096,18475,95000,180,Bad,North,35,07-05-2024,0
APP005438,Female,No,1,Graduate,Salaried,36967,2858,191000,84,Good,East,40,14-01-2024,0
APP005569,Female,No,0,Graduate,Salaried,139961,6698,56000,180,Good,West,40,08-07-2024,0
APP002852,Male,No,1,Graduate,Salaried,103816,8114,40000,120,Good,West,51,15-11-2023,0
APP002794,Male,No,1,Graduate,Salaried,31732,349,110000,24,Good,East,51,17-04-2023,0
APP005704,Male,Yes,0,Graduate,Self-Employed,54105,670,30000,180,Bad,East,31,16-08-2023,1
APP000765,Male,Yes,0,Graduate,Self-Employed,45675,8244,68000,24,Good,South,41,09-09-2023,0
APP002989,Female,Yes,2,Graduate,Salaried,44595,11608,162000,84,Good,South,21,25-12-2024,0
APP005470,Male,Yes,0,Graduate,Salaried,55147,535,85000,180,Bad,East,26,23-07-2023,0
APP002449,Male,No,0,Graduate,Salaried,58276,3936,52000,84,Good,North,31,07-05-2023,0
APP001729,Female,Yes,1,Graduate,Self-Employed,39759,1888,281000,120,Good,West,45,16-11-2023,0
APP000258,Female,Yes,0,Graduate,Salaried,182711,56225,58000,360,Good,West,54,04-05-2023,0
APP005041,Female,Yes,3,Not Graduate,Self-Employed,22390,2106,185000,240,Good,North,25,24-01-2024,0
APP001220,Male,Yes,0,Graduate,Salaried,49710,15807,56000,120,Good,South,37,02-06-2024,0
APP001162,Male,Yes,0,Graduate,Salaried,21244,6428,208000,240,Good,East,41,09-01-2024,0
APP000773,Male,Yes,2,Graduate,Salaried,37572,1140,127000,240,Good,North,27,06-12-2023,0
APP005583,Female,Yes,1,Graduate,Self-Employed,34216,8432,46000,120,Good,North,45,13-12-2023,0
APP000313,Male,No,4,Graduate,Self-Employed,77299,22036,41000,60,Good,East,25,28-04-2024,0
APP004387,Female,No,2,Graduate,Self-Employed,46829,12443,78000,84,Good,North,39,05-11-2023,0
APP004033,Male,Yes,0,Graduate,Self-Employed,47316,4969,45000,48,Bad,East,41,04-06-2024,1
APP004860,Female,Yes,0,Graduate,Self-Employed,41296,7447,79000,60,Good,South,58,14-04-2023,0
APP002998,Male,Yes,0,Graduate,Salaried,53722,13000,160000,360,Good,North,27,19-11-2024,0
APP004280,Male,No,1,Graduate,Salaried,24003,5277,37000,36,Good,West,28,22-06-2023,0
APP001177,Female,Yes,0,Not Graduate,Self-Employed,122914,31315,67000,48,Good,North,52,25-01-2024,0
APP003897,Male,No,4,Graduate,Salaried,69968,16642,145000,360,Good,West,55,27-10-2023,0
APP001350,Male,No,0,Not Graduate,Salaried,58461,3731,152000,84,Good,North,42,27-05-2024,0
APP003776,Female,No,2,Not Graduate,Self-Employed,30915,4240,74000,60,Good,West,40,15-11-2023,0
APP003117,Female,Yes,4,Graduate,Salaried,34274,3669,37000,84,Good,North,34,17-07-2023,0
APP003517,Male,Yes,0,Graduate,Self-Employed,205802.1872,86376,90000,120,Good,West,46,21-06-2024,0
APP002299,Male,Yes,3,Graduate,Self-Employed,23150,7735,77000,240,Good,North,32,09-09-2023,0
APP002872,Female,Yes,2,Graduate,Salaried,30730,3852,63000,180,Good,West,50,13-07-2024,0
APP005196,Female,Yes,0,Graduate,Salaried,43087,9229,50000,120,Good,East,24,14-09-2024,0
APP000392,Male,Yes,2,Graduate,Salaried,47179,10199,369000,36,Good,West,45,09-03-2023,0
APP001457,Female,Yes,3,Graduate,Self-Employed,48403,1372,103000,60,Good,East,34,29-03-2023,0
APP001093,Female,Yes,2,Graduate,Self-Employed,35302,7660,111000,48,Good,South,42,31-10-2024,0
APP003240,Male,Yes,1,Not Graduate,Self-Employed,69883,4051,163000,120,Bad,North,22,19-10-2024,0
APP005001,Male,Yes,2,Not Graduate,Self-Employed,98547,28986,171000,180,Good,East,28,29-03-2023,0
APP002779,Male,Yes,1,Not Graduate,Salaried,127986,30761,51000,360,No History,North,30,16-11-2023,0
APP004463,Female,Yes,1,Not Graduate,Salaried,28152,1710,45000,360,Good,West,25,17-10-2023,0
APP004442,Female,Yes,4,Graduate,Self-Employed,26025,1453,279000,180,Good,West,40,23-09-2024,0
APP003657,Male,Yes,1,Graduate,Self-Employed,35451,2276,79000,120,No History,North,47,12-10-2023,0
APP002584,Male,No,2,Graduate,Salaried,205802.1872,6136,60000,120,Bad,East,30,27-04-2024,1
APP003258,Male,No,3,Not Graduate,Salaried,67461,8573,312000,60,Good,West,48,17-04-2024,1
APP001373,Female,Yes,3,Not Graduate,Salaried,29958,5119,367000,180,Good,West,62,10-01-2023,0
APP005736,Female,Yes,0,Graduate,Salaried,92703,12778,126000,48,Good,East,36,30-09-2023,0
APP000920,Male,Yes,3,Graduate,Self-Employed,51310,2306,148000,360,No History,East,40,26-03-2023,0
APP004308,Female,Yes,3,Not Graduate,Salaried,48820,10502,194000,24,Good,North,41,15-06-2024,1
APP005700,Male,Yes,0,Graduate,Self-Employed,86271,12790,140000,360,Good,North,53,07-06-2023,0
APP002551,Male,No,0,Graduate,Salaried,144611,17724,27000,84,Good,West,44,21-09-2024,0
APP000538,Male,Yes,0,Graduate,Salaried,73004,20337,195000,36,Good,North,41,07-03-2023,0
APP001221,Female,Yes,1,Graduate,Salaried,33054,2064,108000,180,Good,East,52,23-05-2024,0
APP004272,Female,Yes,1,Graduate,Salaried,16842,4195,82000,36,Good,South,56,29-09-2024,0
