applicant_id,gender,married,dependents,education,employment_type,applicant_income,existing_emi,loan_amount,loan_term_months,credit_history,region,age,application_date,default_status
APP004913,Male,Yes,2,Graduate,Self-Employed,43510.0,767.0,398000.0,60,1.0,South,39.0,2023-06-20,0
APP002130,Male,No,0,Not Graduate,self employed,135336.0,10906.0,94000.0,180,1.0,EAST,44.0,2024-01-05,0
APP003816,Male,Yes,0,Graduate,Salaried,93748.0,423.0,75000.0,36,1.0,EAST,33.0,2024-04-14,0
APP002894,Female,No,0,Graduate,Salaried,77999.0,9687.0,207000.0,48,1.0,South,40.0,2023-07-18,0
APP000446,Female,No,3,Graduate,Salaried,17692.0,4966.0,42000.0,360,1.0,South,36.0,2023-11-19,0
APP001990,Female,Yes,2,Graduate,salaried,89100.0,18451.0,125000.0,48,1.0,West,50.0,2024-01-15,0
APP001137,Female,Yes,3,Graduate,Self-Employed,34221.0,9738.0,47000.0,240,1.0,South,40.0,2024-04-07,0
APP001678,Male,No,1,Not Graduate,Self-Employed,54181.0,2305.0,140000.0,60,1.0,North,55.0,2023-02-15,0
APP001515,Male,Yes,0,Graduate,Salaried ,65879.0,2994.0,68000.0,60,,West,58.0,2023-07-20,0
APP001410,Female,Yes,4,Graduate,Self-Employed,47798.0,179.0,129000.0,24,1.0,North,55.0,2024-05-17,0
APP004590,Female,Yes,0,Graduate,SELF-EMPLOYED,39208.0,8223.0,113000.0,60,1.0,West,21.0,2023-12-17,0
APP003717,Male,No,3,Graduate,Self-Employed,31805.0,10970.0,51000.0,120,1.0,North,31.0,2023-04-18,0
APP000060,Male,No,1,Graduate,salaried,39343.0,7211.0,60000.0,12,1.0,north,29.0,2024-03-14,0
APP005957,Male,No,1,Graduate,Salaried ,95443.0,12612.0,98000.0,120,1.0,North,40.0,2023-05-29,0
APP005244,Female,Yes,0,Graduate,Salaried ,36389.0,10789.0,100000.0,240,1.0,South,47.0,2023-08-11,0
APP005428,Male,Yes,0,Graduate,self employed,95478.0,22701.0,155000.0,48,0.0,South,37.0,2023-08-05,0
APP001812,Female,No,1,Not Graduate,Salaried,44462.0,5591.0,171000.0,360,1.0,South,36.0,2023-05-29,0
APP004950,Female,Yes,1,Graduate,salaried,22891.0,1919.0,252000.0,84,,West,55.0,2023-09-07,0
APP001356,Female,No,4,Graduate,Salaried,20925.0,3180.0,139000.0,360,1.0,West,34.0,2024-03-29,0
APP004059,Female,Yes,2,Not Graduate,Salaried,15320.0,1179.0,88000.0,60,0.0,South,21.0,2023-07-16,1
APP000276,Male,No,2,Graduate,Salaried ,64105.0,877.0,340000.0,180,0.0,South,27.0,2023-12-03,0
APP004350,Female,No,1,Graduate,Self-Employed,118554.0,25348.0,47000.0,84,1.0,West,39.0,2024-05-11,0
APP001209,Male,Yes,2,Graduate,Salaried,23707.0,1215.0,46000.0,36,1.0,EAST,29.0,2023-01-19,0
APP000180,Male,Yes,0,Not Graduate,Self-Employed,101610.0,23458.0,248000.0,120,1.0,East,43.0,2023-03-12,0
APP004895,Male,No,1,Not Graduate,Self-Employed,54270.0,10650.0,26000.0,60,1.0,North,54.0,2024-03-17,0
APP001490,Male,No,2,Graduate,Salaried,48158.0,7910.0,88000.0,48,1.0,EAST,38.0,2024-04-04,0
APP003896,Female,No,0,Graduate,Salaried,83159.0,2592.0,131000.0,84,1.0,South,33.0,2024-02-02,0
APP001236,Male,Yes,0,Not Graduate,salaried,96098.0,449.0,307000.0,24,1.0,West,21.0,2024-03-17,0
APP004472,Female,Yes,2,Not Graduate,Salaried ,,2694.0,154000.0,48,,East,21.0,2024-03-09,0
APP000434,Male,No,1,Not Graduate,SELF-EMPLOYED,83742.0,20209.0,146000.0,36,0.0,North,30.0,2024-06-24,0
APP000247,Male,Yes,0,Not Graduate,salaried,60735.0,19241.0,38000.0,12,1.0,West,41.0,2024-12-15,0
APP003894,Male,No,0,Graduate,Salaried,55059.0,12636.0,86000.0,12,1.0,north,23.0,2023-03-11,0
APP003993,Female,Yes,3,Graduate,Salaried,45429.0,12003.0,110000.0,60,1.0,East,33.0,2023-08-05,0
APP000707,Male,Yes,0,Graduate,Self-Employed,59160.0,16121.0,91000.0,60,1.0,East,39.0,2024-11-20,0
APP005628,Male,Yes,1,Graduate,Salaried,52437.0,11193.0,100000.0,12,1.0,West ,49.0,2023-12-13,0
APP002837,Female,No,0,Graduate,Salaried,93629.0,8837.0,168000.0,36,1.0,North,28.0,2023-07-18,0
APP000195,Male,Yes,2,Graduate,Self-Employed,38304.0,3637.0,263000.0,48,1.0,East,44.0,2023-04-23,0
APP001269,Female,Yes,3,Graduate,self employed,26562.0,5186.0,75000.0,48,1.0,EAST,51.0,2024-09-19,0
APP001138,Male,Yes,0,Graduate,Salaried,39632.0,12971.0,139000.0,36,1.0,East,,2023-08-03,0
APP005997,Male,Yes,0,Not Graduate,Salaried,13902.0,1398.0,,84,0.0,EAST,45.0,2024-01-12,1
APP004478,Male,Yes,1,Graduate,SELF-EMPLOYED,79827.0,6446.0,118000.0,360,1.0,North,43.0,2023-06-22,0
APP005210,Male,No,0,Graduate,Salaried,132037.0,33247.0,220000.0,12,1.0,South,33.0,2023-04-13,0
APP000876,Male,Yes,3,Graduate,Salaried ,39806.0,13038.0,235000.0,12,0.0,North,23.0,2023-05-28,1
APP002555,Male,No,0,Graduate,Self-Employed,88554.0,18099.0,96000.0,360,1.0,West ,28.0,2023-12-16,0
APP004520,Male,Yes,0,Graduate,Salaried ,123310.0,5674.0,169000.0,48,1.0,East,49.0,2023-01-23,0
APP002367,Male,No,1,Graduate,self employed,30254.0,85.0,41000.0,84,1.0,north,59.0,2023-04-15,0
APP004831,Female,Yes,0,Graduate,salaried,67116.0,6062.0,98000.0,36,1.0,West,26.0,2023-09-25,0
APP005716,Male,Yes,0,Graduate,Salaried,27501.0,8382.0,136000.0,48,1.0,EAST,28.0,2023-06-13,0
APP000758,Male,No,0,Graduate,salaried,39678.0,7760.0,47000.0,12,1.0,north,23.0,2024-04-06,0
APP004101,Female,No,0,Graduate,Self-Employed,37509.0,5525.0,148000.0,120,0.0,EAST,40.0,2024-02-29,0
APP004699,Male,Yes,2,Graduate,Salaried,78788.0,10846.0,71000.0,24,1.0,East,43.0,2023-01-22,0
APP000935,Male,Yes,0,Graduate,Salaried,71801.0,12027.0,105000.0,240,1.0,South,48.0,2023-04-14,0
APP000306,Female,Yes,1,Graduate,SELF-EMPLOYED,33601.0,2646.0,230000.0,84,1.0,North,53.0,2024-05-21,0
APP004884,Male,Yes,2,Graduate,Salaried ,61314.0,16529.0,96000.0,120,1.0,South,41.0,2023-04-20,0
APP001855,Female,Yes,0,Graduate,Salaried ,107703.0,12835.0,153000.0,36,0.0,North,34.0,2024-08-25,1
APP003007,Female,Yes,0,Not Graduate,Salaried,55023.0,5506.0,99000.0,360,0.0,East,45.0,2023-01-29,0
APP001243,Female,Yes,2,Graduate,Salaried,62683.0,14418.0,116000.0,240,1.0,North,30.0,2024-03-21,0
APP001669,Male,No,2,Graduate,Salaried,58780.0,333.0,42000.0,24,1.0,North,49.0,2024-03-31,0
APP000713,Male,No,0,Graduate,Salaried,74281.0,6571.0,77000.0,180,1.0,South,45.0,2024-07-24,0
APP000988,Male,Yes,1,Graduate,salaried,17193.0,648.0,222000.0,60,1.0,EAST,40.0,2024-11-12,0
APP005632,Female,No,1,Graduate,self employed,24751.0,603.0,103000.0,84,1.0,East,27.0,2024-09-22,0
APP005769,Male,Yes,3,Not Graduate,Salaried ,114431.0,31592.0,52000.0,60,,West ,48.0,2024-07-05,1
APP001779,Male,Yes,1,Graduate,SELF-EMPLOYED,115057.0,25521.0,156000.0,240,1.0,North,46.0,2023-06-04,0
APP004978,Male,Yes,2,Graduate,self employed,27138.0,2477.0,470000.0,60,0.0,EAST,57.0,2024-01-02,0
APP002164,Female,Yes,1,Graduate,Salaried,36449.0,1846.0,84000.0,240,1.0,South,24.0,2023-11-08,0
APP002764,Male,Yes,0,Graduate,Salaried,37229.0,9705.0,249000.0,48,1.0,West,42.0,2023-12-05,0
APP003826,Male,Yes,0,Not Graduate,Salaried ,159782.0,47136.0,104000.0,360,1.0,West,31.0,2023-10-09,0
APP000969,Male,No,2,Graduate,Salaried ,48338.0,10305.0,99000.0,60,0.0,West,40.0,2023-10-01,0
APP004270,Female,Yes,4,Not Graduate,Salaried,88466.0,23305.0,52000.0,48,1.0,South,44.0,2024-12-05,0
APP000403,Male,Yes,2,Not Graduate,Salaried,20533.0,3080.0,108000.0,240,1.0,West,41.0,2023-07-09,0
APP002245,Female,Yes,0,Not Graduate,Salaried,58486.0,5002.0,50000.0,60,1.0,East,42.0,2023-12-18,0
APP002294,Male,Yes,0,Graduate,Self-Employed,61066.0,18956.0,149000.0,120,1.0,North,54.0,2023-12-27,0
APP003100,Male,No,0,Not Graduate,Self-Employed,73830.0,3176.0,62000.0,60,,EAST,37.0,2023-12-06,0
APP005326,Male,No,0,Not Graduate,Salaried,19437.0,3554.0,45000.0,36,1.0,West ,26.0,2023-03-19,0
APP001105,Female,No,0,Graduate,Self-Employed,17196.0,1123.0,70000.0,180,1.0,South,41.0,2023-11-20,0
APP002162,Female,No,2,Not Graduate,Salaried,62781.0,5259.0,62000.0,12,1.0,South,37.0,2023-01-10,0
APP002608,Male,Yes,1,Graduate,Salaried,95404.0,17197.0,64000.0,60,0.0,North,23.0,2023-05-17,1
APP004644,Male,No,1,Graduate,salaried,27885.0,5592.0,43000.0,120,1.0,East,29.0,2023-09-16,0
APP001343,Female,Yes,0,Graduate,Self-Employed,125371.0,40119.0,58000.0,60,1.0,north,57.0,2024-08-28,0
APP000277,Female,Yes,1,Not Graduate,salaried,32734.0,6589.0,53000.0,12,1.0,South,37.0,2024-11-23,0
APP002470,Male,Yes,2,Not Graduate,Salaried,50806.0,13617.0,76000.0,24,1.0,north,59.0,2024-09-19,0
APP001129,Male,No,2,Graduate,Self-Employed,97137.0,6517.0,43000.0,120,1.0,West,39.0,2023-02-22,0
APP005664,Male,Yes,0,Graduate,Salaried ,30556.0,7998.0,50000.0,84,1.0,South,32.0,2023-12-08,0
APP001716,Female,No,0,Graduate,Salaried,38037.0,4586.0,,36,1.0,East,28.0,2024-08-19,0
APP003318,Male,Yes,0,Graduate,Self-Employed,51335.0,1959.0,179000.0,24,1.0,East,64.0,2023-06-02,0
APP005147,Female,Yes,1,Graduate,Salaried,26630.0,3382.0,100000.0,180,1.0,West,21.0,2024-11-05,0
APP004322,Female,No,1,Not Graduate,Salaried ,40768.0,2950.0,80000.0,36,1.0,West,34.0,2023-06-22,0
APP003061,Male,Yes,2,Graduate,Salaried,29472.0,4491.0,210000.0,36,1.0,North,47.0,2024-01-06,0
APP004345,Female,Yes,2,Graduate,Self-Employed,40754.0,6779.0,229000.0,120,0.0,South,44.0,2023-07-08,0
APP003340,Female,No,1,Not Graduate,Salaried,71046.0,3159.0,72000.0,12,1.0,West,33.0,2024-07-20,0
APP000136,Male,No,0,Not Graduate,SELF-EMPLOYED,48051.0,3689.0,129000.0,60,1.0,South,21.0,2023-08-10,0
APP000950,Female,No,2,Graduate,Self-Employed,40619.0,7050.0,107000.0,240,1.0,North,28.0,2023-12-09,0
APP002536,Female,No,0,Graduate,Salaried,51182.0,16715.0,308000.0,120,,South,30.0,2024-02-11,0
APP003092,Female,Yes,0,Graduate,Self-Employed,57303.0,5306.0,61000.0,120,1.0,East,46.0,2023-11-06,0
APP005575,Female,Yes,0,Graduate,Salaried,49419.0,4382.0,68000.0,24,1.0,North,46.0,2024-10-08,0
APP001145,Male,No,1,Graduate,SELF-EMPLOYED,20135.0,4483.0,127000.0,84,1.0,West,47.0,2024-04-21,0
APP001724,,Yes,2,Graduate,self employed,28216.0,4929.0,59000.0,120,1.0,South,49.0,2024-11-11,0
APP000699,Male,Yes,1,Graduate,SELF-EMPLOYED,33613.0,7482.0,136000.0,120,1.0,West,21.0,2024-08-01,0
APP003635,Male,No,3,Graduate,self employed,67021.0,4793.0,43000.0,84,1.0,East,,2024-06-12,0
APP005509,Male,No,0,Graduate,salaried,123888.0,1628.0,60000.0,48,,North,30.0,2024-01-25,0
APP005729,Male,Yes,3,Graduate,Salaried,24425.0,8275.0,95000.0,360,1.0,North,37.0,2024-02-07,0
APP004361,Male,Yes,2,Graduate,Salaried,25949.0,201.0,121000.0,60,1.0,West,36.0,2024-02-28,0
APP003556,Female,Yes,0,Graduate,Self-Employed,27915.0,5376.0,92000.0,120,1.0,South,30.0,2023-06-15,0
APP000009,Female,No,3,Graduate,salaried,65211.0,19001.0,35000.0,48,,EAST,41.0,2023-12-23,0
APP005858,Male,No,0,Graduate,Salaried,39994.0,9501.0,150000.0,240,0.0,North,32.0,2024-11-23,0
APP000738,Female,Yes,0,Graduate,Salaried ,52502.0,7070.0,90000.0,180,0.0,South,37.0,2023-08-01,0
APP002013,Female,Yes,4,Graduate,Self-Employed,28262.0,7676.0,34000.0,60,1.0,West,38.0,2023-11-04,0
APP005269,Female,Yes,0,Not Graduate,Salaried,33753.0,1922.0,355000.0,84,1.0,East,24.0,2024-01-06,0
APP001219,Female,Yes,2,Graduate,salaried,52846.0,5052.0,107000.0,60,1.0,East,48.0,2023-06-28,0
APP000757,Female,Yes,2,Graduate,Salaried,33147.0,1923.0,,360,,EAST,28.0,2024-11-28,0
APP003855,Female,Yes,1,Not Graduate,Self-Employed,136657.0,5920.0,124000.0,360,1.0,North,59.0,2024-12-10,0
APP001685,Male,No,3,Graduate,Salaried ,24187.0,3967.0,96000.0,84,0.0,East,39.0,2023-06-03,0
APP004900,Female,No,0,Graduate,Salaried,46466.0,914.0,102000.0,240,1.0,West ,39.0,2024-12-14,0
APP003423,Female,Yes,1,Graduate,Salaried,81588.0,1313.0,57000.0,120,1.0,West,34.0,2023-10-10,0
APP000747,Male,Yes,1,Graduate,Salaried ,37599.0,4808.0,67000.0,36,1.0,EAST,34.0,2024-04-01,0
APP001183,Female,No,0,Graduate,Salaried ,,1820.0,87000.0,180,1.0,EAST,57.0,2023-04-04,0
APP001464,Female,Yes,0,Graduate,Salaried,45152.0,2358.0,330000.0,48,1.0,East,41.0,2024-10-25,0
APP005744,Female,Yes,1,Graduate,Self-Employed,25707.0,4178.0,65000.0,48,1.0,north,35.0,2023-07-29,0
APP000684,Female,Yes,1,Graduate,Self-Employed,69879.0,20908.0,93000.0,180,1.0,EAST,47.0,2024-10-17,0
APP001936,Female,Yes,3,Graduate,Salaried,43555.0,4631.0,41000.0,48,1.0,EAST,48.0,2023-12-18,1
APP005485,Female,No,2,Graduate,Salaried,80264.0,14557.0,72000.0,60,1.0,West,54.0,2024-06-22,0
APP001586,Male,Yes,1,Graduate,Self-Employed,36647.0,6882.0,75000.0,12,0.0,South,35.0,2023-09-06,0
APP002731,Female,Yes,0,Not Graduate,self employed,25603.0,8310.0,307000.0,36,1.0,North,22.0,2024-03-06,0
APP004567,Male,No,3,Not Graduate,self employed,52654.0,734.0,138000.0,60,1.0,East,37.0,2023-01-30,0
APP001581,Male,No,2,Graduate,Self-Employed,24791.0,8024.0,105000.0,60,1.0,South,33.0,2024-08-08,1
APP001355,Male,No,2,Not Graduate,SELF-EMPLOYED,41328.0,13664.0,371000.0,120,1.0,West,31.0,2024-08-24,0
APP003943,Male,Yes,2,Graduate,Self-Employed,40608.0,9827.0,96000.0,120,1.0,north,32.0,2024-10-25,0
APP000335,Male,Yes,2,Not Graduate,Salaried,49875.0,14286.0,127000.0,60,1.0,South,41.0,2024-10-06,1
APP003064,Female,No,0,Graduate,Salaried,94511.0,6214.0,54000.0,180,1.0,East,31.0,2024-04-03,0
APP005024,Female,No,4,Graduate,Self-Employed,87177.0,15976.0,128000.0,12,1.0,north,26.0,2024-06-25,0
APP003178,Female,No,0,Not Graduate,salaried,75413.0,8.0,69000.0,48,0.0,EAST,35.0,2024-07-30,1
APP003999,Male,No,2,Graduate,Salaried,38247.0,11634.0,156000.0,84,1.0,North,44.0,2023-03-11,0
APP002039,Male,No,2,Graduate,Self-Employed,48164.0,15227.0,83000.0,120,1.0,North,40.0,2023-05-03,0
APP002707,Male,Yes,1,Graduate,Self-Employed,21320.0,462.0,51000.0,36,0.0,South,33.0,2024-12-05,1
APP002493,Female,No,1,Graduate,Salaried,48697.0,2335.0,67000.0,36,1.0,South,21.0,2024-04-30,0
APP001550,Female,No,4,Graduate,SELF-EMPLOYED,54296.0,5249.0,62000.0,24,1.0,West,34.0,2024-03-15,0
APP004354,Female,No,1,Not Graduate,Self-Employed,39252.0,13226.0,32000.0,60,1.0,West,45.0,2023-08-17,0
APP002538,Male,Yes,0,Graduate,Self-Employed,30982.0,1317.0,75000.0,120,1.0,South,25.0,2023-12-23,0
APP005460,Female,No,3,Graduate,Salaried,42353.0,3661.0,40000.0,48,1.0,South,58.0,2024-07-09,0
APP000150,Male,No,3,Graduate,self employed,104365.0,25176.0,289000.0,48,0.0,West,34.0,2023-08-12,0
APP004094,Female,No,0,Graduate,Salaried,23123.0,5624.0,88000.0,180,1.0,North,36.0,2024-05-05,0
APP002800,Male,Yes,0,Graduate,Salaried ,68814.0,23003.0,193000.0,36,,North,51.0,2023-11-20,1
APP004456,,Yes,4,Graduate,self employed,60805.0,6405.0,31000.0,180,,North,32.0,2024-12-04,0
APP002838,Male,No,1,Graduate,self employed,35559.0,2115.0,224000.0,84,,EAST,39.0,2023-09-20,1
APP005768,Male,No,3,Graduate,salaried,52813.0,269.0,73000.0,84,,West,52.0,2023-12-09,0
APP002406,Female,Yes,1,Graduate,Salaried,35026.0,2143.0,,48,1.0,West,31.0,2024-10-18,0
APP001546,Male,Yes,3,Graduate,salaried,44314.0,12692.0,184000.0,180,1.0,East,24.0,2023-12-10,0
APP001123,Female,No,2,Graduate,Self-Employed,22928.0,3462.0,65000.0,48,,north,39.0,2023-09-29,0
APP005771,Female,Yes,4,Graduate,SELF-EMPLOYED,75189.0,5425.0,306000.0,360,1.0,West,36.0,2024-09-23,0
APP003174,Male,No,0,Graduate,Salaried ,47140.0,16294.0,56000.0,180,1.0,South,56.0,2024-02-14,0
APP001709,Female,Yes,0,Not Graduate,Self-Employed,17243.0,3065.0,190000.0,48,,North,38.0,2024-09-08,0
APP004749,Male,Yes,1,Not Graduate,SELF-EMPLOYED,67583.0,6899.0,278000.0,48,1.0,West ,,2024-05-20,0
APP004080,Male,No,0,Not Graduate,Salaried,58802.0,15999.0,78000.0,84,1.0,East,39.0,2023-12-04,0
APP001766,Male,Yes,0,Graduate,Salaried,93905.0,18408.0,93000.0,84,1.0,South,30.0,2024-02-07,1
APP002831,Male,Yes,4,Not Graduate,salaried,83687.0,3890.0,116000.0,180,1.0,East,38.0,2023-06-11,0
APP000733,Female,Yes,0,Graduate,Salaried,16614.0,522.0,139000.0,60,1.0,North,41.0,2023-12-31,0
APP002586,Female,No,1,Graduate,Salaried,97138.0,19902.0,42000.0,60,1.0,West,30.0,2023-07-12,0
APP001982,Female,Yes,0,Graduate,SELF-EMPLOYED,57332.0,18291.0,131000.0,24,1.0,North,67.0,2023-01-14,0
APP003674,Male,No,0,Graduate,Salaried ,13351.0,2805.0,178000.0,36,1.0,North,28.0,2023-09-04,0
APP002821,Female,No,0,Graduate,self employed,21183.0,6245.0,126000.0,120,1.0,East,55.0,2024-06-04,0
APP003508,Male,No,1,Graduate,SELF-EMPLOYED,28834.0,8610.0,,60,1.0,West,35.0,2024-02-27,0
APP001662,Male,Yes,0,Graduate,Self-Employed,34011.0,9410.0,91000.0,36,1.0,West ,34.0,2024-09-20,0
APP000084,Male,Yes,1,Graduate,SELF-EMPLOYED,42776.0,5361.0,50000.0,240,1.0,South,36.0,2023-08-03,0
APP003458,Female,Yes,2,Graduate,Salaried,82505.0,4523.0,54000.0,60,1.0,South,35.0,2024-06-25,0
APP003243,Male,Yes,0,Graduate,Salaried ,51223.0,1469.0,51000.0,180,1.0,West ,28.0,2024-06-01,0
APP001975,Male,Yes,4,Graduate,Salaried ,39051.0,8768.0,62000.0,60,1.0,West,24.0,2023-04-16,1
APP005910,Male,Yes,3,Not Graduate,Salaried ,35232.0,6561.0,93000.0,48,1.0,North,40.0,2023-05-02,0
APP002269,Male,Yes,0,Graduate,SELF-EMPLOYED,75497.0,534.0,203000.0,36,1.0,East,49.0,2024-03-17,0
APP001603,Male,Yes,0,Graduate,Self-Employed,46027.0,12275.0,,180,1.0,North,21.0,2024-07-28,0
APP002426,Female,No,3,Graduate,salaried,,1013.0,60000.0,36,1.0,north,38.0,2023-05-08,0
APP004466,Male,Yes,0,Graduate,Salaried ,106698.0,9268.0,242000.0,36,1.0,West,31.0,2023-03-25,0
APP003554,Male,No,3,Not Graduate,Self-Employed,82406.0,24586.0,84000.0,84,1.0,East,40.0,2024-04-18,0
APP001611,Female,Yes,4,Graduate,Salaried,45297.0,13379.0,163000.0,360,1.0,North,42.0,2023-10-06,0
APP001599,Male,No,0,Graduate,SELF-EMPLOYED,101216.0,33936.0,,12,1.0,EAST,37.0,2024-04-26,0
APP000583,Male,No,0,Graduate,Salaried,34160.0,10763.0,119000.0,48,1.0,EAST,49.0,2023-07-19,1
APP001133,Male,Yes,2,Graduate,Salaried ,35894.0,10290.0,55000.0,120,1.0,West ,35.0,2024-05-29,0
APP001842,Male,No,2,Graduate,Salaried,37859.0,8800.0,177000.0,12,0.0,North,47.0,2024-12-23,1
APP002353,Female,Yes,1,Not Graduate,Salaried ,41360.0,8305.0,156000.0,48,1.0,East,38.0,2023-09-11,0
APP003676,Male,Yes,3,Graduate,salaried,19182.0,2651.0,213000.0,120,1.0,West,39.0,2023-10-19,0
APP000184,Female,Yes,3,Graduate,Salaried,55065.0,15856.0,109000.0,12,1.0,West,46.0,2024-07-07,0
APP001645,Male,Yes,2,Not Graduate,Self-Employed,59678.0,16726.0,33000.0,84,1.0,North,21.0,2023-08-19,0
APP001859,Female,Yes,1,Graduate,Salaried ,43535.0,12400.0,192000.0,48,1.0,North,29.0,2023-11-15,0
APP003706,Female,Yes,3,Graduate,Salaried,54569.0,4474.0,51000.0,60,1.0,West ,24.0,2024-07-26,0
APP001421,Male,Yes,1,Graduate,Salaried,32043.0,5383.0,123000.0,48,1.0,North,53.0,2023-05-14,0
APP000057,Male,Yes,3,Not Graduate,Self-Employed,15527.0,2863.0,133000.0,240,1.0,East,35.0,2023-01-12,1
APP002374,Male,No,2,Graduate,Salaried,964942.689773421,11064.0,60000.0,60,0.0,East,45.0,2024-05-28,0
APP003237,Male,No,1,Not Graduate,self employed,39236.0,3009.0,352000.0,180,1.0,North,39.0,2024-03-19,0
APP000122,Female,No,2,Not Graduate,Salaried,53204.0,10553.0,261000.0,60,0.0,North,36.0,2024-05-12,0
APP005912,Female,No,4,Graduate,self employed,43717.0,4065.0,166000.0,360,1.0,north,26.0,2023-01-23,0
APP002312,Female,Yes,2,Graduate,Salaried,21220.0,849.0,80000.0,48,,West,28.0,2023-07-30,1
APP005342,Female,Yes,2,Graduate,salaried,63105.0,9256.0,97000.0,120,1.0,North,35.0,2024-08-22,0
APP001441,Female,No,2,Graduate,Salaried ,39743.0,10300.0,83000.0,36,1.0,West,57.0,2023-08-08,0
APP003636,Male,Yes,3,Not Graduate,SELF-EMPLOYED,60513.0,11304.0,412000.0,60,,South,44.0,2023-12-18,0
APP003471,Male,No,1,Not Graduate,self employed,887180.1341482662,11532.0,22000.0,48,1.0,EAST,35.0,2023-12-09,0
APP002424,Male,Yes,3,Graduate,self employed,15689.0,2739.0,165000.0,48,0.0,South,47.0,2023-12-13,1
APP005015,Male,Yes,0,Graduate,Self-Employed,45941.0,2770.0,150000.0,240,1.0,East,38.0,2023-08-20,1
APP004381,Male,Yes,0,Graduate,salaried,87921.0,14413.0,98000.0,12,1.0,East,53.0,2024-12-24,0
APP005450,Male,No,1,Graduate,salaried,55448.0,1149.0,81000.0,48,1.0,South,21.0,2024-07-19,0
APP005068,Male,No,3,Graduate,Self-Employed,25573.0,1663.0,145000.0,12,,South,34.0,2023-08-18,0
APP004438,Female,Yes,3,Graduate,Salaried ,59173.0,3479.0,70000.0,60,1.0,West,37.0,2024-09-09,0
APP004457,Female,No,0,Graduate,Salaried,46674.0,6177.0,67000.0,48,1.0,North,48.0,2024-08-10,0
APP002684,Male,Yes,2,Graduate,SELF-EMPLOYED,18587.0,2296.0,165000.0,240,1.0,South,39.0,2023-11-05,0
APP000001,Male,No,3,Graduate,Salaried,,5417.0,284000.0,120,1.0,West,35.0,2024-10-18,0
APP005720,Male,Yes,1,Not Graduate,Salaried ,31689.0,5686.0,91000.0,240,1.0,South,29.0,2023-03-17,0
APP005186,Female,No,0,Not Graduate,self employed,36449.0,8038.0,245000.0,120,1.0,North,41.0,2024-10-29,0
APP005726,Female,Yes,1,Graduate,Salaried,208525.0,30971.0,124000.0,84,1.0,East,29.0,2023-01-20,0
APP003693,Female,No,0,Graduate,salaried,68693.0,15451.0,140000.0,36,1.0,north,51.0,2024-01-11,0
APP002706,Female,Yes,1,Graduate,Salaried,47483.0,10225.0,65000.0,120,1.0,West,48.0,2023-11-16,0
APP002126,Female,Yes,0,Graduate,Salaried,41732.0,1865.0,102000.0,180,1.0,West,27.0,2024-10-20,0
APP002080,Female,No,1,Not Graduate,Self-Employed,22280.0,3397.0,173000.0,84,1.0,East,59.0,2023-10-18,0
APP005362,Male,No,1,Graduate,Salaried ,28583.0,1698.0,174000.0,120,0.0,West,27.0,2023-05-02,0
APP001079,Male,No,0,Not Graduate,Salaried,89928.0,4098.0,146000.0,36,1.0,South,38.0,2023-12-10,0
APP001176,Male,Yes,3,Graduate,Self-Employed,9949.0,2632.0,253000.0,120,1.0,North,,2024-02-18,0
APP001321,Male,Yes,1,Graduate,self employed,40146.0,6353.0,170000.0,60,0.0,East,45.0,2023-01-13,0
APP003803,Female,Yes,3,Graduate,self employed,98369.0,3105.0,60000.0,120,1.0,East,200.0,2023-09-17,0
APP005212,Male,Yes,3,Graduate,SELF-EMPLOYED,134208.0,7093.0,87000.0,240,1.0,EAST,33.0,2023-06-15,1
APP001555,Male,No,2,Graduate,Salaried ,27664.0,2691.0,27000.0,60,1.0,West,45.0,2024-05-09,0
APP004147,Male,No,4,Not Graduate,salaried,66943.0,4869.0,50000.0,180,0.0,North,22.0,2023-04-19,1
APP002437,Male,Yes,1,Graduate,SELF-EMPLOYED,89043.0,10882.0,44000.0,60,1.0,West ,50.0,2024-04-14,0
APP001715,Male,Yes,3,Not Graduate,Salaried,32166.0,3258.0,92000.0,180,1.0,West ,53.0,2023-08-22,0
APP004787,Female,No,0,Graduate,salaried,43898.0,5739.0,235000.0,60,1.0,West,44.0,2023-11-10,0
APP004178,Female,Yes,0,Graduate,self employed,71430.0,17751.0,80000.0,60,,South,33.0,2024-01-12,0
APP002216,Male,Yes,0,Graduate,self employed,80335.0,7287.0,142000.0,60,0.0,North,35.0,2024-07-15,1
APP003544,Male,Yes,2,Graduate,Salaried ,60351.0,8915.0,233000.0,120,1.0,South,31.0,2023-10-21,0
APP004565,Male,Yes,3,Graduate,SELF-EMPLOYED,32277.0,8349.0,,60,,West,49.0,2023-12-12,0
APP004717,Female,No,0,Graduate,Salaried ,39740.0,9114.0,64000.0,120,1.0,South,32.0,2024-11-26,0
APP004013,Female,No,0,Graduate,Salaried,151477.0,22598.0,71000.0,84,1.0,North,21.0,2024-04-10,0
APP004300,Female,Yes,0,Graduate,Salaried ,42969.0,1454.0,127000.0,180,1.0,West,45.0,2024-02-19,0
APP001339,Male,Yes,3,Graduate,SELF-EMPLOYED,67309.0,22286.0,113000.0,120,1.0,South,27.0,2023-11-28,0
APP001916,Female,Yes,0,Graduate,self employed,29286.0,7240.0,59000.0,120,,South,38.0,2023-09-12,0
APP003610,Female,Yes,1,Graduate,Self-Employed,48590.0,7858.0,93000.0,60,1.0,EAST,42.0,2023-07-05,0
APP000522,Male,Yes,4,Graduate,Salaried,21685.0,6901.0,52000.0,360,1.0,South,32.0,2023-02-25,0
APP005936,Female,Yes,0,Graduate,Salaried ,81079.0,9730.0,60000.0,48,,North,56.0,2024-11-18,0
APP002583,Male,Yes,1,Not Graduate,Salaried ,26506.0,7319.0,165000.0,48,1.0,EAST,37.0,2023-09-03,1
APP005337,Male,Yes,0,Not Graduate,Salaried,55194.0,14236.0,89000.0,36,1.0,South,44.0,2024-01-07,0
APP004575,Female,Yes,1,Graduate,Salaried,77388.0,14275.0,51000.0,36,1.0,South,27.0,2024-09-12,0
APP004410,Male,No,1,Graduate,Salaried ,44469.0,3832.0,158000.0,360,1.0,East,43.0,2024-01-08,0
APP003341,Female,Yes,0,Graduate,Salaried ,34888.0,4776.0,59000.0,36,1.0,North,44.0,2024-01-16,0
APP005136,Male,No,0,Graduate,Salaried ,52265.0,9747.0,66000.0,84,1.0,North,42.0,2023-07-31,0
APP004673,Female,Yes,2,Graduate,Salaried,69074.0,12475.0,82000.0,240,1.0,West,45.0,2023-10-05,0
APP002743,Male,Yes,2,Not Graduate,Salaried,46517.0,14092.0,132000.0,180,1.0,South,34.0,2024-04-28,1
APP000608,Male,Yes,1,Graduate,Self-Employed,74902.0,1238.0,81000.0,48,1.0,South,52.0,2024-02-06,0
APP005167,Male,No,2,Graduate,Salaried ,119024.0,3969.0,326000.0,120,1.0,West,31.0,2023-03-22,0
APP000245,Male,No,1,Graduate,Salaried,104627.0,7530.0,95000.0,180,,West,28.0,2023-10-20,0
APP004886,Female,No,4,Graduate,self employed,25732.0,4763.0,63000.0,48,0.0,South,30.0,2024-09-24,1
APP005072,Female,No,4,Graduate,Salaried ,,5982.0,71000.0,120,1.0,north,57.0,2024-08-22,0
APP004538,Female,Yes,0,Not Graduate,self employed,38611.0,6324.0,150000.0,180,1.0,South,27.0,2024-10-02,0
APP000501,Female,Yes,1,Graduate,self employed,27424.0,4700.0,39000.0,48,1.0,West ,35.0,2023-03-14,0
APP002153,Female,No,0,Graduate,Self-Employed,54131.0,12128.0,74000.0,48,1.0,North,41.0,2024-05-03,0
APP001705,Male,Yes,0,Graduate,Salaried,23390.0,6520.0,70000.0,84,,north,34.0,2023-02-03,0
APP000954,Female,Yes,1,Graduate,Salaried,21553.0,7463.0,,240,1.0,East,40.0,2023-06-24,0
APP005285,Male,Yes,0,Graduate,Self-Employed,27159.0,8038.0,186000.0,48,1.0,North,44.0,2024-06-16,0
APP001465,Female,Yes,2,Graduate,Salaried,22316.0,7334.0,110000.0,120,1.0,South,36.0,2023-12-25,0
APP005250,Male,Yes,0,Not Graduate,Self-Employed,37159.0,8711.0,187000.0,120,1.0,North,40.0,2023-10-04,1
APP003274,Male,Yes,3,Graduate,Salaried ,67089.0,22763.0,76000.0,180,1.0,East,32.0,2024-01-20,0
APP005952,Male,No,1,Not Graduate,SELF-EMPLOYED,75246.0,25364.0,58000.0,240,1.0,East,50.0,2024-11-22,0
APP000116,Female,No,1,Graduate,Salaried,36636.0,1576.0,86000.0,36,1.0,North,36.0,2023-02-20,0
APP002429,Male,Yes,0,Not Graduate,self employed,56939.0,3849.0,206000.0,84,1.0,East,36.0,2023-09-12,0
APP005788,Female,Yes,0,Graduate,Salaried ,157083.0,11536.0,104000.0,120,,South,28.0,2024-12-22,1
APP001210,,Yes,3,Not Graduate,SELF-EMPLOYED,74927.0,169.0,108000.0,120,1.0,West,30.0,2024-12-12,0
APP005492,Female,No,2,Not Graduate,SELF-EMPLOYED,62112.0,6423.0,155000.0,24,1.0,East,33.0,2023-12-18,0
APP000464,Female,Yes,1,Graduate,Salaried ,38725.0,12053.0,134000.0,84,1.0,East,25.0,2024-07-28,0
APP001395,Male,Yes,3,Graduate,Salaried,93386.0,12366.0,115000.0,84,0.0,West,36.0,2024-02-20,1
APP000562,Male,Yes,0,Not Graduate,Salaried,29584.0,5665.0,68000.0,48,1.0,South,40.0,2023-11-03,0
APP003334,Male,No,1,Graduate,Salaried,51517.0,113.0,105000.0,120,1.0,North,31.0,2024-06-01,0
APP003296,Male,Yes,0,Graduate,SELF-EMPLOYED,50663.0,10364.0,183000.0,12,1.0,South,63.0,2023-02-01,0
APP003127,Female,Yes,2,Graduate,self employed,10224.0,2822.0,144000.0,60,1.0,West,31.0,2024-04-21,0
APP004787,Female,No,0,Graduate,salaried,43898.0,5739.0,235000.0,60,1.0,West,44.0,2023-11-10,0
APP005105,Male,Yes,1,Graduate,Salaried,86131.0,4738.0,120000.0,12,1.0,north,34.0,2023-01-10,0
APP001170,Male,Yes,0,Not Graduate,Salaried ,12243.0,3366.0,31000.0,24,1.0,north,57.0,2023-01-23,0
APP002750,Female,Yes,1,Graduate,Salaried,57672.0,3803.0,68000.0,36,,East,40.0,2023-07-09,0
APP004815,Female,No,2,Graduate,Salaried ,70912.0,843.0,149000.0,48,1.0,north,34.0,2024-08-29,0
APP003156,Female,Yes,3,Graduate,Self-Employed,19725.0,1650.0,86000.0,36,1.0,West,42.0,2023-02-11,0
APP004949,Female,No,0,Not Graduate,Self-Employed,39393.0,5842.0,198000.0,60,1.0,South,38.0,2024-12-12,0
APP001096,Male,No,4,Graduate,self employed,49956.0,3471.0,473000.0,60,1.0,West ,50.0,2023-04-01,0
APP005970,Female,Yes,3,Not Graduate,self employed,68669.0,12955.0,194000.0,84,1.0,East,41.0,2023-03-17,0
APP001666,Female,No,2,Not Graduate,Self-Employed,24171.0,246.0,193000.0,180,1.0,EAST,27.0,2024-01-31,0
APP000118,Male,Yes,0,Graduate,Salaried,63809.0,13832.0,51000.0,120,0.0,North,30.0,2023-01-20,0
APP001708,Male,No,2,Graduate,Salaried,,6399.0,34000.0,48,,West,38.0,2024-12-07,0
APP000453,Male,Yes,2,Not Graduate,self employed,86876.0,28721.0,184000.0,36,1.0,North,31.0,2023-05-18,1
APP003485,Female,Yes,0,Not Graduate,Salaried,110970.0,17122.0,339000.0,240,0.0,West ,37.0,2023-11-02,1
APP002605,Male,No,3,Not Graduate,Salaried,48044.0,11504.0,82000.0,60,1.0,North,34.0,2023-09-09,0
APP001128,Male,Yes,0,Graduate,Salaried ,34638.0,9256.0,61000.0,24,1.0,EAST,36.0,2023-07-18,0
APP000420,Female,No,3,Graduate,Salaried,30677.0,6443.0,63000.0,12,,West ,51.0,2023-08-03,1
APP003300,Female,Yes,0,Graduate,salaried,111980.0,7976.0,33000.0,180,1.0,South,42.0,2024-06-23,0
APP003448,Female,Yes,2,Not Graduate,Self-Employed,42662.0,10666.0,116000.0,120,1.0,South,25.0,2024-05-17,0
APP002573,Male,No,1,Not Graduate,Salaried,63003.0,6253.0,163000.0,360,1.0,South,37.0,2023-06-20,1
APP004332,Male,No,1,Graduate,Salaried ,31779.0,8567.0,57000.0,180,,north,43.0,2024-04-10,0
APP001277,Male,Yes,1,Not Graduate,SELF-EMPLOYED,91770.0,8637.0,66000.0,180,1.0,North,24.0,2023-11-20,0
APP000963,Male,Yes,3,Graduate,self employed,125626.0,33208.0,104000.0,36,1.0,North,21.0,2024-07-12,1
APP002922,Female,Yes,4,Graduate,Salaried,63929.0,203.0,138000.0,240,1.0,West,28.0,2023-06-12,0
APP003362,Male,Yes,1,Graduate,Salaried ,37449.0,6489.0,87000.0,180,1.0,South,50.0,2023-03-25,0
APP001562,Male,Yes,3,Graduate,Salaried,62313.0,14715.0,532000.0,84,1.0,North,55.0,2024-09-15,1
APP003118,Male,No,0,Graduate,Salaried ,40960.0,6699.0,80000.0,84,1.0,North,57.0,2023-08-31,0
APP001032,Female,Yes,0,Graduate,Salaried,22637.0,6832.0,93000.0,120,1.0,West ,56.0,2023-11-07,0
APP000980,Female,Yes,0,Graduate,Self-Employed,27726.0,1049.0,232000.0,84,1.0,West,45.0,2024-11-02,0
APP003522,Male,No,4,Not Graduate,Salaried,27893.0,1602.0,171000.0,60,1.0,West,28.0,2024-11-24,0
APP001750,Male,No,1,Graduate,Self-Employed,16071.0,2791.0,283000.0,36,1.0,West ,28.0,2023-01-10,0
APP001403,Male,Yes,1,Graduate,Self-Employed,31533.0,9027.0,153000.0,60,0.0,West,35.0,2023-04-26,0
APP005080,Male,No,0,Not Graduate,Salaried ,33320.0,11052.0,24000.0,24,1.0,West,38.0,2024-01-23,0
APP002941,Male,Yes,0,Graduate,Self-Employed,58917.0,5127.0,,360,1.0,EAST,51.0,2023-03-22,0
APP001443,Female,Yes,3,Graduate,Self-Employed,59019.0,14081.0,114000.0,60,1.0,West,38.0,2023-05-06,0
APP002658,Female,Yes,0,Graduate,Salaried ,77517.0,17530.0,48000.0,84,1.0,North,36.0,2023-01-10,0
APP001684,Female,No,3,Not Graduate,SELF-EMPLOYED,33722.0,4280.0,151000.0,36,1.0,West,21.0,2024-04-30,0
APP000893,Female,Yes,0,Not Graduate,Salaried ,125964.0,11907.0,31000.0,36,1.0,West ,28.0,2024-12-06,0
APP004894,Male,Yes,2,Not Graduate,Salaried,33727.0,3505.0,67000.0,60,1.0,North,200.0,2023-10-28,0
APP005899,Female,No,2,Graduate,Salaried ,95628.0,9264.0,65000.0,60,1.0,West,33.0,2023-05-04,0
APP003434,Male,Yes,2,Graduate,salaried,254243.0,27641.0,169000.0,120,1.0,South,43.0,2024-10-03,0
APP002929,Female,Yes,2,Graduate,salaried,104271.0,17295.0,59000.0,84,1.0,West,30.0,2023-07-10,0
APP004833,Female,Yes,1,Graduate,Salaried ,63482.0,13549.0,34000.0,180,1.0,East,42.0,2024-03-28,0
APP005802,Male,Yes,1,Not Graduate,salaried,76771.0,21342.0,40000.0,48,,EAST,40.0,2024-08-06,0
APP002484,Male,Yes,0,Graduate,Salaried,66842.0,12836.0,104000.0,180,1.0,East,29.0,2024-01-29,0
APP000808,Female,Yes,3,Graduate,Salaried,82773.0,19270.0,41000.0,60,0.0,South,30.0,2024-06-11,1
APP004554,Female,Yes,2,Not Graduate,Salaried ,12248.0,2143.0,93000.0,120,1.0,South,31.0,2023-02-15,0
APP004114,Male,Yes,2,Graduate,self employed,32604.0,2222.0,143000.0,84,1.0,West ,58.0,2023-09-08,0
APP005758,Male,Yes,1,Graduate,SELF-EMPLOYED,32030.0,10966.0,397000.0,48,0.0,North,32.0,2023-03-28,0
APP000399,Female,No,0,Graduate,Salaried ,62305.0,4197.0,71000.0,120,,North,30.0,2023-03-30,0
APP003026,Male,Yes,0,Graduate,Salaried ,175378.0,3834.0,47000.0,36,1.0,North,42.0,2023-11-10,0
APP004871,Male,No,2,Graduate,salaried,54427.0,15871.0,97000.0,360,1.0,West,52.0,2023-07-05,0
APP002659,Male,Yes,2,Not Graduate,self employed,99264.0,12947.0,72000.0,84,1.0,West,42.0,2024-03-23,0
APP004668,Female,No,2,Not Graduate,SELF-EMPLOYED,69699.0,10688.0,67000.0,84,1.0,East,44.0,2024-08-08,0
APP001732,Female,Yes,3,Graduate,Self-Employed,68153.0,18153.0,196000.0,120,,EAST,37.0,2024-01-02,0
APP005459,Female,No,0,Not Graduate,self employed,30949.0,4060.0,118000.0,60,1.0,EAST,24.0,2024-10-05,0
APP005300,Male,Yes,0,Not Graduate,Self-Employed,82462.0,11810.0,184000.0,120,1.0,East,23.0,2023-01-07,0
APP005559,Male,Yes,0,Not Graduate,Salaried,28305.0,2403.0,73000.0,240,1.0,West,60.0,2024-12-21,0
APP000922,,Yes,2,Graduate,salaried,91175.0,26916.0,158000.0,24,1.0,East,29.0,2023-11-19,0
APP000211,Male,No,0,Not Graduate,Salaried,51306.0,7878.0,121000.0,60,1.0,East,45.0,2023-03-13,0
APP004081,Female,Yes,1,Graduate,Self-Employed,51363.0,3948.0,41000.0,240,0.0,EAST,42.0,2024-04-07,1
APP000677,Male,Yes,2,Graduate,Salaried,43787.0,13847.0,39000.0,60,1.0,West,21.0,2024-06-27,0
APP002227,Male,Yes,4,Graduate,Salaried,212521.0,70924.0,93000.0,84,1.0,South,21.0,2024-01-31,0
APP000913,Female,Yes,0,Graduate,Salaried ,74479.0,2182.0,235000.0,360,1.0,North,32.0,2024-11-14,0
APP005151,Male,Yes,2,Graduate,Salaried,25348.0,7991.0,89000.0,180,0.0,West,32.0,2024-09-27,1
APP000774,Male,Yes,0,Not Graduate,self employed,77884.0,19581.0,74000.0,180,1.0,South,26.0,2023-02-25,0
APP005857,Male,Yes,1,Graduate,Self-Employed,61040.0,1599.0,277000.0,84,1.0,South,49.0,2023-04-24,0
APP005656,Male,Yes,2,Graduate,Self-Employed,39083.0,169.0,34000.0,60,1.0,West,45.0,2023-05-22,0
APP001284,Male,No,3,Graduate,Salaried,30524.0,181.0,185000.0,240,1.0,West,40.0,2024-06-07,0
APP005675,Female,Yes,3,Graduate,Salaried,52388.0,16694.0,119000.0,84,1.0,South,40.0,2023-11-09,1
APP004573,Male,No,0,Graduate,self employed,84740.0,15990.0,25000.0,60,0.0,East,47.0,2023-01-24,1
APP003387,Male,No,0,Graduate,Salaried,43142.0,766.0,68000.0,84,1.0,North,43.0,2023-08-06,0
APP005776,Male,Yes,2,Graduate,self employed,17407.0,3757.0,134000.0,60,1.0,East,37.0,2023-05-30,0
APP003310,Male,No,0,Graduate,Salaried,44321.0,5877.0,173000.0,360,0.0,EAST,44.0,2024-06-28,0
APP004491,Male,No,0,Graduate,salaried,82160.0,2186.0,114000.0,48,,South,36.0,2024-04-22,0
APP000949,Female,No,2,Graduate,Self-Employed,29052.0,2796.0,124000.0,24,,West,42.0,2024-07-05,1
APP005689,Male,Yes,0,Graduate,Self-Employed,87637.0,11646.0,144000.0,120,1.0,West,45.0,2023-06-13,0
APP005441,Male,No,0,Graduate,Salaried ,,11974.0,58000.0,120,0.0,West,58.0,2024-08-01,0
APP003847,Female,No,0,Graduate,Salaried,14176.0,3568.0,61000.0,180,1.0,north,42.0,2024-08-30,0
APP003671,Male,Yes,1,Graduate,Salaried,69143.0,18808.0,217000.0,120,1.0,East,37.0,2023-10-03,0
APP004763,Female,Yes,0,Graduate,Salaried,29455.0,6055.0,57000.0,120,1.0,north,28.0,2024-10-23,0
APP002846,Male,Yes,0,Graduate,self employed,48198.0,11111.0,153000.0,60,1.0,West,45.0,2023-07-27,0
APP002389,Female,Yes,3,Graduate,Salaried ,,3441.0,77000.0,48,1.0,EAST,34.0,2023-01-13,0
APP005750,Female,No,1,Graduate,Self-Employed,42821.0,11038.0,479000.0,360,1.0,North,26.0,2023-07-17,0
APP004624,Female,Yes,0,Graduate,self employed,63920.0,3992.0,193000.0,84,1.0,West ,39.0,2023-12-31,0
APP003936,Male,Yes,3,Graduate,Salaried ,33601.0,11040.0,104000.0,180,1.0,EAST,45.0,2023-03-17,0
APP000957,Male,No,1,Not Graduate,Salaried,24405.0,3981.0,57000.0,48,1.0,South,26.0,2024-12-03,0
APP002617,Male,Yes,1,Not Graduate,Salaried,29874.0,246.0,34000.0,36,1.0,EAST,28.0,2024-02-06,0
APP002200,Male,Yes,2,Graduate,Salaried ,78373.0,15671.0,63000.0,48,1.0,EAST,,2024-03-16,0
APP003599,Male,No,1,Not Graduate,Salaried,43549.0,11357.0,47000.0,180,0.0,South,42.0,2023-02-15,0
APP000611,Male,Yes,0,Not Graduate,Salaried ,19225.0,4835.0,89000.0,120,1.0,East,62.0,2023-03-23,0
APP000740,Male,Yes,2,Not Graduate,Salaried ,60473.0,6046.0,114000.0,84,1.0,North,44.0,2024-05-12,0
APP003958,Male,Yes,4,Not Graduate,Salaried,53151.0,233.0,51000.0,180,0.0,West,21.0,2024-11-15,1
APP004711,Male,No,0,Graduate,Self-Employed,28719.0,5231.0,34000.0,12,1.0,West,35.0,2023-01-18,0
APP004351,Female,Yes,2,Graduate,salaried,45346.0,12797.0,131000.0,48,,West,47.0,2023-07-15,0
APP005800,Male,Yes,0,Not Graduate,SELF-EMPLOYED,,5643.0,13000.0,24,1.0,South,35.0,2023-12-05,0
APP001674,Female,Yes,2,Not Graduate,Self-Employed,102266.0,23052.0,98000.0,180,1.0,North,21.0,2024-03-18,0
APP000360,Male,No,2,Graduate,salaried,33250.0,10619.0,74000.0,36,1.0,EAST,41.0,2024-06-25,0
APP004516,Male,Yes,2,Graduate,Self-Employed,28421.0,3259.0,170000.0,12,1.0,West ,34.0,2024-09-25,0
APP002917,Female,Yes,2,Graduate,Salaried ,28326.0,3563.0,563000.0,360,1.0,East,40.0,2024-09-10,0
APP001772,Female,Yes,2,Graduate,salaried,23075.0,789.0,44000.0,60,1.0,South,53.0,2024-05-11,0
APP001931,Male,Yes,0,Not Graduate,Self-Employed,78853.0,15945.0,149000.0,60,1.0,North,36.0,2024-01-08,0
APP002339,Male,Yes,0,Graduate,salaried,95149.0,21331.0,189000.0,24,,East,64.0,2023-10-13,0
APP005095,Male,No,0,Graduate,self employed,19372.0,1203.0,60000.0,36,1.0,South,45.0,2023-03-26,0
APP002266,Female,Yes,0,Graduate,Salaried,36678.0,451.0,89000.0,84,1.0,EAST,41.0,2024-11-21,0
APP003707,Female,No,3,Not Graduate,SELF-EMPLOYED,48375.0,8781.0,172000.0,60,1.0,West,32.0,2023-08-08,0
APP002569,Female,Yes,0,Graduate,Self-Employed,34079.0,6081.0,81000.0,36,1.0,South,32.0,2023-05-07,0
APP004001,Male,No,0,Graduate,SELF-EMPLOYED,57587.0,13223.0,124000.0,48,1.0,North,46.0,2023-05-03,0
APP001486,Male,No,1,Graduate,Salaried,25383.0,79.0,74000.0,360,1.0,EAST,25.0,2024-06-10,0
APP003475,Female,Yes,1,Not Graduate,Self-Employed,68648.0,2944.0,48000.0,120,1.0,South,63.0,2024-11-02,0
APP002752,Female,Yes,0,Graduate,Salaried,41289.0,10111.0,,360,1.0,West,45.0,2024-03-01,0
APP000789,Male,Yes,2,Graduate,SELF-EMPLOYED,32524.0,10269.0,58000.0,240,1.0,EAST,42.0,2023-03-26,0
APP004269,Female,Yes,0,Graduate,Salaried,74680.0,18201.0,63000.0,60,1.0,North,43.0,2024-10-02,0
APP000616,Female,No,0,Graduate,Salaried ,14608.0,2619.0,88000.0,24,1.0,South,31.0,2024-04-04,0
APP002645,Male,Yes,0,Graduate,Salaried,63281.0,9595.0,196000.0,120,1.0,EAST,22.0,2024-03-01,0
APP000055,Female,No,3,Graduate,Salaried,73279.0,13851.0,76000.0,120,1.0,West,38.0,2023-11-08,1
APP002035,Female,No,1,Graduate,Salaried ,158669.0,30529.0,89000.0,180,,West,37.0,2023-10-22,0
APP000975,Male,No,0,Not Graduate,Self-Employed,83746.0,27279.0,63000.0,36,1.0,North,25.0,2024-12-05,0
APP002867,Male,Yes,1,Not Graduate,Salaried,84699.0,28169.0,134000.0,60,0.0,West ,30.0,2023-01-03,0
APP001283,Male,Yes,1,Graduate,SELF-EMPLOYED,63796.0,9387.0,196000.0,180,1.0,South,29.0,2024-03-01,0
APP003399,Male,No,0,Graduate,Self-Employed,42186.0,3160.0,29000.0,240,1.0,north,30.0,2023-12-30,0
APP000162,Female,No,0,Graduate,Self-Employed,45788.0,355.0,141000.0,360,1.0,South,40.0,2024-06-15,0
APP002557,Male,Yes,0,Not Graduate,Self-Employed,,12110.0,79000.0,180,1.0,West ,40.0,2024-07-28,0
APP002210,Female,No,0,Not Graduate,SELF-EMPLOYED,83335.0,26024.0,63000.0,84,1.0,South,45.0,2023-07-16,0
APP005456,Male,Yes,2,Graduate,Salaried ,27018.0,1914.0,48000.0,84,1.0,South,61.0,2023-09-06,0
APP003162,Male,Yes,1,Graduate,Self-Employed,28087.0,855.0,141000.0,60,1.0,West,21.0,2023-06-02,0
APP000408,Male,No,0,Graduate,Salaried ,34116.0,3550.0,39000.0,24,0.0,West,27.0,2023-01-15,0
APP002712,Male,Yes,0,Not Graduate,salaried,75623.0,11420.0,,60,0.0,West,43.0,2023-11-07,0
APP004854,Male,Yes,0,Not Graduate,Self-Employed,20622.0,4219.0,52000.0,180,0.0,South,41.0,2024-02-13,1
APP004099,Male,No,0,Graduate,Salaried,39714.0,1844.0,182000.0,84,0.0,West,35.0,2023-01-31,1
APP003709,Male,No,1,Not Graduate,Salaried,31647.0,6056.0,56000.0,180,1.0,West ,21.0,2024-08-21,0
APP004293,Male,No,0,Graduate,salaried,50313.0,13292.0,120000.0,12,,north,23.0,2024-12-23,0
APP005777,Female,No,0,Not Graduate,self employed,64254.0,11014.0,78000.0,48,1.0,North,28.0,2024-11-28,0
APP002643,Female,Yes,3,Graduate,Self-Employed,63498.0,99.0,62000.0,180,0.0,north,36.0,2024-01-14,1
APP000308,,Yes,0,Graduate,salaried,60521.0,2366.0,182000.0,36,1.0,South,26.0,2024-11-09,0
APP005427,Female,No,1,Not Graduate,Salaried,64628.0,10176.0,144000.0,84,0.0,South,21.0,2024-01-12,0
APP001351,Female,Yes,1,Graduate,Self-Employed,95962.0,7696.0,75000.0,12,1.0,North,62.0,2024-08-04,0
APP000961,Male,No,0,Graduate,self employed,58830.0,9819.0,73000.0,12,1.0,North,42.0,2024-10-27,0
APP000511,Female,No,3,Not Graduate,SELF-EMPLOYED,74086.0,4849.0,89000.0,360,1.0,West,42.0,2023-10-04,0
APP005812,Female,Yes,1,Graduate,Salaried,10448.0,2330.0,69000.0,84,1.0,West,29.0,2023-07-09,0
APP005466,Male,Yes,3,Graduate,salaried,86400.0,13080.0,190000.0,60,1.0,South,37.0,2024-02-07,0
APP005282,Male,No,1,Graduate,Salaried,37939.0,11783.0,180000.0,360,1.0,North,44.0,2023-07-11,0
APP005779,Female,No,0,Graduate,SELF-EMPLOYED,28878.0,112.0,108000.0,60,0.0,north,49.0,2023-10-25,0
APP002686,Male,Yes,0,Graduate,Self-Employed,29691.0,6363.0,125000.0,84,1.0,East,21.0,2024-07-23,0
APP003982,Female,No,1,Graduate,self employed,40921.0,10975.0,152000.0,360,1.0,East,55.0,2024-07-02,0
APP005787,Male,Yes,0,Graduate,Salaried ,20783.0,4946.0,94000.0,36,1.0,East,46.0,2023-12-26,0
APP000972,Female,No,0,Not Graduate,salaried,35167.0,279.0,95000.0,180,1.0,South,51.0,2024-12-09,0
APP005062,Female,Yes,2,Graduate,Salaried ,28973.0,9411.0,84000.0,60,1.0,North,41.0,2024-12-13,0
APP003404,Male,Yes,1,Not Graduate,self employed,45828.0,1747.0,97000.0,360,1.0,North,47.0,2023-07-26,0
APP003051,Male,Yes,0,Graduate,Salaried,52020.0,14337.0,36000.0,84,1.0,West,27.0,2024-06-16,0
APP003463,Female,Yes,2,Graduate,Salaried,52012.0,13469.0,342000.0,180,1.0,East,33.0,2024-12-15,0
APP003718,Male,Yes,0,Not Graduate,self employed,58853.0,5393.0,117000.0,60,1.0,EAST,47.0,2024-09-07,0
APP000962,Female,No,1,Graduate,Salaried,27558.0,2372.0,52000.0,60,1.0,North,39.0,2024-08-26,0
APP005829,Male,No,2,Not Graduate,Salaried,38517.0,4699.0,208000.0,36,0.0,North,24.0,2024-03-25,0
APP005629,Male,No,0,Not Graduate,Self-Employed,51434.0,261.0,24000.0,240,1.0,East,42.0,2024-03-04,0
APP004131,Male,Yes,2,Graduate,Self-Employed,,472.0,105000.0,84,1.0,South,50.0,2024-09-19,1
APP002980,Female,Yes,4,Graduate,Salaried ,23547.0,467.0,36000.0,120,0.0,West,21.0,2024-03-02,1
APP000029,Female,Yes,3,Graduate,Self-Employed,24380.0,6432.0,56000.0,84,0.0,North,37.0,2024-07-01,0
APP000659,Female,Yes,1,Graduate,Salaried,33367.0,306.0,198000.0,36,,North,54.0,2023-04-27,0
APP004596,Female,Yes,1,Graduate,Salaried,88521.0,14927.0,80000.0,84,0.0,North,30.0,2024-07-26,1
APP004006,Male,Yes,1,Graduate,Self-Employed,42976.0,9943.0,48000.0,60,1.0,north,22.0,2023-07-05,0
APP003673,Female,Yes,2,Graduate,Self-Employed,103136.0,536.0,108000.0,240,1.0,East,30.0,2023-10-12,0
APP003773,Male,Yes,3,Graduate,Salaried,23044.0,5534.0,,60,0.0,North,36.0,2024-01-01,0
APP002087,Male,Yes,4,Graduate,SELF-EMPLOYED,48957.0,16912.0,52000.0,120,1.0,North,35.0,2024-02-05,1
APP004723,Male,Yes,3,Graduate,Salaried,75191.0,4653.0,256000.0,24,1.0,East,31.0,2024-01-23,0
APP005374,Female,No,0,Graduate,Salaried,36299.0,2687.0,244000.0,60,1.0,North,,2024-09-01,0
APP004645,Female,Yes,1,Graduate,Salaried,15746.0,3012.0,245000.0,12,0.0,South,21.0,2024-04-26,1
APP004746,Male,No,0,Not Graduate,SELF-EMPLOYED,117587.0,8107.0,148000.0,60,,East,29.0,2024-05-22,0
APP005660,Female,No,2,Not Graduate,Salaried,95721.0,5664.0,83000.0,60,1.0,north,21.0,2024-02-08,0
APP003800,Male,Yes,0,Graduate,Self-Employed,22170.0,4374.0,95000.0,24,1.0,South,39.0,2024-12-20,0
APP004988,Female,No,0,Graduate,Salaried,34987.0,7335.0,122000.0,360,1.0,West,21.0,2024-06-24,0
APP004092,Male,Yes,1,Graduate,SELF-EMPLOYED,34305.0,841.0,123000.0,60,1.0,West,36.0,2024-05-01,0
APP001385,Female,Yes,1,Not Graduate,Salaried ,77056.0,6909.0,181000.0,84,1.0,North,37.0,2024-02-19,0
APP000701,Male,No,0,Graduate,Self-Employed,51994.0,14817.0,120000.0,84,1.0,north,37.0,2024-05-16,0
APP001584,Male,No,0,Graduate,Salaried,72692.0,9486.0,74000.0,240,1.0,north,48.0,2023-11-17,0
APP000617,Male,Yes,4,Graduate,salaried,16328.0,4670.0,224000.0,48,0.0,north,39.0,2024-06-11,0
APP003807,Male,No,0,Graduate,SELF-EMPLOYED,58844.0,19462.0,166000.0,180,1.0,East,47.0,2023-06-08,0
APP003312,Female,Yes,0,Not Graduate,Salaried,,7815.0,156000.0,84,1.0,North,45.0,2024-09-03,0
APP000346,Female,Yes,3,Graduate,Salaried,86720.0,1887.0,278000.0,48,0.0,north,40.0,2023-10-21,0
APP005436,Female,Yes,3,Not Graduate,Salaried,52269.0,6901.0,74000.0,36,1.0,West ,38.0,2024-02-27,0
APP003921,Female,No,2,Not Graduate,Salaried ,66807.0,11189.0,92000.0,84,0.0,East,40.0,2023-11-16,0
APP005154,Female,Yes,4,Graduate,Self-Employed,26850.0,967.0,,60,1.0,South,24.0,2023-09-20,0
APP002763,Female,Yes,2,Graduate,salaried,27376.0,3268.0,96000.0,120,1.0,East,24.0,2023-08-06,0
APP004503,Male,No,0,Not Graduate,Salaried,93653.0,14851.0,152000.0,48,1.0,East,53.0,2023-10-03,0
APP001391,Male,No,0,Graduate,self employed,32241.0,3249.0,131000.0,60,1.0,West,45.0,2024-07-30,0
APP002268,Female,Yes,2,Graduate,Salaried,61042.0,4592.0,77000.0,60,1.0,West ,21.0,2023-04-17,0
APP003439,Female,No,0,Not Graduate,Salaried,36356.0,5410.0,57000.0,48,1.0,West,47.0,2024-12-18,0
APP002461,Female,Yes,0,Graduate,salaried,46862.0,716.0,179000.0,36,1.0,South,21.0,2024-11-11,0
APP005813,Female,No,0,Graduate,Self-Employed,42318.0,13930.0,218000.0,36,0.0,North,56.0,2023-07-24,1
APP001116,Female,No,0,Graduate,Salaried,28370.0,8765.0,,48,1.0,East,43.0,2024-05-23,0
APP004995,Male,Yes,1,Graduate,salaried,49080.0,1851.0,33000.0,84,1.0,EAST,38.0,2023-05-16,0
APP004783,Male,Yes,1,Not Graduate,Salaried,54948.0,8052.0,131000.0,24,1.0,South,34.0,2023-03-15,0
APP004440,Male,Yes,2,Not Graduate,self employed,50237.0,7506.0,53000.0,36,1.0,North,44.0,2023-07-31,0
APP004245,Male,No,0,Graduate,Salaried ,58039.0,10408.0,107000.0,360,1.0,north,61.0,2024-11-02,0
APP003819,Female,No,1,Graduate,Self-Employed,23601.0,6087.0,155000.0,48,1.0,north,46.0,2024-06-07,0
APP001593,Male,Yes,2,Graduate,Salaried ,37408.0,7095.0,88000.0,36,1.0,South,37.0,2024-07-09,0
APP001926,Male,Yes,2,Graduate,SELF-EMPLOYED,114106.0,15311.0,61000.0,240,1.0,North,26.0,2024-12-14,0
APP003684,Male,Yes,1,Graduate,salaried,57660.0,2.0,57000.0,24,1.0,South,32.0,2024-04-11,1
APP003907,Male,Yes,0,Graduate,Self-Employed,64868.0,2623.0,244000.0,360,1.0,North,40.0,2024-02-26,0
APP005630,Male,No,1,Not Graduate,Self-Employed,,7095.0,259000.0,60,1.0,West,30.0,2023-10-15,0
APP001352,Male,No,0,Graduate,Salaried,52769.0,6968.0,78000.0,36,1.0,South,31.0,2023-08-14,0
APP001423,Male,Yes,3,Not Graduate,Salaried,73023.0,21782.0,116000.0,84,1.0,South,34.0,2024-10-18,0
APP000474,Female,Yes,3,Graduate,Salaried,,8312.0,85000.0,84,,North,36.0,2023-12-27,0
APP003775,Female,Yes,0,Graduate,Salaried,87248.0,28159.0,94000.0,60,1.0,North,48.0,2023-08-18,0
APP005177,Female,No,3,Not Graduate,Salaried,87904.0,15554.0,229000.0,84,1.0,North,32.0,2023-07-11,0
APP004658,Male,Yes,1,Graduate,Salaried,76466.0,7509.0,133000.0,240,1.0,West,23.0,2023-08-30,0
APP004631,Male,No,0,Graduate,SELF-EMPLOYED,48241.0,722.0,201000.0,84,0.0,South,55.0,2023-10-30,1
APP003454,Male,No,1,Not Graduate,Salaried,23637.0,1541.0,54000.0,120,1.0,South,25.0,2024-08-26,1
APP003901,Male,No,2,Graduate,Self-Employed,112812.0,631.0,45000.0,60,1.0,north,27.0,2024-09-28,0
APP004862,Female,Yes,1,Graduate,Self-Employed,91588.0,3587.0,75000.0,120,1.0,West,21.0,2024-10-04,0
APP004523,Female,No,1,Not Graduate,Salaried ,55298.0,6177.0,109000.0,360,1.0,South,46.0,2024-02-10,0
APP004845,Male,Yes,3,Not Graduate,Salaried ,20219.0,6934.0,181000.0,12,1.0,North,27.0,2023-03-25,0
APP002433,Female,No,1,Graduate,Self-Employed,32588.0,2833.0,121000.0,84,,North,21.0,2024-05-15,0
APP004494,Female,No,2,Graduate,Self-Employed,54148.0,6570.0,65000.0,84,1.0,East,39.0,2023-03-19,0
APP003067,Male,Yes,0,Graduate,Salaried,53070.0,6672.0,100000.0,120,1.0,north,42.0,2023-04-03,0
APP000597,Female,Yes,3,Graduate,Salaried,63677.0,17948.0,60000.0,36,1.0,South,34.0,2024-08-07,0
APP003695,Male,Yes,0,Graduate,Salaried,77402.0,7773.0,339000.0,120,0.0,East,59.0,2023-08-19,0
APP004556,Male,Yes,0,Graduate,Salaried,60810.0,10539.0,73000.0,60,1.0,East,46.0,2024-05-15,0
APP005517,Female,No,4,Graduate,salaried,76076.0,11768.0,95000.0,36,1.0,North,37.0,2024-09-15,0
APP002754,Male,No,1,Not Graduate,SELF-EMPLOYED,34715.0,2512.0,60000.0,120,1.0,EAST,43.0,2023-02-17,0
APP002143,Female,Yes,1,Graduate,salaried,23365.0,5980.0,72000.0,12,,North,46.0,2024-12-13,1
APP001884,Female,Yes,2,Graduate,Salaried,48975.0,12138.0,102000.0,48,1.0,North,54.0,2023-05-26,0
APP004600,Male,No,3,Graduate,SELF-EMPLOYED,41343.0,422.0,184000.0,60,1.0,East,38.0,2024-05-23,0
APP001941,Male,Yes,3,Not Graduate,Self-Employed,60052.0,5000.0,185000.0,60,1.0,East,49.0,2024-05-22,0
APP004529,Male,No,3,Graduate,self employed,16999.0,1634.0,110000.0,240,1.0,South,25.0,2024-07-21,0
APP004784,Male,No,1,Graduate,Salaried,23371.0,4864.0,72000.0,48,1.0,north,22.0,2023-04-05,1
APP002017,Male,No,2,Not Graduate,Salaried ,37108.0,4752.0,76000.0,36,1.0,West,44.0,2024-02-22,0
APP003071,Female,No,0,Graduate,self employed,31641.0,2579.0,70000.0,120,1.0,North,28.0,2023-03-14,0
APP005002,Male,Yes,1,Not Graduate,Salaried,24715.0,3666.0,35000.0,36,1.0,North,28.0,2024-01-24,0
APP003303,Male,Yes,0,Not Graduate,Salaried,40960.0,2091.0,66000.0,48,1.0,North,33.0,2024-01-12,0
APP001043,Male,No,0,Graduate,Self-Employed,58070.0,7522.0,70000.0,84,1.0,South,42.0,2024-09-05,0
APP005032,Male,No,4,Graduate,self employed,58624.0,11901.0,83000.0,84,1.0,North,39.0,2024-02-07,0
APP005665,Female,No,0,Graduate,Salaried,37849.0,6873.0,54000.0,60,1.0,South,40.0,2024-12-21,0
APP002977,Female,Yes,2,Graduate,Salaried,32869.0,8689.0,174000.0,360,1.0,South,49.0,2024-09-25,0
APP001083,Male,Yes,1,Graduate,Self-Employed,12843.0,1077.0,78000.0,60,1.0,South,44.0,2024-10-17,0
APP002651,Male,No,1,Graduate,self employed,41276.0,11402.0,146000.0,12,1.0,north,29.0,2024-05-21,0
APP000130,Male,Yes,0,Graduate,SELF-EMPLOYED,31121.0,5510.0,103000.0,84,1.0,North,36.0,2023-06-14,0
APP004505,Male,No,0,Graduate,Salaried,,3983.0,158000.0,180,1.0,North,44.0,2023-03-10,0
APP005400,Female,No,3,Graduate,Salaried,27723.0,5917.0,472000.0,84,1.0,EAST,41.0,2023-01-05,0
APP002956,Female,Yes,2,Graduate,Salaried ,66083.0,17671.0,54000.0,240,1.0,East,47.0,2023-09-18,0
APP002005,Male,Yes,2,Not Graduate,Self-Employed,76607.0,5104.0,141000.0,84,1.0,West,34.0,2023-06-11,0
APP000188,Male,Yes,0,Graduate,Salaried,99809.0,5192.0,212000.0,120,0.0,East,44.0,2023-10-16,0
APP005357,Male,Yes,2,Graduate,Salaried,74871.0,23519.0,55000.0,360,1.0,East,50.0,2023-09-29,0
APP004057,Female,No,0,Not Graduate,Salaried,71226.0,19140.0,68000.0,84,1.0,East,49.0,2024-05-04,1
APP005225,Male,Yes,2,Graduate,salaried,60812.0,7350.0,79000.0,60,1.0,East,36.0,2024-04-25,0
APP004587,Male,Yes,0,Graduate,Salaried,37982.0,1674.0,75000.0,48,1.0,South,50.0,2023-03-09,0
APP004842,Female,No,0,Not Graduate,SELF-EMPLOYED,10830.0,327.0,23000.0,120,1.0,South,31.0,2023-12-25,0
APP003669,Male,No,3,Graduate,Salaried,55750.0,19272.0,28000.0,36,0.0,South,45.0,2024-09-06,0
APP002756,Male,No,1,Graduate,Salaried ,63171.0,21921.0,92000.0,360,1.0,EAST,32.0,2024-07-18,0
APP002109,Male,No,1,Graduate,salaried,34547.0,10921.0,52000.0,180,1.0,EAST,37.0,2023-05-05,0
APP001756,Female,No,1,Not Graduate,Salaried ,22610.0,5102.0,213000.0,48,1.0,North,45.0,2023-01-20,0
APP002044,Male,No,0,Graduate,salaried,77044.0,2253.0,66000.0,84,1.0,East,40.0,2024-09-10,0
APP005890,Male,No,1,Graduate,Salaried,62715.0,10133.0,143000.0,36,1.0,East,30.0,2024-12-02,0
APP003729,Male,Yes,0,Not Graduate,Self-Employed,32444.0,3931.0,136000.0,60,1.0,north,36.0,2024-08-29,0
APP004939,Female,Yes,1,Graduate,Salaried,54334.0,12562.0,89000.0,120,1.0,South,25.0,2023-04-13,0
APP004273,Male,Yes,2,Not Graduate,Salaried,45004.0,5543.0,171000.0,120,1.0,South,33.0,2023-08-17,1
APP002662,Female,Yes,1,Graduate,self employed,40546.0,11596.0,158000.0,240,1.0,West,30.0,2023-06-12,0
APP004390,Male,Yes,0,Not Graduate,Salaried ,22421.0,7554.0,257000.0,36,1.0,East,53.0,2024-03-24,0
APP004526,Male,Yes,1,Graduate,Self-Employed,26830.0,6583.0,192000.0,180,1.0,East,52.0,2023-10-03,0
APP005332,Male,Yes,0,Graduate,Self-Employed,130604.0,27217.0,108000.0,240,0.0,South,43.0,2024-12-12,0
APP005234,Male,Yes,1,Graduate,Self-Employed,64577.0,1197.0,70000.0,240,1.0,East,46.0,2024-12-01,0
APP002563,Male,No,2,Not Graduate,Self-Employed,52430.0,3590.0,116000.0,84,1.0,South,52.0,2024-04-18,1
APP002282,Male,Yes,0,Graduate,Salaried,73324.0,15928.0,100000.0,84,1.0,North,40.0,2024-11-26,0
APP005437,Male,No,1,Not Graduate,Salaried,27803.0,7432.0,45000.0,24,1.0,West,59.0,2023-12-07,0
APP003149,Female,No,1,Graduate,SELF-EMPLOYED,23717.0,33.0,101000.0,60,1.0,EAST,57.0,2024-12-03,0
APP004953,Male,No,0,Graduate,Salaried ,31924.0,6394.0,96000.0,84,1.0,North,24.0,2024-09-28,0
APP003989,Male,Yes,1,Graduate,self employed,41348.0,4250.0,74000.0,360,1.0,East,43.0,2023-07-22,0
APP003565,Male,No,1,Graduate,Self-Employed,145182.0,13016.0,98000.0,120,1.0,north,46.0,2023-01-06,0
APP005572,Male,Yes,1,Not Graduate,SELF-EMPLOYED,28829.0,8.0,92000.0,120,1.0,North,21.0,2023-10-25,0
APP003045,Female,No,0,Graduate,SELF-EMPLOYED,86858.0,211.0,110000.0,240,0.0,North,32.0,2024-05-15,1
APP003932,Male,Yes,2,Not Graduate,Self-Employed,122417.0,18468.0,121000.0,360,0.0,West,29.0,2024-03-15,0
APP003629,Female,Yes,1,Graduate,Self-Employed,70290.0,10462.0,137000.0,36,1.0,South,41.0,2023-10-11,0
APP004380,Male,Yes,1,Graduate,Salaried,65974.0,9469.0,194000.0,48,1.0,West ,43.0,2023-01-16,0
APP001335,Female,No,1,Graduate,Self-Employed,30958.0,2443.0,128000.0,24,1.0,West,54.0,2023-03-22,0
APP002906,Male,Yes,2,Graduate,salaried,40179.0,9222.0,81000.0,120,,EAST,54.0,2023-07-09,0
APP004748,Male,No,4,Graduate,Salaried ,87048.0,17223.0,136000.0,84,1.0,East,37.0,2024-09-16,0
APP004661,Male,Yes,1,Graduate,SELF-EMPLOYED,43482.0,402.0,120000.0,60,1.0,West ,21.0,2024-11-17,0
APP002014,Male,Yes,1,Graduate,self employed,29519.0,4163.0,56000.0,180,0.0,EAST,52.0,2024-10-28,0
APP005853,Female,No,0,Graduate,salaried,30849.0,3494.0,158000.0,60,1.0,West,44.0,2024-06-17,0
APP004433,Male,No,0,Graduate,Self-Employed,82161.0,23424.0,106000.0,84,1.0,West ,25.0,2023-07-03,0
APP001683,Female,No,2,Graduate,Salaried ,59905.0,13020.0,65000.0,12,1.0,South,44.0,2023-04-11,1
APP001196,Female,Yes,4,Graduate,self employed,53726.0,8983.0,180000.0,48,1.0,South,52.0,2024-04-01,0
APP002482,Female,Yes,0,Graduate,Salaried,39189.0,3547.0,25000.0,36,,South,40.0,2023-09-04,1
APP004026,Female,Yes,2,Not Graduate,Salaried ,57627.0,13854.0,79000.0,48,1.0,North,26.0,2024-10-21,0
APP000966,Male,No,1,Graduate,SELF-EMPLOYED,32538.0,6444.0,118000.0,240,0.0,West,41.0,2024-10-22,1
APP004879,Male,No,3,Graduate,Self-Employed,52594.0,7375.0,153000.0,180,,West,41.0,2023-04-25,0
APP000992,Female,Yes,0,Not Graduate,Salaried,35168.0,6751.0,116000.0,48,1.0,East,29.0,2023-04-19,0
APP004064,Male,Yes,2,Graduate,salaried,18059.0,4402.0,153000.0,60,1.0,North,45.0,2024-03-18,0
APP000146,Male,No,1,Not Graduate,self employed,62176.0,14192.0,102000.0,180,1.0,East,50.0,2024-05-26,0
APP002454,Male,Yes,0,Not Graduate,Self-Employed,71523.0,19185.0,169000.0,24,1.0,South,52.0,2023-04-01,0
APP003557,Male,Yes,2,Graduate,SELF-EMPLOYED,34597.0,1431.0,161000.0,120,1.0,West,21.0,2023-06-10,0
APP000416,Male,No,1,Not Graduate,SELF-EMPLOYED,43640.0,3473.0,88000.0,120,1.0,South,52.0,2023-11-15,0
APP003034,Male,No,2,Not Graduate,Self-Employed,48212.0,16141.0,135000.0,180,1.0,north,26.0,2023-01-04,0
APP000053,Female,Yes,3,Graduate,salaried,223099.0,53301.0,109000.0,36,1.0,South,44.0,2024-05-02,0
APP001991,Female,Yes,0,Graduate,Salaried,58886.0,8391.0,107000.0,360,,East,42.0,2023-08-23,0
APP004129,Male,No,0,Graduate,Salaried,57686.0,3025.0,130000.0,180,0.0,South,25.0,2024-06-13,0
APP002451,Male,Yes,4,Not Graduate,Self-Employed,73231.0,22450.0,48000.0,120,1.0,EAST,38.0,2023-05-07,0
APP005207,Female,Yes,0,Not Graduate,Salaried,24474.0,3093.0,111000.0,36,,West,40.0,2024-06-06,1
APP003373,Male,Yes,0,Graduate,Salaried,25937.0,2286.0,67000.0,84,1.0,East,30.0,2024-02-07,1
APP001954,Female,No,3,Graduate,Salaried,53041.0,7866.0,64000.0,360,1.0,South,31.0,2023-11-15,0
APP004022,Male,No,2,Graduate,Salaried,39874.0,5244.0,53000.0,24,1.0,north,41.0,2023-08-02,0
APP002548,Male,Yes,0,Graduate,Salaried,74868.0,21874.0,41000.0,12,1.0,South,30.0,2024-12-26,0
APP004151,Male,Yes,1,Graduate,Salaried,84089.0,1989.0,61000.0,180,0.0,EAST,55.0,2024-09-24,0
APP000890,Male,Yes,2,Graduate,SELF-EMPLOYED,18423.0,1826.0,582000.0,24,1.0,West,32.0,2023-10-11,0
APP000552,Female,Yes,0,Graduate,Salaried,68171.0,1405.0,98000.0,60,1.0,EAST,37.0,2023-08-10,0
APP004846,Male,Yes,2,Not Graduate,Salaried,74180.0,25664.0,109000.0,24,1.0,North,37.0,2023-12-02,0
APP001522,Female,No,3,Graduate,Self-Employed,57874.0,13613.0,154000.0,48,0.0,West,46.0,2023-09-14,0
APP002390,Female,Yes,0,Graduate,Salaried,30860.0,10367.0,63000.0,24,0.0,South,51.0,2024-09-25,0
APP001077,Male,No,0,Not Graduate,Salaried,216786.0,70860.0,218000.0,48,,north,34.0,2023-11-09,0
APP004397,Male,Yes,0,Graduate,self employed,67088.0,5106.0,63000.0,12,1.0,North,36.0,2024-08-01,0
APP002567,Male,Yes,2,Not Graduate,salaried,33073.0,3889.0,110000.0,240,0.0,North,47.0,2024-02-21,1
APP003739,Female,No,0,Graduate,Salaried,47022.0,9372.0,78000.0,360,1.0,South,,2023-12-23,0
APP005636,Male,Yes,0,Not Graduate,Self-Employed,65908.0,20601.0,126000.0,240,,South,37.0,2023-01-05,0
APP001647,Male,Yes,4,Graduate,Salaried,80709.0,4279.0,137000.0,36,1.0,East,39.0,2024-12-09,0
APP002142,Male,No,4,Graduate,salaried,38164.0,8475.0,46000.0,48,1.0,North,55.0,2024-03-03,0
APP004048,Male,No,2,Graduate,Salaried ,44608.0,9898.0,147000.0,84,1.0,West,21.0,2023-03-27,0
APP000861,Female,No,0,Not Graduate,self employed,32383.0,1381.0,89000.0,180,1.0,South,27.0,2023-11-16,1
APP005066,Male,Yes,3,Graduate,Self-Employed,60261.0,10118.0,78000.0,120,0.0,West ,48.0,2024-01-28,1
APP000359,Female,Yes,0,Not Graduate,Salaried,18008.0,2747.0,104000.0,48,1.0,West,45.0,2024-02-24,0
APP001119,Male,Yes,2,Not Graduate,Salaried ,56035.0,9363.0,135000.0,360,1.0,North,51.0,2023-01-01,0
APP000447,Female,No,0,Not Graduate,Salaried,45767.0,9917.0,155000.0,360,1.0,North,30.0,2023-12-21,0
APP003594,Male,Yes,2,Graduate,self employed,122346.0,36554.0,41000.0,60,1.0,North,44.0,2024-05-06,0
APP001755,Female,No,0,Graduate,Self-Employed,43243.0,7235.0,106000.0,180,1.0,EAST,37.0,2023-01-29,0
APP004187,Male,Yes,2,Graduate,Salaried,19085.0,1845.0,46000.0,84,1.0,South,28.0,2023-11-21,0
APP005116,Female,Yes,0,Not Graduate,SELF-EMPLOYED,56276.0,9700.0,143000.0,48,1.0,South,35.0,2024-11-07,0
APP000290,Female,No,0,Graduate,Salaried,32718.0,6668.0,261000.0,36,1.0,West,40.0,2023-12-22,0
APP004621,Female,Yes,2,Not Graduate,Salaried,28171.0,7228.0,68000.0,84,1.0,north,35.0,2023-12-03,0
APP001791,Male,No,1,Graduate,Self-Employed,40025.0,570.0,196000.0,84,1.0,East,47.0,2024-09-09,0
APP004650,Male,Yes,0,Graduate,Self-Employed,27253.0,5282.0,32000.0,48,1.0,West,42.0,2023-11-14,0
APP000906,Female,Yes,2,Not Graduate,Self-Employed,28160.0,9854.0,145000.0,84,1.0,East,22.0,2023-02-17,0
APP003056,Female,Yes,1,Graduate,Salaried ,34517.0,3528.0,58000.0,120,1.0,north,35.0,2024-10-28,0
APP004691,Male,Yes,0,Not Graduate,SELF-EMPLOYED,57566.0,13983.0,178000.0,60,1.0,South,34.0,2023-09-25,0
APP000257,Female,Yes,0,Graduate,Salaried,54498.0,13605.0,133000.0,120,1.0,South,41.0,2023-08-11,0
APP001499,Male,Yes,1,Graduate,Salaried,57536.0,6933.0,76000.0,24,1.0,West,37.0,2024-06-02,0
APP003388,Male,Yes,1,Graduate,Salaried,49306.0,14118.0,127000.0,60,0.0,West,39.0,2024-05-16,0
APP003197,Female,Yes,0,Not Graduate,Salaried,58253.0,4808.0,96000.0,48,1.0,north,21.0,2023-11-27,0
APP004851,Female,Yes,0,Not Graduate,Salaried,21101.0,6996.0,226000.0,84,1.0,North,34.0,2024-04-15,0
APP001876,Male,Yes,2,Graduate,Salaried,54355.0,14756.0,151000.0,84,1.0,West ,62.0,2024-08-01,0
APP002191,Male,No,0,Not Graduate,Salaried,62180.0,17909.0,38000.0,180,1.0,West,58.0,2024-09-06,0
APP005118,Male,Yes,0,Graduate,self employed,71476.0,24511.0,115000.0,240,1.0,North,56.0,2023-07-13,0
APP001874,Female,No,2,Graduate,SELF-EMPLOYED,19227.0,847.0,50000.0,240,,North,27.0,2024-04-05,0
APP001264,Male,Yes,0,Graduate,Self-Employed,53869.0,17330.0,58000.0,180,1.0,East,30.0,2023-06-27,0
APP005634,Male,No,1,Graduate,Salaried,69926.0,15935.0,126000.0,360,1.0,South,25.0,2023-10-30,0
APP001011,Male,No,1,Graduate,Self-Employed,49574.0,15271.0,136000.0,12,1.0,north,38.0,2024-03-20,0
APP001437,Male,No,1,Graduate,Self-Employed,44843.0,9263.0,189000.0,120,1.0,South,53.0,2024-10-17,0
APP002739,Female,Yes,2,Graduate,Salaried,82576.0,15011.0,29000.0,24,1.0,EAST,44.0,2024-02-07,0
APP005670,Female,Yes,0,Not Graduate,SELF-EMPLOYED,46947.0,10130.0,376000.0,120,1.0,North,32.0,2023-04-10,1
APP004140,Male,No,0,Not Graduate,Self-Employed,51278.0,11230.0,93000.0,60,1.0,West,26.0,2024-04-06,0
APP004065,Female,Yes,1,Graduate,Salaried ,36947.0,12630.0,124000.0,120,0.0,West,21.0,2024-07-18,0
APP003384,Male,Yes,3,Graduate,salaried,44898.0,10492.0,66000.0,36,1.0,north,36.0,2023-01-06,0
APP005385,Female,Yes,3,Graduate,Salaried,62600.0,4926.0,54000.0,36,1.0,West,43.0,2023-02-27,0
APP004172,Female,Yes,2,Not Graduate,SELF-EMPLOYED,53538.0,12683.0,148000.0,48,1.0,South,30.0,2023-11-04,0
APP003939,Male,Yes,3,Graduate,Salaried,90809.0,370.0,52000.0,120,1.0,South,42.0,2023-07-01,0
APP002495,Male,Yes,2,Not Graduate,self employed,47497.0,15820.0,151000.0,36,0.0,South,41.0,2023-10-01,0
APP004593,Male,No,3,Graduate,salaried,,1389.0,153000.0,180,1.0,East,34.0,2023-07-24,0
APP001864,Male,Yes,0,Graduate,SELF-EMPLOYED,101772.0,3451.0,41000.0,120,1.0,West,50.0,2023-02-21,0
APP000739,Male,No,0,Graduate,Self-Employed,112814.0,30154.0,64000.0,24,0.0,West,44.0,2024-07-20,0
APP001538,Female,No,1,Graduate,Salaried,64324.0,13145.0,90000.0,84,,North,38.0,2024-01-21,0
APP003151,Female,Yes,3,Graduate,SELF-EMPLOYED,99416.0,4949.0,92000.0,120,1.0,South,52.0,2023-08-19,1
APP000672,Female,Yes,3,Graduate,Salaried,51539.0,2813.0,64000.0,180,0.0,South,22.0,2024-08-21,1
APP000730,Male,Yes,2,Graduate,salaried,70460.0,5577.0,84000.0,120,1.0,West,31.0,2024-08-26,0
APP004205,Male,No,0,Graduate,Salaried,28462.0,3146.0,97000.0,240,1.0,South,38.0,2024-06-25,0
APP000719,Male,Yes,0,Graduate,Salaried,38445.0,1559.0,82000.0,240,1.0,West,45.0,2024-09-29,0
APP005067,Male,Yes,3,Graduate,Salaried,46011.0,10852.0,15000.0,240,1.0,East,42.0,2023-06-10,0
APP000433,Female,Yes,1,Graduate,salaried,75889.0,21368.0,73000.0,84,1.0,West,27.0,2023-05-12,0
APP005237,,Yes,0,Graduate,Self-Employed,50760.0,11324.0,98000.0,60,0.0,West,34.0,2024-08-19,0
APP005944,Female,No,2,Graduate,Self-Employed,37025.0,12318.0,147000.0,120,1.0,West,21.0,2024-01-11,0
APP001675,Female,No,0,Not Graduate,salaried,46853.0,15070.0,101000.0,360,,West,31.0,2023-12-21,0
APP005977,Male,No,0,Graduate,SELF-EMPLOYED,44337.0,1044.0,87000.0,180,,North,46.0,2024-10-27,0
APP005626,Female,No,4,Graduate,Salaried ,16397.0,3777.0,46000.0,180,1.0,north,49.0,2024-04-02,0
APP002159,Male,Yes,0,Graduate,self employed,85474.0,22737.0,91000.0,36,1.0,north,38.0,2024-06-18,0
APP005506,Male,Yes,0,Graduate,Salaried,44281.0,989.0,142000.0,48,,North,38.0,2023-05-18,0
APP002384,Male,Yes,1,Not Graduate,Salaried ,38624.0,4717.0,84000.0,180,1.0,South,23.0,2023-05-31,0
APP002186,Female,Yes,1,Graduate,salaried,200441.0,1385.0,20000.0,240,,West ,21.0,2024-01-16,0
APP005518,Female,Yes,1,Graduate,Self-Employed,49186.0,10294.0,182000.0,240,1.0,West,45.0,2023-06-01,0
APP004458,Male,Yes,0,Graduate,self employed,118855.0,11395.0,62000.0,48,1.0,West ,37.0,2023-06-12,0
APP005259,Male,Yes,0,Graduate,Salaried,107850.0,4735.0,128000.0,24,1.0,north,21.0,2024-05-28,0
APP002121,Female,Yes,0,Graduate,salaried,49895.0,1310.0,17000.0,60,1.0,East,37.0,2023-06-26,0
APP004446,Female,No,2,Graduate,Salaried,36556.0,12731.0,103000.0,12,1.0,East,42.0,2024-03-03,0
APP005298,Female,Yes,0,Graduate,self employed,46830.0,13939.0,,36,0.0,South,33.0,2024-09-23,1
APP004926,Male,No,0,Graduate,Salaried ,17800.0,3756.0,191000.0,120,1.0,EAST,39.0,2023-01-05,0
APP002463,Female,No,2,Graduate,salaried,,4648.0,78000.0,36,1.0,East,40.0,2024-07-14,1
APP005388,Female,Yes,1,Graduate,self employed,26434.0,4735.0,217000.0,120,1.0,north,47.0,2023-03-13,1
APP002974,Female,No,1,Graduate,Salaried,41571.0,282.0,185000.0,180,1.0,West ,35.0,2024-05-02,0
APP002889,Female,Yes,3,Graduate,Salaried ,31532.0,9766.0,102000.0,60,1.0,West ,21.0,2024-08-02,0
APP002131,Male,No,1,Graduate,salaried,141967.0,29422.0,182000.0,36,1.0,West,48.0,2023-01-22,1
APP005544,Female,No,2,Graduate,self employed,67105.0,17864.0,93000.0,36,1.0,East,21.0,2024-02-24,0
APP005594,Female,Yes,1,Not Graduate,Salaried ,23794.0,3686.0,107000.0,120,1.0,West ,27.0,2024-02-24,0
APP000163,Female,Yes,1,Graduate,Salaried,27301.0,5460.0,175000.0,180,0.0,West,34.0,2023-04-21,0
APP000319,Male,No,1,Graduate,SELF-EMPLOYED,73203.0,21419.0,81000.0,24,1.0,South,36.0,2024-12-02,0
APP003745,Male,Yes,0,Graduate,SELF-EMPLOYED,53311.0,14986.0,156000.0,84,1.0,EAST,45.0,2024-08-10,0
APP004801,Male,No,0,Not Graduate,SELF-EMPLOYED,21182.0,4078.0,106000.0,84,1.0,North,37.0,2024-06-21,0
APP002863,Female,Yes,4,Graduate,Salaried,108643.0,12593.0,47000.0,240,1.0,East,35.0,2024-01-02,0
APP005025,Female,Yes,0,Graduate,salaried,75016.0,22196.0,174000.0,60,0.0,South,34.0,2024-09-06,1
APP002124,Male,No,0,Graduate,Salaried,124424.0,29886.0,102000.0,120,1.0,South,28.0,2023-10-19,0
APP004297,Male,No,0,Graduate,Salaried,57663.0,7355.0,65000.0,60,1.0,North,46.0,2024-03-21,0
APP001730,Female,No,3,Graduate,Salaried,24387.0,3075.0,95000.0,360,0.0,EAST,55.0,2023-02-12,0
APP002812,Female,Yes,4,Graduate,Salaried ,102953.0,33357.0,317000.0,120,0.0,East,49.0,2023-10-19,0
APP003930,Male,No,2,Graduate,Salaried ,22705.0,1281.0,58000.0,24,1.0,South,45.0,2023-11-13,0
APP002736,Female,No,1,Not Graduate,Salaried ,40055.0,8256.0,95000.0,120,1.0,West,30.0,2024-03-04,0
APP002499,Female,Yes,0,Graduate,Self-Employed,27681.0,7167.0,87000.0,60,1.0,East,51.0,2024-02-15,1
APP004492,Female,No,2,Not Graduate,Salaried,21134.0,5364.0,154000.0,84,1.0,West,32.0,2024-03-18,0
APP000748,Male,Yes,4,Graduate,Salaried,89719.0,4269.0,118000.0,60,1.0,East,42.0,2024-06-03,0
APP002504,Female,No,3,Graduate,Salaried,99460.0,34692.0,29000.0,84,1.0,north,47.0,2023-11-18,1
APP002355,Female,No,2,Graduate,Salaried,52889.0,3795.0,157000.0,120,1.0,East,31.0,2023-03-31,0
APP000232,Male,No,3,Graduate,Self-Employed,58103.0,18685.0,94000.0,120,1.0,West,42.0,2023-05-24,0
APP002409,Female,Yes,1,Graduate,Self-Employed,8337.0,2901.0,160000.0,120,1.0,West,35.0,2023-08-03,0
APP003507,Female,Yes,3,Graduate,Salaried,119220.0,34142.0,29000.0,240,0.0,South,32.0,2023-11-25,0
APP001392,Male,No,0,Graduate,Salaried ,55034.0,13567.0,46000.0,48,0.0,East,34.0,2023-04-14,1
APP005027,Male,Yes,2,Graduate,Salaried ,45722.0,10972.0,32000.0,12,1.0,North,38.0,2023-10-11,0
APP003185,Male,Yes,0,Graduate,Salaried,42148.0,13658.0,209000.0,84,1.0,South,39.0,2024-12-11,0
APP001247,Male,Yes,4,Graduate,SELF-EMPLOYED,55934.0,11035.0,148000.0,120,1.0,West ,36.0,2023-07-24,1
APP001529,Female,Yes,1,Graduate,Self-Employed,106833.0,33138.0,311000.0,36,1.0,South,50.0,2024-05-24,0
APP003904,Male,Yes,0,Graduate,Salaried,25790.0,1285.0,70000.0,120,1.0,EAST,24.0,2024-09-11,0
APP001078,Female,Yes,1,Graduate,Salaried,43180.0,4077.0,121000.0,36,1.0,North,46.0,2024-07-13,0
APP004422,Female,No,1,Graduate,Salaried,67276.0,15667.0,47000.0,48,1.0,North,43.0,2024-04-13,0
APP002093,Male,Yes,0,Graduate,Salaried,74021.0,10711.0,70000.0,120,1.0,EAST,47.0,2023-07-04,0
APP000798,Male,Yes,3,Graduate,Self-Employed,46143.0,11215.0,130000.0,180,1.0,South,26.0,2023-04-30,0
APP001329,Female,Yes,1,Graduate,Salaried ,50369.0,12061.0,191000.0,36,1.0,South,38.0,2024-11-29,0
APP002791,Female,No,4,Graduate,Salaried,54018.0,8734.0,165000.0,60,1.0,EAST,45.0,2024-06-29,0
APP004707,Female,Yes,3,Not Graduate,salaried,77247.0,18704.0,157000.0,36,0.0,East,46.0,2023-01-22,0
APP005247,Female,No,2,Graduate,Self-Employed,28086.0,9824.0,122000.0,60,,North,61.0,2023-03-19,0
APP002235,Female,No,4,Not Graduate,Self-Employed,35662.0,5185.0,60000.0,60,1.0,South,41.0,2024-08-10,0
APP004990,Female,No,0,Graduate,self employed,55868.0,1719.0,115000.0,48,1.0,North,39.0,2023-07-26,0
APP000997,Female,Yes,3,Graduate,Self-Employed,52824.0,14853.0,129000.0,84,1.0,North,,2024-06-15,0
APP005902,Male,Yes,0,Graduate,self employed,21147.0,5239.0,82000.0,180,1.0,West,21.0,2023-06-13,0
APP001016,Female,No,0,Graduate,self employed,54790.0,12073.0,147000.0,240,1.0,West,28.0,2024-12-30,0
APP003236,Male,Yes,0,Not Graduate,SELF-EMPLOYED,39774.0,13000.0,192000.0,60,1.0,West,56.0,2024-05-28,0
APP002954,Male,Yes,2,Graduate,salaried,80519.0,25970.0,99000.0,84,1.0,South,32.0,2023-11-20,0
APP001131,Female,Yes,0,Not Graduate,Salaried ,40776.0,6999.0,42000.0,48,1.0,West ,32.0,2024-10-04,0
APP003124,Male,No,2,Not Graduate,salaried,30629.0,7931.0,197000.0,24,1.0,East,23.0,2023-09-17,0
APP005743,Female,No,2,Graduate,SELF-EMPLOYED,59853.0,13262.0,237000.0,48,,South,21.0,2024-07-13,0
APP003077,Female,No,0,Not Graduate,Self-Employed,120764.0,13544.0,,120,,South,55.0,2023-12-29,0
APP005098,Male,Yes,1,Graduate,salaried,34227.0,1146.0,105000.0,360,1.0,North,29.0,2023-05-17,0
APP000869,Female,No,2,Graduate,Salaried,44200.0,6785.0,106000.0,48,1.0,South,40.0,2023-08-16,0
APP001430,Female,No,0,Graduate,self employed,79169.0,1204.0,74000.0,84,1.0,East,34.0,2023-05-31,0
APP002747,Male,Yes,0,Not Graduate,Salaried,140819.0,70.0,182000.0,84,1.0,South,31.0,2024-11-22,0
APP004778,Male,Yes,2,Not Graduate,Salaried ,77345.0,23327.0,87000.0,120,1.0,West,30.0,2023-12-17,0
APP002832,Female,Yes,0,Not Graduate,Self-Employed,79224.0,14953.0,128000.0,84,1.0,South,32.0,2023-12-24,1
APP004965,Male,Yes,2,Graduate,Salaried,52478.0,14105.0,107000.0,120,1.0,South,40.0,2023-05-29,0
APP003152,Male,No,4,Graduate,Salaried,47506.0,3710.0,52000.0,36,1.0,South,49.0,2024-05-04,0
APP000894,Male,No,0,Graduate,self employed,46461.0,512.0,40000.0,180,1.0,North,46.0,2023-02-16,0
APP001451,,Yes,2,Graduate,salaried,18938.0,120.0,116000.0,360,1.0,West ,45.0,2024-09-22,0
APP001803,Male,Yes,1,Graduate,Self-Employed,33620.0,5729.0,228000.0,360,,East,49.0,2024-07-14,0
APP005195,Male,Yes,0,Graduate,self employed,30980.0,4584.0,87000.0,180,1.0,West,58.0,2024-10-12,1
APP003963,Male,Yes,0,Not Graduate,Self-Employed,48098.0,9394.0,55000.0,12,1.0,West ,47.0,2023-12-24,0
APP002757,Male,Yes,1,Not Graduate,Self-Employed,56266.0,18348.0,76000.0,60,0.0,West,21.0,2023-04-30,1
APP000326,Female,No,1,Graduate,Salaried,49548.0,16649.0,136000.0,12,1.0,West,47.0,2023-07-18,0
APP003085,Female,No,0,Not Graduate,Salaried,35653.0,7846.0,145000.0,180,1.0,north,39.0,2024-05-03,0
APP001727,Male,Yes,4,Not Graduate,Salaried,33388.0,7573.0,124000.0,60,1.0,West,39.0,2024-09-27,1
APP002125,Female,Yes,1,Graduate,SELF-EMPLOYED,53278.0,5583.0,96000.0,240,1.0,North,45.0,2024-01-05,0
APP002760,Male,Yes,1,Graduate,Self-Employed,32022.0,2714.0,286000.0,180,1.0,North,45.0,2024-02-17,0
APP005584,Female,Yes,4,Graduate,Salaried,81103.0,17948.0,249000.0,360,1.0,East,46.0,2023-10-12,0
APP001108,Female,No,3,Graduate,Self-Employed,35412.0,3166.0,106000.0,84,1.0,West ,56.0,2023-05-27,0
APP001429,Female,No,1,Not Graduate,Salaried,53044.0,1494.0,167000.0,360,0.0,South,40.0,2024-05-05,0
APP004604,Male,No,3,Graduate,Self-Employed,44222.0,10114.0,106000.0,360,1.0,North,33.0,2024-12-11,0
APP003093,Male,No,0,Graduate,self employed,83231.0,12029.0,156000.0,84,1.0,West,59.0,2024-07-21,0
APP002931,Female,No,0,Graduate,Salaried,33857.0,7646.0,214000.0,12,1.0,West,32.0,2023-02-20,0
APP001792,Female,Yes,0,Graduate,Salaried ,76411.0,20533.0,48000.0,360,1.0,North,38.0,2023-02-28,0
APP005288,Male,Yes,0,Not Graduate,self employed,131530.0,26894.0,78000.0,60,1.0,North,40.0,2023-02-25,1
APP001052,Male,Yes,0,Not Graduate,Self-Employed,155441.0,35064.0,82000.0,120,1.0,West,44.0,2024-04-11,0
APP000841,Male,Yes,2,Not Graduate,self employed,40569.0,3091.0,171000.0,12,1.0,North,47.0,2023-02-17,1
APP003072,Female,Yes,1,Graduate,Salaried,54477.0,11753.0,264000.0,180,1.0,South,55.0,2024-10-18,0
APP005946,Male,No,1,Graduate,Salaried,54058.0,1956.0,78000.0,60,,East,30.0,2024-08-26,0
APP004612,Male,No,2,Graduate,SELF-EMPLOYED,62613.0,17604.0,46000.0,12,1.0,East,28.0,2024-07-10,0
APP002845,Male,No,0,Graduate,Salaried,15001.0,4791.0,136000.0,180,1.0,South,47.0,2024-03-06,0
APP000102,Female,No,0,Graduate,Salaried,68931.0,11123.0,91000.0,120,1.0,East,40.0,2023-11-11,0
APP002018,Female,No,1,Graduate,Salaried,44412.0,14517.0,74000.0,120,1.0,South,38.0,2023-04-15,0
APP001768,Male,No,1,Not Graduate,Salaried,40258.0,3290.0,282000.0,84,1.0,South,37.0,2023-11-11,0
APP002733,Male,No,2,Graduate,Salaried,156563.0,14463.0,95000.0,240,0.0,north,46.0,2023-11-18,1
APP004543,Male,Yes,2,Graduate,Salaried,34259.0,8007.0,149000.0,180,0.0,East,42.0,2024-04-23,1
APP003912,Male,No,0,Not Graduate,Salaried ,54267.0,11746.0,126000.0,36,1.0,South,23.0,2024-03-10,0
APP005048,Male,Yes,0,Not Graduate,Self-Employed,60034.0,20056.0,70000.0,84,1.0,north,32.0,2024-08-08,0
APP004495,Female,Yes,0,Graduate,Salaried,37408.0,7371.0,43000.0,24,1.0,South,,2024-06-23,0
APP000074,Female,Yes,2,Not Graduate,Salaried,20379.0,6410.0,56000.0,84,1.0,West,21.0,2024-09-07,0
APP005529,Male,No,4,Graduate,Salaried ,50120.0,7597.0,70000.0,60,1.0,EAST,43.0,2024-03-27,0
APP004618,Female,No,0,Not Graduate,Salaried,40842.0,5980.0,54000.0,60,1.0,East,61.0,2024-12-24,1
APP002656,Male,Yes,4,Not Graduate,Salaried,58273.0,16051.0,187000.0,84,1.0,West,41.0,2023-04-13,0
APP001261,Male,No,1,Not Graduate,Self-Employed,28309.0,2656.0,67000.0,84,1.0,EAST,53.0,2023-01-10,0
APP000831,Male,No,0,Graduate,Self-Employed,34770.0,2751.0,433000.0,360,1.0,North,70.0,2023-10-12,0
APP003111,Female,Yes,1,Graduate,Self-Employed,70402.0,632.0,43000.0,48,1.0,North,37.0,2023-06-29,0
APP004275,Female,Yes,3,Graduate,Salaried ,43852.0,10680.0,48000.0,12,1.0,West,24.0,2023-08-21,0
APP002559,Male,Yes,0,Graduate,Salaried,9654.0,2765.0,64000.0,24,1.0,West,43.0,2024-03-10,0
APP002040,Male,No,2,Graduate,Salaried,49933.0,2052.0,276000.0,180,1.0,North,25.0,2023-06-03,0
APP002078,Male,Yes,4,Graduate,SELF-EMPLOYED,23917.0,8114.0,91000.0,36,1.0,EAST,39.0,2023-09-07,0
APP004638,Female,Yes,1,Graduate,self employed,60060.0,10034.0,177000.0,24,1.0,West ,41.0,2024-07-16,0
APP005920,Female,Yes,2,Graduate,Salaried,55782.0,17123.0,130000.0,180,1.0,East,56.0,2024-07-07,0
APP002372,Female,Yes,4,Not Graduate,self employed,41615.0,8355.0,136000.0,180,,West,51.0,2024-01-28,1
APP004814,Male,Yes,4,Graduate,Salaried ,45745.0,6331.0,75000.0,48,1.0,South,58.0,2023-11-07,0
APP005359,Female,No,4,Graduate,salaried,38508.0,2072.0,133000.0,240,1.0,West,33.0,2024-08-30,0
APP003618,Female,Yes,3,Not Graduate,salaried,99335.0,23822.0,46000.0,84,1.0,South,32.0,2024-04-11,0
APP001565,Female,Yes,0,Not Graduate,salaried,29407.0,8694.0,68000.0,60,1.0,West,39.0,2023-08-30,0
APP002990,Female,Yes,1,Graduate,Salaried,108120.0,9619.0,99000.0,60,1.0,South,37.0,2024-05-17,0
APP001910,Male,Yes,1,Graduate,salaried,131685.0,28784.0,70000.0,60,1.0,West,22.0,2024-08-04,0
APP001435,Male,Yes,0,Graduate,Salaried,91562.0,24067.0,,36,1.0,North,36.0,2024-09-26,0
APP000081,Female,Yes,3,Graduate,Self-Employed,70453.0,18026.0,96000.0,60,1.0,North,34.0,2024-12-13,0
APP000406,Female,No,2,Graduate,Self-Employed,73198.0,19992.0,132000.0,48,1.0,West,62.0,2023-08-12,0
APP001789,Male,No,3,Not Graduate,Salaried,40478.0,4667.0,57000.0,120,1.0,north,25.0,2023-02-07,0
APP001652,Male,No,0,Graduate,Salaried,45726.0,5809.0,98000.0,24,0.0,North,48.0,2024-05-17,1
APP001228,Male,Yes,0,Graduate,Salaried,151691.0,44839.0,43000.0,60,1.0,South,59.0,2024-01-06,0
APP001998,Male,Yes,2,Graduate,Salaried,130765.0,24273.0,428000.0,360,1.0,EAST,45.0,2023-08-17,0
APP004901,Male,No,1,Graduate,Salaried,41607.0,9812.0,67000.0,180,1.0,West,36.0,2023-01-02,0
APP001742,Female,Yes,2,Graduate,Salaried,13235.0,2135.0,62000.0,24,0.0,East,45.0,2024-08-16,0
APP004323,Female,No,1,Not Graduate,Salaried,18779.0,1963.0,61000.0,120,1.0,West,31.0,2024-03-16,0
APP002585,Female,Yes,0,Not Graduate,salaried,29421.0,183.0,112000.0,240,,South,38.0,2024-07-20,0
APP004808,Female,No,0,Graduate,Salaried,41528.0,4672.0,116000.0,360,1.0,West ,45.0,2023-07-28,0
APP003420,Male,Yes,0,Graduate,Salaried,36339.0,11454.0,129000.0,60,1.0,South,36.0,2024-04-18,0
APP002879,Female,No,0,Graduate,Salaried,55798.0,10493.0,229000.0,120,1.0,South,21.0,2023-03-11,0
APP002843,Female,Yes,1,Graduate,salaried,32724.0,5453.0,518000.0,36,0.0,East,39.0,2023-01-23,1
APP002450,Male,No,1,Not Graduate,Salaried,40238.0,699.0,30000.0,84,1.0,North,57.0,2023-04-04,0
APP003039,Male,Yes,4,Not Graduate,SELF-EMPLOYED,80037.0,16.0,116000.0,36,1.0,West,45.0,2024-12-21,0
APP002135,Female,Yes,0,Not Graduate,Salaried ,89513.0,29737.0,133000.0,60,0.0,East,34.0,2023-10-22,0
APP005046,Female,No,2,Graduate,salaried,53703.0,11884.0,47000.0,84,1.0,East,31.0,2024-10-15,0
APP000826,Female,Yes,4,Graduate,Salaried,87280.0,3799.0,76000.0,120,1.0,East,53.0,2023-05-22,0
APP001767,Female,Yes,0,Graduate,SELF-EMPLOYED,47262.0,3189.0,47000.0,48,,East,44.0,2024-02-14,0
APP005786,Female,Yes,4,Graduate,Self-Employed,98703.0,19009.0,244000.0,180,1.0,South,39.0,2023-10-29,0
APP003059,Male,No,1,Graduate,Self-Employed,52192.0,5008.0,60000.0,180,1.0,North,34.0,2024-10-24,0
APP002714,Male,No,0,Not Graduate,Salaried ,112028.0,6479.0,105000.0,120,1.0,West,39.0,2023-08-19,0
APP005475,Male,Yes,3,Graduate,Salaried,112856.0,27313.0,236000.0,180,1.0,West ,31.0,2023-06-21,1
APP003665,Male,Yes,3,Not Graduate,SELF-EMPLOYED,81545.0,9875.0,258000.0,120,1.0,East,39.0,2023-01-12,0
APP002997,,Yes,3,Not Graduate,self employed,60172.0,17137.0,213000.0,84,1.0,East,28.0,2023-09-16,0
APP005465,Male,Yes,0,Graduate,Salaried ,56947.0,19230.0,156000.0,36,1.0,West,27.0,2023-07-03,0
APP005296,Male,Yes,1,Graduate,Self-Employed,42602.0,8798.0,174000.0,120,1.0,East,45.0,2024-09-12,0
APP005239,Male,No,0,Not Graduate,Salaried,29675.0,8353.0,159000.0,60,0.0,West,50.0,2024-06-28,1
APP005164,Male,Yes,3,Not Graduate,Salaried,31950.0,278.0,128000.0,36,1.0,South,42.0,2024-10-17,0
APP004206,Male,Yes,3,Not Graduate,Salaried,168133.0,45003.0,174000.0,240,1.0,East,35.0,2023-11-04,1
APP005058,Male,Yes,2,Not Graduate,Self-Employed,35225.0,8507.0,150000.0,84,1.0,North,39.0,2024-12-24,0
APP003440,Female,Yes,1,Graduate,Salaried,98235.0,17386.0,175000.0,240,1.0,East,43.0,2023-01-30,0
APP004199,Male,Yes,0,Graduate,salaried,40075.0,6961.0,98000.0,120,,South,35.0,2024-11-22,0
APP004989,Female,Yes,1,Graduate,self employed,41005.0,12889.0,121000.0,360,1.0,South,42.0,2024-04-19,0
APP003830,Male,Yes,0,Graduate,Salaried,72423.0,13998.0,142000.0,84,1.0,East,43.0,2023-07-02,0
APP000853,Male,Yes,1,Graduate,Salaried ,93165.0,25236.0,99000.0,240,1.0,north,44.0,2023-06-26,0
APP001741,Female,No,3,Graduate,Self-Employed,52636.0,6154.0,139000.0,240,1.0,North,40.0,2023-10-30,0
APP000652,Male,No,0,Not Graduate,Salaried ,123808.0,8847.0,165000.0,240,1.0,South,42.0,2023-07-29,0
APP002532,Female,No,0,Graduate,salaried,103530.0,18861.0,83000.0,60,1.0,South,26.0,2023-10-24,0
APP002056,Female,No,3,Graduate,Salaried,26300.0,6569.0,97000.0,84,1.0,North,46.0,2023-08-11,0
APP003627,Male,Yes,0,Not Graduate,Salaried ,35941.0,6854.0,312000.0,120,1.0,South,29.0,2023-06-14,0
APP005366,Female,Yes,1,Graduate,Salaried,57977.0,18351.0,190000.0,48,1.0,EAST,27.0,2024-08-30,0
APP000214,Male,Yes,2,Graduate,Salaried,86858.0,7021.0,24000.0,12,0.0,West ,54.0,2024-08-10,0
APP003711,Male,No,2,Graduate,Salaried,43041.0,15.0,191000.0,24,0.0,East,34.0,2023-02-12,0
APP000604,Male,No,4,Graduate,Salaried ,37277.0,7348.0,,240,1.0,South,53.0,2024-02-19,0
APP004962,Male,No,0,Graduate,Salaried ,43246.0,960.0,67000.0,24,1.0,East,34.0,2023-03-30,0
APP003171,Female,No,1,Not Graduate,SELF-EMPLOYED,60709.0,11651.0,158000.0,240,1.0,East,40.0,2023-11-21,0
APP003567,Male,Yes,1,Graduate,Salaried ,44224.0,1162.0,108000.0,60,1.0,West,21.0,2024-04-07,0
APP000369,Male,Yes,4,Not Graduate,Salaried ,86321.0,22464.0,79000.0,180,1.0,West,38.0,2023-01-04,0
APP000471,Male,Yes,0,Graduate,SELF-EMPLOYED,53221.0,7595.0,211000.0,120,1.0,South,45.0,2024-07-26,0
APP003087,Male,Yes,2,Not Graduate,Salaried,38300.0,2435.0,88000.0,36,1.0,South,37.0,2023-09-21,0
APP005277,Male,Yes,1,Graduate,Salaried ,30755.0,1613.0,12000.0,120,1.0,North,42.0,2024-09-17,0
APP005671,Female,No,0,Graduate,self employed,94760.0,23778.0,156000.0,180,1.0,North,46.0,2024-11-20,0
APP000222,Male,Yes,3,Graduate,Salaried,83555.0,28342.0,74000.0,60,1.0,north,55.0,2024-01-23,0
APP000563,Male,Yes,0,Graduate,Salaried,101469.0,1317.0,114000.0,120,1.0,East,38.0,2023-05-26,0
APP005823,Female,No,3,Not Graduate,Salaried ,85415.0,1113.0,110000.0,360,1.0,EAST,25.0,2023-02-06,1
APP003793,Female,Yes,2,Not Graduate,SELF-EMPLOYED,18777.0,1281.0,34000.0,120,1.0,West,52.0,2024-10-04,1
APP001587,Female,Yes,3,Graduate,Salaried,82994.0,15533.0,53000.0,240,1.0,South,21.0,2023-09-11,0
APP005819,Female,Yes,1,Graduate,Salaried,33553.0,7224.0,154000.0,180,1.0,South,56.0,2023-02-14,0
APP005228,Female,No,1,Not Graduate,Self-Employed,61960.0,2244.0,76000.0,60,1.0,South,23.0,2023-01-16,0
APP005603,Male,Yes,2,Not Graduate,Salaried,54722.0,17021.0,330000.0,36,1.0,East,31.0,2023-07-31,1
APP001182,Male,Yes,0,Not Graduate,Salaried ,61287.0,9927.0,74000.0,180,1.0,EAST,23.0,2024-10-27,0
APP002632,Female,No,0,Graduate,SELF-EMPLOYED,36120.0,4160.0,385000.0,180,1.0,North,40.0,2024-06-12,0
APP004676,Female,Yes,2,Graduate,SELF-EMPLOYED,38769.0,7586.0,74000.0,48,,North,37.0,2023-03-27,0
APP001707,Female,No,1,Not Graduate,self employed,64727.0,1629.0,61000.0,240,,North,41.0,2023-08-05,0
APP005316,Male,Yes,0,Not Graduate,Self-Employed,55013.0,7901.0,,120,1.0,North,25.0,2024-08-13,0
APP001422,Male,Yes,0,Graduate,self employed,30367.0,262.0,127000.0,180,0.0,West ,21.0,2024-12-03,0
APP003751,Female,Yes,1,Graduate,Self-Employed,140362.0,46433.0,84000.0,12,1.0,South,48.0,2023-11-19,0
APP003603,Male,No,1,Graduate,Self-Employed,86445.0,12694.0,81000.0,24,1.0,West,30.0,2024-12-20,0
APP004681,Male,Yes,2,Graduate,Salaried,66655.0,17913.0,159000.0,48,1.0,South,52.0,2024-03-18,0
APP002528,Female,No,4,Graduate,Self-Employed,188868.0,36984.0,44000.0,60,1.0,North,68.0,2024-08-30,0
APP004726,Male,No,2,Graduate,Salaried,50453.0,4365.0,155000.0,60,1.0,South,35.0,2023-08-12,0
APP004068,Female,No,4,Not Graduate,Salaried,94206.0,11122.0,57000.0,12,1.0,north,23.0,2024-02-20,0
APP001701,Female,Yes,2,Not Graduate,Self-Employed,21701.0,3676.0,60000.0,84,0.0,South,42.0,2024-01-24,1
APP005762,Female,Yes,1,Graduate,Salaried,33647.0,5080.0,282000.0,120,1.0,South,25.0,2023-10-24,0
APP000101,Male,Yes,2,Graduate,Salaried,67732.0,2393.0,132000.0,84,1.0,South,30.0,2024-12-01,0
APP004291,Male,Yes,3,Graduate,SELF-EMPLOYED,27734.0,4630.0,181000.0,360,0.0,East,27.0,2023-10-24,1
APP005588,Male,Yes,2,Not Graduate,SELF-EMPLOYED,152243.0,14639.0,68000.0,240,1.0,East,49.0,2024-07-30,0
APP004974,Female,No,0,Graduate,Salaried,31416.0,242.0,54000.0,120,1.0,South,36.0,2023-05-18,0
APP001638,Male,No,0,Not Graduate,Self-Employed,38764.0,12491.0,90000.0,120,1.0,North,52.0,2023-08-24,0
APP003415,Female,Yes,0,Not Graduate,Self-Employed,69232.0,21478.0,94000.0,60,1.0,South,56.0,2023-04-26,0
APP005990,Female,Yes,1,Graduate,Salaried ,16513.0,5205.0,222000.0,84,0.0,South,37.0,2023-10-22,0
APP005710,Female,No,1,Graduate,Salaried,36392.0,11283.0,88000.0,84,1.0,EAST,50.0,2023-10-10,0
APP005702,Male,Yes,1,Graduate,SELF-EMPLOYED,47747.0,8160.0,57000.0,48,1.0,West,46.0,2023-01-08,0
APP000068,Female,No,0,Graduate,Salaried ,73611.0,22236.0,78000.0,180,1.0,West,40.0,2023-08-13,0
APP002382,Female,Yes,2,Graduate,Salaried,29091.0,924.0,101000.0,360,,North,28.0,2023-07-16,0
APP003689,Male,Yes,3,Graduate,Self-Employed,57411.0,8208.0,199000.0,180,0.0,North,46.0,2023-04-16,0
APP003481,Male,Yes,3,Not Graduate,self employed,31797.0,6077.0,124000.0,24,1.0,West,41.0,2024-10-09,0
APP001544,Male,Yes,1,Graduate,Salaried ,51354.0,1855.0,68000.0,84,1.0,North,39.0,2024-04-10,0
APP004417,Male,No,2,Graduate,Salaried,36909.0,1364.0,151000.0,120,1.0,EAST,38.0,2023-06-25,0
APP002270,Male,Yes,0,Not Graduate,Salaried ,,616.0,111000.0,84,1.0,North,26.0,2023-03-21,0
APP000373,Male,Yes,2,Not Graduate,Salaried,61092.0,6094.0,93000.0,360,1.0,South,26.0,2023-03-21,0
APP001454,Male,Yes,1,Graduate,SELF-EMPLOYED,32473.0,2742.0,398000.0,240,1.0,North,32.0,2024-07-24,0
APP004735,Male,No,2,Graduate,salaried,107850.0,8535.0,105000.0,120,1.0,West,36.0,2023-10-02,0
APP003257,Female,No,1,Graduate,self employed,58607.0,12920.0,185000.0,24,1.0,South,27.0,2024-07-17,0
APP001556,Male,No,0,Graduate,Salaried,,566.0,105000.0,180,1.0,West,46.0,2024-07-10,0
APP000494,Male,Yes,1,Not Graduate,salaried,27165.0,9156.0,111000.0,60,0.0,West,28.0,2024-05-23,1
APP005289,Male,No,0,Graduate,salaried,114653.0,24406.0,223000.0,180,0.0,South,51.0,2023-01-11,1
APP004134,Female,Yes,3,Not Graduate,Self-Employed,98671.0,1595.0,130000.0,180,1.0,South,27.0,2024-08-22,0
APP001826,Male,Yes,1,Not Graduate,self employed,90369.0,7454.0,110000.0,84,1.0,East,55.0,2024-12-22,0
APP001858,Male,No,1,Graduate,Self-Employed,56843.0,15624.0,86000.0,240,0.0,North,21.0,2024-10-25,1
APP004214,Male,Yes,0,Graduate,Salaried,45209.0,4621.0,85000.0,180,1.0,East,35.0,2024-04-29,0
APP001770,Male,Yes,0,Graduate,Self-Employed,25195.0,2833.0,121000.0,240,,West,42.0,2023-08-08,0
APP004584,Female,Yes,2,Graduate,Salaried,21055.0,6062.0,99000.0,36,0.0,West,36.0,2024-08-21,0
APP001330,Male,No,0,Not Graduate,Self-Employed,72937.0,23502.0,91000.0,84,1.0,North,32.0,2024-08-03,0
APP003909,Male,Yes,1,Graduate,Self-Employed,119297.0,10696.0,130000.0,240,1.0,West ,45.0,2023-09-28,0
APP002773,Female,Yes,0,Graduate,Self-Employed,33961.0,2925.0,64000.0,48,1.0,North,45.0,2024-10-09,0
APP005546,Male,No,2,Graduate,Self-Employed,60800.0,19914.0,95000.0,360,1.0,north,35.0,2024-10-15,0
APP000986,Male,Yes,3,Not Graduate,salaried,42448.0,10525.0,55000.0,180,1.0,South,39.0,2024-11-04,1
APP003256,Male,No,1,Graduate,Salaried ,40391.0,13424.0,37000.0,48,1.0,East,48.0,2024-04-10,0
APP000664,Male,Yes,4,Graduate,SELF-EMPLOYED,,13561.0,54000.0,60,0.0,north,57.0,2024-11-08,0
APP003259,Male,Yes,0,Not Graduate,self employed,95328.0,24005.0,83000.0,360,1.0,West,45.0,2024-06-10,0
APP002117,Male,No,0,Graduate,Salaried,197099.0,34820.0,37000.0,180,1.0,West,29.0,2024-11-09,0
APP001138,Male,Yes,0,Graduate,Salaried,39632.0,12971.0,139000.0,36,1.0,East,,2023-08-03,0
APP001114,Male,No,4,Graduate,Salaried,36321.0,5490.0,87000.0,84,,South,46.0,2024-07-29,0
APP001245,Female,No,4,Not Graduate,Salaried,121701.0,32358.0,86000.0,60,,South,36.0,2024-08-14,1
APP001024,Female,Yes,0,Not Graduate,Salaried,27633.0,5806.0,50000.0,60,1.0,EAST,21.0,2024-03-19,0
APP001442,Male,No,1,Graduate,salaried,23712.0,4420.0,66000.0,48,,South,37.0,2023-07-11,0
APP004411,Male,No,0,Not Graduate,Self-Employed,56212.0,5094.0,164000.0,24,1.0,South,48.0,2023-04-22,0
APP000916,Male,Yes,0,Graduate,Salaried,116134.0,37076.0,71000.0,180,1.0,West,40.0,2024-05-30,0
APP001336,Female,Yes,0,Not Graduate,Salaried,89632.0,12046.0,145000.0,84,1.0,West,32.0,2024-03-24,0
APP004357,Male,No,1,Graduate,Salaried ,45610.0,6283.0,423000.0,36,1.0,East,28.0,2023-08-07,1
APP005905,Male,No,3,Graduate,Self-Employed,31691.0,2703.0,239000.0,12,1.0,West ,37.0,2024-05-10,0
APP002840,Male,Yes,2,Not Graduate,self employed,49831.0,2806.0,77000.0,84,1.0,West ,28.0,2023-01-05,0
APP000532,Female,Yes,1,Not Graduate,Salaried,61673.0,7973.0,98000.0,84,0.0,West,25.0,2023-01-21,0
APP000079,Male,Yes,2,Graduate,salaried,74315.0,8446.0,,60,1.0,West,21.0,2023-06-08,0
APP003630,Female,No,3,Graduate,SELF-EMPLOYED,56463.0,9887.0,187000.0,48,1.0,North,48.0,2023-02-01,0
APP003028,Female,Yes,2,Not Graduate,Self-Employed,24006.0,3136.0,52000.0,120,1.0,East,49.0,2023-03-07,0
APP003748,Male,Yes,2,Graduate,self employed,23360.0,2143.0,36000.0,120,1.0,North,38.0,2024-07-11,0
APP003224,Male,No,0,Graduate,Self-Employed,155542.0,24065.0,95000.0,240,,West,34.0,2024-06-24,0
APP002002,Male,Yes,1,Not Graduate,Salaried,33716.0,5046.0,91000.0,120,1.0,West,49.0,2023-05-06,0
APP004869,Female,Yes,0,Graduate,Self-Employed,14638.0,4549.0,58000.0,84,1.0,East,29.0,2024-03-03,0
APP001167,Female,Yes,0,Graduate,Salaried ,50044.0,15232.0,75000.0,120,1.0,South,38.0,2024-12-23,0
APP004497,Male,Yes,3,Graduate,Self-Employed,18538.0,2694.0,70000.0,36,,West,39.0,2024-09-02,0
APP001091,Female,Yes,1,Graduate,Salaried ,26552.0,2400.0,494000.0,84,1.0,north,26.0,2024-06-23,0
APP004483,Male,Yes,1,Graduate,Salaried,34909.0,8159.0,36000.0,24,0.0,north,24.0,2024-12-26,0
APP005901,Female,No,2,Graduate,salaried,40844.0,9816.0,173000.0,48,1.0,north,40.0,2024-12-17,0
APP005324,Female,No,4,Graduate,Salaried,62221.0,21326.0,127000.0,240,1.0,East,32.0,2023-02-16,0
APP001408,Female,Yes,2,Not Graduate,Salaried,82925.0,53.0,108000.0,180,1.0,East,32.0,2024-02-01,0
APP005576,Male,Yes,1,Graduate,Self-Employed,60621.0,3524.0,159000.0,120,1.0,South,21.0,2024-01-11,0
APP004143,Male,No,2,Graduate,salaried,63248.0,13523.0,103000.0,180,1.0,East,47.0,2024-09-01,0
APP002774,Male,Yes,0,Graduate,SELF-EMPLOYED,14285.0,2881.0,111000.0,240,1.0,EAST,32.0,2024-10-09,0
APP005235,Male,Yes,0,Not Graduate,Salaried,37510.0,9418.0,161000.0,84,,EAST,21.0,2024-09-09,1
APP002951,Female,Yes,3,Graduate,Self-Employed,43551.0,1123.0,122000.0,48,1.0,West,40.0,2023-09-06,0
APP001060,Female,Yes,3,Graduate,self employed,12350.0,146.0,330000.0,60,1.0,East,37.0,2024-07-23,0
APP005447,Male,Yes,0,Not Graduate,Self-Employed,112410.0,19364.0,114000.0,240,1.0,North,32.0,2023-12-17,0
APP003193,Female,Yes,1,Graduate,Self-Employed,41151.0,7271.0,156000.0,240,1.0,West,38.0,2023-01-05,0
APP005410,Male,No,3,Graduate,self employed,74168.0,21703.0,145000.0,180,1.0,South,37.0,2023-08-23,0
APP001407,Female,Yes,0,Graduate,Salaried,50217.0,13354.0,52000.0,240,1.0,North,22.0,2024-04-03,0
APP004599,Male,Yes,1,Graduate,SELF-EMPLOYED,106498.0,9241.0,21000.0,84,1.0,West,46.0,2024-05-23,0
APP002685,Male,No,0,Graduate,SELF-EMPLOYED,75366.0,1861.0,137000.0,36,1.0,EAST,22.0,2023-01-28,0
APP000229,Female,Yes,1,Not Graduate,Self-Employed,41138.0,269.0,117000.0,24,1.0,South,37.0,2023-06-07,0
APP004376,Male,Yes,2,Graduate,self employed,62720.0,9725.0,47000.0,240,,West,31.0,2023-07-07,1
APP001307,Female,Yes,1,Graduate,self employed,76967.0,21370.0,70000.0,48,1.0,north,31.0,2024-01-02,0
APP001280,Male,Yes,1,Graduate,Salaried ,62667.0,8804.0,104000.0,60,1.0,South,59.0,2024-12-11,0
APP003595,Male,Yes,0,Not Graduate,salaried,44889.0,2108.0,77000.0,240,1.0,South,40.0,2023-02-07,0
APP000743,Female,No,3,Graduate,Salaried,44649.0,8640.0,124000.0,180,1.0,West ,52.0,2023-01-25,1
APP005200,Male,Yes,4,Graduate,Salaried ,30782.0,6381.0,203000.0,84,1.0,West ,41.0,2023-07-30,0
APP002858,Male,Yes,4,Graduate,Salaried ,53818.0,1576.0,38000.0,12,0.0,East,49.0,2024-05-23,0
APP001282,Female,Yes,0,Not Graduate,Salaried,89483.0,3802.0,58000.0,60,1.0,South,35.0,2023-02-12,1
APP004222,Female,Yes,2,Graduate,Salaried,36296.0,4168.0,91000.0,84,1.0,north,41.0,2024-01-16,0
APP000723,Male,No,1,Not Graduate,Salaried,83853.0,26719.0,165000.0,36,1.0,East,56.0,2023-09-16,0
APP004186,Female,Yes,3,Graduate,Salaried,37077.0,2172.0,104000.0,120,1.0,West,45.0,2023-05-16,0
APP001548,Male,No,0,Graduate,Salaried ,,12489.0,370000.0,60,1.0,West,43.0,2024-12-15,0
APP004267,Female,No,2,Graduate,SELF-EMPLOYED,33633.0,2562.0,69000.0,120,,West,31.0,2024-01-31,0
APP001691,Male,Yes,1,Graduate,self employed,100351.0,27419.0,84000.0,60,0.0,North,51.0,2023-02-11,1
APP003191,Male,Yes,0,Graduate,Salaried ,24560.0,6255.0,52000.0,36,1.0,West,44.0,2023-03-08,0
APP003892,Male,Yes,0,Not Graduate,Salaried ,94349.0,24855.0,142000.0,120,1.0,West,42.0,2024-09-22,0
APP005747,Female,Yes,1,Not Graduate,Salaried,139435.0,36243.0,84000.0,84,1.0,South,40.0,2023-04-27,0
APP005861,Male,Yes,3,Graduate,Salaried,46880.0,8100.0,,12,1.0,North,2.0,2023-05-03,0
APP000508,Female,Yes,1,Graduate,Salaried,77715.0,3679.0,116000.0,60,1.0,North,39.0,2024-06-02,0
APP004824,Male,Yes,0,Graduate,Salaried,147955.0,28828.0,165000.0,360,1.0,north,53.0,2023-03-02,0
APP002806,Female,No,0,Graduate,Self-Employed,15275.0,3464.0,92000.0,36,1.0,South,57.0,2024-06-18,0
APP001147,Female,No,1,Graduate,Salaried,31270.0,6206.0,193000.0,84,1.0,West,53.0,2024-01-17,0
APP005551,Male,Yes,0,Not Graduate,Salaried,86960.0,23514.0,32000.0,240,1.0,North,62.0,2023-06-11,0
APP001773,Female,No,0,Graduate,Salaried,88076.0,28176.0,35000.0,360,1.0,East,37.0,2023-07-07,0
APP000135,Female,No,0,Graduate,Salaried ,54448.0,449.0,50000.0,60,1.0,East,45.0,2024-10-01,0
APP001389,Female,No,3,Graduate,SELF-EMPLOYED,46030.0,11233.0,257000.0,36,1.0,north,59.0,2023-01-04,0
APP002278,Male,Yes,0,Graduate,Salaried ,108447.0,956.0,108000.0,36,1.0,North,40.0,2024-11-12,0
APP002566,Male,Yes,2,Graduate,salaried,27383.0,8013.0,333000.0,120,1.0,East,26.0,2023-12-08,0
APP003529,Female,Yes,3,Graduate,Salaried,36855.0,10258.0,159000.0,360,1.0,North,38.0,2023-01-06,1
APP005008,Female,Yes,0,Graduate,Self-Employed,61289.0,19886.0,58000.0,240,1.0,East,36.0,2023-06-15,0
APP004880,Female,Yes,4,Graduate,Salaried,69539.0,4153.0,146000.0,240,1.0,north,21.0,2023-07-09,0
APP004789,Male,Yes,2,Graduate,Self-Employed,86360.0,29619.0,204000.0,60,1.0,West,31.0,2023-10-19,0
APP005319,Male,Yes,0,Graduate,salaried,18499.0,2039.0,75000.0,60,1.0,East,31.0,2023-07-25,0
APP003789,Male,Yes,3,Graduate,Self-Employed,43110.0,11912.0,38000.0,84,1.0,North,55.0,2024-05-02,0
APP005491,Male,Yes,1,Graduate,SELF-EMPLOYED,15776.0,111.0,473000.0,12,1.0,East,39.0,2024-11-01,0
APP003407,Female,Yes,0,Graduate,Salaried ,20142.0,5477.0,56000.0,360,1.0,West,25.0,2024-01-30,0
APP005535,Male,Yes,3,Graduate,salaried,38769.0,1580.0,657000.0,24,1.0,East,62.0,2023-01-11,0
APP002467,Male,Yes,0,Not Graduate,Salaried,130160.0,4570.0,155000.0,36,0.0,West,51.0,2024-02-26,1
APP003746,Male,Yes,4,Not Graduate,Salaried,20882.0,3872.0,44000.0,36,1.0,West,53.0,2023-04-15,1
APP002115,Female,No,3,Graduate,Salaried,51567.0,15966.0,51000.0,240,1.0,north,44.0,2023-06-01,0
APP003452,Female,Yes,2,Graduate,Salaried,52944.0,4498.0,77000.0,120,1.0,EAST,31.0,2024-06-09,0
APP000741,Male,Yes,2,Graduate,salaried,39921.0,12872.0,111000.0,36,1.0,East,46.0,2024-03-30,0
APP000714,Male,No,0,Not Graduate,salaried,43389.0,2951.0,158000.0,84,1.0,South,42.0,2023-10-24,0
APP003264,Male,Yes,2,Not Graduate,Salaried,165284.0,26158.0,74000.0,240,1.0,North,38.0,2023-07-20,0
APP003860,Female,Yes,2,Graduate,salaried,19930.0,3237.0,34000.0,120,0.0,north,52.0,2024-08-29,1
APP000196,Male,No,0,Graduate,SELF-EMPLOYED,55894.0,10957.0,54000.0,12,1.0,North,61.0,2024-03-06,0
APP003066,Male,No,0,Graduate,Self-Employed,41114.0,14164.0,27000.0,180,0.0,West,21.0,2023-02-02,0
APP005265,Female,Yes,2,Graduate,Salaried,16332.0,4127.0,153000.0,180,1.0,East,28.0,2023-04-08,0
APP003446,Female,Yes,2,Graduate,self employed,113616.0,7940.0,158000.0,360,,north,38.0,2024-12-23,0
APP003915,Female,Yes,1,Graduate,Salaried,14594.0,611.0,124000.0,240,0.0,East,52.0,2024-01-16,1
APP003055,Female,No,1,Not Graduate,salaried,51969.0,10599.0,148000.0,84,1.0,East,46.0,2023-07-11,0
APP002594,Male,Yes,3,Graduate,Salaried,72343.0,3332.0,583000.0,240,1.0,North,21.0,2024-11-28,0
APP001311,Male,Yes,3,Graduate,Salaried,164573.0,2929.0,69000.0,36,0.0,South,50.0,2024-02-26,0
APP004464,Male,Yes,3,Graduate,Salaried ,21134.0,5831.0,45000.0,180,1.0,West,27.0,2023-03-24,0
APP000905,Male,No,2,Graduate,Salaried,154290.0,1774.0,73000.0,36,1.0,North,35.0,2024-08-23,0
APP001819,Female,Yes,4,Graduate,Salaried,48585.0,1795.0,139000.0,84,0.0,North,40.0,2024-09-05,1
APP001217,Male,No,0,Graduate,Self-Employed,19600.0,5793.0,109000.0,360,0.0,North,34.0,2024-09-29,1
APP004929,,No,0,Not Graduate,Salaried,47640.0,371.0,221000.0,60,1.0,North,32.0,2024-06-02,0
APP001003,Female,Yes,3,Graduate,Salaried,35748.0,8982.0,50000.0,60,,north,59.0,2023-07-20,0
APP001194,Female,Yes,0,Not Graduate,salaried,30534.0,7958.0,273000.0,180,1.0,West,34.0,2023-01-30,0
APP005806,,Yes,2,Graduate,self employed,25731.0,3317.0,118000.0,120,1.0,West,27.0,2024-01-03,0
APP001189,Male,Yes,2,Graduate,self employed,97612.0,9401.0,118000.0,120,1.0,East,35.0,2024-09-19,0
APP002887,Male,Yes,4,Graduate,salaried,23810.0,387.0,76000.0,36,1.0,West,43.0,2023-05-04,0
APP002332,Male,Yes,1,Graduate,salaried,52283.0,4305.0,227000.0,60,1.0,South,50.0,2024-12-29,0
APP001635,Female,Yes,2,Graduate,Salaried ,42810.0,4385.0,188000.0,120,1.0,West,30.0,2024-12-12,0
APP003679,Female,Yes,0,Graduate,Self-Employed,45226.0,2418.0,40000.0,84,1.0,North,45.0,2023-06-07,0
APP004403,Male,No,1,Graduate,Self-Employed,,2153.0,62000.0,120,1.0,West,41.0,2023-11-19,0
APP002703,Male,Yes,0,Graduate,salaried,38252.0,1303.0,66000.0,12,1.0,South,32.0,2023-07-10,0
APP003838,Male,Yes,1,Graduate,Self-Employed,19011.0,2832.0,75000.0,36,,West,43.0,2023-05-01,0
APP005488,Female,Yes,1,Graduate,Self-Employed,65295.0,14817.0,78000.0,60,1.0,West,26.0,2023-11-18,0
APP004375,,Yes,2,Graduate,Salaried,74417.0,7827.0,273000.0,48,1.0,South,21.0,2023-11-01,0
APP000832,Male,Yes,4,Graduate,Salaried,73927.0,5241.0,70000.0,24,1.0,North,55.0,2023-03-03,0
APP001873,Male,No,1,Graduate,Salaried,47439.0,3200.0,,180,0.0,North,34.0,2024-05-13,1
APP005344,Male,Yes,0,Graduate,Salaried,41327.0,12893.0,116000.0,60,1.0,North,52.0,2024-08-08,0
APP000378,Male,Yes,4,Graduate,Salaried,51256.0,13899.0,63000.0,240,,north,69.0,2024-03-08,1
APP000475,Male,No,2,Graduate,Salaried,92773.0,28758.0,378000.0,36,1.0,East,44.0,2023-09-29,0
APP003956,Female,Yes,0,Not Graduate,self employed,104723.0,8876.0,121000.0,36,,North,32.0,2023-09-03,0
APP005909,Male,No,3,Not Graduate,SELF-EMPLOYED,56982.0,17615.0,158000.0,60,1.0,West,43.0,2023-07-08,0
APP003356,Male,No,2,Graduate,Salaried ,42323.0,13822.0,138000.0,360,1.0,South,21.0,2024-07-12,0
APP000934,Male,No,0,Not Graduate,Salaried ,22249.0,819.0,135000.0,60,1.0,East,21.0,2023-03-07,0
APP002265,Female,Yes,0,Not Graduate,Self-Employed,74829.0,19218.0,271000.0,84,0.0,East,47.0,2023-07-11,0
APP002523,Male,No,0,Graduate,SELF-EMPLOYED,72805.0,14096.0,104000.0,48,1.0,north,30.0,2023-06-11,0
APP004357,Male,No,1,Graduate,Salaried ,45610.0,6283.0,423000.0,36,1.0,East,28.0,2023-08-07,1
APP005892,Female,Yes,0,Not Graduate,Salaried,103158.0,3178.0,267000.0,240,1.0,West,48.0,2023-09-20,0
APP001122,Female,No,0,Not Graduate,Salaried,28618.0,3134.0,43000.0,120,1.0,East,27.0,2024-05-30,1
APP002144,Male,Yes,0,Not Graduate,self employed,29901.0,1014.0,175000.0,48,1.0,South,30.0,2023-08-09,0
APP000189,Male,No,2,Graduate,self employed,122400.0,38510.0,236000.0,12,1.0,South,35.0,2023-01-29,1
APP000080,Male,No,1,Graduate,Salaried ,17107.0,3063.0,99000.0,84,1.0,East,29.0,2024-02-22,1
APP000064,Male,Yes,1,Graduate,Salaried,,2317.0,214000.0,24,1.0,North,40.0,2024-06-10,0
APP000020,Male,No,1,Not Graduate,salaried,42576.0,2229.0,147000.0,120,1.0,South,51.0,2023-03-08,0
APP004237,Male,No,0,Graduate,salaried,65745.0,7314.0,126000.0,360,1.0,South,47.0,2023-10-09,0
APP003140,Male,No,0,Not Graduate,Self-Employed,139582.0,23841.0,66000.0,60,0.0,North,35.0,2024-12-10,1
APP001815,Male,No,1,Graduate,Salaried ,20564.0,1850.0,180000.0,48,1.0,West,36.0,2023-06-16,0
APP001180,Male,Yes,2,Graduate,Salaried,46738.0,12404.0,76000.0,12,0.0,East,50.0,2023-03-10,0
APP003170,Male,Yes,0,Graduate,Salaried,26401.0,4172.0,51000.0,240,1.0,North,25.0,2023-06-12,0
APP000333,Male,Yes,2,Graduate,salaried,73792.0,14347.0,81000.0,360,1.0,South,31.0,2023-05-17,1
APP001484,Male,Yes,0,Graduate,Self-Employed,19875.0,5367.0,37000.0,84,0.0,West,26.0,2023-11-14,0
APP000742,Male,Yes,3,Graduate,Self-Employed,37231.0,11918.0,98000.0,84,0.0,West ,22.0,2024-09-20,0
APP000717,Female,No,3,Not Graduate,SELF-EMPLOYED,58453.0,9238.0,31000.0,36,0.0,South,36.0,2023-03-25,0
APP002535,Female,No,2,Graduate,Salaried ,79276.0,11103.0,518000.0,84,1.0,South,70.0,2023-03-10,0
APP004571,,No,0,Not Graduate,Salaried,65768.0,13748.0,57000.0,84,0.0,West ,38.0,2024-09-23,0
APP000329,Male,No,4,Not Graduate,Salaried,41446.0,1431.0,54000.0,360,1.0,West ,55.0,2024-01-30,0
APP001592,Female,Yes,4,Graduate,Self-Employed,100543.0,16838.0,141000.0,48,0.0,EAST,39.0,2024-06-05,0
APP002639,Female,No,0,Not Graduate,Salaried,54988.0,7510.0,120000.0,12,,EAST,45.0,2023-01-18,0
APP000173,Male,No,0,Graduate,Self-Employed,69877.0,118.0,44000.0,120,1.0,EAST,47.0,2024-07-17,0
APP004485,Male,Yes,4,Graduate,self employed,95187.0,19383.0,50000.0,12,1.0,North,24.0,2024-07-20,0
APP000666,Male,No,0,Graduate,SELF-EMPLOYED,73363.0,11007.0,103000.0,24,1.0,EAST,32.0,2023-10-07,0
APP001253,Male,Yes,0,Not Graduate,SELF-EMPLOYED,117562.0,23900.0,242000.0,120,1.0,South,46.0,2024-07-09,1
APP001223,Male,Yes,1,Graduate,Salaried,65643.0,18302.0,109000.0,60,1.0,EAST,46.0,2023-03-13,0
APP002893,Female,Yes,0,Graduate,Salaried,219049.0,31852.0,96000.0,180,,West,53.0,2024-12-25,0
APP002899,Male,Yes,1,Graduate,Salaried,88443.0,29242.0,223000.0,120,1.0,north,28.0,2024-04-15,0
APP000702,Male,Yes,2,Graduate,self employed,40545.0,5660.0,114000.0,12,1.0,North,37.0,2023-01-16,0
APP005338,Male,Yes,2,Not Graduate,SELF-EMPLOYED,40380.0,12417.0,29000.0,60,1.0,north,47.0,2024-10-28,0
APP004693,Male,No,2,Graduate,Salaried ,79050.0,26552.0,91000.0,36,1.0,West,30.0,2024-01-30,0
APP005163,Male,Yes,0,Graduate,Salaried,45477.0,1231.0,56000.0,48,,South,56.0,2023-10-01,0
APP005422,Male,Yes,0,Graduate,Salaried,22595.0,5547.0,111000.0,360,0.0,north,49.0,2023-11-18,0
APP005017,Male,No,1,Graduate,SELF-EMPLOYED,33687.0,10355.0,140000.0,120,,West,26.0,2024-03-08,0
APP000244,Male,Yes,0,Graduate,Self-Employed,23026.0,5935.0,72000.0,360,1.0,East,42.0,2023-06-25,0
APP003208,Female,Yes,3,Graduate,Salaried ,41917.0,4470.0,28000.0,360,1.0,East,42.0,2024-01-24,0
APP001760,Male,Yes,4,Graduate,Salaried ,29773.0,6776.0,28000.0,12,1.0,South,41.0,2023-06-29,1
APP003016,Male,Yes,0,Graduate,Salaried,57604.0,4601.0,,36,0.0,North,52.0,2024-03-08,0
APP004855,Female,Yes,1,Graduate,self employed,61343.0,1733.0,77000.0,60,1.0,North,40.0,2024-09-28,0
APP003273,Female,Yes,0,Graduate,self employed,98995.0,26407.0,81000.0,24,0.0,South,36.0,2024-06-06,1
APP005076,Male,Yes,0,Graduate,Salaried ,83875.0,27354.0,77000.0,60,1.0,East,26.0,2023-09-22,0
APP005525,Male,Yes,0,Graduate,Salaried,71485.0,23985.0,151000.0,48,,EAST,36.0,2024-08-28,1
APP004736,Male,No,0,Graduate,salaried,17627.0,4432.0,100000.0,120,1.0,West,38.0,2023-05-10,0
APP003723,Female,No,3,Graduate,salaried,26750.0,9047.0,43000.0,180,1.0,West,21.0,2023-04-29,0
APP002776,Male,Yes,2,Graduate,salaried,31998.0,5804.0,78000.0,84,1.0,north,58.0,2024-08-29,0
APP005146,Female,Yes,0,Not Graduate,Salaried ,23191.0,6993.0,72000.0,180,1.0,West,30.0,2024-10-30,0
APP003146,Male,Yes,0,Graduate,Salaried ,58682.0,4324.0,89000.0,48,0.0,East,40.0,2024-06-23,0
APP004034,Female,Yes,1,Graduate,Self-Employed,38164.0,9655.0,91000.0,240,1.0,North,35.0,2023-03-12,1
APP003964,Female,Yes,1,Graduate,Self-Employed,80672.0,11478.0,196000.0,24,1.0,north,42.0,2024-10-29,0
APP003209,Male,No,3,Graduate,salaried,16570.0,1509.0,177000.0,240,1.0,East,34.0,2023-07-11,0
APP005745,Male,Yes,0,Not Graduate,SELF-EMPLOYED,28377.0,4878.0,57000.0,84,1.0,South,44.0,2023-01-27,0
APP003804,Female,Yes,4,Graduate,SELF-EMPLOYED,72436.0,4260.0,94000.0,36,1.0,East,53.0,2024-05-11,0
APP001173,Female,Yes,0,Graduate,Salaried ,29985.0,8435.0,60000.0,180,1.0,North,26.0,2024-05-20,1
APP000445,Female,No,1,Graduate,Self-Employed,23960.0,8178.0,392000.0,60,1.0,West,28.0,2023-02-09,0
APP000641,Male,Yes,0,Graduate,Self-Employed,,6632.0,235000.0,180,1.0,north,54.0,2023-12-23,0
APP004956,Female,Yes,1,Graduate,Self-Employed,21206.0,2837.0,94000.0,84,1.0,South,37.0,2024-02-06,0
APP001641,Male,Yes,0,Graduate,salaried,90707.0,31746.0,123000.0,48,1.0,South,35.0,2023-04-27,0
APP000460,Male,Yes,1,Graduate,SELF-EMPLOYED,47920.0,6299.0,190000.0,24,1.0,North,23.0,2023-12-25,0
APP002755,Female,Yes,0,Graduate,Salaried,96362.0,15705.0,50000.0,36,1.0,EAST,50.0,2023-10-29,0
APP005611,Male,Yes,0,Graduate,salaried,34262.0,4228.0,150000.0,60,1.0,West,31.0,2024-04-14,0
APP001642,Female,Yes,1,Not Graduate,Salaried,98808.0,23904.0,113000.0,36,1.0,South,57.0,2023-03-12,0
APP005852,Female,No,1,Not Graduate,Salaried,14477.0,783.0,112000.0,48,1.0,West ,40.0,2024-06-23,1
APP000588,Male,Yes,2,Graduate,salaried,65983.0,9256.0,120000.0,84,1.0,South,41.0,2023-08-09,0
APP000626,Male,Yes,3,Graduate,Self-Employed,29800.0,9110.0,307000.0,60,1.0,north,36.0,2023-12-10,0
APP002236,Female,Yes,1,Not Graduate,Salaried,46975.0,1372.0,37000.0,60,,West ,21.0,2024-10-20,0
APP004899,Male,Yes,0,Graduate,Salaried ,147625.0,34661.0,98000.0,60,1.0,South,23.0,2024-07-07,0
APP005592,Male,Yes,3,Graduate,self employed,42129.0,13375.0,107000.0,120,1.0,East,52.0,2024-06-06,0
APP002545,Male,No,1,Not Graduate,Salaried ,27444.0,7887.0,133000.0,60,1.0,North,46.0,2023-08-21,1
APP003573,Female,Yes,2,Graduate,salaried,77445.0,21505.0,160000.0,24,1.0,West,25.0,2023-06-03,0
APP000736,Female,Yes,0,Graduate,Salaried,56229.0,12903.0,452000.0,48,1.0,South,24.0,2023-09-16,0
APP004520,Male,Yes,0,Graduate,Salaried ,123310.0,5674.0,169000.0,48,1.0,East,49.0,2023-01-23,0
APP001525,Male,Yes,1,Graduate,Self-Employed,105279.0,36442.0,67000.0,360,1.0,East,66.0,2024-03-05,0
APP004168,Male,Yes,0,Graduate,Salaried,69067.0,8815.0,107000.0,60,1.0,West,52.0,2024-01-25,0
APP005696,Male,No,0,Graduate,SELF-EMPLOYED,37194.0,9208.0,241000.0,120,1.0,East,46.0,2024-02-29,0
APP002444,Female,Yes,0,Graduate,Salaried ,59744.0,5801.0,110000.0,120,1.0,West,51.0,2024-10-29,0
APP005442,Male,No,4,Graduate,Salaried,59637.0,2372.0,110000.0,84,1.0,north,37.0,2023-11-13,0
APP002574,Male,No,4,Graduate,self employed,9186.0,2076.0,122000.0,120,1.0,East,49.0,2024-05-11,0
APP002943,Male,Yes,4,Graduate,Salaried,,59.0,107000.0,24,1.0,EAST,28.0,2024-08-22,0
APP000337,Female,Yes,3,Not Graduate,Self-Employed,48470.0,3870.0,,360,1.0,West,36.0,2023-11-06,0
APP003339,Female,Yes,3,Not Graduate,Salaried,82548.0,15705.0,110000.0,24,1.0,North,46.0,2023-06-20,0
APP004441,Female,Yes,1,Graduate,self employed,69367.0,21019.0,195000.0,120,1.0,East,29.0,2024-01-14,0
APP002414,Male,No,1,Graduate,Salaried,63682.0,6644.0,95000.0,36,1.0,West,37.0,2023-12-05,0
APP000280,Female,Yes,2,Graduate,Salaried,73383.0,14652.0,85000.0,120,1.0,South,51.0,2023-02-27,0
APP002531,Female,Yes,0,Graduate,Salaried ,60635.0,18835.0,125000.0,60,1.0,East,24.0,2023-02-28,0
APP005515,,Yes,0,Graduate,Self-Employed,23556.0,7727.0,104000.0,84,1.0,South,27.0,2023-12-28,0
APP003790,Female,Yes,3,Not Graduate,Self-Employed,54781.0,10935.0,121000.0,84,1.0,West ,26.0,2024-08-31,1
APP000877,Female,Yes,3,Graduate,salaried,80360.0,20354.0,91000.0,240,1.0,South,44.0,2024-04-07,0
APP004580,Female,No,2,Not Graduate,salaried,29023.0,845.0,92000.0,12,1.0,north,47.0,2023-12-22,0
APP003514,Female,No,1,Graduate,Self-Employed,23335.0,7065.0,84000.0,84,1.0,North,23.0,2024-12-16,0
APP003321,Male,No,2,Graduate,Salaried ,38831.0,12359.0,87000.0,60,1.0,South,36.0,2024-07-13,0
APP003282,Male,Yes,0,Graduate,Salaried,47538.0,13275.0,54000.0,240,1.0,West ,40.0,2023-10-19,0
APP003898,Female,No,2,Graduate,Self-Employed,33643.0,1046.0,43000.0,180,1.0,North,57.0,2023-03-04,0
APP000139,Male,No,2,Graduate,Salaried ,266272.0,75626.0,83000.0,60,1.0,East,28.0,2024-08-17,0
APP002016,Male,Yes,3,Graduate,salaried,65187.0,2187.0,84000.0,60,1.0,north,42.0,2023-11-13,0
APP000505,Female,No,1,Graduate,Salaried,22725.0,2459.0,38000.0,240,1.0,South,26.0,2023-11-16,0
APP005593,Male,Yes,2,Graduate,self employed,54190.0,7808.0,94000.0,84,1.0,EAST,34.0,2024-09-02,0
APP002317,Male,Yes,0,Graduate,SELF-EMPLOYED,24359.0,5469.0,244000.0,48,0.0,West,23.0,2024-12-14,1
APP002288,Male,No,0,Not Graduate,Salaried,1231045.5704418316,6807.0,54000.0,120,1.0,South,60.0,2023-05-19,0
APP001783,Male,Yes,2,Graduate,Salaried ,53103.0,12852.0,116000.0,180,0.0,North,35.0,2024-08-21,0
APP000914,Male,No,0,Graduate,SELF-EMPLOYED,18796.0,2646.0,49000.0,240,1.0,West,29.0,2023-12-03,0
APP002547,Male,Yes,1,Graduate,Self-Employed,46844.0,11092.0,234000.0,360,0.0,West ,36.0,2024-04-30,1
APP004934,Male,No,0,Not Graduate,Salaried,98800.0,7717.0,126000.0,360,1.0,north,50.0,2023-07-01,0
APP000121,Female,No,4,Graduate,Salaried,65648.0,13538.0,63000.0,180,1.0,EAST,40.0,2024-04-18,0
APP000388,Male,Yes,0,Graduate,salaried,76823.0,21046.0,114000.0,84,1.0,EAST,21.0,2023-06-28,0
APP002471,Male,Yes,0,Not Graduate,Salaried,76673.0,6232.0,77000.0,240,1.0,EAST,21.0,2024-08-07,0
APP005286,Female,Yes,3,Graduate,Salaried,63075.0,10199.0,22000.0,36,1.0,South,25.0,2023-08-05,0
APP004148,Male,Yes,1,Graduate,Salaried,34315.0,8149.0,78000.0,84,,North,60.0,2024-09-05,0
APP005921,Male,Yes,0,Graduate,Salaried,39610.0,12910.0,50000.0,84,1.0,South,28.0,2024-01-19,0
APP003518,Male,No,0,Not Graduate,salaried,71117.0,19060.0,95000.0,60,1.0,North,40.0,2023-04-17,0
APP005845,Female,No,0,Not Graduate,Salaried,44243.0,9959.0,94000.0,180,1.0,South,40.0,2024-05-03,0
APP004701,Male,Yes,0,Graduate,Salaried,41982.0,54.0,186000.0,48,1.0,West,31.0,2023-02-25,0
APP002025,Male,Yes,0,Graduate,SELF-EMPLOYED,59300.0,19450.0,78000.0,36,1.0,north,40.0,2023-09-13,0
APP001087,Female,No,3,Graduate,SELF-EMPLOYED,24652.0,336.0,191000.0,360,1.0,South,44.0,2023-06-17,0
APP001875,Female,Yes,3,Graduate,Self-Employed,31403.0,5655.0,58000.0,240,1.0,West,41.0,2024-02-15,0
APP004765,Male,Yes,2,Graduate,salaried,97106.0,19652.0,78000.0,60,1.0,north,37.0,2023-07-07,0
APP004167,Male,Yes,2,Not Graduate,Salaried,27402.0,8999.0,60000.0,84,0.0,South,37.0,2024-09-19,0
APP002119,Male,No,0,Not Graduate,Salaried,26470.0,7560.0,263000.0,360,0.0,South,29.0,2024-09-02,0
APP005184,Female,No,0,Not Graduate,Salaried,57495.0,15083.0,115000.0,120,1.0,East,43.0,2023-02-24,0
APP003344,Male,Yes,4,Graduate,Salaried,53355.0,3040.0,118000.0,120,1.0,East,70.0,2024-10-10,0
APP001896,Female,No,1,Graduate,salaried,109151.0,17635.0,40000.0,84,1.0,West ,26.0,2023-09-07,0
APP004892,Male,Yes,3,Graduate,Self-Employed,80060.0,11726.0,125000.0,60,1.0,West ,44.0,2023-11-10,0
APP000148,Male,Yes,1,Graduate,Salaried,83475.0,12095.0,107000.0,240,1.0,West,43.0,2024-10-15,0
APP001431,Male,Yes,0,Graduate,Self-Employed,24633.0,6889.0,83000.0,84,,South,47.0,2023-02-07,0
APP005283,Male,No,1,Graduate,Salaried,77083.0,22018.0,75000.0,360,1.0,West,30.0,2023-12-26,1
APP002154,Female,Yes,0,Graduate,SELF-EMPLOYED,31314.0,2446.0,159000.0,84,1.0,East,48.0,2024-02-10,0
APP003861,Female,Yes,4,Not Graduate,Salaried,142162.0,17676.0,87000.0,36,1.0,South,30.0,2024-10-17,0
APP004634,Female,Yes,1,Graduate,Self-Employed,21473.0,7032.0,334000.0,360,1.0,South,39.0,2023-03-19,0
APP003342,Male,No,0,Not Graduate,Self-Employed,31660.0,396.0,177000.0,48,1.0,South,51.0,2024-09-22,0
APP005281,Female,No,2,Graduate,Salaried,23773.0,6945.0,101000.0,240,,East,49.0,2023-11-21,0
APP000036,Female,Yes,0,Not Graduate,self employed,42658.0,8552.0,66000.0,12,1.0,East,61.0,2024-04-01,0
APP000632,Female,Yes,1,Not Graduate,Salaried,29432.0,6511.0,138000.0,48,1.0,West ,29.0,2024-09-26,0
APP005712,Female,No,1,Graduate,Self-Employed,35571.0,1345.0,92000.0,360,1.0,West,65.0,2023-02-01,0
APP002745,Female,Yes,3,Graduate,SELF-EMPLOYED,14256.0,1337.0,138000.0,180,1.0,East,30.0,2023-04-04,0
APP005370,Male,Yes,2,Graduate,Salaried,54743.0,13670.0,304000.0,60,1.0,South,40.0,2023-08-26,0
APP000729,Male,No,0,Graduate,salaried,48044.0,13998.0,57000.0,120,1.0,North,44.0,2023-09-24,1
APP005849,Male,Yes,0,Not Graduate,Salaried ,26937.0,4611.0,29000.0,120,1.0,north,26.0,2024-04-24,0
APP005714,Female,Yes,1,Graduate,Self-Employed,54640.0,13367.0,34000.0,120,,North,54.0,2023-08-24,0
APP003998,Male,Yes,0,Graduate,self employed,43120.0,7287.0,103000.0,180,1.0,East,43.0,2023-12-23,0
APP001796,Male,Yes,0,Not Graduate,SELF-EMPLOYED,47919.0,12716.0,65000.0,36,,north,25.0,2023-11-01,0
APP004078,Male,Yes,1,Not Graduate,Self-Employed,74759.0,5451.0,87000.0,36,1.0,South,42.0,2023-10-06,0
APP000454,Female,No,4,Graduate,salaried,16726.0,2491.0,72000.0,120,1.0,West,34.0,2023-08-29,0
APP004084,Female,Yes,0,Not Graduate,SELF-EMPLOYED,50826.0,3909.0,184000.0,24,1.0,West ,39.0,2024-12-22,0
APP003954,Male,No,0,Graduate,Salaried,58685.0,19482.0,214000.0,36,1.0,South,36.0,2024-09-06,0
APP003445,Female,Yes,0,Not Graduate,Salaried,118191.0,15904.0,52000.0,48,1.0,West,40.0,2024-10-27,0
APP005073,Male,Yes,0,Graduate,Salaried,77066.0,23837.0,180000.0,60,1.0,North,30.0,2024-04-01,0
APP001059,Male,No,1,Graduate,self employed,20049.0,4413.0,58000.0,24,1.0,North,36.0,2024-03-20,0
APP003796,Female,No,2,Graduate,SELF-EMPLOYED,55080.0,17176.0,126000.0,60,0.0,north,22.0,2024-08-22,0
APP001818,Female,Yes,0,Graduate,SELF-EMPLOYED,67507.0,8650.0,43000.0,60,1.0,South,40.0,2024-03-28,0
APP004716,Male,Yes,0,Graduate,Salaried,36171.0,7548.0,109000.0,48,1.0,South,21.0,2023-02-20,0
APP003031,Male,Yes,2,Not Graduate,Self-Employed,27882.0,550.0,107000.0,84,0.0,West,24.0,2024-10-30,1
APP002600,Male,No,2,Not Graduate,Salaried,73019.0,24430.0,63000.0,48,1.0,South,37.0,2024-03-29,0
APP003808,Male,No,0,Not Graduate,self employed,69938.0,8718.0,140000.0,180,1.0,South,30.0,2023-12-10,0
APP005919,Male,Yes,0,Graduate,SELF-EMPLOYED,43448.0,11421.0,71000.0,36,0.0,West ,21.0,2023-02-05,0
APP004024,Female,Yes,0,Not Graduate,Self-Employed,98527.0,19448.0,206000.0,180,0.0,West,43.0,2023-05-15,1
APP002420,Male,Yes,0,Graduate,SELF-EMPLOYED,73688.0,4900.0,82000.0,60,1.0,South,37.0,2023-04-21,0
APP002303,Male,Yes,2,Graduate,Salaried,118533.0,37963.0,41000.0,240,1.0,East,28.0,2024-10-17,0
APP005865,Female,Yes,0,Graduate,self employed,64522.0,14600.0,284000.0,36,,South,57.0,2023-04-08,0
APP001821,,Yes,2,Graduate,Self-Employed,60996.0,13989.0,47000.0,180,1.0,North,43.0,2024-05-23,0
APP000449,Male,Yes,2,Graduate,Salaried,55285.0,9477.0,99000.0,180,1.0,South,45.0,2024-03-22,0
APP000208,Female,Yes,0,Graduate,Salaried,22696.0,1996.0,103000.0,12,1.0,West,46.0,2023-03-14,0
APP002243,Female,Yes,2,Not Graduate,Self-Employed,102955.0,830.0,109000.0,60,0.0,South,52.0,2024-10-15,0
APP005896,Male,Yes,2,Not Graduate,Salaried,33100.0,1166.0,202000.0,180,1.0,South,38.0,2024-07-16,0
APP003535,Male,No,0,Graduate,Self-Employed,77658.0,11846.0,140000.0,240,,North,49.0,2023-01-19,0
APP000982,Female,Yes,0,Graduate,Salaried,61018.0,20044.0,100000.0,84,1.0,West,48.0,2024-03-01,0
APP001448,Female,Yes,0,Graduate,Self-Employed,79395.0,26247.0,138000.0,120,1.0,West,65.0,2023-09-16,0
APP004337,Female,Yes,0,Not Graduate,SELF-EMPLOYED,111349.0,1974.0,46000.0,240,1.0,North,42.0,2024-12-27,0
APP001507,Female,Yes,3,Graduate,Salaried ,32345.0,10989.0,84000.0,84,1.0,North,44.0,2024-04-11,0
APP000933,Female,Yes,0,Graduate,Self-Employed,37489.0,13065.0,121000.0,240,1.0,South,21.0,2023-12-31,0
APP001342,Male,Yes,0,Graduate,SELF-EMPLOYED,62882.0,2418.0,123000.0,240,0.0,West,39.0,2023-01-11,0
APP000086,Male,No,0,Graduate,Self-Employed,30305.0,8671.0,82000.0,36,1.0,EAST,44.0,2023-04-27,0
APP002262,Female,Yes,2,Graduate,Self-Employed,88476.0,16501.0,97000.0,360,1.0,North,55.0,2024-05-03,0
APP003770,Male,Yes,3,Graduate,Salaried ,38238.0,1493.0,166000.0,120,1.0,North,33.0,2023-02-09,0
APP004356,Female,No,0,Not Graduate,salaried,146628.0,5382.0,127000.0,180,0.0,South,51.0,2024-05-05,0
APP002498,Female,No,4,Graduate,Salaried ,70562.0,23575.0,276000.0,60,1.0,East,44.0,2023-01-11,0
APP004985,Male,Yes,2,Not Graduate,Salaried,56522.0,13974.0,90000.0,36,1.0,South,26.0,2023-01-29,0
APP001577,Male,Yes,0,Graduate,Salaried ,47210.0,11019.0,107000.0,84,1.0,West ,49.0,2024-05-22,0
APP002351,Female,No,0,Not Graduate,Self-Employed,31931.0,8510.0,140000.0,36,1.0,West,21.0,2023-06-26,0
APP000801,Female,Yes,1,Graduate,SELF-EMPLOYED,,19936.0,166000.0,180,1.0,north,51.0,2023-08-18,0
APP004685,Female,Yes,4,Not Graduate,Salaried,127226.0,7886.0,49000.0,120,1.0,East,41.0,2024-01-07,0
APP002826,Female,No,0,Graduate,self employed,48605.0,11528.0,57000.0,240,1.0,North,50.0,2024-11-19,0
APP002962,Male,Yes,1,Graduate,Self-Employed,44888.0,8581.0,208000.0,36,1.0,East,27.0,2023-12-05,1
APP003229,Male,Yes,1,Graduate,Self-Employed,34657.0,11009.0,117000.0,24,1.0,West,37.0,2023-05-09,0
APP004250,Female,No,2,Graduate,salaried,104089.0,22466.0,135000.0,48,1.0,north,34.0,2024-08-09,0
APP001837,Male,No,0,Graduate,salaried,55277.0,8966.0,,240,1.0,South,35.0,2023-12-17,0
APP003886,Female,Yes,2,Not Graduate,Salaried,73100.0,18767.0,99000.0,12,1.0,EAST,47.0,2023-07-11,1
APP003469,Female,No,3,Graduate,Self-Employed,5942.0,808.0,121000.0,36,1.0,East,28.0,2024-03-13,0
APP005083,Female,Yes,1,Graduate,Salaried,45556.0,1614.0,97000.0,60,0.0,South,57.0,2024-04-19,0
APP003216,Male,No,2,Not Graduate,salaried,76349.0,22135.0,40000.0,24,0.0,East,26.0,2024-01-06,1
APP005991,Male,No,4,Graduate,Self-Employed,49732.0,16272.0,47000.0,84,1.0,North,39.0,2023-08-21,0
APP004802,Male,Yes,3,Graduate,Salaried,35301.0,8258.0,113000.0,360,,EAST,,2023-04-01,0
APP001179,Female,Yes,0,Not Graduate,Salaried,64741.0,11381.0,,240,1.0,South,21.0,2023-01-24,1
APP004561,Female,No,0,Not Graduate,Salaried,20706.0,6994.0,150000.0,120,1.0,EAST,34.0,2023-05-14,0
APP002290,Male,No,1,Graduate,Salaried,20050.0,6275.0,179000.0,12,1.0,West,21.0,2024-05-19,0
APP002254,Female,No,0,Graduate,self employed,36125.0,2208.0,52000.0,48,1.0,North,61.0,2023-11-20,0
APP005673,Female,Yes,4,Not Graduate,Self-Employed,38876.0,13315.0,159000.0,60,1.0,South,43.0,2024-06-15,0
APP004542,Male,No,1,Graduate,Salaried ,86531.0,16416.0,172000.0,120,1.0,East,37.0,2024-08-11,0
APP000724,Female,Yes,2,Not Graduate,Salaried,105844.0,14098.0,233000.0,60,1.0,East,57.0,2023-12-09,0
APP002237,Female,No,2,Graduate,SELF-EMPLOYED,47470.0,2313.0,229000.0,240,0.0,West,42.0,2024-08-15,0
APP004061,Male,Yes,1,Graduate,Salaried,50756.0,228.0,175000.0,240,1.0,West,47.0,2023-04-03,0
APP003694,Male,Yes,2,Graduate,SELF-EMPLOYED,48152.0,13710.0,59000.0,120,1.0,South,27.0,2023-10-12,0
APP002092,Female,Yes,0,Graduate,Salaried ,66598.0,607.0,209000.0,60,1.0,South,40.0,2023-12-19,0
APP003883,Female,No,0,Not Graduate,Self-Employed,48698.0,7834.0,209000.0,84,1.0,North,28.0,2023-01-16,0
APP002514,Male,No,1,Graduate,Salaried,34684.0,1650.0,109000.0,36,1.0,EAST,50.0,2024-06-19,0
APP002511,Male,Yes,1,Graduate,Salaried,30650.0,2621.0,349000.0,24,1.0,West,51.0,2023-10-29,0
APP003114,Male,Yes,2,Graduate,Salaried,109740.0,9095.0,132000.0,12,1.0,East,52.0,2024-07-15,0
APP001445,Female,Yes,0,Graduate,Salaried,44965.0,509.0,180000.0,60,1.0,West ,53.0,2024-08-23,0
APP000315,Female,Yes,0,Not Graduate,Self-Employed,15663.0,1071.0,265000.0,84,1.0,West,21.0,2024-11-18,1
APP003871,Male,No,0,Graduate,Salaried ,203269.0,15600.0,89000.0,60,1.0,EAST,23.0,2023-11-16,0
APP003654,Male,Yes,3,Graduate,Self-Employed,21982.0,2720.0,96000.0,60,,North,,2023-05-11,0
APP005263,Male,Yes,3,Graduate,Salaried,94544.0,32184.0,103000.0,12,1.0,North,33.0,2023-03-25,0
APP003713,Female,Yes,3,Graduate,Self-Employed,54363.0,11547.0,148000.0,36,1.0,North,36.0,2023-01-16,0
APP002971,Male,No,2,Graduate,Salaried ,34154.0,9225.0,140000.0,120,1.0,North,37.0,2024-06-03,0
APP000005,Male,Yes,3,Graduate,Self-Employed,31730.0,7927.0,186000.0,12,1.0,East,26.0,2024-04-06,0
APP000767,Female,Yes,0,Not Graduate,Salaried,14663.0,4251.0,97000.0,360,1.0,North,33.0,2023-01-07,0
APP004741,Female,No,3,Not Graduate,salaried,17640.0,3290.0,22000.0,84,1.0,West,38.0,2023-08-17,0
APP001671,Male,No,0,Graduate,Salaried,40090.0,4891.0,85000.0,48,1.0,West ,58.0,2024-10-04,0
APP004392,Male,No,1,Not Graduate,Salaried,49403.0,1828.0,189000.0,12,1.0,South,33.0,2024-04-23,0
APP002647,,Yes,2,Graduate,Self-Employed,67161.0,20005.0,96000.0,48,,West,52.0,2023-09-23,0
APP000623,Male,Yes,3,Not Graduate,self employed,36433.0,2641.0,39000.0,12,1.0,South,39.0,2023-03-04,0
APP000027,Male,Yes,2,Graduate,Self-Employed,33997.0,2716.0,80000.0,60,1.0,North,35.0,2023-01-06,0
APP005397,Male,No,3,Graduate,SELF-EMPLOYED,53711.0,532.0,118000.0,120,,North,49.0,2024-10-02,1
APP004518,Female,Yes,4,Not Graduate,Salaried,19505.0,711.0,80000.0,12,1.0,South,24.0,2024-09-11,1
APP005854,Female,No,4,Graduate,Self-Employed,24416.0,6095.0,155000.0,24,,West,25.0,2023-01-08,1
APP002537,Female,No,1,Not Graduate,Salaried,54211.0,4237.0,82000.0,60,1.0,South,28.0,2023-06-23,0
APP003683,Female,Yes,2,Not Graduate,salaried,35667.0,8380.0,153000.0,60,1.0,South,43.0,2024-01-20,0
APP005562,Female,No,0,Graduate,Salaried,44540.0,7958.0,165000.0,360,1.0,West,21.0,2024-08-11,0
APP004914,Male,No,0,Not Graduate,Self-Employed,41730.0,2898.0,128000.0,120,1.0,West,41.0,2024-06-02,0
APP002799,Female,Yes,0,Graduate,Self-Employed,98073.0,25300.0,95000.0,60,1.0,EAST,37.0,2023-07-16,0
APP002209,Male,Yes,2,Graduate,Salaried,38718.0,8310.0,60000.0,84,1.0,North,41.0,2024-06-16,0
APP003252,Male,Yes,3,Graduate,salaried,138566.0,28473.0,95000.0,48,1.0,East,25.0,2023-01-25,0
APP003864,Male,Yes,0,Not Graduate,Salaried,43961.0,13431.0,347000.0,180,1.0,South,40.0,2024-06-21,1
APP005962,Female,No,4,Graduate,Salaried,46690.0,1317.0,40000.0,84,1.0,East,38.0,2024-02-26,0
APP002458,Female,Yes,1,Graduate,SELF-EMPLOYED,16094.0,4585.0,93000.0,48,1.0,North,33.0,2023-02-06,0
APP000131,Male,Yes,2,Graduate,Salaried,33595.0,4011.0,182000.0,84,1.0,West,51.0,2024-10-19,0
APP002497,Male,No,0,Graduate,Salaried ,53549.0,5897.0,33000.0,48,1.0,north,21.0,2023-03-10,0
APP004804,Male,Yes,2,Graduate,Self-Employed,37901.0,10440.0,35000.0,360,1.0,North,32.0,2024-06-16,0
APP003228,Male,Yes,1,Not Graduate,Salaried,968743.1154242745,2061.0,164000.0,180,1.0,West ,52.0,2024-07-28,0
APP005755,Female,Yes,2,Graduate,Salaried,42903.0,7405.0,254000.0,60,1.0,West,21.0,2024-09-10,0
APP004298,Male,Yes,2,Graduate,self employed,33735.0,7127.0,81000.0,60,1.0,South,28.0,2024-08-30,1
APP005790,Male,Yes,3,Not Graduate,Self-Employed,53108.0,13701.0,66000.0,180,1.0,East,34.0,2023-08-16,0
APP002615,Male,No,0,Graduate,Self-Employed,31189.0,7952.0,84000.0,240,1.0,North,36.0,2024-11-26,0
APP001740,Male,Yes,3,Not Graduate,Salaried,41230.0,13178.0,49000.0,120,1.0,North,34.0,2024-11-15,1
APP001524,Male,Yes,3,Not Graduate,Salaried,14575.0,439.0,86000.0,360,1.0,South,44.0,2024-01-07,0
APP001986,Male,No,2,Graduate,Self-Employed,46883.0,12160.0,206000.0,180,,East,44.0,2024-11-02,0
APP005126,Female,Yes,3,Graduate,SELF-EMPLOYED,39671.0,592.0,101000.0,24,1.0,South,39.0,2024-01-11,0
APP003131,Female,Yes,0,Not Graduate,SELF-EMPLOYED,22495.0,1273.0,95000.0,48,1.0,South,41.0,2024-04-30,0
APP001491,Male,No,0,Not Graduate,Self-Employed,46728.0,16075.0,82000.0,24,1.0,East,23.0,2024-07-28,0
APP001703,Male,Yes,1,Graduate,Salaried ,52805.0,8817.0,55000.0,60,1.0,East,49.0,2023-04-22,0
APP000384,Female,No,1,Graduate,SELF-EMPLOYED,65228.0,1402.0,145000.0,120,1.0,East,43.0,2023-02-04,0
APP000513,Female,No,2,Graduate,SELF-EMPLOYED,83670.0,28065.0,241000.0,84,0.0,EAST,37.0,2024-03-07,0
APP004005,Male,Yes,1,Graduate,Salaried,54936.0,9683.0,117000.0,24,1.0,South,46.0,2024-07-30,0
APP001086,Male,No,0,Graduate,Salaried,54008.0,10458.0,106000.0,84,1.0,East,29.0,2023-10-16,0
APP000700,Male,Yes,0,Not Graduate,Salaried,34910.0,8201.0,680000.0,120,1.0,East,45.0,2023-07-14,0
APP003482,Male,Yes,2,Graduate,Salaried ,28623.0,2853.0,121000.0,84,,East,40.0,2023-03-29,0
APP002737,Female,No,4,Graduate,Self-Employed,38881.0,9496.0,93000.0,36,1.0,West ,29.0,2023-03-20,0
APP003169,Female,Yes,3,Graduate,Self-Employed,21627.0,325.0,80000.0,60,1.0,North,21.0,2023-07-19,0
APP002702,Female,No,1,Graduate,self employed,29484.0,3239.0,48000.0,180,1.0,north,37.0,2023-10-18,0
APP004014,Male,Yes,4,Not Graduate,salaried,33470.0,48.0,315000.0,120,1.0,West,47.0,2024-12-25,0
APP003235,Male,No,2,Graduate,Self-Employed,86391.0,8958.0,143000.0,360,1.0,South,58.0,2023-01-03,0
APP002375,Female,Yes,3,Not Graduate,Salaried ,16912.0,5047.0,70000.0,180,1.0,West ,36.0,2023-12-04,1
APP001700,Male,No,3,Graduate,Salaried,11615.0,3952.0,132000.0,120,1.0,South,24.0,2023-02-15,0
APP005420,Male,No,3,Graduate,Salaried,30637.0,3999.0,57000.0,48,1.0,East,40.0,2024-05-15,0
APP000917,Male,Yes,1,Not Graduate,salaried,108694.0,12570.0,109000.0,12,1.0,East,34.0,2023-10-09,0
APP005880,Male,No,3,Graduate,Salaried,90872.0,14937.0,48000.0,360,1.0,north,53.0,2023-03-12,1
APP005648,Female,No,1,Not Graduate,Salaried ,45223.0,3447.0,88000.0,48,1.0,South,37.0,2024-05-20,0
APP000761,Male,Yes,1,Not Graduate,Salaried ,39802.0,8627.0,117000.0,120,1.0,South,46.0,2023-08-21,0
APP000771,Male,No,3,Not Graduate,Salaried ,53689.0,11597.0,69000.0,84,1.0,North,37.0,2023-03-30,1
APP002041,Female,No,4,Graduate,SELF-EMPLOYED,14477.0,4730.0,89000.0,60,0.0,EAST,29.0,2024-02-15,1
APP005284,Female,Yes,0,Not Graduate,salaried,50154.0,16818.0,81000.0,180,,North,22.0,2023-02-13,0
APP004550,Female,No,1,Graduate,Salaried,51978.0,477.0,59000.0,36,1.0,North,48.0,2023-11-19,0
APP002248,Female,No,0,Graduate,Self-Employed,16758.0,1853.0,61000.0,84,1.0,north,30.0,2024-02-11,0
APP002027,Female,No,1,Not Graduate,Self-Employed,152561.0,21282.0,93000.0,360,1.0,West,22.0,2023-08-21,1
APP001115,Female,Yes,3,Graduate,Self-Employed,245241.0,78757.0,,60,1.0,South,35.0,2024-07-23,0
APP002983,Female,Yes,0,Not Graduate,self employed,100161.0,28160.0,181000.0,36,1.0,East,34.0,2023-12-23,0
APP000799,Female,Yes,0,Graduate,Salaried ,99771.0,1628.0,117000.0,24,1.0,North,44.0,2024-02-29,0
APP005606,Female,No,3,Graduate,Salaried,119724.0,1031.0,220000.0,120,,North,44.0,2023-09-06,0
APP002369,Male,Yes,2,Graduate,Self-Employed,43434.0,13741.0,117000.0,12,1.0,East,47.0,2024-06-05,0
APP003444,Female,No,0,Not Graduate,Self-Employed,90822.0,6121.0,122000.0,240,1.0,North,40.0,2023-07-10,0
APP005261,Male,Yes,1,Not Graduate,Salaried,70558.0,21529.0,53000.0,12,1.0,East,36.0,2024-11-06,0
APP000681,Female,Yes,3,Not Graduate,SELF-EMPLOYED,32199.0,2287.0,91000.0,36,1.0,north,200.0,2023-10-22,0
APP004290,Female,No,0,Graduate,Self-Employed,118710.0,5580.0,192000.0,36,1.0,North,43.0,2023-12-11,0
APP003322,Male,No,0,Graduate,SELF-EMPLOYED,37458.0,10829.0,122000.0,120,1.0,West,31.0,2023-04-17,0
APP004197,Male,No,0,Graduate,Salaried ,28215.0,8553.0,32000.0,360,0.0,North,54.0,2024-11-30,0
APP000343,Male,Yes,3,Not Graduate,Salaried,54746.0,9463.0,54000.0,48,1.0,North,50.0,2023-12-26,0
APP001964,Male,Yes,1,Not Graduate,Salaried,27072.0,7218.0,44000.0,84,1.0,North,46.0,2024-01-11,0
APP003172,Male,Yes,3,Graduate,Self-Employed,25703.0,4201.0,38000.0,84,1.0,South,29.0,2023-05-04,0
APP005461,Female,Yes,1,Graduate,Salaried,88655.0,21758.0,126000.0,240,1.0,East,22.0,2024-10-06,0
APP002676,Male,No,0,Not Graduate,Self-Employed,72020.0,23535.0,67000.0,84,1.0,EAST,28.0,2024-08-30,0
APP000141,Female,Yes,1,Graduate,Salaried,24723.0,5283.0,57000.0,60,1.0,West,28.0,2023-11-24,0
APP005367,Female,Yes,2,Graduate,salaried,39338.0,7295.0,117000.0,60,1.0,South,44.0,2023-10-01,0
APP004973,Male,Yes,0,Graduate,Salaried,66061.0,18199.0,84000.0,180,1.0,North,38.0,2023-07-30,0
APP003002,Female,Yes,2,Not Graduate,SELF-EMPLOYED,49069.0,5049.0,359000.0,180,0.0,East,36.0,2024-09-13,1
APP000228,Male,No,1,Graduate,Salaried,64647.0,501.0,25000.0,120,1.0,West,40.0,2024-07-25,0
APP002687,Male,Yes,2,Graduate,Salaried,48487.0,5482.0,94000.0,60,1.0,north,33.0,2024-08-28,0
APP003574,Female,Yes,0,Graduate,Salaried,76035.0,9677.0,89000.0,360,1.0,South,45.0,2023-06-26,0
APP004629,Female,No,1,Graduate,self employed,107278.0,22359.0,,60,0.0,West,47.0,2024-04-13,0
APP005547,Male,Yes,1,Not Graduate,Salaried,52867.0,6058.0,156000.0,36,1.0,North,26.0,2024-01-14,0
APP002630,Male,No,0,Graduate,Salaried ,70616.0,3909.0,93000.0,24,1.0,South,44.0,2023-08-20,0
APP000164,Male,Yes,4,Not Graduate,Self-Employed,48756.0,4209.0,94000.0,84,1.0,West ,23.0,2023-06-30,0
APP004619,Male,No,1,Graduate,Self-Employed,58608.0,12886.0,92000.0,360,1.0,East,34.0,2023-11-29,0
APP002028,Female,Yes,2,Graduate,Salaried,53474.0,18528.0,29000.0,60,1.0,North,35.0,2023-10-20,1
APP001630,Male,Yes,1,Graduate,Salaried,91001.0,8530.0,,48,1.0,North,38.0,2024-06-05,0
APP003512,Male,No,2,Graduate,SELF-EMPLOYED,102357.0,8584.0,167000.0,24,1.0,South,25.0,2023-03-17,0
APP001505,Male,No,2,Graduate,Salaried,34639.0,6414.0,146000.0,180,1.0,South,59.0,2024-05-17,0
APP004951,Male,Yes,3,Graduate,Salaried ,84394.0,3408.0,64000.0,180,1.0,EAST,56.0,2023-11-06,0
APP002322,Female,Yes,0,Graduate,SELF-EMPLOYED,58604.0,3274.0,42000.0,48,1.0,East,55.0,2023-08-28,0
APP002854,Female,No,2,Graduate,Salaried,31177.0,8486.0,112000.0,48,1.0,South,61.0,2024-01-10,0
APP005185,Female,No,2,Graduate,Salaried,101094.0,21333.0,311000.0,84,1.0,West,43.0,2023-06-01,0
APP002029,Male,Yes,2,Graduate,Self-Employed,,19795.0,216000.0,36,1.0,north,23.0,2024-01-13,0
APP000428,Female,No,0,Graduate,Salaried,26328.0,7213.0,113000.0,60,1.0,South,44.0,2024-09-24,0
APP003633,Male,Yes,3,Graduate,Self-Employed,79432.0,2511.0,72000.0,36,1.0,East,30.0,2023-03-27,0
APP000450,Male,Yes,4,Not Graduate,Salaried,38351.0,2751.0,144000.0,36,1.0,North,49.0,2024-12-13,1
APP004813,Male,No,0,Graduate,Self-Employed,106377.0,32402.0,100000.0,24,1.0,West,35.0,2024-02-01,0
APP005082,Male,No,1,Graduate,SELF-EMPLOYED,90797.0,6401.0,38000.0,60,1.0,West,22.0,2023-06-08,0
APP002259,Male,Yes,3,Not Graduate,Salaried ,67741.0,5441.0,100000.0,36,0.0,North,21.0,2024-10-17,0
APP004130,Male,No,2,Graduate,Salaried,52812.0,11903.0,71000.0,48,1.0,North,41.0,2023-08-22,0
APP000314,Female,Yes,1,Not Graduate,Salaried,,4042.0,204000.0,60,1.0,North,52.0,2024-08-01,0
APP004125,Female,No,0,Not Graduate,Salaried,54958.0,14260.0,256000.0,84,1.0,South,52.0,2023-08-22,0
APP001950,Male,Yes,2,Graduate,Salaried,56808.0,7917.0,76000.0,24,1.0,north,28.0,2024-07-24,0
APP000370,Male,Yes,0,Graduate,Salaried ,64597.0,15823.0,73000.0,48,1.0,South,35.0,2023-11-06,0
APP003972,Male,Yes,0,Graduate,SELF-EMPLOYED,69634.0,7247.0,126000.0,24,1.0,South,51.0,2024-03-02,0
APP002223,Male,Yes,0,Graduate,Salaried,28312.0,6635.0,155000.0,24,0.0,North,41.0,2024-03-11,1
APP003967,Male,Yes,0,Graduate,self employed,46300.0,4719.0,49000.0,240,,South,44.0,2023-02-18,0
APP000665,Male,Yes,0,Graduate,Self-Employed,55927.0,10493.0,122000.0,48,1.0,East,55.0,2023-08-18,0
APP001539,Male,No,0,Graduate,Salaried,40163.0,11840.0,22000.0,84,1.0,West ,39.0,2024-05-10,0
APP004960,Female,No,1,Graduate,Self-Employed,41523.0,8089.0,86000.0,12,0.0,South,41.0,2024-04-25,1
APP002958,Female,No,0,Graduate,Salaried,44009.0,996.0,65000.0,48,1.0,West,45.0,2024-09-25,0
APP005270,Male,Yes,1,Graduate,SELF-EMPLOYED,41439.0,3105.0,334000.0,24,1.0,West ,31.0,2023-05-31,0
APP005310,Female,Yes,1,Not Graduate,SELF-EMPLOYED,,9567.0,64000.0,12,1.0,South,39.0,2024-07-26,1
APP002176,Female,No,0,Not Graduate,Salaried ,40260.0,7884.0,100000.0,48,0.0,East,38.0,2023-01-20,1
APP002946,Male,Yes,4,Graduate,Self-Employed,6764.0,285.0,113000.0,60,1.0,north,50.0,2023-12-08,0
APP005069,Female,Yes,0,Not Graduate,Self-Employed,81928.0,25863.0,43000.0,48,1.0,East,38.0,2023-06-20,0
APP004672,Female,Yes,0,Graduate,Self-Employed,43738.0,13992.0,67000.0,360,1.0,North,34.0,2023-07-05,0
APP002636,Female,Yes,1,Graduate,Salaried,37868.0,8815.0,166000.0,60,1.0,EAST,27.0,2024-09-16,0
APP000679,Female,Yes,1,Graduate,Salaried,36695.0,4173.0,135000.0,360,1.0,South,42.0,2024-03-08,0
APP000127,Female,Yes,1,Graduate,Salaried ,52674.0,4867.0,65000.0,120,1.0,South,21.0,2024-05-31,0
APP005201,Male,Yes,2,Not Graduate,Salaried ,70354.0,13970.0,27000.0,180,1.0,West,52.0,2023-08-29,0
APP003136,Female,No,1,Graduate,Self-Employed,76546.0,4189.0,39000.0,240,1.0,South,38.0,2024-11-19,0
APP004669,Female,Yes,0,Not Graduate,self employed,72648.0,9290.0,124000.0,120,1.0,West ,28.0,2024-10-11,0
APP003311,Female,No,1,Graduate,Salaried ,22180.0,1114.0,26000.0,240,1.0,West,38.0,2024-05-21,0
APP005894,Male,Yes,4,Not Graduate,Salaried ,41896.0,7131.0,111000.0,360,1.0,North,49.0,2024-04-15,0
APP003805,Male,Yes,1,Graduate,Salaried,69647.0,6491.0,78000.0,84,,East,37.0,2023-01-24,0
APP004903,Male,Yes,1,Graduate,self employed,47216.0,5914.0,,180,,North,21.0,2023-10-05,0
APP004904,Male,Yes,3,Graduate,salaried,22614.0,3210.0,169000.0,360,1.0,EAST,38.0,2024-10-25,1
APP000371,Male,Yes,0,Graduate,SELF-EMPLOYED,56195.0,9058.0,143000.0,60,1.0,West,40.0,2024-09-08,0
APP002895,Male,Yes,2,Graduate,salaried,89855.0,6114.0,36000.0,120,1.0,north,42.0,2024-02-01,0
APP005542,Female,Yes,2,Not Graduate,Salaried ,82195.0,23962.0,41000.0,36,1.0,EAST,40.0,2023-05-27,0
APP001273,Female,No,2,Graduate,Salaried,43574.0,5040.0,200000.0,84,1.0,West,62.0,2024-08-07,0
APP000286,Male,Yes,2,Not Graduate,Salaried,150723.0,12332.0,,180,1.0,North,51.0,2023-11-29,0
APP000096,Male,Yes,0,Graduate,Salaried,76031.0,19348.0,80000.0,60,1.0,South,48.0,2023-05-17,0
APP001171,Female,Yes,2,Graduate,Salaried,45090.0,14760.0,24000.0,48,1.0,West,34.0,2024-04-16,0
APP003144,Male,Yes,2,Not Graduate,Salaried ,40344.0,5620.0,126000.0,24,1.0,North,41.0,2024-09-15,0
APP003422,Female,No,0,Graduate,self employed,,1205.0,31000.0,24,1.0,West,37.0,2024-07-01,0
APP001229,Female,No,0,Not Graduate,Self-Employed,31354.0,3096.0,277000.0,60,1.0,West ,33.0,2023-03-11,0
APP002180,Male,Yes,1,Not Graduate,Self-Employed,102399.0,33107.0,55000.0,120,0.0,East,46.0,2024-12-05,1
APP005290,Female,Yes,3,Graduate,self employed,68340.0,13751.0,72000.0,120,0.0,North,52.0,2023-12-23,1
APP000172,Male,Yes,1,Graduate,Salaried,39923.0,6408.0,104000.0,360,1.0,South,56.0,2023-01-30,0
APP002517,Male,Yes,2,Graduate,SELF-EMPLOYED,17076.0,3712.0,205000.0,12,1.0,EAST,43.0,2024-07-21,0
APP004031,Female,No,0,Graduate,Self-Employed,25511.0,2135.0,58000.0,60,1.0,East,42.0,2023-02-14,0
APP001004,Female,Yes,3,Graduate,Salaried,,1660.0,100000.0,24,1.0,South,29.0,2024-06-17,0
APP002944,Female,Yes,0,Not Graduate,Self-Employed,32586.0,11306.0,73000.0,240,1.0,North,48.0,2024-07-24,0
APP005443,Male,Yes,2,Graduate,self employed,34077.0,6296.0,73000.0,240,1.0,West ,43.0,2024-06-10,0
APP003760,Female,Yes,2,Graduate,Salaried,28736.0,5800.0,151000.0,84,1.0,North,40.0,2024-11-26,0
APP004221,Male,Yes,1,Graduate,SELF-EMPLOYED,29256.0,6651.0,105000.0,120,1.0,West,54.0,2023-12-01,0
APP002272,Male,Yes,2,Graduate,Salaried,43107.0,1402.0,122000.0,120,,North,46.0,2024-12-12,1
APP002626,Female,No,0,Graduate,Self-Employed,43171.0,13875.0,114000.0,180,1.0,West,26.0,2023-09-22,0
APP000251,Male,Yes,4,Graduate,Self-Employed,57396.0,1274.0,45000.0,60,,North,21.0,2024-01-25,0
APP004184,Male,Yes,0,Not Graduate,Self-Employed,62222.0,603.0,49000.0,180,,South,30.0,2023-05-18,0
APP003301,Male,Yes,2,Not Graduate,Salaried ,106537.0,23243.0,67000.0,60,1.0,North,31.0,2023-05-22,0
APP002882,Female,Yes,3,Graduate,Self-Employed,39523.0,10543.0,190000.0,84,1.0,North,28.0,2024-10-08,0
APP000049,Male,No,4,Not Graduate,self employed,57154.0,19215.0,83000.0,84,,North,41.0,2024-08-01,0
APP001353,Male,No,0,Graduate,Self-Employed,46522.0,10702.0,142000.0,180,1.0,West ,35.0,2024-10-06,0
APP000112,Male,Yes,1,Graduate,SELF-EMPLOYED,45347.0,15610.0,97000.0,180,1.0,East,51.0,2023-02-07,0
APP001846,Male,Yes,4,Not Graduate,Self-Employed,28160.0,5277.0,93000.0,180,1.0,East,45.0,2023-11-03,0
APP000951,Female,No,2,Graduate,Self-Employed,28175.0,3758.0,51000.0,24,0.0,EAST,36.0,2024-03-15,0
APP000194,Female,Yes,2,Graduate,Salaried,37210.0,3736.0,194000.0,60,1.0,East,50.0,2024-07-08,0
APP002606,Male,Yes,0,Graduate,Salaried ,18849.0,1245.0,181000.0,180,0.0,north,39.0,2024-07-05,0
APP000613,Female,No,2,Not Graduate,Salaried,40896.0,9470.0,63000.0,84,0.0,South,35.0,2024-01-26,1
APP003863,,Yes,2,Graduate,Salaried,46500.0,3028.0,28000.0,240,1.0,north,29.0,2024-04-07,0
APP005770,Female,Yes,1,Graduate,Salaried,102099.0,17961.0,38000.0,360,1.0,South,44.0,2023-11-02,0
APP000153,Male,No,3,Graduate,Salaried,69414.0,10729.0,117000.0,60,0.0,West ,36.0,2024-11-12,0
APP000110,Male,Yes,1,Graduate,Salaried,51105.0,12736.0,75000.0,84,1.0,East,39.0,2023-12-29,0
APP002220,Male,No,2,Graduate,Salaried ,93353.0,20355.0,66000.0,24,1.0,East,43.0,2024-12-09,1
APP000673,Male,No,0,Graduate,Self-Employed,30689.0,8094.0,193000.0,84,1.0,South,21.0,2024-08-13,0
APP005958,Male,Yes,3,Graduate,Self-Employed,37123.0,6377.0,66000.0,120,1.0,West,26.0,2024-02-28,0
APP005189,Female,Yes,1,Graduate,Salaried,27826.0,4812.0,64000.0,48,1.0,East,48.0,2024-09-22,0
APP004301,Male,Yes,0,Graduate,Self-Employed,64154.0,18099.0,111000.0,60,1.0,East,27.0,2023-05-26,0
APP002986,Female,Yes,2,Graduate,SELF-EMPLOYED,93726.0,15256.0,95000.0,84,0.0,West,36.0,2024-03-13,1
APP003062,Male,Yes,0,Graduate,Salaried,38269.0,11523.0,290000.0,12,1.0,East,31.0,2024-10-30,0
APP003086,Female,Yes,2,Not Graduate,Salaried ,29941.0,4332.0,78000.0,60,1.0,South,46.0,2023-12-24,0
APP005973,Female,No,0,Graduate,Self-Employed,67744.0,16196.0,125000.0,180,0.0,East,43.0,2024-04-23,0
APP002412,Male,No,0,Graduate,salaried,19448.0,5347.0,81000.0,180,1.0,West,21.0,2023-08-08,0
APP002070,Male,Yes,2,Graduate,Salaried,29768.0,10027.0,38000.0,180,1.0,West,43.0,2023-08-14,0
APP001309,Male,Yes,3,Graduate,Self-Employed,82847.0,8470.0,71000.0,60,1.0,West,33.0,2024-11-25,0
APP001158,Female,No,0,Graduate,SELF-EMPLOYED,40420.0,4397.0,202000.0,60,1.0,North,47.0,2024-09-14,1
APP004399,Male,Yes,0,Graduate,SELF-EMPLOYED,95923.0,20358.0,151000.0,84,1.0,South,36.0,2024-08-16,0
APP001832,Female,Yes,0,Graduate,Salaried,110125.0,32662.0,49000.0,120,1.0,South,37.0,2023-09-28,0
APP002839,Female,Yes,0,Graduate,self employed,26980.0,8399.0,136000.0,360,1.0,West,49.0,2023-12-31,0
APP001838,Male,No,3,Not Graduate,Salaried,99596.0,16028.0,59000.0,240,1.0,South,28.0,2024-12-18,0
APP003266,Male,Yes,2,Graduate,salaried,30967.0,3369.0,114000.0,24,1.0,South,26.0,2024-06-29,0
APP002762,Male,Yes,0,Graduate,SELF-EMPLOYED,49069.0,7901.0,64000.0,180,,South,21.0,2023-02-23,0
APP002110,Female,Yes,1,Graduate,Salaried,35926.0,11869.0,131000.0,12,1.0,South,43.0,2023-04-01,0
APP004185,Male,Yes,4,Graduate,salaried,129267.0,18157.0,156000.0,48,1.0,north,42.0,2024-08-01,0
APP002982,Male,Yes,2,Not Graduate,Self-Employed,58881.0,371.0,128000.0,36,1.0,East,27.0,2023-09-12,0
APP001961,Male,Yes,2,Graduate,Salaried ,43011.0,11410.0,99000.0,84,1.0,north,38.0,2023-08-19,0
APP005238,,Yes,0,Graduate,Salaried ,32839.0,7628.0,183000.0,84,1.0,North,23.0,2024-01-22,0
APP004682,Male,Yes,1,Not Graduate,self employed,39240.0,8853.0,38000.0,12,1.0,South,32.0,2023-01-22,0
APP005623,Female,No,1,Not Graduate,Salaried,71817.0,13531.0,86000.0,120,1.0,West ,34.0,2023-04-14,0
APP004434,Female,Yes,0,Graduate,Self-Employed,47328.0,4289.0,351000.0,36,1.0,North,55.0,2024-08-21,0
APP005540,Male,Yes,0,Graduate,Salaried,39548.0,10753.0,131000.0,180,,West ,35.0,2023-12-11,0
APP001838,Male,No,3,Not Graduate,Salaried,99596.0,16028.0,59000.0,240,1.0,South,28.0,2024-12-18,0
APP003678,Male,Yes,2,Graduate,salaried,47930.0,6450.0,134000.0,60,1.0,North,40.0,2024-10-09,0
APP000883,Male,No,2,Graduate,Salaried,37010.0,879.0,31000.0,180,,north,42.0,2023-06-16,1
APP003840,Female,Yes,3,Graduate,Self-Employed,61466.0,11946.0,261000.0,36,1.0,South,23.0,2023-01-14,0
APP000568,Male,Yes,2,Graduate,Self-Employed,57145.0,8975.0,61000.0,120,1.0,South,30.0,2023-11-05,0
APP002698,Male,No,0,Graduate,Salaried,20820.0,2007.0,139000.0,36,1.0,North,41.0,2024-09-11,0
APP003542,Female,No,2,Not Graduate,self employed,39588.0,1186.0,111000.0,120,1.0,EAST,35.0,2024-07-21,0
APP002225,Male,Yes,1,Graduate,SELF-EMPLOYED,51637.0,3671.0,155000.0,180,1.0,South,44.0,2023-03-19,0
APP002654,Male,No,2,Graduate,salaried,58266.0,8730.0,61000.0,360,,North,29.0,2023-06-10,0
APP002985,Male,Yes,1,Graduate,self employed,33099.0,9476.0,146000.0,48,0.0,North,28.0,2023-10-26,0
APP005360,Male,Yes,3,Graduate,SELF-EMPLOYED,26200.0,6006.0,94000.0,240,1.0,West ,35.0,2024-05-29,0
APP000316,Female,No,2,Graduate,Salaried ,48430.0,10874.0,29000.0,120,1.0,South,38.0,2024-09-07,0
APP000573,Male,Yes,1,Not Graduate,SELF-EMPLOYED,42552.0,9143.0,,60,1.0,West ,38.0,2024-07-22,0
APP001458,Female,Yes,0,Graduate,self employed,99034.0,24170.0,136000.0,24,1.0,East,43.0,2023-04-08,0
APP002396,Male,No,2,Graduate,Self-Employed,69127.0,21449.0,191000.0,240,1.0,South,32.0,2024-11-06,0
APP004192,Female,No,4,Not Graduate,Salaried,45792.0,9153.0,40000.0,180,1.0,East,37.0,2024-10-05,0
APP005948,Male,Yes,3,Not Graduate,Salaried,76319.0,14645.0,77000.0,84,1.0,North,51.0,2024-08-02,0
APP004998,Male,No,1,Not Graduate,Salaried ,60671.0,18498.0,66000.0,36,1.0,West,27.0,2024-09-21,1
APP002174,Female,No,1,Graduate,Salaried,57421.0,7635.0,135000.0,84,1.0,West ,41.0,2023-02-19,0
APP004113,Male,No,0,Graduate,Salaried,62278.0,14022.0,54000.0,60,1.0,East,50.0,2023-12-11,0
APP004850,Male,No,0,Graduate,salaried,22583.0,652.0,85000.0,84,1.0,North,32.0,2023-09-11,0
APP002610,Male,Yes,3,Graduate,Salaried,61487.0,10975.0,160000.0,360,1.0,South,38.0,2024-03-19,0
APP005567,Female,Yes,1,Graduate,SELF-EMPLOYED,89104.0,2296.0,108000.0,120,0.0,West,46.0,2023-06-14,1
APP001142,Male,Yes,1,Not Graduate,salaried,29707.0,9807.0,254000.0,360,1.0,North,45.0,2024-01-04,0
APP005972,Male,Yes,1,Graduate,Self-Employed,98687.0,15387.0,195000.0,180,1.0,West,41.0,2024-08-20,0
APP002644,Female,Yes,4,Graduate,Self-Employed,145044.0,45810.0,124000.0,60,1.0,South,48.0,2024-09-27,0
APP005924,Female,No,0,Graduate,self employed,109097.0,23694.0,68000.0,36,1.0,South,30.0,2023-02-07,0
APP001731,Male,No,2,Graduate,Salaried ,44687.0,6087.0,76000.0,120,1.0,East,31.0,2023-02-20,0
APP005579,Female,Yes,0,Graduate,Self-Employed,51764.0,10775.0,110000.0,360,1.0,West ,39.0,2024-05-30,0
APP005346,Male,Yes,0,Graduate,Salaried ,27090.0,8624.0,82000.0,48,0.0,West ,35.0,2024-02-22,1
APP001018,Male,Yes,0,Graduate,Salaried ,28652.0,5529.0,125000.0,240,1.0,North,38.0,2024-09-27,0
APP004507,Female,Yes,1,Graduate,salaried,30912.0,6685.0,145000.0,120,1.0,South,36.0,2023-06-10,1
APP000930,Male,Yes,0,Graduate,salaried,29516.0,9139.0,115000.0,12,,West ,36.0,2024-09-19,0
APP000749,Female,Yes,4,Graduate,Salaried,144049.0,46629.0,70000.0,240,1.0,South,44.0,2023-02-22,0
APP002758,Female,No,4,Not Graduate,Salaried ,76475.0,9430.0,50000.0,60,1.0,North,33.0,2023-11-16,0
APP000624,Male,Yes,0,Graduate,Salaried ,80194.0,9502.0,102000.0,360,1.0,north,39.0,2024-11-15,0
APP005935,Male,Yes,0,Graduate,Salaried,78320.0,19950.0,111000.0,120,1.0,South,49.0,2023-08-31,0
APP005519,Male,Yes,4,Not Graduate,Salaried,36063.0,10306.0,29000.0,120,1.0,North,46.0,2024-08-15,0
APP002001,Male,Yes,0,Not Graduate,self employed,53157.0,8902.0,110000.0,48,,West ,41.0,2024-03-04,0
APP004674,Male,Yes,0,Graduate,salaried,132320.0,28886.0,61000.0,24,1.0,North,38.0,2024-07-06,0
APP004028,Male,No,3,Graduate,Self-Employed,109529.0,33262.0,39000.0,60,1.0,West,47.0,2024-06-21,0
APP001058,Male,Yes,1,Not Graduate,SELF-EMPLOYED,51639.0,11364.0,103000.0,12,1.0,north,34.0,2024-03-19,0
APP001065,Male,No,2,Graduate,Salaried,269430.0,92129.0,214000.0,240,1.0,North,29.0,2024-07-26,0
APP003854,Female,No,3,Graduate,Salaried,66588.0,4721.0,52000.0,84,1.0,West ,51.0,2024-06-12,0
APP003619,Female,Yes,1,Not Graduate,Salaried,21397.0,2580.0,162000.0,24,1.0,West,32.0,2023-07-29,0
APP005214,Female,No,0,Not Graduate,Salaried ,18395.0,2019.0,169000.0,180,,East,46.0,2023-09-23,1
APP002464,Male,Yes,4,Graduate,Salaried,57747.0,13583.0,128000.0,120,1.0,South,40.0,2024-10-18,0
APP001697,Male,Yes,1,Graduate,Salaried,103160.0,18273.0,132000.0,240,1.0,north,47.0,2024-09-10,0
APP004839,Male,No,0,Not Graduate,salaried,39863.0,4642.0,58000.0,84,1.0,East,33.0,2023-09-04,0
APP000480,Male,Yes,3,Not Graduate,Salaried,27087.0,1407.0,69000.0,36,1.0,South,32.0,2023-05-03,1
APP000230,Female,Yes,0,Graduate,Salaried,27823.0,7712.0,48000.0,240,1.0,South,30.0,2024-07-31,0
APP003179,Female,No,3,Graduate,Self-Employed,58940.0,8449.0,122000.0,120,1.0,East,39.0,2024-09-17,0
APP005307,Male,Yes,0,Graduate,Salaried,68886.0,17155.0,56000.0,60,,EAST,35.0,2023-02-06,0
APP002890,Female,No,0,Graduate,Self-Employed,37140.0,360.0,20000.0,120,1.0,West,,2024-11-08,0
APP001802,Female,No,0,Graduate,self employed,97777.0,3539.0,60000.0,36,1.0,West,,2023-06-03,0
APP002452,Female,Yes,2,Graduate,SELF-EMPLOYED,29376.0,6170.0,100000.0,120,1.0,North,23.0,2023-05-10,0
APP004579,Female,Yes,2,Not Graduate,Salaried,141200.0,29628.0,170000.0,60,1.0,East,43.0,2024-02-02,0
APP005870,Female,No,2,Graduate,salaried,34004.0,4812.0,62000.0,48,,East,38.0,2023-08-30,1
APP004165,Female,Yes,1,Graduate,Salaried,65623.0,12228.0,67000.0,84,1.0,West ,51.0,2024-05-14,0
APP001230,Male,No,1,Not Graduate,self employed,156047.0,1397.0,52000.0,240,1.0,South,36.0,2023-05-16,0
APP005618,Male,Yes,0,Not Graduate,Salaried,43544.0,587.0,88000.0,180,1.0,North,25.0,2024-10-17,0
APP002058,Male,Yes,2,Not Graduate,Salaried,71545.0,23145.0,98000.0,180,1.0,North,54.0,2024-09-13,0
APP002859,Male,No,3,Graduate,self employed,30774.0,8668.0,118000.0,36,1.0,South,35.0,2024-06-24,0
APP001585,Female,Yes,2,Not Graduate,SELF-EMPLOYED,176061.0,28411.0,103000.0,180,1.0,North,46.0,2023-12-30,0
APP000595,Female,Yes,1,Graduate,Self-Employed,36873.0,4839.0,86000.0,240,0.0,West,45.0,2023-11-21,0
APP004160,Male,No,0,Graduate,Self-Employed,65642.0,12238.0,99000.0,120,1.0,North,43.0,2024-01-06,0
APP005693,Female,Yes,3,Not Graduate,self employed,29000.0,5152.0,163000.0,180,1.0,North,47.0,2023-08-14,0
APP002992,Female,Yes,2,Not Graduate,salaried,49360.0,3341.0,87000.0,360,1.0,West ,33.0,2024-08-14,0
APP002285,Male,No,4,Not Graduate,Salaried,48084.0,14153.0,181000.0,120,,EAST,54.0,2024-05-23,0
APP001972,Female,No,2,Graduate,Self-Employed,22701.0,6009.0,109000.0,360,0.0,north,39.0,2023-10-06,0
APP001498,Male,Yes,1,Graduate,Self-Employed,34634.0,6961.0,,60,1.0,North,30.0,2024-02-28,0
APP001676,Male,No,0,Not Graduate,SELF-EMPLOYED,58020.0,12601.0,59000.0,360,1.0,East,28.0,2024-06-28,0
APP004169,Male,Yes,2,Graduate,Salaried,45977.0,14717.0,281000.0,180,1.0,north,21.0,2023-08-30,0
APP005142,Male,No,0,Not Graduate,salaried,105341.0,29050.0,147000.0,24,1.0,West,41.0,2023-12-21,0
APP003968,Male,Yes,2,Not Graduate,Self-Employed,25610.0,1983.0,166000.0,120,1.0,West,42.0,2024-10-23,1
APP001536,Male,Yes,2,Graduate,Salaried,83518.0,22502.0,156000.0,48,1.0,West,52.0,2023-01-17,0
APP001344,Female,No,4,Not Graduate,Salaried,32082.0,1768.0,136000.0,84,1.0,West,21.0,2023-10-31,0
APP001902,Male,Yes,1,Graduate,Salaried ,32231.0,7047.0,195000.0,36,,EAST,21.0,2024-02-09,0
APP002298,Male,No,4,Graduate,salaried,58535.0,13269.0,48000.0,84,1.0,West,33.0,2023-09-02,0
APP004546,Female,No,0,Graduate,Salaried,61004.0,10981.0,35000.0,36,1.0,South,38.0,2024-04-25,0
APP000800,Female,No,2,Graduate,Salaried,32466.0,3756.0,89000.0,360,1.0,South,58.0,2023-07-22,0
APP000281,Female,Yes,0,Not Graduate,self employed,49258.0,13692.0,70000.0,120,1.0,East,39.0,2024-08-11,1
APP001681,Male,No,0,Graduate,salaried,18177.0,5646.0,477000.0,12,,North,30.0,2023-02-03,0
APP000732,Female,Yes,0,Not Graduate,Salaried,32485.0,1343.0,155000.0,60,1.0,East,34.0,2023-12-16,0
APP002590,Female,No,4,Graduate,Salaried ,,5445.0,56000.0,84,1.0,South,42.0,2024-08-12,0
APP003499,Male,Yes,1,Graduate,self employed,49193.0,802.0,104000.0,240,,South,40.0,2023-05-03,0
APP002318,Male,Yes,3,Not Graduate,salaried,25999.0,4803.0,292000.0,240,1.0,South,21.0,2023-02-10,0
APP004754,Male,Yes,3,Graduate,Salaried ,99944.0,18626.0,97000.0,12,1.0,North,31.0,2023-08-02,0
APP001130,Male,No,2,Graduate,Self-Employed,,2949.0,289000.0,48,1.0,South,27.0,2024-07-04,0
APP001722,Male,Yes,0,Graduate,Self-Employed,34873.0,6275.0,438000.0,48,0.0,South,37.0,2024-11-01,0
APP001543,Male,No,0,Graduate,self employed,39269.0,2670.0,88000.0,60,1.0,West,33.0,2024-08-12,0
APP005685,Male,Yes,3,Not Graduate,Self-Employed,98700.0,9468.0,404000.0,60,1.0,East,26.0,2024-02-22,0
APP003351,Male,No,3,Graduate,Salaried,36647.0,7707.0,81000.0,120,1.0,South,22.0,2023-05-20,0
APP005868,Male,Yes,3,Graduate,Salaried,59717.0,13914.0,180000.0,240,1.0,north,38.0,2024-06-05,0
APP004553,Male,Yes,3,Graduate,self employed,54651.0,11202.0,112000.0,60,1.0,East,63.0,2023-06-01,0
APP000181,Male,Yes,2,Graduate,SELF-EMPLOYED,77259.0,7798.0,66000.0,60,1.0,South,21.0,2023-08-31,0
APP000025,Male,Yes,0,Not Graduate,SELF-EMPLOYED,21515.0,2208.0,274000.0,84,1.0,South,21.0,2024-09-06,1
APP005143,Female,Yes,3,Graduate,Self-Employed,58416.0,10256.0,138000.0,240,1.0,South,37.0,2024-07-19,0
APP003449,Female,Yes,0,Not Graduate,Self-Employed,8243.0,2590.0,88000.0,60,1.0,East,41.0,2023-04-25,0
APP002502,Female,Yes,4,Graduate,Salaried ,73111.0,19211.0,87000.0,24,1.0,South,40.0,2024-09-14,0
APP001758,Male,Yes,1,Graduate,SELF-EMPLOYED,101372.0,5391.0,64000.0,240,1.0,North,23.0,2024-03-27,0
APP002407,Male,Yes,0,Not Graduate,Salaried ,893246.1981678976,133.0,54000.0,84,1.0,West,36.0,2023-03-26,0
APP002205,Female,Yes,0,Graduate,Self-Employed,108620.0,4589.0,71000.0,240,1.0,East,32.0,2024-08-12,0
APP000432,Female,Yes,1,Graduate,Salaried,49455.0,13260.0,59000.0,24,0.0,North,21.0,2024-03-19,0
APP005539,Male,Yes,2,Graduate,Salaried,40060.0,4584.0,163000.0,60,1.0,East,44.0,2023-02-25,0
APP000570,Male,Yes,3,Graduate,Salaried ,41276.0,12281.0,78000.0,60,1.0,north,50.0,2024-02-12,0
APP003568,Female,Yes,4,Not Graduate,Salaried ,86505.0,18617.0,602000.0,360,1.0,EAST,50.0,2024-01-18,0
APP003280,Female,No,2,Not Graduate,salaried,62135.0,7511.0,82000.0,36,1.0,West,40.0,2024-05-06,0
APP001967,Male,Yes,1,Graduate,Salaried,26333.0,8065.0,657000.0,120,1.0,North,36.0,2024-11-02,0
APP001702,Male,Yes,1,Graduate,salaried,23466.0,5910.0,214000.0,12,1.0,South,48.0,2024-08-14,0
APP003400,Male,Yes,2,Graduate,self employed,67627.0,11005.0,102000.0,180,0.0,north,38.0,2024-08-20,0
APP005563,Male,Yes,0,Not Graduate,Self-Employed,51881.0,6987.0,139000.0,120,1.0,South,64.0,2023-11-24,0
APP001848,Male,No,0,Not Graduate,Salaried,18284.0,2707.0,120000.0,360,1.0,South,48.0,2024-09-12,0
APP005318,Female,Yes,0,Graduate,Self-Employed,62228.0,9902.0,71000.0,48,1.0,East,,2024-09-13,0
APP004563,Female,Yes,2,Graduate,self employed,143513.0,19494.0,112000.0,120,1.0,West ,37.0,2023-03-02,0
APP002432,Female,Yes,1,Graduate,Salaried ,23465.0,2469.0,73000.0,120,,West ,28.0,2023-02-15,1
APP001366,Male,Yes,3,Graduate,Salaried,51437.0,6948.0,83000.0,48,1.0,East,48.0,2023-09-13,0
APP004756,Female,No,1,Graduate,Salaried ,94594.0,32583.0,85000.0,12,1.0,North,24.0,2024-10-14,0
APP002334,Female,Yes,2,Not Graduate,Salaried,29245.0,7673.0,59000.0,84,1.0,EAST,28.0,2024-04-19,0
APP004299,Male,Yes,0,Graduate,Salaried,48698.0,7273.0,67000.0,12,1.0,East,36.0,2023-03-06,0
APP004017,Female,No,0,Graduate,self employed,,2510.0,260000.0,60,1.0,East,31.0,2023-02-05,0
APP004655,Male,Yes,2,Graduate,self employed,31646.0,8130.0,90000.0,12,1.0,South,48.0,2023-05-24,0
APP004069,Female,Yes,0,Graduate,Self-Employed,31296.0,5104.0,153000.0,120,1.0,East,34.0,2023-11-01,0
APP005089,Male,No,2,Graduate,self employed,57662.0,3955.0,55000.0,60,,East,34.0,2024-10-29,1
APP002554,,No,4,Graduate,Self-Employed,27417.0,7585.0,238000.0,180,1.0,West,35.0,2023-11-18,1
APP004060,Female,Yes,2,Graduate,Salaried ,38826.0,1590.0,75000.0,180,1.0,South,57.0,2023-05-07,0
APP000133,Male,Yes,0,Graduate,Salaried,47017.0,16357.0,71000.0,84,1.0,East,39.0,2023-09-16,1
APP002324,Male,Yes,0,Not Graduate,Salaried ,18972.0,5998.0,250000.0,240,1.0,north,36.0,2023-04-29,0
APP002579,Male,No,0,Graduate,Self-Employed,38268.0,8431.0,213000.0,48,0.0,South,50.0,2024-01-16,0
APP005617,Female,No,0,Not Graduate,Self-Employed,75331.0,9872.0,211000.0,36,1.0,North,43.0,2023-07-25,0
APP002422,Male,Yes,0,Not Graduate,Salaried ,70492.0,23619.0,110000.0,240,1.0,South,36.0,2024-03-20,0
APP000856,Male,Yes,2,Graduate,Salaried ,10867.0,2451.0,137000.0,240,1.0,West,56.0,2024-06-14,0
APP000265,Female,Yes,1,Graduate,Salaried,72495.0,13395.0,84000.0,60,,North,41.0,2024-06-24,0
APP002681,Male,No,0,Graduate,Salaried,43269.0,5880.0,110000.0,84,1.0,West,54.0,2023-12-08,0
APP001097,Male,Yes,1,Graduate,Salaried,53547.0,103.0,66000.0,240,1.0,West,34.0,2023-09-10,0
APP001747,Male,Yes,2,Graduate,self employed,42864.0,4656.0,24000.0,240,1.0,South,35.0,2023-07-28,1
APP003621,Female,No,0,Graduate,Self-Employed,62058.0,4630.0,143000.0,180,1.0,North,34.0,2023-05-11,0
APP004883,Female,No,0,Graduate,salaried,38265.0,6296.0,51000.0,60,1.0,EAST,32.0,2024-03-09,0
APP001650,Female,No,0,Graduate,Salaried,22223.0,1686.0,53000.0,84,1.0,North,30.0,2024-07-07,0
APP002902,Female,Yes,2,Graduate,Salaried ,72214.0,1508.0,112000.0,12,1.0,South,42.0,2023-01-07,0
APP005838,Male,Yes,4,Graduate,SELF-EMPLOYED,120105.0,1201.0,175000.0,180,1.0,South,41.0,2024-05-14,0
APP003461,Male,Yes,1,Graduate,self employed,47148.0,11811.0,86000.0,120,1.0,North,34.0,2023-12-20,0
APP001190,Female,No,1,Not Graduate,Self-Employed,53568.0,13988.0,107000.0,60,1.0,West,43.0,2024-02-06,0
APP001375,Male,No,1,Graduate,Salaried,177337.0,10193.0,195000.0,48,1.0,South,54.0,2023-11-09,0
APP000427,Male,Yes,2,Not Graduate,Self-Employed,44299.0,6388.0,94000.0,84,1.0,East,45.0,2023-02-25,1
APP002886,Female,Yes,1,Not Graduate,salaried,111554.0,32040.0,360000.0,84,1.0,North,41.0,2024-12-19,1
APP001788,Female,Yes,2,Not Graduate,self employed,59080.0,10647.0,86000.0,120,1.0,South,29.0,2024-05-07,0
APP004398,Male,Yes,1,Graduate,Self-Employed,84705.0,3599.0,193000.0,60,,EAST,56.0,2023-11-08,0
APP003644,Male,Yes,1,Not Graduate,Self-Employed,43774.0,3622.0,81000.0,120,1.0,South,40.0,2024-09-25,0
APP002704,Male,Yes,2,Graduate,Self-Employed,57623.0,18065.0,26000.0,240,0.0,West,44.0,2024-06-14,0
APP003107,Female,Yes,3,Graduate,self employed,42118.0,3501.0,162000.0,120,1.0,West,42.0,2023-02-01,0
APP002560,Male,Yes,0,Not Graduate,Salaried,34443.0,10946.0,61000.0,360,1.0,East,35.0,2023-11-25,1
APP004228,Female,No,4,Not Graduate,self employed,41567.0,3008.0,246000.0,60,1.0,north,49.0,2024-01-21,0
APP004562,Male,Yes,1,Not Graduate,SELF-EMPLOYED,61322.0,1724.0,90000.0,60,1.0,South,55.0,2024-08-10,0
APP002668,Female,Yes,2,Graduate,SELF-EMPLOYED,,30276.0,233000.0,360,1.0,East,41.0,2023-05-17,0
APP003332,Female,Yes,1,Graduate,SELF-EMPLOYED,84764.0,21654.0,176000.0,36,1.0,East,45.0,2024-03-29,0
APP004326,Female,No,1,Not Graduate,self employed,46017.0,3857.0,66000.0,120,0.0,EAST,46.0,2024-09-09,0
APP002979,Female,Yes,4,Graduate,self employed,58865.0,12931.0,88000.0,360,1.0,South,41.0,2024-05-04,0
APP005317,Male,No,1,Graduate,self employed,63048.0,5178.0,252000.0,48,1.0,West,40.0,2024-02-29,0
APP000842,Female,No,0,Graduate,Salaried,39895.0,9372.0,123000.0,120,1.0,North,21.0,2024-01-21,0
APP000308,,Yes,0,Graduate,salaried,60521.0,2366.0,182000.0,36,1.0,South,26.0,2024-11-09,0
APP000596,Male,No,1,Graduate,SELF-EMPLOYED,55259.0,18201.0,321000.0,120,1.0,West,43.0,2023-01-05,0
APP005034,Female,No,0,Graduate,Salaried,41525.0,9598.0,79000.0,120,1.0,EAST,34.0,2023-03-25,0
APP000511,Female,No,3,Not Graduate,SELF-EMPLOYED,74086.0,4849.0,89000.0,360,1.0,West,42.0,2023-10-04,0
APP000132,Male,Yes,2,Graduate,Salaried,23323.0,7187.0,,180,0.0,West,24.0,2023-12-14,0
APP001164,Female,Yes,0,Graduate,Salaried ,85281.0,15898.0,30000.0,240,1.0,North,49.0,2024-09-17,0
APP002311,Male,No,0,Not Graduate,Salaried,63161.0,17670.0,228000.0,48,1.0,South,31.0,2024-10-30,0
APP005043,Male,No,0,Not Graduate,Salaried ,41517.0,12118.0,87000.0,12,,North,47.0,2024-07-08,0
APP004637,Male,No,0,Graduate,Salaried,83814.0,14810.0,134000.0,60,1.0,South,37.0,2024-03-19,0
APP000246,Female,Yes,1,Graduate,Salaried,52245.0,5472.0,149000.0,180,1.0,north,47.0,2023-02-14,0
APP001436,Male,No,1,Graduate,Salaried ,45040.0,5975.0,34000.0,240,1.0,North,33.0,2023-03-21,0
APP002751,Male,Yes,1,Graduate,Self-Employed,36050.0,3344.0,64000.0,36,1.0,South,50.0,2024-03-14,0
APP003091,Male,Yes,1,Graduate,Self-Employed,37354.0,903.0,97000.0,120,1.0,North,33.0,2023-02-19,0
APP004226,Female,Yes,0,Not Graduate,salaried,40272.0,8557.0,60000.0,360,1.0,West,50.0,2023-05-27,0
APP005375,Male,Yes,0,Not Graduate,self employed,66810.0,13880.0,51000.0,12,1.0,north,25.0,2024-06-29,0
APP003203,Male,Yes,0,Graduate,Self-Employed,44164.0,1264.0,40000.0,120,1.0,North,36.0,2024-03-11,0
APP001126,Male,Yes,1,Graduate,Salaried,36867.0,9169.0,113000.0,180,1.0,North,25.0,2024-06-20,0
APP001292,Male,No,0,Graduate,Salaried ,,1723.0,103000.0,60,1.0,South,56.0,2023-10-15,0
APP003220,Female,Yes,1,Graduate,Salaried,83938.0,10830.0,23000.0,84,1.0,North,53.0,2024-05-24,0
APP002842,Female,Yes,1,Graduate,salaried,110864.0,16624.0,267000.0,48,1.0,EAST,39.0,2024-03-23,1
APP003004,Female,Yes,1,Not Graduate,self employed,19546.0,2244.0,88000.0,36,1.0,West ,34.0,2024-02-20,0
APP001168,Male,Yes,0,Graduate,salaried,89366.0,6599.0,79000.0,48,1.0,South,47.0,2024-07-23,0
APP003182,Male,No,3,Graduate,Salaried,66053.0,5111.0,55000.0,36,0.0,West,42.0,2024-08-13,0
APP005424,Male,Yes,0,Not Graduate,Salaried ,87608.0,27867.0,159000.0,120,1.0,North,50.0,2023-09-16,1
APP003024,Male,Yes,3,Graduate,SELF-EMPLOYED,52525.0,14822.0,,60,1.0,West ,30.0,2024-07-03,0
APP004082,Male,No,2,Graduate,Salaried,71474.0,20169.0,58000.0,120,1.0,North,48.0,2023-08-16,0
APP000119,Female,Yes,1,Graduate,Self-Employed,11572.0,1819.0,203000.0,12,1.0,North,36.0,2023-05-15,0
APP002841,Male,Yes,3,Graduate,self employed,34472.0,4152.0,106000.0,60,1.0,South,45.0,2024-08-18,0
APP002652,Male,No,2,Not Graduate,Salaried,31641.0,2537.0,126000.0,180,1.0,North,42.0,2023-12-17,0
APP003549,Male,Yes,2,Graduate,self employed,41185.0,2501.0,37000.0,84,1.0,South,61.0,2024-02-22,0
APP000090,Male,Yes,1,Graduate,Salaried ,44306.0,1980.0,65000.0,60,1.0,South,46.0,2023-03-22,0
APP005590,Female,Yes,1,Graduate,Self-Employed,68152.0,19973.0,122000.0,48,,West,47.0,2023-07-02,0
APP005331,Male,Yes,0,Graduate,Salaried,79783.0,22324.0,,84,1.0,East,21.0,2023-07-07,0
APP004236,Male,Yes,2,Not Graduate,Self-Employed,57706.0,13821.0,337000.0,84,1.0,North,,2024-05-14,0
APP004359,Male,No,0,Graduate,Salaried,71932.0,5032.0,254000.0,360,1.0,East,24.0,2023-01-21,0
APP004413,Female,Yes,1,Graduate,self employed,38717.0,5515.0,180000.0,84,1.0,East,21.0,2024-07-23,1
APP000589,Male,No,1,Graduate,Self-Employed,55426.0,15189.0,41000.0,360,1.0,North,58.0,2024-07-17,0
APP003195,Male,Yes,2,Graduate,Salaried ,29780.0,201.0,90000.0,48,1.0,South,23.0,2024-11-26,0
APP003358,Male,Yes,2,Not Graduate,Self-Employed,36808.0,1387.0,81000.0,120,1.0,East,30.0,2024-07-22,0
APP005834,Male,Yes,3,Not Graduate,Salaried,22187.0,6724.0,57000.0,48,1.0,North,35.0,2023-08-31,0
APP001107,Male,Yes,4,Graduate,Salaried ,24954.0,5514.0,238000.0,60,1.0,West,31.0,2024-08-03,0
APP005961,Male,No,2,Not Graduate,self employed,88230.0,16100.0,71000.0,60,1.0,West,31.0,2023-11-07,0
APP000682,Male,No,0,Graduate,Self-Employed,79372.0,14551.0,56000.0,60,1.0,North,34.0,2024-05-09,0
APP000709,Male,Yes,1,Graduate,Salaried,35205.0,6469.0,89000.0,36,1.0,South,37.0,2024-08-23,0
APP005900,Male,No,0,Not Graduate,Salaried ,51957.0,12152.0,144000.0,36,1.0,South,37.0,2024-11-09,0
APP001626,Female,Yes,0,Graduate,Salaried ,20958.0,6781.0,227000.0,84,1.0,West,28.0,2024-04-22,0
APP001833,Female,No,2,Graduate,Self-Employed,48435.0,2422.0,178000.0,48,1.0,EAST,60.0,2024-10-20,1
APP000413,Female,No,1,Graduate,SELF-EMPLOYED,80771.0,3155.0,194000.0,60,1.0,South,29.0,2023-08-23,0
APP004603,Female,Yes,0,Graduate,Salaried ,64876.0,15852.0,63000.0,180,,West,50.0,2023-06-24,0
APP001649,Female,No,1,Graduate,SELF-EMPLOYED,152024.0,15720.0,109000.0,240,,West ,44.0,2024-12-21,0
APP005545,Female,Yes,4,Not Graduate,self employed,52318.0,9619.0,137000.0,36,0.0,East,29.0,2024-08-05,0
APP001290,Male,No,0,Graduate,Salaried,61058.0,10560.0,71000.0,60,1.0,North,34.0,2023-10-18,0
APP003450,Male,No,4,Graduate,Salaried ,57725.0,17143.0,105000.0,36,1.0,East,41.0,2023-10-09,1
APP000978,Male,Yes,1,Graduate,Salaried,139289.0,40168.0,40000.0,36,1.0,East,55.0,2023-01-15,0
APP003379,Male,No,3,Not Graduate,Salaried,28858.0,4781.0,59000.0,360,1.0,north,57.0,2024-02-26,0
APP001547,Female,Yes,3,Graduate,self employed,,1336.0,186000.0,120,1.0,East,52.0,2023-02-13,0
APP004781,Male,No,2,Not Graduate,self employed,84002.0,5747.0,114000.0,180,1.0,North,46.0,2023-05-26,0
APP004288,Male,No,3,Graduate,Self-Employed,70702.0,17291.0,171000.0,60,1.0,EAST,25.0,2024-09-15,0
APP003369,Male,Yes,3,Graduate,Self-Employed,13123.0,2949.0,87000.0,60,1.0,north,21.0,2024-01-31,0
APP002022,Male,Yes,3,Graduate,salaried,59944.0,11159.0,121000.0,360,1.0,East,39.0,2024-10-26,1
APP000857,Male,No,1,Graduate,salaried,94125.0,24020.0,68000.0,24,1.0,West,,2023-02-06,0
APP002960,Female,Yes,4,Graduate,Self-Employed,35301.0,10157.0,59000.0,180,1.0,West,52.0,2023-07-19,0
APP005560,Female,Yes,3,Graduate,Salaried,22798.0,1940.0,125000.0,24,1.0,South,48.0,2024-10-14,0
APP005206,Male,No,0,Not Graduate,salaried,78594.0,11493.0,218000.0,48,1.0,West ,26.0,2024-10-02,1
APP003645,Female,Yes,1,Graduate,Salaried,23145.0,6191.0,55000.0,180,1.0,East,36.0,2024-07-20,0
APP002881,Male,No,4,Graduate,salaried,31439.0,7132.0,290000.0,60,1.0,West,47.0,2023-02-15,1
APP004799,Male,No,0,Graduate,salaried,76504.0,9540.0,146000.0,60,0.0,North,31.0,2023-02-26,0
APP004062,Male,Yes,1,Graduate,Salaried ,42120.0,6306.0,84000.0,120,1.0,East,47.0,2024-12-06,0
APP005112,Female,Yes,1,Graduate,Self-Employed,24631.0,6595.0,273000.0,36,1.0,West,45.0,2023-10-28,0
APP003350,Male,Yes,2,Not Graduate,Salaried ,91673.0,5908.0,45000.0,84,1.0,North,40.0,2024-01-18,0
APP001551,Female,No,3,Not Graduate,Salaried ,81302.0,6470.0,58000.0,240,0.0,West ,54.0,2023-06-25,1
APP000422,Female,Yes,3,Not Graduate,Salaried,36642.0,12435.0,47000.0,60,1.0,South,28.0,2023-09-19,0
APP001699,Female,Yes,4,Graduate,Salaried ,34691.0,4412.0,90000.0,36,1.0,South,34.0,2024-10-07,1
APP004150,Female,No,2,Graduate,Salaried,,5493.0,92000.0,24,1.0,EAST,22.0,2024-10-02,0
APP000357,Male,No,2,Graduate,Salaried ,51353.0,10510.0,42000.0,12,1.0,North,27.0,2023-01-08,0
APP000967,Female,No,1,Not Graduate,Self-Employed,46271.0,10862.0,70000.0,36,1.0,East,62.0,2024-01-12,1
APP001324,Male,No,1,Graduate,Salaried ,111877.0,31711.0,214000.0,24,1.0,West,47.0,2024-04-04,0
APP002347,Female,No,3,Graduate,Salaried,66656.0,11656.0,62000.0,240,1.0,West,27.0,2023-06-05,0
APP002786,Male,Yes,4,Not Graduate,Self-Employed,42786.0,9588.0,159000.0,120,,West ,40.0,2023-12-25,1
APP001460,Female,Yes,4,Graduate,self employed,27119.0,1254.0,127000.0,36,1.0,East,40.0,2024-01-28,0
APP001956,Female,Yes,0,Not Graduate,Salaried,29467.0,3308.0,111000.0,240,1.0,South,47.0,2023-06-28,0
APP000487,Male,No,2,Graduate,Salaried,36951.0,11710.0,89000.0,36,1.0,North,35.0,2023-05-16,0
APP002721,Female,No,1,Graduate,Salaried,27314.0,5739.0,45000.0,120,1.0,West,27.0,2023-07-09,0
APP003029,Female,Yes,0,Graduate,Self-Employed,100995.0,23631.0,167000.0,240,1.0,West,21.0,2024-09-08,0
APP003316,Female,Yes,3,Graduate,Salaried,33233.0,7874.0,54000.0,360,0.0,South,35.0,2024-05-12,1
APP005409,Male,Yes,1,Graduate,self employed,44432.0,4941.0,497000.0,360,1.0,South,31.0,2023-10-12,0
APP003251,Male,Yes,0,Graduate,Salaried,47095.0,5425.0,64000.0,360,1.0,South,28.0,2024-08-21,0
APP003279,Male,No,0,Graduate,Salaried,41838.0,1364.0,122000.0,24,1.0,North,48.0,2024-07-24,0
APP004906,Male,No,1,Not Graduate,salaried,111668.0,32878.0,134000.0,180,,north,44.0,2023-04-08,0
APP000400,Female,Yes,0,Graduate,Self-Employed,77973.0,15977.0,101000.0,48,1.0,South,47.0,2023-09-16,0
APP000639,Male,No,0,Graduate,Salaried ,24755.0,4344.0,261000.0,60,1.0,North,30.0,2024-01-29,0
APP002030,Female,Yes,2,Not Graduate,Salaried ,44024.0,5479.0,342000.0,360,1.0,north,37.0,2023-09-26,0
APP005761,Female,No,2,Graduate,Salaried,26948.0,3640.0,66000.0,48,1.0,South,31.0,2023-10-01,0
APP003587,Male,No,0,Graduate,Salaried,31135.0,10329.0,148000.0,240,1.0,North,34.0,2023-04-24,1
APP001262,Female,No,0,Graduate,SELF-EMPLOYED,,13112.0,141000.0,360,1.0,West,54.0,2024-09-02,0
APP002589,Male,Yes,1,Graduate,Salaried,69524.0,10125.0,80000.0,180,0.0,South,43.0,2023-01-15,1
APP000581,Male,No,1,Not Graduate,Salaried,31483.0,1000.0,64000.0,360,1.0,South,55.0,2024-07-30,0
APP001906,Male,No,2,Graduate,Salaried ,23821.0,7183.0,337000.0,120,1.0,North,53.0,2023-05-04,0
APP002700,Female,No,2,Graduate,Salaried ,22413.0,1826.0,62000.0,48,1.0,West,40.0,2023-12-21,0
APP000918,Female,No,1,Graduate,Salaried,82146.0,21085.0,113000.0,180,1.0,South,26.0,2024-02-01,0
APP004330,Female,No,3,Graduate,Salaried,50044.0,1222.0,,60,,South,37.0,2023-08-13,0
APP004984,Female,Yes,0,Not Graduate,self employed,47269.0,2119.0,76000.0,120,,North,46.0,2023-06-20,0
APP005931,Male,Yes,3,Not Graduate,Salaried ,82644.0,18478.0,418000.0,240,1.0,North,27.0,2023-03-20,0
APP000393,Male,Yes,1,Not Graduate,Salaried,71614.0,17863.0,,120,0.0,East,23.0,2024-01-04,1
APP001144,Male,No,0,Graduate,Self-Employed,28594.0,2578.0,84000.0,180,1.0,East,50.0,2024-07-27,0
APP000888,Male,Yes,4,Graduate,salaried,45042.0,567.0,60000.0,360,1.0,South,42.0,2024-11-17,0
APP005843,Male,No,1,Not Graduate,Self-Employed,26577.0,2273.0,44000.0,240,1.0,East,30.0,2024-09-10,0
APP000007,Male,Yes,0,Graduate,Salaried,23138.0,5997.0,41000.0,24,1.0,West ,51.0,2023-10-23,0
APP004254,Male,Yes,2,Graduate,Salaried ,122598.0,13131.0,186000.0,60,1.0,North,33.0,2024-08-18,0
APP001748,Male,No,3,Graduate,SELF-EMPLOYED,57647.0,10259.0,207000.0,12,1.0,West,38.0,2023-10-01,0
APP000268,Female,Yes,0,Graduate,self employed,30747.0,8312.0,149000.0,120,1.0,West,25.0,2024-05-27,0
APP002988,Male,No,0,Not Graduate,SELF-EMPLOYED,24844.0,3159.0,117000.0,48,1.0,West,48.0,2024-11-01,0
APP001500,Female,Yes,2,Not Graduate,Self-Employed,40136.0,5448.0,64000.0,84,1.0,North,43.0,2024-05-07,0
APP001314,Female,No,0,Graduate,Self-Employed,38986.0,12602.0,117000.0,36,0.0,West ,29.0,2023-06-18,1
APP005469,Female,Yes,2,Not Graduate,Salaried,57553.0,4501.0,69000.0,48,1.0,South,36.0,2023-06-02,0
APP001376,Female,No,0,Graduate,Salaried,30534.0,6520.0,194000.0,60,1.0,EAST,51.0,2024-11-05,0
APP002784,Female,Yes,1,Not Graduate,Self-Employed,63430.0,5652.0,59000.0,48,1.0,East,22.0,2024-10-14,0
APP005074,,No,1,Not Graduate,Salaried ,23829.0,5671.0,154000.0,36,1.0,South,43.0,2024-01-29,0
APP005497,Male,Yes,2,Not Graduate,Self-Employed,36568.0,3316.0,132000.0,180,0.0,East,31.0,2024-07-16,1
APP000572,Female,Yes,0,Graduate,salaried,66467.0,14240.0,51000.0,36,1.0,north,21.0,2023-08-30,0
APP003020,Female,Yes,1,Graduate,Salaried,58356.0,3739.0,72000.0,24,0.0,North,36.0,2023-07-23,0
APP002398,Male,Yes,0,Graduate,Salaried,100753.0,29610.0,296000.0,60,1.0,East,31.0,2023-01-15,0
APP004105,Male,Yes,0,Graduate,salaried,36305.0,11915.0,43000.0,84,1.0,West ,47.0,2023-05-25,0
APP005161,Female,No,1,Graduate,Self-Employed,40145.0,2664.0,208000.0,120,1.0,North,41.0,2024-09-16,0
APP002937,Female,Yes,0,Graduate,salaried,48911.0,11588.0,160000.0,120,1.0,East,42.0,2024-10-31,0
APP002655,Female,Yes,1,Not Graduate,Salaried,41198.0,4378.0,57000.0,36,1.0,East,30.0,2023-08-10,0
APP000793,Male,No,3,Graduate,Salaried,30608.0,7337.0,204000.0,36,,South,27.0,2023-12-12,0
APP005847,Male,No,1,Graduate,Salaried,60703.0,159.0,136000.0,36,1.0,West ,44.0,2024-10-24,1
APP000518,Female,Yes,2,Graduate,Salaried,,12425.0,55000.0,180,1.0,East,25.0,2024-09-22,0
APP000787,Female,Yes,0,Not Graduate,SELF-EMPLOYED,24791.0,996.0,104000.0,84,1.0,West,57.0,2024-03-05,0
APP005554,Female,Yes,2,Not Graduate,self employed,58262.0,6394.0,223000.0,60,1.0,East,58.0,2023-07-09,0
APP001374,Male,Yes,1,Graduate,Self-Employed,87954.0,9615.0,288000.0,24,1.0,West,32.0,2023-12-31,1
APP005959,Female,Yes,1,Not Graduate,self employed,37017.0,5229.0,108000.0,60,1.0,East,38.0,2023-10-04,0
APP004285,Male,No,1,Not Graduate,Self-Employed,19238.0,727.0,94000.0,24,1.0,South,27.0,2023-08-10,0
APP005030,Male,Yes,1,Not Graduate,Salaried,30589.0,8523.0,44000.0,60,1.0,North,47.0,2024-04-04,0
APP002300,Male,Yes,3,Graduate,Salaried ,,7971.0,72000.0,120,1.0,North,39.0,2024-01-10,0
APP005918,Female,Yes,2,Graduate,self employed,21161.0,591.0,78000.0,120,1.0,North,35.0,2023-07-12,0
APP002114,Female,No,0,Graduate,Salaried ,62344.0,2698.0,77000.0,36,1.0,South,28.0,2024-06-19,0
APP004266,Male,No,2,Not Graduate,Salaried,117436.0,29023.0,121000.0,48,1.0,North,26.0,2023-08-03,0
APP000052,Female,Yes,2,Graduate,self employed,28619.0,1321.0,100000.0,240,1.0,North,66.0,2024-06-08,0
APP004589,Female,Yes,2,Not Graduate,Salaried,38296.0,12355.0,546000.0,36,1.0,North,57.0,2024-12-27,0
APP003427,Male,Yes,1,Not Graduate,SELF-EMPLOYED,62303.0,11495.0,69000.0,120,1.0,South,42.0,2023-05-11,0
APP004954,Female,Yes,2,Graduate,Salaried ,84589.0,7256.0,80000.0,84,,West,30.0,2023-04-16,0
APP000512,Male,No,0,Not Graduate,Salaried,70259.0,814.0,85000.0,180,1.0,East,38.0,2024-11-04,0
APP004697,Male,Yes,3,Graduate,SELF-EMPLOYED,16507.0,1465.0,287000.0,24,0.0,South,37.0,2023-10-05,0
APP005158,Female,Yes,0,Graduate,Salaried,26487.0,1435.0,143000.0,48,,West,41.0,2023-12-03,0
APP001885,Male,Yes,0,Graduate,Self-Employed,89254.0,284.0,85000.0,360,1.0,North,35.0,2023-09-08,0
APP000675,Male,Yes,2,Graduate,Salaried,21113.0,634.0,201000.0,120,1.0,East,26.0,2023-04-10,0
APP003391,Male,Yes,1,Graduate,Salaried ,61715.0,21316.0,84000.0,180,1.0,South,30.0,2023-06-30,0
APP005774,Female,Yes,1,Graduate,self employed,74614.0,11340.0,86000.0,36,0.0,West,32.0,2024-08-08,0
APP000651,Male,Yes,0,Graduate,salaried,29738.0,4669.0,46000.0,48,1.0,north,43.0,2023-05-04,0
APP004058,Male,Yes,1,Graduate,self employed,33171.0,4758.0,161000.0,48,1.0,north,30.0,2024-02-17,0
APP000213,Female,No,2,Not Graduate,SELF-EMPLOYED,128216.0,27645.0,21000.0,48,1.0,North,48.0,2024-07-21,0
APP003442,Male,Yes,1,Not Graduate,Self-Employed,31847.0,2135.0,160000.0,24,1.0,EAST,25.0,2023-08-31,0
APP005233,Female,Yes,0,Graduate,Salaried ,117481.0,36434.0,66000.0,180,,North,33.0,2024-07-23,0
APP004641,Female,No,0,Graduate,Salaried,35438.0,1826.0,104000.0,60,1.0,West ,29.0,2023-09-29,0
APP001628,Male,No,0,Not Graduate,Salaried,21492.0,4700.0,156000.0,120,1.0,West ,26.0,2024-04-23,0
APP004866,Female,Yes,0,Not Graduate,Salaried,48018.0,11233.0,83000.0,360,1.0,East,47.0,2024-01-23,0
APP002587,Male,Yes,1,Not Graduate,Salaried,59601.0,3006.0,276000.0,120,1.0,EAST,44.0,2024-12-06,0
APP000061,Male,Yes,2,Graduate,Salaried,46025.0,3502.0,69000.0,360,1.0,north,34.0,2024-09-30,0
APP003546,Male,No,0,Not Graduate,Self-Employed,75344.0,17374.0,46000.0,60,1.0,EAST,45.0,2024-07-27,0
APP005556,Female,Yes,3,Graduate,Salaried,49270.0,9230.0,74000.0,84,1.0,West ,37.0,2024-02-03,0
APP003325,Female,No,0,Graduate,self employed,51199.0,17229.0,73000.0,120,1.0,North,43.0,2024-01-04,0
APP000492,Female,Yes,0,Not Graduate,Self-Employed,29412.0,1662.0,148000.0,240,1.0,East,24.0,2023-06-01,0
APP000397,,Yes,3,Not Graduate,Salaried ,53225.0,5757.0,302000.0,120,1.0,EAST,21.0,2024-11-11,0
APP002387,Male,Yes,0,Not Graduate,Self-Employed,30876.0,6145.0,119000.0,84,1.0,South,54.0,2024-02-10,0
APP000279,Female,Yes,0,Not Graduate,Self-Employed,118075.0,38917.0,218000.0,12,1.0,North,38.0,2023-07-23,0
APP002865,Male,No,1,Graduate,Salaried,20637.0,3330.0,203000.0,180,1.0,north,24.0,2024-08-21,1
APP003781,Male,No,4,Graduate,Salaried ,55871.0,7116.0,132000.0,48,1.0,East,21.0,2024-08-23,0
APP002306,Male,No,2,Graduate,Salaried,29354.0,5080.0,32000.0,24,0.0,East,32.0,2023-04-10,0
APP005530,Male,No,3,Graduate,salaried,80195.0,23279.0,97000.0,60,1.0,South,39.0,2024-05-28,0
APP000182,Male,Yes,4,Graduate,self employed,53471.0,5226.0,186000.0,360,1.0,West,36.0,2023-04-27,0
APP000423,Male,No,2,Graduate,SELF-EMPLOYED,30391.0,1275.0,77000.0,60,1.0,South,37.0,2024-11-28,0
APP004353,Male,Yes,3,Graduate,SELF-EMPLOYED,104462.0,23017.0,117000.0,120,1.0,EAST,39.0,2024-04-20,0
APP001061,Female,Yes,0,Graduate,Salaried,57734.0,15149.0,162000.0,84,0.0,South,31.0,2023-09-07,1
APP004474,Male,Yes,1,Graduate,Salaried ,19194.0,6481.0,51000.0,84,1.0,North,47.0,2023-11-24,0
APP000662,Female,Yes,1,Not Graduate,Salaried,53217.0,6408.0,126000.0,60,1.0,East,39.0,2024-11-14,0
APP002901,Male,No,4,Graduate,Salaried,,23173.0,48000.0,24,1.0,West ,35.0,2024-03-23,0
APP003165,Male,No,4,Graduate,Salaried,101899.0,9831.0,64000.0,84,,EAST,34.0,2024-02-17,0
APP004536,,No,3,Not Graduate,Self-Employed,,5012.0,48000.0,60,1.0,West,38.0,2023-04-08,0
APP000351,Male,Yes,2,Graduate,Self-Employed,51352.0,13527.0,101000.0,240,1.0,East,52.0,2023-03-01,0
APP000063,Female,No,0,Graduate,SELF-EMPLOYED,45136.0,12221.0,70000.0,60,1.0,West ,52.0,2023-09-10,0
APP004319,Male,Yes,1,Graduate,salaried,61838.0,6261.0,550000.0,48,1.0,East,42.0,2023-08-18,0
APP000610,Female,Yes,0,Graduate,Salaried ,62025.0,4208.0,147000.0,60,0.0,West,47.0,2023-02-04,0
APP001764,Male,Yes,2,Graduate,Salaried,60463.0,3037.0,198000.0,180,1.0,South,21.0,2023-12-02,0
APP003977,Male,No,0,Not Graduate,Self-Employed,106741.0,24838.0,151000.0,360,1.0,EAST,41.0,2023-05-27,0
APP000078,Male,Yes,3,Not Graduate,Self-Employed,38922.0,12222.0,93000.0,60,0.0,South,52.0,2023-06-12,0
APP005092,Male,Yes,1,Graduate,salaried,38079.0,4946.0,106000.0,60,1.0,north,35.0,2023-03-09,0
APP004830,Male,No,0,Graduate,salaried,31512.0,7622.0,93000.0,48,0.0,north,41.0,2023-10-04,0
APP001257,Male,Yes,4,Graduate,Self-Employed,62269.0,20754.0,121000.0,84,1.0,EAST,59.0,2023-01-22,0
APP001047,Male,Yes,0,Graduate,SELF-EMPLOYED,49814.0,3687.0,63000.0,48,1.0,North,29.0,2024-07-27,0
APP000824,Male,Yes,0,Graduate,Self-Employed,22070.0,1119.0,113000.0,360,1.0,north,31.0,2023-07-24,0
APP005478,Female,Yes,0,Graduate,Self-Employed,33564.0,6589.0,47000.0,120,1.0,South,61.0,2024-12-01,0
APP003931,Female,No,1,Graduate,Salaried ,75966.0,18148.0,111000.0,180,,South,24.0,2023-12-02,0
APP000696,Female,No,4,Graduate,Salaried,48482.0,13564.0,35000.0,120,1.0,EAST,42.0,2023-07-24,0
APP001272,Female,Yes,1,Graduate,salaried,36265.0,2967.0,74000.0,24,0.0,East,23.0,2024-06-18,1
APP003219,Female,Yes,0,Graduate,Salaried,22504.0,6899.0,165000.0,12,1.0,East,44.0,2024-11-16,0
APP002663,Male,Yes,0,Graduate,salaried,50223.0,10119.0,49000.0,180,1.0,north,38.0,2024-07-14,0
APP005302,Male,Yes,0,Graduate,Self-Employed,36399.0,11101.0,37000.0,360,0.0,North,37.0,2023-02-13,0
APP000187,Female,Yes,0,Graduate,Salaried,103065.0,3494.0,216000.0,60,1.0,East,34.0,2024-05-14,0
APP004336,Male,Yes,2,Not Graduate,Salaried,67198.0,6351.0,182000.0,60,1.0,West,24.0,2024-12-14,0
APP005971,Female,Yes,3,Graduate,Salaried,38878.0,12535.0,121000.0,48,,South,36.0,2024-03-29,0
APP002020,Female,Yes,3,Graduate,self employed,32161.0,4399.0,48000.0,180,1.0,North,25.0,2023-01-03,0
APP000547,Male,Yes,0,Graduate,Self-Employed,31993.0,7176.0,72000.0,36,1.0,West,29.0,2024-08-18,0
APP000636,Male,Yes,3,Graduate,Salaried ,41482.0,6716.0,90000.0,60,,West,42.0,2024-07-14,0
APP004623,Male,Yes,0,Graduate,salaried,14932.0,5130.0,445000.0,60,1.0,West,59.0,2024-09-03,0
APP002255,Female,Yes,0,Not Graduate,Salaried,22668.0,5023.0,60000.0,240,1.0,East,51.0,2024-08-25,0
APP003060,Female,No,1,Not Graduate,Salaried,31685.0,7102.0,74000.0,180,0.0,South,22.0,2024-08-29,1
APP000688,Male,No,4,Graduate,self employed,25629.0,8059.0,56000.0,12,0.0,north,21.0,2024-11-18,1
APP004608,Male,No,1,Graduate,Salaried,49596.0,15942.0,110000.0,36,1.0,East,43.0,2024-04-24,0
APP003352,Male,Yes,0,Graduate,Salaried,75183.0,19311.0,85000.0,120,0.0,north,21.0,2024-07-11,0
APP005248,Female,No,1,Not Graduate,Salaried ,18621.0,3012.0,86000.0,60,1.0,South,47.0,2023-06-13,0
APP003166,Male,Yes,1,Graduate,Self-Employed,45875.0,7768.0,239000.0,180,0.0,north,55.0,2023-02-24,1
APP000768,Female,Yes,0,Graduate,Self-Employed,118150.0,22692.0,41000.0,360,0.0,West,39.0,2024-12-18,1
APP005609,Male,Yes,0,Graduate,Salaried ,38257.0,6404.0,139000.0,60,1.0,East,43.0,2024-04-05,0
APP000256,Male,Yes,0,Graduate,Salaried,50927.0,9504.0,71000.0,12,1.0,East,40.0,2024-09-26,0
APP004045,Male,No,0,Graduate,Salaried,40585.0,9336.0,52000.0,84,1.0,North,29.0,2023-01-28,0
APP004066,Male,Yes,1,Graduate,Salaried ,80315.0,5813.0,82000.0,180,0.0,West ,33.0,2024-10-30,0
APP005389,Male,No,2,Graduate,Salaried ,194220.0,44108.0,33000.0,120,1.0,West,45.0,2024-08-02,1
APP001648,Female,No,1,Not Graduate,Salaried,51008.0,2882.0,111000.0,36,1.0,West ,48.0,2024-03-29,0
APP004016,Male,Yes,3,Graduate,salaried,42200.0,12819.0,78000.0,240,1.0,North,43.0,2023-01-13,0
APP000952,Female,Yes,1,Graduate,self employed,50327.0,10051.0,409000.0,84,1.0,EAST,,2023-04-18,1
APP001901,Male,Yes,2,Graduate,Salaried,39484.0,5611.0,61000.0,84,,North,58.0,2024-05-04,1
APP003424,Male,No,0,Not Graduate,Salaried,39644.0,5076.0,108000.0,120,1.0,North,30.0,2024-02-02,0
APP004477,Male,Yes,0,Graduate,Salaried,56162.0,13770.0,,360,1.0,West,31.0,2023-08-27,0
APP001013,Female,Yes,0,Graduate,salaried,18528.0,6176.0,78000.0,360,1.0,South,30.0,2024-05-20,0
APP004393,Female,Yes,2,Graduate,Salaried,1666169.9457616599,21527.0,105000.0,60,1.0,North,27.0,2023-08-02,0
APP004889,Male,Yes,2,Graduate,Salaried,59835.0,2151.0,148000.0,240,1.0,South,38.0,2023-01-01,0
APP002388,Female,No,3,Not Graduate,Salaried,71538.0,13477.0,65000.0,84,1.0,EAST,61.0,2023-05-20,0
APP003753,Male,No,2,Graduate,SELF-EMPLOYED,145953.0,2666.0,55000.0,60,1.0,South,48.0,2024-09-06,0
APP003605,Male,Yes,1,Graduate,salaried,28749.0,2506.0,904000.0,120,1.0,EAST,29.0,2024-02-04,0
APP001833,Female,No,2,Graduate,Self-Employed,48435.0,2422.0,178000.0,48,1.0,EAST,60.0,2024-10-20,1
APP003786,Male,Yes,1,Graduate,Self-Employed,,6034.0,108000.0,60,,EAST,43.0,2023-08-26,0
APP000361,Male,Yes,2,Graduate,Self-Employed,22798.0,4298.0,89000.0,48,0.0,South,40.0,2024-09-18,0
APP001062,Female,No,0,Not Graduate,Salaried ,52930.0,18115.0,138000.0,12,1.0,North,46.0,2024-06-20,0
APP001558,Male,No,2,Graduate,self employed,41221.0,10860.0,117000.0,24,0.0,East,35.0,2023-03-06,1
APP004363,Female,No,1,Graduate,Salaried,95707.0,16248.0,175000.0,60,1.0,West,44.0,2023-12-01,0
APP005848,Female,Yes,0,Graduate,salaried,42288.0,6667.0,86000.0,24,1.0,South,44.0,2023-06-11,0
APP000585,Female,Yes,2,Graduate,Salaried ,21364.0,5004.0,166000.0,84,1.0,EAST,22.0,2024-01-08,0
APP003716,Male,No,2,Not Graduate,Self-Employed,165261.0,14941.0,46000.0,48,1.0,North,,2024-06-06,1
APP004665,Female,No,1,Graduate,Salaried,69585.0,6522.0,63000.0,120,1.0,South,24.0,2024-03-03,0
APP004742,Male,No,3,Not Graduate,Self-Employed,37078.0,10891.0,131000.0,60,1.0,West,31.0,2023-05-05,1
APP004662,Female,Yes,3,Graduate,Salaried,48185.0,1286.0,56000.0,120,,North,47.0,2023-12-21,0
APP004635,Male,Yes,1,Graduate,self employed,41040.0,2683.0,121000.0,60,0.0,North,48.0,2023-07-01,0
APP002377,Male,Yes,2,Not Graduate,self employed,13332.0,3786.0,118000.0,120,1.0,West,42.0,2024-07-27,1
APP000379,Female,No,0,Graduate,Self-Employed,37633.0,9857.0,57000.0,60,1.0,North,29.0,2024-05-29,0
APP000668,Male,Yes,3,Graduate,Salaried,58181.0,15374.0,80000.0,24,1.0,North,52.0,2023-08-20,0
APP003436,Male,No,3,Graduate,SELF-EMPLOYED,72946.0,12819.0,337000.0,36,1.0,South,32.0,2024-04-07,0
APP005153,Female,Yes,1,Graduate,Salaried,66135.0,17423.0,134000.0,120,1.0,East,38.0,2023-06-25,0
APP004692,Male,Yes,2,Not Graduate,Salaried,52217.0,9553.0,158000.0,60,0.0,South,38.0,2024-01-29,1
APP003506,Female,Yes,2,Graduate,salaried,28485.0,205.0,52000.0,12,1.0,North,38.0,2024-09-27,0
APP005127,Male,Yes,0,Graduate,Salaried,66547.0,5682.0,149000.0,24,0.0,EAST,200.0,2024-04-13,0
APP003824,Male,No,2,Graduate,Salaried,54160.0,4670.0,122000.0,60,,North,45.0,2023-09-04,0
APP002380,Female,Yes,1,Graduate,SELF-EMPLOYED,53629.0,17128.0,185000.0,60,1.0,South,37.0,2023-09-18,1
APP005258,Male,Yes,2,Not Graduate,SELF-EMPLOYED,32082.0,1226.0,152000.0,120,1.0,South,42.0,2023-11-08,1
APP002194,Male,Yes,4,Not Graduate,Self-Employed,23698.0,2645.0,50000.0,84,0.0,North,40.0,2024-12-07,0
APP001153,Female,No,2,Graduate,Salaried,21735.0,3100.0,79000.0,48,1.0,EAST,32.0,2024-03-12,0
APP005446,Male,Yes,2,Graduate,Self-Employed,66321.0,1177.0,112000.0,36,1.0,North,33.0,2023-09-29,0
APP004729,,No,3,Graduate,Self-Employed,60457.0,7374.0,79000.0,360,1.0,West,30.0,2024-12-10,0
APP005669,Male,Yes,1,Graduate,Salaried,47343.0,1007.0,95000.0,84,1.0,East,26.0,2023-09-20,0
APP004091,Female,Yes,1,Graduate,self employed,56718.0,9232.0,51000.0,24,1.0,North,42.0,2024-08-08,0
APP004056,Male,Yes,3,Graduate,SELF-EMPLOYED,41586.0,803.0,52000.0,60,1.0,East,36.0,2023-09-18,0
APP000424,Male,Yes,0,Graduate,Salaried,48729.0,8701.0,85000.0,120,1.0,South,31.0,2024-06-09,0
APP000140,Female,Yes,2,Graduate,SELF-EMPLOYED,103576.0,14815.0,345000.0,360,1.0,West,39.0,2024-11-17,0
APP005262,Female,Yes,2,Graduate,salaried,21499.0,4841.0,75000.0,240,1.0,West,29.0,2023-04-09,0
APP000415,Female,No,0,Not Graduate,Salaried,45782.0,14452.0,84000.0,48,1.0,North,43.0,2024-11-27,1
APP004198,Male,Yes,1,Graduate,Salaried,52562.0,755.0,270000.0,48,0.0,north,23.0,2024-06-22,1
APP004088,Female,Yes,3,Graduate,Salaried ,56790.0,2881.0,50000.0,48,1.0,South,36.0,2024-05-12,0
APP001424,Male,No,0,Not Graduate,SELF-EMPLOYED,62735.0,1062.0,62000.0,120,1.0,West,51.0,2024-09-17,0
APP002792,Female,No,4,Not Graduate,Salaried,62829.0,6967.0,142000.0,48,1.0,North,,2024-07-06,0
APP003367,Male,Yes,3,Graduate,SELF-EMPLOYED,62290.0,19371.0,158000.0,84,1.0,North,32.0,2023-01-11,0
APP004218,Male,Yes,1,Graduate,Salaried,66696.0,13193.0,216000.0,240,1.0,West ,32.0,2023-12-26,0
APP004486,Female,No,0,Graduate,Salaried ,56839.0,1270.0,111000.0,60,1.0,South,51.0,2024-12-19,0
APP003675,Female,Yes,0,Not Graduate,Self-Employed,151545.0,38393.0,190000.0,60,1.0,East,34.0,2023-07-30,0
APP005373,Male,No,1,Graduate,Self-Employed,30576.0,7163.0,99000.0,240,1.0,South,36.0,2024-01-06,0
APP001075,Female,Yes,2,Not Graduate,Salaried,13804.0,2393.0,215000.0,48,,East,24.0,2023-09-30,1
APP003648,Male,No,1,Graduate,Self-Employed,55653.0,12468.0,99000.0,84,0.0,EAST,28.0,2023-04-17,0
APP002503,Male,Yes,3,Graduate,Self-Employed,34701.0,2953.0,129000.0,24,1.0,North,35.0,2024-02-16,0
APP004320,Male,Yes,3,Graduate,SELF-EMPLOYED,26351.0,5139.0,65000.0,120,1.0,East,40.0,2023-03-30,0
APP005320,Male,Yes,1,Graduate,SELF-EMPLOYED,69583.0,20206.0,36000.0,48,1.0,EAST,,2023-04-04,0
APP003726,Female,No,0,Graduate,Salaried,49655.0,8901.0,83000.0,180,,West,46.0,2023-03-14,0
APP003798,Male,No,0,Graduate,Salaried ,38362.0,12862.0,185000.0,12,1.0,South,38.0,2023-12-18,0
APP004677,Male,Yes,3,Graduate,self employed,39570.0,5098.0,91000.0,240,1.0,South,34.0,2024-10-05,0
APP004251,Male,Yes,1,Not Graduate,salaried,46430.0,11551.0,70000.0,48,1.0,north,25.0,2023-10-21,0
APP000461,Male,No,0,Graduate,salaried,66557.0,16649.0,185000.0,120,,EAST,30.0,2023-05-09,0
APP000157,Female,No,1,Not Graduate,Salaried,55555.0,12964.0,18000.0,60,0.0,West ,36.0,2023-08-02,1
APP005078,Male,Yes,0,Graduate,Self-Employed,43796.0,7673.0,113000.0,60,1.0,South,37.0,2024-06-08,0
APP004000,Male,Yes,1,Graduate,Salaried,45618.0,1141.0,54000.0,48,1.0,North,45.0,2023-10-26,0
APP003536,Male,Yes,0,Not Graduate,Salaried,27248.0,5064.0,100000.0,84,0.0,North,36.0,2024-06-08,0
APP001719,Female,No,4,Graduate,Salaried,42190.0,10592.0,45000.0,48,,South,33.0,2024-09-07,0
APP000530,Female,Yes,1,Graduate,Salaried,31938.0,983.0,43000.0,84,1.0,North,28.0,2023-10-05,0
APP000493,Male,No,2,Graduate,Salaried ,246375.0,5897.0,172000.0,120,1.0,West,34.0,2023-01-21,0
APP005336,Female,No,0,Graduate,self employed,62228.0,4091.0,137000.0,48,1.0,South,51.0,2024-04-30,0
APP004725,Male,Yes,0,Graduate,SELF-EMPLOYED,75339.0,11697.0,82000.0,120,1.0,North,22.0,2023-02-01,0
APP003492,Female,Yes,2,Graduate,Salaried ,62767.0,14227.0,124000.0,36,1.0,East,34.0,2023-10-26,0
APP000722,Male,Yes,0,Graduate,Salaried,26650.0,292.0,233000.0,120,0.0,West ,32.0,2024-10-09,0
APP003699,Female,No,0,Graduate,Salaried ,32161.0,10773.0,,48,1.0,West,45.0,2024-10-19,0
APP001125,Female,No,0,Graduate,salaried,14430.0,426.0,151000.0,360,1.0,West ,22.0,2024-01-05,0
APP000088,Female,No,0,Not Graduate,Salaried,42036.0,1956.0,42000.0,60,1.0,East,35.0,2024-02-28,0
APP004002,Female,No,2,Graduate,SELF-EMPLOYED,17427.0,689.0,238000.0,60,1.0,South,41.0,2023-09-24,0
APP005243,Male,No,0,Not Graduate,Salaried ,112806.0,17533.0,109000.0,36,1.0,South,40.0,2023-10-11,0
APP000941,Male,Yes,1,Graduate,Salaried ,34454.0,2571.0,236000.0,60,1.0,North,29.0,2024-09-26,0
APP002767,Male,Yes,4,Graduate,Salaried,10662.0,1075.0,41000.0,36,1.0,West,52.0,2023-01-20,0
APP004807,,Yes,2,Graduate,Salaried,24119.0,968.0,116000.0,120,0.0,north,42.0,2024-09-27,0
APP004310,Female,No,1,Not Graduate,salaried,57677.0,18591.0,140000.0,84,1.0,East,41.0,2024-05-25,0
APP002987,Male,No,0,Graduate,salaried,41576.0,9414.0,77000.0,120,1.0,East,35.0,2024-04-09,0
APP005597,Male,No,3,Not Graduate,self employed,65114.0,17460.0,89000.0,60,1.0,West,45.0,2023-01-20,0
APP000514,Female,Yes,3,Graduate,Self-Employed,48663.0,468.0,149000.0,36,,north,26.0,2023-04-01,1
APP004118,Male,Yes,1,Graduate,salaried,70827.0,23115.0,80000.0,120,0.0,West ,67.0,2023-12-03,1
APP002083,Male,Yes,1,Graduate,SELF-EMPLOYED,22400.0,3212.0,116000.0,48,1.0,West,26.0,2024-07-11,0
APP000669,Male,No,1,Graduate,Salaried ,25508.0,6152.0,91000.0,240,1.0,East,45.0,2023-04-26,0
APP000645,Male,No,0,Not Graduate,Salaried ,201712.0,7981.0,188000.0,180,1.0,EAST,52.0,2024-11-02,0
APP002937,Female,Yes,0,Graduate,salaried,48911.0,11588.0,160000.0,120,1.0,East,42.0,2024-10-31,0
APP000215,Female,Yes,0,Graduate,Salaried,32635.0,1539.0,219000.0,360,1.0,EAST,29.0,2023-12-22,0
APP001112,Male,No,0,Graduate,Salaried,15242.0,4243.0,67000.0,180,1.0,EAST,37.0,2023-01-28,0
APP003289,Female,Yes,2,Not Graduate,Salaried ,13203.0,1816.0,272000.0,48,,East,21.0,2023-02-03,0
APP001877,Female,No,0,Not Graduate,Self-Employed,31795.0,8149.0,75000.0,84,1.0,East,33.0,2023-01-06,0
APP001298,Male,No,2,Not Graduate,Salaried,35493.0,2750.0,73000.0,120,1.0,South,48.0,2023-01-11,0
APP005995,Male,Yes,0,Not Graduate,Salaried,38589.0,8124.0,69000.0,48,1.0,West,46.0,2024-06-30,0
APP003170,Male,Yes,0,Graduate,Salaried,26401.0,4172.0,51000.0,240,1.0,North,25.0,2023-06-12,0
APP003123,Male,No,2,Graduate,Salaried,,7846.0,48000.0,120,1.0,East,45.0,2024-12-26,0
APP003009,Female,No,4,Not Graduate,Self-Employed,72416.0,4901.0,217000.0,36,1.0,north,38.0,2024-11-10,0
APP002984,Female,No,0,Graduate,Self-Employed,70767.0,11873.0,149000.0,36,1.0,West,21.0,2023-07-07,0
APP005404,Male,Yes,3,Graduate,Salaried,37739.0,712.0,213000.0,12,1.0,North,36.0,2023-07-19,0
APP002718,Female,No,1,Graduate,Self-Employed,42618.0,3261.0,247000.0,84,1.0,South,37.0,2024-05-30,0
APP000076,Female,No,1,Graduate,Salaried,70177.0,7470.0,81000.0,180,1.0,East,,2024-05-04,0
APP004388,Male,No,0,Graduate,Self-Employed,104562.0,10798.0,140000.0,36,1.0,South,37.0,2024-05-09,0
APP002055,Female,Yes,2,Graduate,SELF-EMPLOYED,83871.0,7109.0,158000.0,240,1.0,West,38.0,2024-08-01,1
APP003003,Male,Yes,0,Not Graduate,salaried,52299.0,5588.0,83000.0,84,1.0,East,38.0,2023-01-30,0
APP001537,Male,No,1,Graduate,SELF-EMPLOYED,83445.0,8374.0,118000.0,240,1.0,West,28.0,2024-09-03,0
APP003996,Male,Yes,2,Graduate,Salaried,80719.0,26311.0,30000.0,24,0.0,North,37.0,2024-05-19,0
APP001382,Male,Yes,2,Graduate,self employed,30329.0,3900.0,41000.0,60,0.0,South,24.0,2023-12-21,0
APP001494,Male,Yes,2,Graduate,Self-Employed,40934.0,1841.0,30000.0,36,0.0,North,34.0,2024-08-16,1
APP005077,Female,Yes,0,Not Graduate,Salaried,15683.0,2414.0,191000.0,180,1.0,South,44.0,2023-09-06,0
APP005577,Female,Yes,1,Graduate,Salaried,45023.0,3075.0,234000.0,84,1.0,West,23.0,2024-06-11,0
APP002247,Male,Yes,0,Graduate,Salaried,115629.0,11302.0,34000.0,60,1.0,West,42.0,2023-09-24,0
APP001646,Female,Yes,2,Not Graduate,Salaried ,50791.0,14458.0,64000.0,180,,South,21.0,2024-03-26,0
APP003113,Female,No,2,Graduate,self employed,117728.0,36363.0,269000.0,120,0.0,South,31.0,2023-08-11,0
APP005913,Female,No,0,Graduate,Self-Employed,31785.0,2785.0,95000.0,240,1.0,South,38.0,2023-10-12,0
APP001880,Male,Yes,0,Graduate,Self-Employed,83231.0,3078.0,197000.0,180,1.0,South,21.0,2024-03-16,0
APP003099,Male,Yes,1,Not Graduate,self employed,44069.0,1929.0,128000.0,84,1.0,North,30.0,2023-04-16,0
APP002291,Female,Yes,3,Graduate,Self-Employed,36090.0,7167.0,108000.0,120,1.0,north,58.0,2024-11-16,0
APP005323,Male,Yes,3,Graduate,Self-Employed,26704.0,5817.0,74000.0,36,1.0,West ,38.0,2023-04-28,0
APP004570,Female,Yes,0,Graduate,Self-Employed,78101.0,22279.0,78000.0,360,0.0,West,38.0,2023-11-16,1
APP003215,Male,Yes,0,Not Graduate,Salaried ,90811.0,28948.0,240000.0,60,1.0,North,42.0,2024-03-04,0
APP004121,Male,No,3,Not Graduate,Salaried,19618.0,3989.0,171000.0,84,1.0,South,49.0,2024-03-17,1
APP003027,Female,Yes,0,Graduate,Self-Employed,22606.0,7284.0,371000.0,120,0.0,North,30.0,2023-12-22,0
APP002969,Female,Yes,0,Graduate,Self-Employed,80059.0,24066.0,177000.0,360,0.0,North,52.0,2023-03-19,1
APP004100,Male,Yes,1,Not Graduate,SELF-EMPLOYED,35124.0,9087.0,107000.0,24,1.0,West,44.0,2023-06-06,0
APP001258,Male,No,0,Graduate,Salaried ,39470.0,7772.0,206000.0,120,1.0,South,46.0,2024-11-11,0
APP003987,Male,Yes,2,Not Graduate,Salaried,65371.0,2058.0,124000.0,48,1.0,East,44.0,2023-06-17,0
APP003893,Female,Yes,2,Not Graduate,Salaried ,85998.0,26104.0,82000.0,180,0.0,West,26.0,2024-05-06,1
APP005217,Male,No,4,Graduate,Self-Employed,43961.0,15259.0,192000.0,36,,EAST,52.0,2023-09-05,1
APP004449,Male,Yes,4,Graduate,SELF-EMPLOYED,46521.0,14302.0,107000.0,84,1.0,North,43.0,2023-09-08,0
APP005069,Female,Yes,0,Not Graduate,Self-Employed,81928.0,25863.0,43000.0,48,1.0,East,38.0,2023-06-20,0
APP000790,Female,No,0,Graduate,Self-Employed,,8885.0,236000.0,84,1.0,East,55.0,2024-07-17,0
APP004421,Male,Yes,0,Graduate,Salaried,84751.0,1045.0,108000.0,12,1.0,South,36.0,2024-02-17,0
APP002465,Female,Yes,3,Graduate,Salaried,62792.0,21916.0,120000.0,240,1.0,South,38.0,2024-02-14,0
APP005028,Male,Yes,2,Not Graduate,self employed,36203.0,1937.0,24000.0,48,1.0,North,33.0,2023-05-30,0
APP004207,Female,Yes,3,Not Graduate,Salaried ,63706.0,16650.0,30000.0,120,1.0,South,21.0,2023-08-05,1
APP000295,Male,Yes,2,Graduate,Salaried,27790.0,8067.0,92000.0,60,1.0,West,37.0,2023-09-04,0
APP000910,Male,Yes,0,Graduate,salaried,36035.0,8063.0,159000.0,48,1.0,North,38.0,2024-02-27,0
APP004467,Male,No,0,Graduate,Self-Employed,12480.0,539.0,59000.0,36,0.0,North,21.0,2024-04-18,1
APP001633,Female,No,0,Graduate,Salaried,105308.0,16161.0,192000.0,36,1.0,South,45.0,2023-07-12,0
APP004969,Female,Yes,1,Graduate,self employed,42818.0,3513.0,106000.0,36,,South,42.0,2023-12-21,0
APP004893,Female,No,0,Graduate,Salaried ,24963.0,3589.0,75000.0,24,1.0,East,46.0,2024-08-30,0
APP003204,Female,No,0,Graduate,self employed,78219.0,14792.0,145000.0,84,1.0,north,40.0,2024-06-22,0
APP004948,Female,Yes,0,Graduate,self employed,48831.0,16444.0,176000.0,84,1.0,West,32.0,2024-07-06,0
APP002645,Male,Yes,0,Graduate,Salaried,63281.0,9595.0,196000.0,120,1.0,EAST,22.0,2024-03-01,0
APP004225,Female,Yes,2,Graduate,self employed,25858.0,412.0,164000.0,24,1.0,EAST,57.0,2023-01-17,0
APP001872,Male,Yes,2,Not Graduate,SELF-EMPLOYED,61818.0,3331.0,26000.0,60,1.0,South,34.0,2023-06-20,0
APP004196,Male,No,3,Not Graduate,self employed,41561.0,8929.0,59000.0,180,1.0,West,53.0,2024-05-22,1
APP001126,Male,Yes,1,Graduate,Salaried,36867.0,9169.0,113000.0,180,1.0,North,25.0,2024-06-20,0
APP004030,Male,Yes,3,Graduate,Self-Employed,24043.0,3775.0,157000.0,360,0.0,West ,45.0,2024-06-23,1
APP002308,Female,No,2,Graduate,Salaried,31875.0,3281.0,48000.0,120,1.0,West,23.0,2023-08-24,0
APP003941,Female,No,1,Graduate,Salaried ,47236.0,14306.0,138000.0,36,1.0,North,37.0,2023-12-06,0
APP004979,Male,No,2,Graduate,self employed,27562.0,14.0,134000.0,60,1.0,South,29.0,2023-09-17,0
APP004054,Male,No,0,Graduate,Salaried,55486.0,15053.0,138000.0,120,1.0,North,49.0,2023-01-31,0
APP004072,Female,Yes,3,Graduate,Self-Employed,69515.0,2535.0,46000.0,36,1.0,West,38.0,2024-05-26,0
APP003836,,Yes,4,Graduate,Salaried,65520.0,17689.0,142000.0,240,,North,34.0,2023-02-06,0
APP003660,Female,Yes,0,Graduate,Salaried ,45961.0,5477.0,,120,1.0,North,29.0,2024-10-05,0
APP003815,Male,No,0,Graduate,Salaried,51262.0,286.0,95000.0,24,1.0,EAST,,2023-03-20,0
APP001527,Male,Yes,0,Graduate,Salaried,28229.0,527.0,275000.0,36,1.0,north,49.0,2024-08-13,0
APP002797,Male,Yes,2,Graduate,salaried,21658.0,1703.0,39000.0,24,1.0,East,37.0,2023-09-18,0
APP005949,Female,Yes,2,Not Graduate,Self-Employed,31012.0,999.0,234000.0,60,1.0,South,23.0,2024-03-19,0
APP005255,Female,Yes,1,Graduate,Salaried,39962.0,6296.0,85000.0,24,0.0,East,41.0,2023-07-16,0
APP005040,Female,No,0,Not Graduate,Self-Employed,57302.0,9669.0,115000.0,36,1.0,East,30.0,2023-12-07,0
APP001146,Female,Yes,0,Not Graduate,salaried,60441.0,18610.0,65000.0,180,1.0,West ,46.0,2023-12-05,0
APP005358,Female,Yes,0,Graduate,Salaried ,,3764.0,128000.0,60,1.0,South,36.0,2024-07-25,0
APP004036,Female,Yes,0,Graduate,Self-Employed,54345.0,13487.0,47000.0,180,1.0,East,33.0,2023-09-10,0
APP005271,Male,No,0,Graduate,Salaried,35293.0,4206.0,93000.0,36,1.0,North,44.0,2023-10-16,0
APP000003,Female,Yes,1,Graduate,Salaried,57528.0,15763.0,70000.0,120,1.0,North,22.0,2024-07-19,0
APP001338,Female,Yes,0,Graduate,Salaried ,37289.0,11227.0,118000.0,36,1.0,North,23.0,2023-07-16,0
APP003037,Male,No,1,Graduate,salaried,71797.0,15451.0,,180,1.0,South,26.0,2024-01-12,0
APP005691,Male,Yes,0,Graduate,Salaried ,49384.0,10744.0,170000.0,120,1.0,South,29.0,2024-11-28,0
APP001985,Male,No,1,Graduate,Salaried,87258.0,6284.0,76000.0,120,1.0,North,44.0,2024-03-24,0
APP003528,Female,No,0,Graduate,Self-Employed,,19608.0,262000.0,60,,South,47.0,2024-05-15,0
APP003083,Male,No,4,Graduate,Salaried ,52296.0,7291.0,239000.0,60,1.0,EAST,53.0,2024-07-18,0
APP002102,Male,Yes,2,Graduate,Self-Employed,52052.0,13839.0,59000.0,84,1.0,north,32.0,2023-01-27,0
APP000654,Female,No,2,Not Graduate,Salaried ,49650.0,8552.0,,360,1.0,South,23.0,2024-12-29,0
APP002036,Male,Yes,3,Graduate,self employed,57246.0,19777.0,87000.0,180,1.0,North,30.0,2024-10-14,0
APP004277,Male,No,1,Graduate,self employed,57979.0,7180.0,146000.0,120,1.0,West,23.0,2023-09-17,0
APP002883,Male,No,0,Graduate,salaried,112171.0,36876.0,131000.0,12,1.0,West,46.0,2023-01-26,0
APP004386,Male,Yes,4,Not Graduate,Salaried,,2606.0,99000.0,12,1.0,West,30.0,2023-11-20,0
APP002415,Male,No,1,Not Graduate,salaried,67799.0,8747.0,168000.0,36,1.0,East,35.0,2023-01-13,0
APP002541,Female,Yes,0,Graduate,Salaried ,80638.0,8034.0,96000.0,180,1.0,West,39.0,2023-07-25,0
APP000786,Female,No,0,Graduate,Salaried,69189.0,20192.0,88000.0,60,1.0,South,28.0,2023-12-17,0
APP001052,Male,Yes,0,Not Graduate,Self-Employed,155441.0,35064.0,82000.0,120,1.0,West,44.0,2024-04-11,0
APP005467,Female,No,3,Graduate,Salaried,99739.0,21755.0,97000.0,120,,East,64.0,2023-01-15,0
APP002781,Male,Yes,0,Graduate,Self-Employed,55241.0,5420.0,179000.0,48,1.0,EAST,23.0,2023-05-04,0
APP000038,Male,No,2,Not Graduate,SELF-EMPLOYED,75977.0,1801.0,200000.0,60,,East,33.0,2023-04-20,0
APP001154,Female,No,0,Not Graduate,Salaried,122976.0,40498.0,94000.0,120,1.0,East,21.0,2024-10-18,0
APP002442,Male,Yes,3,Not Graduate,salaried,68323.0,17940.0,60000.0,60,,East,35.0,2024-08-14,0
APP000745,Male,Yes,3,Graduate,Salaried,44320.0,10133.0,69000.0,180,,East,32.0,2024-02-22,0
APP005705,Female,No,4,Graduate,Salaried ,21287.0,3235.0,81000.0,60,1.0,EAST,24.0,2023-07-05,0
APP000260,Male,No,4,Graduate,Salaried ,71380.0,10628.0,61000.0,60,1.0,north,35.0,2024-03-05,0
APP000965,Male,Yes,0,Graduate,Self-Employed,39342.0,13288.0,179000.0,84,1.0,East,35.0,2023-08-30,0
APP000542,Female,Yes,2,Graduate,Self-Employed,71999.0,2116.0,219000.0,84,1.0,South,35.0,2023-10-18,0
APP002277,Female,Yes,4,Graduate,Self-Employed,102808.0,3626.0,55000.0,180,0.0,East,35.0,2024-10-29,0
APP002336,Male,Yes,1,Not Graduate,Salaried,43775.0,10169.0,45000.0,240,0.0,West,47.0,2023-07-10,0
APP000534,Male,No,1,Graduate,salaried,31250.0,8549.0,96000.0,48,1.0,North,35.0,2023-03-30,0
APP001922,Male,Yes,0,Graduate,Self-Employed,59028.0,9624.0,130000.0,84,1.0,north,44.0,2024-01-26,1
APP004790,Male,Yes,1,Not Graduate,Salaried,,22075.0,213000.0,48,0.0,EAST,33.0,2024-11-03,1
APP000634,Male,No,1,Graduate,self employed,21513.0,6098.0,140000.0,180,1.0,South,39.0,2023-01-15,0
APP004412,Male,No,2,Graduate,Salaried,39532.0,13003.0,81000.0,84,1.0,North,31.0,2023-08-12,0
APP000557,Male,No,2,Graduate,SELF-EMPLOYED,35142.0,3780.0,111000.0,60,1.0,South,42.0,2023-03-10,0
APP005784,Male,No,1,Graduate,Salaried,83398.0,24622.0,57000.0,120,0.0,north,53.0,2024-01-10,0
APP004943,Female,Yes,4,Graduate,SELF-EMPLOYED,69153.0,23817.0,156000.0,36,,South,34.0,2024-08-14,0
APP006000,Male,Yes,0,Graduate,salaried,58994.0,13484.0,62000.0,360,1.0,north,22.0,2024-05-07,0
APP004276,Female,Yes,0,Graduate,Salaried,84036.0,16890.0,359000.0,60,1.0,East,23.0,2023-07-24,0
APP000591,Male,No,3,Graduate,Salaried,88993.0,16794.0,115000.0,120,0.0,West,56.0,2023-03-12,0
APP002095,Male,No,0,Graduate,Self-Employed,,4847.0,132000.0,360,1.0,South,47.0,2023-08-13,0
APP001345,Female,Yes,1,Graduate,Salaried,24268.0,4864.0,115000.0,60,1.0,north,63.0,2023-12-03,0
APP000887,Female,Yes,0,Graduate,Salaried,60761.0,4808.0,113000.0,240,1.0,north,54.0,2024-07-12,0
APP003364,Male,No,0,Graduate,SELF-EMPLOYED,209016.0,61554.0,38000.0,24,1.0,West ,44.0,2024-10-16,0
APP003126,Female,Yes,4,Not Graduate,SELF-EMPLOYED,30113.0,3373.0,71000.0,240,0.0,South,43.0,2024-01-23,1
APP005494,Male,No,2,Graduate,SELF-EMPLOYED,81519.0,22975.0,22000.0,240,0.0,EAST,45.0,2024-08-08,0
APP004437,,No,3,Not Graduate,SELF-EMPLOYED,56951.0,5311.0,132000.0,36,,North,41.0,2024-02-21,1
APP005620,Male,No,0,Graduate,salaried,21189.0,5312.0,43000.0,60,1.0,West,28.0,2024-04-20,0
APP000496,Male,Yes,1,Graduate,Salaried ,,19818.0,70000.0,36,,South,32.0,2023-11-02,0
APP003831,Male,Yes,1,Graduate,Salaried ,81667.0,2468.0,77000.0,84,1.0,North,53.0,2023-12-19,0
APP003032,Male,Yes,2,Graduate,Salaried,68460.0,86.0,57000.0,120,1.0,North,27.0,2023-08-29,0
APP000363,Male,Yes,3,Graduate,Salaried,46013.0,15093.0,55000.0,360,0.0,East,40.0,2023-07-07,1
APP004480,Male,Yes,2,Graduate,salaried,29485.0,3317.0,327000.0,120,1.0,South,30.0,2024-04-24,1
APP001151,Female,No,3,Graduate,Salaried,70952.0,1408.0,54000.0,48,1.0,South,36.0,2023-01-09,0
APP003347,Male,Yes,1,Graduate,Salaried,59723.0,7661.0,108000.0,48,1.0,South,36.0,2024-11-26,0
APP002204,Male,No,1,Graduate,Salaried,63853.0,16699.0,215000.0,120,1.0,South,25.0,2024-07-17,0
APP004885,Male,No,0,Not Graduate,Salaried ,85688.0,9500.0,45000.0,180,0.0,South,22.0,2024-06-20,0
APP002909,Male,Yes,1,Graduate,Self-Employed,15715.0,1487.0,50000.0,24,1.0,West,48.0,2023-04-27,0
APP001033,Male,Yes,1,Graduate,Salaried ,51998.0,2911.0,46000.0,180,1.0,north,24.0,2024-08-19,0
APP005213,Male,Yes,0,Graduate,Self-Employed,44084.0,843.0,68000.0,12,1.0,North,42.0,2023-01-04,0
APP002168,Male,Yes,1,Graduate,Salaried,21786.0,4914.0,31000.0,36,1.0,West ,22.0,2023-01-29,1
APP002742,Male,No,4,Graduate,salaried,98809.0,29938.0,42000.0,180,1.0,EAST,39.0,2023-03-09,0
APP001545,Female,Yes,1,Graduate,self employed,80872.0,23709.0,482000.0,120,1.0,North,42.0,2023-10-06,0
APP003177,Female,Yes,4,Graduate,Self-Employed,,14474.0,116000.0,48,1.0,north,25.0,2023-10-06,0
APP000663,Female,Yes,0,Not Graduate,salaried,22560.0,216.0,55000.0,120,1.0,north,39.0,2023-07-06,0
APP000994,Female,No,1,Graduate,Salaried ,25131.0,2041.0,95000.0,60,1.0,north,27.0,2023-01-14,0
APP000649,Female,No,3,Graduate,Salaried,35507.0,6686.0,23000.0,48,0.0,East,47.0,2024-05-30,0
APP003601,Male,Yes,0,Graduate,Salaried,53240.0,14157.0,70000.0,240,1.0,East,32.0,2024-05-25,0
APP003074,Male,Yes,1,Graduate,Salaried,36120.0,6435.0,246000.0,84,1.0,West,35.0,2023-02-24,0
APP001713,Female,No,1,Not Graduate,Salaried ,75454.0,21069.0,277000.0,120,1.0,East,48.0,2023-09-26,0
APP000071,Female,No,4,Graduate,Salaried ,22754.0,71.0,177000.0,120,1.0,North,44.0,2024-12-29,0
APP004878,Female,Yes,0,Graduate,Self-Employed,64506.0,22285.0,33000.0,360,0.0,East,44.0,2023-05-15,1
APP004460,Male,Yes,1,Graduate,salaried,18132.0,2252.0,121000.0,360,1.0,North,36.0,2024-07-27,0
APP002572,Female,Yes,4,Not Graduate,Self-Employed,59068.0,16433.0,94000.0,360,1.0,East,29.0,2024-03-05,0
APP002100,Male,Yes,0,Graduate,self employed,32438.0,6394.0,118000.0,24,1.0,EAST,38.0,2024-07-23,0
APP002051,Male,No,4,Graduate,Salaried,50606.0,10147.0,106000.0,48,1.0,West ,39.0,2023-03-06,0
APP002588,Female,Yes,0,Graduate,self employed,18122.0,4950.0,29000.0,60,1.0,South,48.0,2024-06-02,0
APP000579,Male,Yes,0,Graduate,Salaried,42200.0,9391.0,224000.0,120,1.0,EAST,33.0,2024-11-04,0
APP002719,Female,Yes,0,Graduate,salaried,,6495.0,50000.0,120,1.0,West,70.0,2023-01-27,0
APP002633,Male,Yes,0,Graduate,Salaried,86761.0,22985.0,238000.0,360,1.0,South,29.0,2023-11-03,0
APP001687,Female,Yes,0,Not Graduate,Self-Employed,64234.0,16540.0,132000.0,60,1.0,South,21.0,2024-06-05,0
APP002769,Male,Yes,2,Graduate,self employed,126644.0,28299.0,76000.0,36,1.0,East,31.0,2024-03-24,0
APP001259,Male,No,0,Graduate,Self-Employed,65892.0,10205.0,82000.0,12,0.0,East,57.0,2023-09-15,0
APP004959,Male,No,1,Graduate,Salaried,63998.0,13946.0,38000.0,120,1.0,North,52.0,2024-11-07,0
APP002411,Female,Yes,1,Not Graduate,Self-Employed,49954.0,12338.0,46000.0,36,1.0,East,28.0,2024-10-29,0
APP005740,Male,Yes,2,Graduate,Self-Employed,51586.0,2142.0,77000.0,24,1.0,West,46.0,2024-08-29,0
APP001313,Male,Yes,3,Graduate,Salaried,52066.0,3394.0,105000.0,120,0.0,West,40.0,2024-06-10,1
APP000362,Female,No,2,Graduate,salaried,125148.0,4085.0,43000.0,24,1.0,East,46.0,2023-12-01,0
APP002524,Male,Yes,0,Graduate,self employed,133369.0,13719.0,82000.0,60,0.0,North,27.0,2023-06-28,0
APP005181,Male,Yes,3,Graduate,SELF-EMPLOYED,33030.0,4633.0,68000.0,36,0.0,West,59.0,2023-09-15,0
APP004038,Female,No,1,Graduate,Self-Employed,75275.0,15810.0,164000.0,36,,South,37.0,2023-07-15,0
APP002923,Female,No,0,Graduate,Salaried,88963.0,7455.0,94000.0,60,1.0,East,60.0,2023-10-21,0
APP005301,Female,No,2,Graduate,Salaried,64693.0,6255.0,95000.0,84,1.0,North,50.0,2024-10-03,0
APP003396,Female,Yes,1,Not Graduate,Salaried,29127.0,7759.0,109000.0,48,1.0,North,21.0,2023-01-04,1
APP003649,Female,Yes,1,Graduate,Salaried,51843.0,10973.0,39000.0,120,1.0,North,21.0,2024-09-23,0
APP003919,Female,No,3,Graduate,self employed,26936.0,3288.0,30000.0,60,1.0,East,42.0,2023-11-27,0
APP004287,Female,Yes,2,Graduate,Salaried,44048.0,7352.0,79000.0,240,1.0,North,55.0,2023-06-14,0
APP005767,Male,No,3,Graduate,Salaried,97345.0,30191.0,54000.0,36,1.0,West,38.0,2023-10-23,0
APP004540,Male,Yes,0,Graduate,Salaried ,,33648.0,65000.0,24,,East,29.0,2024-07-22,0
APP005796,Female,Yes,0,Graduate,Self-Employed,29126.0,10137.0,79000.0,48,,West ,51.0,2024-02-03,0
APP000010,Female,Yes,2,Graduate,self employed,64389.0,15347.0,45000.0,120,1.0,South,44.0,2023-09-05,0
APP000874,Male,Yes,1,Graduate,Salaried ,55344.0,9374.0,313000.0,120,1.0,North,48.0,2023-12-14,0
APP005468,Female,Yes,1,Graduate,Salaried,58038.0,17416.0,168000.0,60,,South,35.0,2023-11-03,0
APP003692,Male,Yes,0,Not Graduate,Self-Employed,30399.0,6515.0,144000.0,84,1.0,South,33.0,2023-10-03,0
APP002920,Male,Yes,0,Graduate,Salaried ,39677.0,1977.0,89000.0,60,1.0,West,33.0,2024-08-15,0
APP004915,Male,Yes,0,Graduate,Salaried ,64605.0,4566.0,255000.0,48,1.0,South,38.0,2023-09-02,0
APP004122,Male,Yes,3,Graduate,Self-Employed,16302.0,1859.0,207000.0,84,1.0,North,37.0,2023-05-11,0
APP004329,Male,Yes,2,Graduate,Salaried,46344.0,12872.0,43000.0,48,1.0,South,21.0,2024-07-05,0
APP003330,Female,No,2,Graduate,Salaried,53254.0,15465.0,88000.0,360,1.0,East,29.0,2024-05-18,0
APP005541,Male,No,0,Not Graduate,Salaried ,144758.0,21021.0,123000.0,180,1.0,South,31.0,2023-08-22,0
APP003357,Female,No,0,Graduate,Salaried ,62455.0,7814.0,137000.0,240,1.0,South,21.0,2024-03-19,0
APP005264,Male,Yes,1,Not Graduate,Self-Employed,100268.0,1402.0,68000.0,36,1.0,East,38.0,2023-10-17,0
APP002417,Male,Yes,2,Graduate,Salaried,103934.0,23056.0,150000.0,120,0.0,South,34.0,2024-07-10,0
APP000285,Male,Yes,0,Graduate,self employed,15404.0,4048.0,64000.0,120,1.0,West,36.0,2024-07-14,0
APP002037,Male,No,1,Not Graduate,salaried,121518.0,13876.0,94000.0,120,1.0,South,54.0,2024-08-10,0
APP003033,Female,No,3,Graduate,Salaried,109899.0,3386.0,47000.0,48,1.0,north,49.0,2024-05-21,0
APP003859,Male,Yes,1,Not Graduate,Salaried ,109115.0,18911.0,179000.0,120,1.0,West,29.0,2023-02-06,0
APP002623,Male,No,0,Not Graduate,Salaried ,100825.0,30317.0,59000.0,360,1.0,South,25.0,2024-05-09,1
APP001898,Male,Yes,2,Not Graduate,SELF-EMPLOYED,62444.0,1515.0,110000.0,180,0.0,West,41.0,2024-11-10,1
APP004660,Female,No,2,Graduate,Salaried,112742.0,18268.0,68000.0,60,1.0,North,35.0,2023-03-13,0
APP002778,Male,Yes,2,Graduate,Salaried,37256.0,4395.0,72000.0,84,1.0,north,45.0,2024-04-03,0
APP002361,Male,Yes,4,Graduate,Self-Employed,21954.0,5608.0,104000.0,360,1.0,West,51.0,2023-04-20,0
APP005760,Male,No,3,Graduate,Salaried ,51366.0,5054.0,54000.0,36,1.0,East,32.0,2024-06-22,0
APP003715,Female,No,2,Graduate,SELF-EMPLOYED,70681.0,702.0,202000.0,12,1.0,North,38.0,2024-09-21,0
APP005384,Male,Yes,0,Graduate,SELF-EMPLOYED,52464.0,729.0,156000.0,120,,South,49.0,2023-02-03,0
APP000499,Female,No,0,Not Graduate,Self-Employed,132480.0,5704.0,102000.0,12,1.0,South,47.0,2024-12-08,0
APP005999,Male,Yes,2,Graduate,Salaried ,20668.0,1573.0,55000.0,36,1.0,North,27.0,2024-11-10,0
APP004759,Male,No,0,Not Graduate,Salaried,55003.0,4114.0,161000.0,180,1.0,West,69.0,2023-10-28,0
APP002344,Male,No,0,Not Graduate,Salaried,97732.0,30716.0,100000.0,180,1.0,north,41.0,2023-06-30,0
APP000380,Male,No,2,Graduate,Salaried,198126.0,7309.0,243000.0,60,,South,52.0,2023-01-03,0
APP004352,Female,Yes,1,Not Graduate,Salaried,57889.0,10991.0,153000.0,60,1.0,EAST,28.0,2024-11-07,0
APP005610,Male,No,2,Graduate,Salaried ,16302.0,113.0,122000.0,24,1.0,South,39.0,2023-02-07,0
APP001053,Female,No,1,Graduate,Salaried,45436.0,3837.0,91000.0,120,1.0,West,50.0,2023-09-26,0
APP000191,Male,Yes,0,Graduate,self employed,67715.0,21711.0,184000.0,120,0.0,EAST,43.0,2023-12-13,0
APP002601,Female,Yes,0,Graduate,Self-Employed,180432.0,55226.0,143000.0,12,1.0,West,55.0,2024-03-27,0
APP001721,Male,No,2,Graduate,SELF-EMPLOYED,26792.0,6447.0,105000.0,120,1.0,West,46.0,2023-02-14,0
APP002729,Male,Yes,2,Not Graduate,Salaried,35132.0,8941.0,306000.0,120,,East,24.0,2024-04-20,0
APP003374,Female,No,2,Graduate,SELF-EMPLOYED,16491.0,4335.0,87000.0,120,1.0,north,60.0,2024-10-15,0
APP000021,Female,Yes,2,Graduate,Salaried,43056.0,10060.0,87000.0,84,1.0,West,55.0,2024-08-20,0
APP003133,Female,Yes,3,Graduate,Self-Employed,38087.0,10703.0,87000.0,60,0.0,East,38.0,2024-09-01,1
APP002173,Male,Yes,0,Graduate,salaried,,627.0,128000.0,24,1.0,South,44.0,2024-09-19,0
APP003084,Female,No,0,Graduate,Self-Employed,53278.0,11770.0,137000.0,60,1.0,North,41.0,2023-04-01,0
APP002021,Female,Yes,0,Not Graduate,Salaried ,42383.0,3852.0,93000.0,360,1.0,North,59.0,2024-05-01,0
APP005887,Male,No,2,Graduate,Salaried,99187.0,15539.0,73000.0,48,1.0,North,54.0,2024-11-24,0
APP003320,Female,No,1,Graduate,Salaried,25653.0,5791.0,89000.0,120,1.0,EAST,39.0,2023-07-21,0
APP004522,Male,Yes,4,Graduate,SELF-EMPLOYED,23785.0,4187.0,50000.0,120,1.0,East,47.0,2024-06-13,0
APP000209,Male,Yes,1,Graduate,salaried,67710.0,6425.0,31000.0,84,,West,60.0,2023-08-19,0
APP003539,Female,Yes,3,Graduate,Self-Employed,21760.0,1649.0,44000.0,180,0.0,North,52.0,2024-01-12,0
APP003053,Male,Yes,1,Not Graduate,Salaried,54523.0,6802.0,285000.0,120,1.0,North,41.0,2024-07-31,0
APP004238,Female,Yes,1,Not Graduate,Salaried,111427.0,3662.0,83000.0,48,1.0,East,38.0,2023-04-06,0
APP004972,Female,Yes,2,Graduate,Self-Employed,49198.0,11159.0,79000.0,240,1.0,South,53.0,2023-08-22,0
APP000151,Female,Yes,0,Graduate,self employed,30675.0,8905.0,58000.0,60,,West ,40.0,2023-05-19,0
APP000023,Male,Yes,0,Not Graduate,Self-Employed,36530.0,7736.0,72000.0,36,0.0,West,44.0,2024-07-03,1
APP004712,Male,Yes,0,Graduate,Salaried,51214.0,14774.0,99000.0,36,1.0,South,42.0,2023-09-01,0
APP002748,Male,Yes,2,Graduate,Self-Employed,40364.0,1030.0,90000.0,60,1.0,North,45.0,2024-11-13,0
APP004389,Male,Yes,1,Graduate,Self-Employed,14683.0,934.0,173000.0,48,1.0,South,45.0,2024-07-18,0
APP001332,Female,Yes,1,Not Graduate,salaried,182295.0,16043.0,91000.0,60,1.0,South,28.0,2023-12-19,0
APP002942,Female,No,0,Graduate,SELF-EMPLOYED,41794.0,13247.0,163000.0,24,1.0,North,45.0,2023-10-23,0
APP000658,Male,Yes,3,Not Graduate,Salaried ,14796.0,417.0,159000.0,360,1.0,East,47.0,2023-01-10,0
APP005294,Male,No,3,Not Graduate,Self-Employed,110497.0,11042.0,91000.0,84,1.0,West,60.0,2024-12-26,0
APP001383,Female,Yes,1,Not Graduate,Salaried,43746.0,9628.0,90000.0,60,1.0,EAST,46.0,2023-05-29,0
APP001808,Male,Yes,0,Graduate,Salaried,27923.0,8877.0,39000.0,24,,West ,44.0,2023-07-13,0
APP005882,Female,Yes,0,Graduate,Salaried ,33722.0,3490.0,105000.0,240,,North,30.0,2023-12-31,1
APP001963,Female,Yes,0,Graduate,Self-Employed,65276.0,2322.0,205000.0,12,1.0,West,41.0,2024-05-09,0
APP004423,Female,No,3,Graduate,Self-Employed,41678.0,10261.0,105000.0,36,,South,41.0,2024-09-23,0
APP003670,Male,Yes,2,Graduate,Self-Employed,93036.0,21503.0,107000.0,180,1.0,North,39.0,2023-06-26,0
APP005649,Female,Yes,0,Graduate,Salaried ,178440.0,44521.0,130000.0,180,1.0,South,51.0,2024-12-21,0
APP004933,Female,Yes,2,Graduate,Salaried,35400.0,298.0,233000.0,60,1.0,East,54.0,2023-12-22,0
APP005291,Male,Yes,2,Not Graduate,Salaried ,103627.0,25633.0,135000.0,48,1.0,West ,39.0,2024-04-23,0
APP000940,Male,Yes,4,Not Graduate,Salaried,50277.0,6161.0,71000.0,240,,South,32.0,2023-05-14,0
APP004927,Male,Yes,2,Not Graduate,Salaried,100474.0,13740.0,34000.0,240,1.0,West ,35.0,2024-11-17,0
APP004435,Male,Yes,1,Not Graduate,self employed,24595.0,6923.0,74000.0,60,,North,48.0,2024-03-15,0
APP004139,Female,No,0,Not Graduate,self employed,87718.0,14809.0,85000.0,240,1.0,West ,47.0,2024-01-07,0
APP002104,Female,Yes,4,Graduate,Salaried,25664.0,5954.0,23000.0,360,,West ,21.0,2023-08-22,0
APP001528,Male,Yes,0,Graduate,Salaried,40854.0,4490.0,57000.0,84,1.0,north,33.0,2024-08-09,0
APP000341,Male,No,0,Graduate,salaried,68545.0,12391.0,164000.0,84,1.0,South,32.0,2023-08-06,0
APP004574,Female,Yes,1,Not Graduate,Salaried ,82088.0,11715.0,63000.0,60,,East,46.0,2023-01-31,0
APP000421,Female,Yes,3,Graduate,Salaried ,65183.0,11458.0,69000.0,48,1.0,East,38.0,2024-06-18,0
APP000762,Male,Yes,2,Graduate,SELF-EMPLOYED,154116.0,34449.0,70000.0,12,1.0,South,52.0,2023-03-13,0
APP002468,Male,Yes,0,Not Graduate,self employed,21730.0,2416.0,136000.0,84,1.0,South,42.0,2024-09-28,1
APP005607,Female,No,1,Graduate,salaried,36672.0,10841.0,80000.0,240,1.0,East,31.0,2023-01-09,0
APP003845,Male,Yes,3,Graduate,Salaried ,49464.0,14473.0,55000.0,48,1.0,West ,29.0,2024-06-16,0
APP001869,Male,Yes,0,Graduate,Salaried ,24120.0,6870.0,42000.0,84,1.0,North,50.0,2023-07-19,0
APP005872,Male,No,0,Graduate,salaried,25533.0,7903.0,50000.0,360,1.0,West,37.0,2023-09-21,0
APP002817,Male,No,1,Graduate,Self-Employed,73642.0,9884.0,141000.0,60,1.0,West ,39.0,2024-02-06,0
APP005479,Female,No,1,Graduate,Salaried ,41314.0,9369.0,488000.0,120,1.0,West ,25.0,2024-08-03,0
APP003642,Female,No,1,Graduate,Salaried ,12805.0,1911.0,103000.0,120,1.0,West,21.0,2023-07-11,0
APP000885,Female,Yes,0,Not Graduate,Salaried,44685.0,5026.0,112000.0,60,1.0,north,38.0,2023-12-28,0
APP004643,Female,No,0,Graduate,Self-Employed,31409.0,4933.0,60000.0,36,,East,48.0,2023-03-09,0
APP002627,Male,Yes,1,Not Graduate,Salaried,25450.0,1946.0,76000.0,180,1.0,South,48.0,2023-08-22,0
APP005748,Female,Yes,2,Graduate,self employed,60859.0,15538.0,264000.0,60,1.0,South,34.0,2024-07-28,0
APP001287,Male,Yes,0,Graduate,salaried,45205.0,15201.0,231000.0,240,1.0,EAST,28.0,2023-03-27,1
APP003112,Male,Yes,1,Not Graduate,Self-Employed,39442.0,4373.0,30000.0,120,1.0,South,37.0,2023-02-09,1
APP003934,Male,No,0,Graduate,salaried,78653.0,24730.0,86000.0,360,1.0,West ,40.0,2024-12-05,0
APP000711,Female,Yes,0,Graduate,Salaried,30704.0,4310.0,79000.0,360,1.0,East,33.0,2023-04-25,0
APP005680,Male,Yes,1,Not Graduate,Self-Employed,54060.0,6536.0,433000.0,84,0.0,West,46.0,2024-03-05,0
APP000099,Male,No,0,Not Graduate,Salaried ,,17344.0,297000.0,84,1.0,West,46.0,2024-08-09,0
APP000891,Female,Yes,1,Graduate,Salaried,29232.0,3564.0,111000.0,48,1.0,West,30.0,2023-07-20,0
APP005633,Male,No,3,Not Graduate,salaried,29153.0,4364.0,77000.0,48,1.0,West,30.0,2023-06-26,0
APP001983,Male,Yes,3,Graduate,Salaried ,16650.0,327.0,81000.0,240,0.0,EAST,54.0,2023-03-04,0
APP005718,Male,Yes,4,Graduate,Salaried ,,8842.0,80000.0,120,1.0,North,63.0,2024-03-30,0
APP003749,Male,No,3,Graduate,salaried,41070.0,11017.0,,36,1.0,South,46.0,2023-07-25,0
APP004011,Male,Yes,3,Graduate,salaried,52687.0,16449.0,63000.0,24,1.0,West,37.0,2023-08-11,0
APP001040,Male,Yes,0,Not Graduate,salaried,44787.0,5179.0,104000.0,180,1.0,South,49.0,2024-03-08,0
APP003333,Male,Yes,0,Graduate,Self-Employed,30188.0,4301.0,51000.0,180,1.0,West,33.0,2023-05-27,0
APP005631,Female,Yes,0,Not Graduate,Salaried,56101.0,12028.0,127000.0,360,,West,37.0,2023-10-15,1
APP004321,Female,No,0,Not Graduate,Salaried,47146.0,10040.0,115000.0,180,1.0,South,32.0,2024-05-17,1
APP001063,Female,No,4,Graduate,SELF-EMPLOYED,41913.0,6939.0,180000.0,84,,West,27.0,2024-08-05,0
APP003431,Female,Yes,3,Graduate,self employed,75729.0,12048.0,102000.0,36,1.0,North,27.0,2024-02-26,0
APP003520,Male,No,0,Not Graduate,Salaried,27423.0,2115.0,83000.0,48,1.0,West,39.0,2024-01-30,0
APP001466,Male,No,0,Graduate,Salaried,37718.0,9217.0,85000.0,360,1.0,South,49.0,2023-11-14,1
APP004560,Female,Yes,3,Not Graduate,Salaried,58987.0,14216.0,217000.0,360,1.0,North,36.0,2024-05-25,0
APP003667,Female,No,0,Graduate,Salaried ,71111.0,3356.0,55000.0,24,1.0,West,44.0,2024-05-31,0
APP001992,Male,Yes,1,Graduate,Salaried,12444.0,2772.0,146000.0,36,0.0,North,26.0,2024-06-17,1
APP005129,Male,Yes,4,Graduate,Salaried,68389.0,22993.0,44000.0,120,1.0,West,39.0,2024-08-27,0
APP001399,Female,Yes,0,Graduate,Salaried,57877.0,1195.0,89000.0,12,1.0,north,26.0,2023-06-26,0
APP000671,Male,Yes,2,Not Graduate,Salaried ,65769.0,8766.0,59000.0,120,1.0,East,42.0,2024-08-09,0
APP001263,Male,Yes,2,Graduate,Salaried,78821.0,3534.0,62000.0,240,1.0,South,36.0,2024-08-22,0
APP004525,Female,Yes,0,Not Graduate,SELF-EMPLOYED,30954.0,4263.0,110000.0,48,1.0,West,45.0,2023-09-28,0
APP004531,Male,Yes,2,Graduate,Self-Employed,68603.0,19726.0,119000.0,48,0.0,East,25.0,2023-11-05,1
APP005124,Male,Yes,1,Graduate,SELF-EMPLOYED,67875.0,903.0,89000.0,84,1.0,South,54.0,2024-11-25,0
APP002023,Female,No,2,Graduate,salaried,16851.0,1644.0,55000.0,180,1.0,North,35.0,2024-10-26,0
APP001197,Female,No,0,Graduate,Salaried,,5845.0,94000.0,84,1.0,West,64.0,2024-03-24,0
APP000417,Male,No,0,Graduate,Salaried,73912.0,1296.0,50000.0,60,1.0,South,42.0,2023-01-07,0
APP004219,Female,No,0,Graduate,Self-Employed,55866.0,11025.0,59000.0,84,1.0,South,58.0,2024-01-15,0
APP005119,Female,No,4,Graduate,Self-Employed,34491.0,11076.0,192000.0,48,1.0,South,24.0,2023-10-12,0
APP005133,Male,Yes,0,Not Graduate,SELF-EMPLOYED,52239.0,9434.0,69000.0,84,1.0,East,27.0,2024-01-30,0
APP003743,Female,Yes,2,Graduate,self employed,63766.0,5533.0,24000.0,60,1.0,North,53.0,2023-05-31,0
APP003842,Male,Yes,1,Graduate,Salaried ,95613.0,16101.0,41000.0,24,1.0,West,45.0,2024-07-18,0
APP002970,Male,No,1,Graduate,Self-Employed,26574.0,5270.0,148000.0,240,1.0,North,38.0,2024-04-17,0
APP001012,,Yes,0,Not Graduate,self employed,21892.0,4382.0,52000.0,360,1.0,West,31.0,2023-08-19,0
APP003187,Male,Yes,0,Not Graduate,Self-Employed,33557.0,9860.0,62000.0,48,1.0,South,31.0,2024-01-15,0
APP001237,,Yes,1,Graduate,self employed,1438168.768413344,18565.0,111000.0,60,1.0,North,31.0,2024-08-30,0
APP001704,Male,No,2,Graduate,Self-Employed,40969.0,5328.0,67000.0,180,1.0,north,23.0,2023-09-27,0
APP002653,Male,No,4,Not Graduate,Salaried,42747.0,8514.0,251000.0,24,1.0,EAST,50.0,2023-06-14,1
APP000899,Male,Yes,0,Not Graduate,SELF-EMPLOYED,32622.0,8816.0,244000.0,120,1.0,South,40.0,2024-09-22,0
APP000201,Female,No,2,Not Graduate,Salaried ,114001.0,2321.0,113000.0,240,1.0,north,35.0,2024-05-02,0
APP001728,Female,Yes,0,Graduate,Self-Employed,52486.0,3656.0,51000.0,120,1.0,East,53.0,2023-05-20,0
APP002973,Female,Yes,2,Graduate,Salaried,32242.0,5677.0,558000.0,84,1.0,South,24.0,2023-09-19,0
APP002689,Male,Yes,0,Graduate,Salaried ,38732.0,6496.0,51000.0,240,1.0,north,40.0,2024-04-24,0
APP000735,Male,Yes,2,Not Graduate,Salaried,57610.0,16310.0,69000.0,240,1.0,West,37.0,2024-11-12,0
APP004334,Female,Yes,2,Not Graduate,Self-Employed,40059.0,2554.0,29000.0,180,,South,47.0,2023-06-17,0
APP001207,Female,Yes,1,Not Graduate,Salaried,97199.0,1853.0,,84,0.0,East,55.0,2024-04-14,1
APP004758,Female,No,0,Graduate,Self-Employed,56833.0,13260.0,45000.0,84,,West ,42.0,2024-05-07,0
APP000600,Male,Yes,1,Not Graduate,SELF-EMPLOYED,42607.0,13973.0,101000.0,24,1.0,North,21.0,2023-07-10,0
APP004115,Female,Yes,1,Graduate,Salaried ,40576.0,7844.0,118000.0,84,0.0,East,29.0,2024-09-22,0
APP000401,Male,No,4,Graduate,salaried,60837.0,16918.0,45000.0,48,1.0,East,51.0,2023-08-25,0
APP004720,Female,No,1,Graduate,Salaried ,61617.0,10094.0,50000.0,84,1.0,North,23.0,2024-11-25,0
APP001777,Female,Yes,2,Graduate,Salaried,25015.0,6260.0,187000.0,36,1.0,East,40.0,2024-02-28,0
APP005339,Female,Yes,1,Graduate,self employed,38465.0,13280.0,61000.0,360,1.0,West,43.0,2023-03-19,0
APP000515,Male,No,0,Graduate,Salaried,35246.0,25.0,81000.0,24,1.0,East,45.0,2023-03-02,0
APP002851,Female,Yes,0,Graduate,Salaried ,48266.0,15654.0,82000.0,120,1.0,West ,35.0,2024-01-21,0
APP004395,Female,Yes,2,Graduate,Salaried,67105.0,14899.0,62000.0,84,1.0,North,48.0,2024-02-15,0
APP005104,Male,No,1,Graduate,SELF-EMPLOYED,87557.0,13600.0,101000.0,360,,West ,59.0,2024-07-09,0
APP004952,Male,Yes,0,Graduate,Salaried,31998.0,2331.0,86000.0,12,,North,35.0,2024-10-03,1
APP000815,Female,Yes,3,Graduate,Self-Employed,150201.0,25650.0,319000.0,180,,East,43.0,2024-11-11,0
APP004004,Male,No,1,Not Graduate,self employed,34535.0,9581.0,39000.0,240,1.0,South,48.0,2024-02-28,0
APP002207,Male,Yes,2,Graduate,salaried,38704.0,2185.0,154000.0,36,1.0,North,38.0,2024-12-11,1
APP000892,,Yes,1,Graduate,Salaried,63714.0,18608.0,69000.0,120,1.0,South,49.0,2023-09-09,0
APP001506,Male,No,2,Not Graduate,Self-Employed,50458.0,13982.0,208000.0,84,0.0,East,30.0,2023-04-19,1
APP005570,Female,No,1,Not Graduate,salaried,28637.0,3478.0,,84,1.0,South,21.0,2023-10-27,0
APP004544,Male,No,0,Graduate,Salaried,17559.0,2297.0,71000.0,360,,EAST,40.0,2024-05-10,0
APP003304,,No,0,Graduate,Salaried,3558928.090104011,43091.0,290000.0,48,1.0,West,39.0,2024-09-02,0
APP003477,Female,Yes,0,Graduate,Self-Employed,,8163.0,138000.0,36,1.0,East,21.0,2023-05-22,0
APP001036,Female,Yes,2,Graduate,self employed,46913.0,3539.0,251000.0,120,1.0,East,33.0,2024-02-10,0
APP003456,Male,Yes,4,Not Graduate,Salaried,69405.0,15366.0,80000.0,60,0.0,West,150.0,2024-07-03,1
APP000220,Female,Yes,0,Graduate,Self-Employed,97658.0,23689.0,116000.0,120,1.0,EAST,40.0,2024-05-05,0
APP003505,Female,No,1,Graduate,Self-Employed,81044.0,24704.0,156000.0,24,0.0,West,21.0,2023-08-10,0
APP005751,Male,No,1,Graduate,self employed,23489.0,6822.0,103000.0,60,1.0,South,38.0,2023-06-05,0
APP003735,Male,No,0,Graduate,Salaried,68326.0,100.0,96000.0,48,1.0,West,39.0,2023-01-22,0
APP000134,Male,Yes,2,Not Graduate,Salaried,19408.0,1095.0,132000.0,84,1.0,East,27.0,2023-09-02,0
APP005033,Male,No,2,Graduate,Salaried ,53194.0,7009.0,37000.0,240,1.0,South,28.0,2024-11-17,0
APP005371,Male,Yes,0,Not Graduate,Self-Employed,15422.0,3501.0,189000.0,60,1.0,South,43.0,2023-12-14,1
APP000822,Male,No,1,Not Graduate,Salaried,69652.0,5072.0,190000.0,48,0.0,South,62.0,2023-02-26,1
APP004649,Female,No,1,Graduate,Salaried,48960.0,4694.0,124000.0,84,0.0,East,22.0,2023-05-09,0
APP001510,Female,No,2,Not Graduate,salaried,29244.0,4988.0,162000.0,60,1.0,East,40.0,2024-04-16,0
APP001415,Male,No,1,Graduate,Salaried ,50767.0,6441.0,79000.0,180,1.0,north,70.0,2024-08-18,0
APP004968,Female,No,0,Not Graduate,Salaried ,21610.0,2102.0,382000.0,240,1.0,North,38.0,2023-02-04,0
APP002699,Female,No,3,Graduate,Salaried,50103.0,3186.0,38000.0,36,1.0,West,25.0,2024-06-09,0
APP005273,Male,Yes,1,Graduate,Salaried,94698.0,20702.0,78000.0,24,1.0,West,39.0,2023-02-20,0
APP003497,Female,No,4,Graduate,Salaried ,42804.0,10532.0,86000.0,120,1.0,South,31.0,2023-09-26,1
APP005836,Female,No,1,Graduate,salaried,70335.0,8655.0,109000.0,60,1.0,East,47.0,2023-08-16,0
APP002634,Male,Yes,1,Graduate,Salaried,74631.0,1025.0,187000.0,48,1.0,South,26.0,2024-03-15,0
APP003019,Male,Yes,3,Graduate,Salaried,49615.0,16755.0,23000.0,60,1.0,EAST,46.0,2024-06-09,0
APP004957,Male,Yes,3,Graduate,salaried,48534.0,15065.0,37000.0,36,1.0,East,21.0,2024-06-13,0
APP000601,Male,Yes,3,Graduate,self employed,56438.0,4742.0,66000.0,48,,West,47.0,2023-01-06,0
APP003049,Male,No,3,Graduate,Salaried ,39642.0,4630.0,49000.0,240,0.0,West ,37.0,2023-01-19,0
APP002611,Female,Yes,3,Graduate,self employed,78306.0,1054.0,233000.0,240,1.0,East,60.0,2024-12-15,0
APP004937,Female,No,0,Graduate,self employed,29475.0,3227.0,125000.0,120,,North,24.0,2023-01-02,0
APP003774,Female,No,0,Graduate,Salaried,41436.0,9963.0,39000.0,60,1.0,West ,44.0,2024-10-25,0
APP004289,Male,Yes,4,Graduate,Salaried,54380.0,10114.0,153000.0,84,1.0,South,38.0,2024-01-21,0
APP000855,Male,Yes,0,Not Graduate,Self-Employed,34393.0,5657.0,159000.0,240,,West,40.0,2024-05-03,1
APP000488,Male,No,2,Not Graduate,Self-Employed,25351.0,2401.0,114000.0,84,1.0,East,36.0,2024-04-08,0
APP004348,Male,No,3,Graduate,Salaried,19418.0,839.0,183000.0,360,1.0,West,59.0,2024-11-10,0
APP004771,Male,No,1,Graduate,Salaried,53991.0,10575.0,102000.0,84,1.0,North,32.0,2024-12-06,0
APP000593,Male,Yes,0,Graduate,salaried,54673.0,17078.0,57000.0,240,1.0,North,49.0,2024-10-17,0
APP001609,Male,Yes,4,Graduate,SELF-EMPLOYED,29459.0,856.0,67000.0,48,,West,38.0,2023-08-30,0
APP005107,Male,No,2,Graduate,Salaried,28301.0,411.0,149000.0,24,,West,38.0,2024-08-04,0
APP002335,Male,No,1,Graduate,Salaried ,39679.0,12355.0,94000.0,120,1.0,North,39.0,2023-12-12,0
APP003827,Male,No,4,Graduate,salaried,46553.0,275.0,47000.0,60,1.0,north,49.0,2023-07-15,0
APP000100,Male,Yes,0,Graduate,Salaried,25528.0,3258.0,289000.0,120,1.0,West,23.0,2023-08-03,0
APP004047,Male,No,0,Graduate,Salaried ,92641.0,23647.0,44000.0,24,1.0,West ,27.0,2023-01-22,0
APP004601,Male,Yes,2,Graduate,self employed,35740.0,8958.0,68000.0,84,0.0,North,36.0,2023-01-15,0
APP002133,,No,1,Not Graduate,SELF-EMPLOYED,48711.0,2704.0,86000.0,60,1.0,north,59.0,2023-05-31,0
APP002957,Female,No,3,Graduate,Salaried ,43103.0,2869.0,108000.0,84,1.0,north,59.0,2023-04-14,0
APP000414,Male,Yes,1,Not Graduate,Salaried ,52466.0,3047.0,93000.0,120,0.0,North,56.0,2023-09-03,0
APP000358,Female,No,4,Graduate,self employed,33108.0,4565.0,82000.0,180,1.0,West ,38.0,2023-10-08,0
APP004053,Female,Yes,1,Graduate,Salaried,25282.0,7151.0,141000.0,360,1.0,EAST,32.0,2024-05-10,0
APP004135,Female,Yes,1,Not Graduate,Salaried,57119.0,2035.0,73000.0,36,1.0,South,51.0,2023-04-07,0
APP004521,Female,No,1,Graduate,self employed,38587.0,3020.0,143000.0,24,1.0,West ,41.0,2023-06-22,0
APP005354,Male,No,1,Not Graduate,Salaried,53994.0,1970.0,98000.0,36,1.0,West ,43.0,2023-02-07,1
APP000016,Male,Yes,0,Graduate,Salaried,26974.0,4457.0,91000.0,48,1.0,South,37.0,2023-01-22,0
APP001962,Male,No,1,Graduate,Salaried ,63357.0,5583.0,148000.0,240,1.0,South,40.0,2024-03-27,0
APP000204,Female,Yes,3,Not Graduate,Salaried,66096.0,3597.0,61000.0,36,1.0,North,49.0,2024-01-01,0
APP000037,Male,Yes,3,Graduate,self employed,86351.0,244.0,222000.0,60,1.0,South,35.0,2024-09-15,0
APP000436,Female,Yes,4,Graduate,Salaried,45124.0,10981.0,66000.0,36,1.0,South,39.0,2024-09-17,0
APP000590,Male,No,0,Graduate,Salaried ,25359.0,1223.0,90000.0,360,1.0,South,36.0,2023-09-05,0
APP001966,Female,Yes,3,Graduate,Salaried,,31325.0,82000.0,60,0.0,North,68.0,2023-11-14,1
APP005426,Male,Yes,0,Not Graduate,Salaried ,34805.0,7900.0,62000.0,36,,East,23.0,2024-03-03,0
APP003686,Male,No,1,Graduate,SELF-EMPLOYED,51592.0,16235.0,149000.0,84,1.0,South,43.0,2023-11-07,0
APP000013,Female,No,2,Not Graduate,Self-Employed,118467.0,6176.0,96000.0,84,1.0,North,41.0,2023-06-05,0
APP005280,Male,No,0,Not Graduate,Salaried ,78298.0,26526.0,219000.0,60,1.0,North,40.0,2023-11-27,0
APP001449,Female,No,2,Graduate,Salaried,83307.0,6160.0,102000.0,84,1.0,South,32.0,2024-12-30,0
APP004104,Male,No,1,Graduate,Salaried,48508.0,9546.0,73000.0,24,1.0,South,53.0,2023-02-24,0
APP002596,Female,No,1,Graduate,Self-Employed,61358.0,8392.0,45000.0,84,1.0,South,48.0,2024-04-17,0
APP004917,Male,Yes,4,Not Graduate,SELF-EMPLOYED,58293.0,13438.0,101000.0,240,1.0,East,36.0,2024-12-15,1
APP001531,Male,Yes,1,Not Graduate,Salaried ,44945.0,4518.0,224000.0,60,,North,31.0,2023-02-07,0
APP000541,Female,Yes,1,Graduate,self employed,25340.0,4297.0,,24,1.0,West,41.0,2024-03-08,0
APP002520,Female,Yes,0,Not Graduate,Salaried,32684.0,4087.0,47000.0,120,,South,21.0,2023-07-17,0
APP002795,Male,Yes,3,Not Graduate,Self-Employed,85713.0,10805.0,90000.0,84,0.0,East,54.0,2023-02-05,0
APP005842,Male,No,0,Graduate,Salaried ,61491.0,19019.0,75000.0,24,1.0,East,37.0,2024-07-13,0
APP002500,Male,No,1,Graduate,salaried,124014.0,39367.0,502000.0,240,1.0,East,38.0,2024-03-19,0
APP002371,Female,Yes,0,Graduate,salaried,51868.0,13642.0,226000.0,60,1.0,EAST,36.0,2023-03-10,0
APP001496,Female,No,1,Graduate,salaried,60878.0,21171.0,169000.0,48,1.0,East,21.0,2024-12-29,0
APP003862,Female,Yes,0,Graduate,salaried,52824.0,5133.0,132000.0,36,1.0,West,36.0,2023-03-18,1
APP005862,Male,Yes,0,Graduate,Salaried,77609.0,26930.0,95000.0,180,1.0,West,32.0,2023-02-23,1
APP005928,Female,No,1,Graduate,self employed,25637.0,6479.0,150000.0,360,0.0,North,33.0,2023-09-23,1
APP005625,Male,No,1,Graduate,SELF-EMPLOYED,64531.0,16099.0,71000.0,60,,South,52.0,2024-11-16,0
APP003641,Male,Yes,1,Not Graduate,SELF-EMPLOYED,56234.0,728.0,140000.0,120,1.0,South,41.0,2024-06-12,0
APP002202,Male,Yes,0,Graduate,Salaried,48761.0,9140.0,64000.0,360,1.0,South,37.0,2023-04-02,0
APP003294,Male,Yes,0,Graduate,Self-Employed,45463.0,6881.0,222000.0,360,1.0,North,32.0,2024-08-27,0
APP004769,Female,Yes,4,Graduate,Salaried ,,7893.0,241000.0,60,1.0,North,46.0,2023-10-04,0
APP002475,Male,No,3,Graduate,Salaried ,57221.0,11462.0,169000.0,48,,North,35.0,2024-05-02,0
APP001969,Male,No,0,Graduate,Self-Employed,94381.0,11634.0,92000.0,36,1.0,East,59.0,2024-04-11,0
APP000706,Female,No,0,Not Graduate,Salaried,94013.0,562.0,77000.0,48,1.0,North,49.0,2024-05-19,0
APP003810,Male,Yes,0,Graduate,Self-Employed,23176.0,4436.0,93000.0,240,,West,35.0,2023-03-29,0
APP003777,Female,Yes,0,Graduate,Salaried,35236.0,41.0,176000.0,48,1.0,North,66.0,2024-05-14,0
APP001981,Male,Yes,3,Graduate,SELF-EMPLOYED,107890.0,539.0,99000.0,120,1.0,East,53.0,2024-01-11,0
APP000440,Male,Yes,0,Graduate,salaried,24332.0,7047.0,97000.0,36,1.0,South,32.0,2024-01-03,0
APP002932,Female,Yes,2,Graduate,Salaried ,70584.0,1094.0,287000.0,360,1.0,West,44.0,2023-04-27,0
APP002118,Female,Yes,0,Not Graduate,Salaried ,28382.0,182.0,44000.0,48,1.0,North,25.0,2024-11-15,0
APP002939,Female,Yes,2,Graduate,Self-Employed,74040.0,24854.0,111000.0,120,1.0,South,46.0,2023-04-30,0
APP000925,Male,Yes,0,Graduate,Salaried ,85447.0,18525.0,,240,1.0,North,21.0,2024-11-18,0
APP001689,Female,No,0,Not Graduate,self employed,26229.0,2901.0,254000.0,120,1.0,West,37.0,2024-09-17,0
APP003813,Male,Yes,0,Graduate,Salaried,50687.0,9688.0,42000.0,84,1.0,North,39.0,2023-12-22,0
APP005791,Male,No,3,Graduate,salaried,17316.0,323.0,54000.0,360,1.0,West,44.0,2024-12-15,0
APP004349,Female,No,3,Graduate,salaried,46210.0,11717.0,37000.0,240,1.0,East,30.0,2023-06-05,0
APP002926,Female,No,2,Not Graduate,Self-Employed,15143.0,4314.0,113000.0,360,1.0,South,38.0,2023-03-04,0
APP001135,Female,Yes,2,Graduate,Salaried,34152.0,1709.0,79000.0,360,1.0,East,50.0,2023-11-23,0
APP003846,Female,Yes,4,Graduate,Salaried,28486.0,4210.0,93000.0,36,1.0,north,34.0,2024-02-12,0
APP001109,Female,No,2,Graduate,Self-Employed,59700.0,8064.0,43000.0,24,1.0,West,42.0,2024-09-10,1
APP004615,Male,Yes,1,Not Graduate,Salaried,58805.0,3990.0,78000.0,240,1.0,West,35.0,2024-07-11,0
APP002640,Female,No,0,Graduate,Salaried ,,5077.0,98000.0,36,1.0,EAST,27.0,2024-05-15,0
APP005176,Female,No,1,Graduate,Self-Employed,175859.0,15318.0,232000.0,36,1.0,North,45.0,2024-11-19,0
APP002562,Female,No,0,Graduate,Salaried,28623.0,4966.0,121000.0,36,1.0,West,25.0,2024-02-04,0
APP004094,Female,No,0,Graduate,Salaried,23123.0,5624.0,88000.0,180,1.0,North,36.0,2024-05-05,0
APP000769,Male,No,3,Not Graduate,Salaried ,72166.0,12916.0,395000.0,36,0.0,EAST,21.0,2023-01-20,0
APP003873,Male,No,2,Graduate,SELF-EMPLOYED,68686.0,12679.0,40000.0,360,1.0,East,37.0,2024-01-16,0
APP005877,Female,Yes,0,Graduate,Salaried,91496.0,16134.0,60000.0,240,1.0,South,33.0,2023-08-03,0
APP003063,Female,No,0,Graduate,SELF-EMPLOYED,51053.0,5878.0,46000.0,84,0.0,West ,39.0,2023-01-05,1
APP004613,Male,No,3,Not Graduate,Salaried,49866.0,16115.0,28000.0,84,0.0,East,36.0,2023-04-29,1
APP001920,Male,No,1,Not Graduate,salaried,40560.0,10183.0,104000.0,180,0.0,North,29.0,2023-04-17,0
APP002139,Male,Yes,1,Graduate,Salaried,61389.0,15484.0,60000.0,24,1.0,South,30.0,2023-06-24,0
APP003453,Female,No,0,Not Graduate,Self-Employed,50496.0,10875.0,108000.0,60,1.0,West,46.0,2023-03-27,0
APP000796,Female,Yes,1,Graduate,Self-Employed,49374.0,6989.0,128000.0,60,1.0,north,21.0,2024-12-27,0
APP002558,Male,Yes,1,Not Graduate,salaried,48603.0,14331.0,142000.0,36,1.0,South,64.0,2024-11-30,0
APP002925,Male,Yes,0,Graduate,SELF-EMPLOYED,113094.0,4685.0,104000.0,24,1.0,South,48.0,2023-07-03,0
APP000638,Male,Yes,1,Not Graduate,Salaried ,117468.0,30918.0,,120,0.0,North,50.0,2023-08-07,1
APP003940,Male,Yes,2,Graduate,Salaried ,116226.0,15638.0,43000.0,84,1.0,West ,31.0,2024-12-02,0
APP005084,Male,Yes,3,Graduate,self employed,,8709.0,151000.0,84,1.0,West ,44.0,2024-05-03,0
APP001326,Male,No,3,Graduate,Self-Employed,86172.0,25824.0,61000.0,360,1.0,South,32.0,2023-09-07,0
APP005174,Male,Yes,1,Graduate,SELF-EMPLOYED,24537.0,2770.0,81000.0,120,1.0,North,51.0,2024-02-28,0
APP005070,Male,No,0,Not Graduate,Salaried ,64652.0,18131.0,149000.0,84,1.0,West,34.0,2024-12-18,0
APP000039,Female,Yes,1,Not Graduate,SELF-EMPLOYED,,9098.0,286000.0,360,0.0,North,32.0,2023-12-14,1
APP005055,Male,Yes,0,Graduate,Salaried ,54510.0,13993.0,69000.0,60,1.0,North,49.0,2023-02-12,0
APP004666,Female,Yes,0,Not Graduate,Salaried ,37748.0,4288.0,50000.0,360,1.0,East,21.0,2024-03-12,0
APP003911,Male,Yes,0,Graduate,Salaried,91936.0,8874.0,70000.0,180,,East,34.0,2024-05-09,0
APP000158,Female,No,0,Graduate,Self-Employed,69549.0,7742.0,69000.0,48,1.0,South,37.0,2023-10-28,0
APP000439,Female,Yes,0,Graduate,Salaried,58130.0,3863.0,132000.0,360,1.0,East,48.0,2023-11-16,0
APP005679,Female,Yes,1,Not Graduate,Salaried ,49100.0,14293.0,135000.0,48,1.0,South,21.0,2023-05-13,0
APP003922,Male,Yes,1,Graduate,Self-Employed,45444.0,12524.0,164000.0,36,1.0,EAST,27.0,2023-07-20,0
APP001570,Male,Yes,3,Graduate,Salaried,22191.0,5903.0,46000.0,36,1.0,North,48.0,2024-01-04,0
APP003574,Female,Yes,0,Graduate,Salaried,76035.0,9677.0,89000.0,360,1.0,South,45.0,2023-06-26,0
APP001238,Male,No,1,Graduate,salaried,35393.0,1673.0,92000.0,48,1.0,South,45.0,2023-01-06,0
APP005052,Female,Yes,0,Not Graduate,self employed,58559.0,4832.0,86000.0,180,1.0,North,23.0,2024-06-26,0
APP002305,Female,No,2,Not Graduate,Salaried,20655.0,2594.0,166000.0,36,1.0,north,51.0,2024-11-22,1
APP005828,Male,Yes,4,Graduate,Self-Employed,103775.0,25527.0,161000.0,360,1.0,North,27.0,2024-05-20,0
APP003895,Female,Yes,3,Graduate,Salaried ,40671.0,12574.0,94000.0,360,1.0,EAST,43.0,2023-01-22,0
APP004230,Male,Yes,0,Graduate,Salaried,45399.0,8816.0,47000.0,120,1.0,West,42.0,2024-11-19,0
APP003466,Female,No,2,Graduate,Salaried,,5141.0,206000.0,24,1.0,West,41.0,2024-11-06,0
APP004882,Male,No,3,Graduate,Self-Employed,17496.0,278.0,73000.0,24,1.0,South,47.0,2023-02-09,0
APP005846,Male,Yes,2,Graduate,Salaried,37660.0,9299.0,40000.0,60,1.0,South,49.0,2024-10-23,0
APP004244,Male,Yes,0,Graduate,Salaried,29661.0,3201.0,90000.0,120,1.0,North,36.0,2023-03-10,1
APP004739,Male,Yes,4,Graduate,SELF-EMPLOYED,61500.0,551.0,157000.0,36,1.0,South,35.0,2023-07-25,0
APP003560,Male,No,3,Graduate,Self-Employed,165360.0,49154.0,32000.0,24,,East,30.0,2024-12-24,0
APP005218,,No,1,Not Graduate,Salaried,100242.0,33688.0,35000.0,240,1.0,north,38.0,2024-04-16,0
APP002713,Male,Yes,4,Graduate,Self-Employed,,2280.0,75000.0,24,1.0,South,24.0,2024-02-12,0
APP001540,Male,No,1,Graduate,Salaried,73718.0,4666.0,76000.0,240,1.0,East,51.0,2024-05-14,0
APP004482,Male,No,0,Graduate,self employed,65716.0,5441.0,198000.0,120,1.0,North,42.0,2023-11-14,0
APP005795,Male,Yes,1,Graduate,Salaried,35965.0,5365.0,160000.0,48,1.0,South,61.0,2024-05-04,0
APP000807,Female,Yes,1,Not Graduate,Self-Employed,24889.0,809.0,87000.0,180,1.0,South,40.0,2023-11-13,0
APP000462,Female,Yes,2,Graduate,Salaried ,35412.0,3670.0,55000.0,240,1.0,West,47.0,2023-06-23,0
APP004770,Male,No,1,Graduate,Salaried,101467.0,14181.0,98000.0,84,1.0,West,56.0,2024-12-22,0
APP000814,Female,Yes,0,Graduate,SELF-EMPLOYED,19552.0,3017.0,79000.0,60,1.0,West,44.0,2024-05-14,0
APP004528,Female,Yes,0,Not Graduate,Salaried,42687.0,7165.0,26000.0,240,0.0,West,21.0,2024-04-15,1
APP002884,Male,Yes,0,Graduate,SELF-EMPLOYED,27065.0,7599.0,42000.0,36,,South,22.0,2023-07-14,1
APP001794,Female,Yes,2,Not Graduate,SELF-EMPLOYED,57278.0,18604.0,,24,0.0,North,47.0,2023-06-23,1
APP001055,Female,No,0,Graduate,salaried,46220.0,12818.0,92000.0,240,1.0,South,43.0,2023-06-24,0
APP002709,Male,No,0,Graduate,Salaried,129405.0,2799.0,77000.0,180,1.0,north,33.0,2023-01-17,0
APP005010,Male,No,2,Graduate,Salaried,25826.0,741.0,95000.0,24,1.0,East,49.0,2024-07-13,0
APP002219,Female,No,1,Graduate,self employed,23556.0,3234.0,51000.0,180,1.0,North,48.0,2024-01-18,0
APP001807,Female,Yes,0,Graduate,Salaried ,36896.0,9996.0,284000.0,360,1.0,South,63.0,2023-08-08,0
APP004944,Male,No,1,Graduate,Salaried ,110919.0,37667.0,338000.0,60,1.0,north,48.0,2023-05-08,0
APP004117,Female,Yes,2,Graduate,Salaried,37246.0,7274.0,39000.0,24,,West,36.0,2024-07-19,0
APP001181,Female,No,0,Graduate,Self-Employed,97899.0,6563.0,24000.0,360,1.0,West,52.0,2024-09-14,0
APP000178,Male,Yes,4,Graduate,Salaried ,31165.0,9871.0,58000.0,84,1.0,East,41.0,2024-06-11,0
APP002807,Female,Yes,2,Not Graduate,Salaried ,32701.0,10363.0,44000.0,48,1.0,South,39.0,2024-08-04,0
APP002158,Male,Yes,1,Not Graduate,SELF-EMPLOYED,46480.0,14016.0,54000.0,12,1.0,North,59.0,2024-02-22,1
APP000737,Male,Yes,0,Graduate,Salaried,40959.0,2379.0,96000.0,84,1.0,north,32.0,2024-07-01,1
APP005416,Male,Yes,2,Graduate,Salaried,45135.0,11374.0,76000.0,84,1.0,North,29.0,2023-07-21,0
APP004718,Female,No,0,Not Graduate,SELF-EMPLOYED,73649.0,18709.0,34000.0,24,1.0,South,47.0,2024-09-11,0
APP005635,Male,Yes,1,Graduate,Salaried,28040.0,6914.0,129000.0,48,1.0,North,49.0,2023-02-09,0
APP002897,Male,No,4,Graduate,Salaried,20263.0,5286.0,112000.0,360,1.0,South,44.0,2023-02-12,0
APP000690,Male,Yes,3,Not Graduate,Salaried ,25470.0,40.0,66000.0,36,1.0,South,31.0,2023-02-20,0
APP002934,Male,No,3,Graduate,Self-Employed,69776.0,7982.0,101000.0,120,1.0,East,37.0,2023-12-01,0
APP001534,Male,Yes,3,Graduate,Salaried ,52934.0,13627.0,54000.0,180,1.0,North,46.0,2024-03-31,0
APP000192,Female,No,1,Graduate,self employed,106703.0,30530.0,96000.0,48,1.0,East,37.0,2023-07-13,0
APP002274,Female,No,2,Not Graduate,Salaried,75155.0,1738.0,172000.0,60,1.0,West,31.0,2024-10-07,0
APP000653,Female,No,0,Not Graduate,Salaried,77906.0,3604.0,170000.0,24,1.0,north,50.0,2023-03-18,0
APP005039,,No,2,Graduate,Self-Employed,5669.0,914.0,78000.0,180,0.0,North,41.0,2024-04-10,0
APP005624,Female,Yes,0,Graduate,Salaried ,201796.0,52747.0,129000.0,360,1.0,West ,60.0,2023-06-04,0
APP002088,Female,Yes,1,Graduate,SELF-EMPLOYED,36352.0,7009.0,84000.0,84,1.0,South,21.0,2024-05-13,0
APP001459,Male,No,2,Not Graduate,Salaried,88934.0,16204.0,162000.0,360,1.0,West ,23.0,2024-02-12,0
APP005341,Female,No,2,Graduate,Salaried,84400.0,743.0,84000.0,120,1.0,North,21.0,2024-06-02,0
APP005063,Male,Yes,1,Graduate,Salaried,35421.0,6058.0,84000.0,180,,East,55.0,2023-09-06,0
APP000896,Male,No,1,Graduate,Salaried,82773.0,25173.0,243000.0,360,1.0,East,45.0,2023-05-09,0
APP004683,Female,Yes,2,Not Graduate,Salaried ,24999.0,148.0,67000.0,36,1.0,North,59.0,2024-07-25,0
APP001733,Male,Yes,3,Graduate,Salaried,25229.0,4063.0,97000.0,360,1.0,South,37.0,2024-02-01,0
APP005260,Female,Yes,3,Not Graduate,Salaried ,54464.0,8116.0,184000.0,240,1.0,North,24.0,2023-09-29,0
APP002356,Male,Yes,3,Graduate,Salaried,17372.0,2702.0,166000.0,36,1.0,EAST,21.0,2024-02-24,0
APP000128,Female,No,1,Not Graduate,Salaried ,45350.0,10911.0,131000.0,180,1.0,West,46.0,2023-03-06,0
APP005031,Male,No,2,Graduate,Salaried ,54667.0,4864.0,51000.0,36,0.0,EAST,34.0,2024-12-04,0
APP003625,Male,No,2,Graduate,Salaried ,,1157.0,81000.0,180,1.0,North,28.0,2023-10-15,0
APP000820,Male,Yes,1,Graduate,Self-Employed,61307.0,535.0,98000.0,120,0.0,West ,23.0,2024-12-28,0
APP002747,Male,Yes,0,Not Graduate,Salaried,140819.0,70.0,182000.0,84,1.0,South,31.0,2024-11-22,0
APP005523,Female,Yes,3,Graduate,Salaried,50362.0,9518.0,86000.0,60,,South,52.0,2023-10-01,0
APP003022,Male,Yes,1,Graduate,Salaried ,32903.0,4458.0,97000.0,120,0.0,South,41.0,2023-06-26,0
APP000031,Female,Yes,0,Graduate,Salaried ,70939.0,19707.0,82000.0,36,0.0,West,32.0,2023-11-03,0
APP002421,Male,No,2,Graduate,Salaried ,30267.0,2417.0,237000.0,120,,West ,41.0,2023-02-12,1
APP005637,Female,No,0,Not Graduate,self employed,23082.0,6797.0,187000.0,36,1.0,West ,28.0,2023-04-14,1
APP002856,Male,Yes,2,Not Graduate,SELF-EMPLOYED,76871.0,4457.0,50000.0,48,1.0,north,46.0,2023-08-26,1
APP005655,Male,Yes,1,Graduate,Salaried,24929.0,6577.0,60000.0,180,1.0,South,46.0,2023-07-24,0
APP002715,Male,No,1,Not Graduate,Salaried,75126.0,2948.0,62000.0,180,1.0,North,32.0,2023-05-12,0
APP005763,Female,Yes,4,Graduate,Salaried,33251.0,1213.0,236000.0,36,,East,38.0,2024-07-18,1
APP005975,Male,No,1,Graduate,SELF-EMPLOYED,49898.0,2490.0,88000.0,60,,North,46.0,2024-03-01,0
APP004908,Male,Yes,0,Graduate,SELF-EMPLOYED,42942.0,8236.0,147000.0,48,1.0,North,38.0,2024-01-04,0
APP000928,Male,Yes,3,Graduate,Salaried,33883.0,1132.0,83000.0,120,1.0,North,35.0,2023-03-17,0
APP002527,Male,Yes,1,Graduate,Self-Employed,35546.0,10022.0,35000.0,12,1.0,West,54.0,2024-11-24,0
APP005856,Female,Yes,1,Graduate,salaried,58507.0,12069.0,97000.0,48,1.0,East,41.0,2023-12-16,0
APP000451,Female,Yes,2,Graduate,Salaried ,43899.0,5347.0,163000.0,48,1.0,East,44.0,2023-06-12,0
APP004656,Male,Yes,3,Graduate,Self-Employed,128100.0,12315.0,76000.0,24,1.0,EAST,47.0,2024-02-25,0
APP001120,Male,No,1,Graduate,Salaried ,37850.0,6966.0,93000.0,60,1.0,South,36.0,2024-08-14,0
APP002811,Male,No,1,Not Graduate,Self-Employed,75903.0,13054.0,129000.0,60,1.0,North,21.0,2023-07-12,0
APP001782,Female,Yes,3,Graduate,Salaried,41427.0,588.0,54000.0,180,1.0,EAST,42.0,2023-09-19,0
APP003548,Male,Yes,4,Graduate,self employed,91545.0,31590.0,49000.0,180,,East,47.0,2023-10-29,0
APP000325,Female,Yes,1,Not Graduate,Salaried,72413.0,14060.0,283000.0,180,1.0,East,41.0,2023-07-25,0
APP005792,Female,Yes,1,Graduate,salaried,47374.0,14344.0,55000.0,24,,north,31.0,2024-05-17,0
APP002749,Female,No,1,Not Graduate,salaried,43303.0,5454.0,77000.0,36,1.0,North,33.0,2023-12-27,0
APP000457,Male,Yes,1,Not Graduate,Salaried,29588.0,5369.0,50000.0,60,1.0,West,50.0,2023-10-26,0
APP001354,Female,No,1,Graduate,Salaried,40816.0,6705.0,81000.0,12,1.0,West ,30.0,2024-05-29,0
APP003643,Male,No,3,Not Graduate,Salaried,44296.0,6711.0,130000.0,120,1.0,West,51.0,2024-04-19,0
APP004530,Male,Yes,3,Graduate,Salaried ,111473.0,14772.0,110000.0,180,1.0,North,37.0,2024-03-31,0
APP002576,Female,Yes,1,Not Graduate,Salaried ,108013.0,32538.0,188000.0,180,,North,46.0,2023-12-12,0
APP005353,Male,Yes,0,Graduate,Salaried ,68152.0,11161.0,92000.0,36,1.0,North,24.0,2023-03-22,0
APP003891,Female,No,3,Not Graduate,Salaried ,41939.0,12197.0,90000.0,84,1.0,West,41.0,2024-08-09,0
APP003515,Female,Yes,0,Graduate,salaried,49563.0,13932.0,104000.0,84,1.0,north,52.0,2023-04-01,0
APP005568,Female,No,0,Graduate,SELF-EMPLOYED,62641.0,2607.0,245000.0,24,1.0,north,34.0,2023-09-27,0
APP003978,Male,Yes,2,Not Graduate,SELF-EMPLOYED,30309.0,4879.0,179000.0,240,1.0,EAST,38.0,2023-10-27,0
APP001882,Female,Yes,1,Not Graduate,Salaried,164088.0,48776.0,23000.0,36,0.0,South,36.0,2024-12-25,0
APP001737,Male,No,1,Graduate,Self-Employed,65636.0,7619.0,16000.0,60,1.0,East,58.0,2024-02-10,0
APP000410,Male,No,3,Graduate,Self-Employed,65843.0,10241.0,70000.0,60,1.0,North,47.0,2023-01-30,0
APP005379,Female,No,4,Graduate,Self-Employed,33421.0,11087.0,153000.0,360,1.0,North,21.0,2024-02-04,0
APP002435,Female,No,4,Graduate,Salaried ,139224.0,35748.0,79000.0,240,1.0,West,47.0,2024-05-11,0
APP003278,Male,Yes,3,Graduate,Self-Employed,86423.0,2030.0,123000.0,84,1.0,West,21.0,2024-12-16,0
APP000137,Male,Yes,2,Not Graduate,self employed,53147.0,10974.0,108000.0,84,1.0,South,47.0,2024-08-12,0
APP002129,Female,No,2,Graduate,Self-Employed,31126.0,1510.0,41000.0,360,1.0,West,21.0,2023-12-11,0
APP003493,Female,Yes,0,Graduate,Salaried,81354.0,7962.0,60000.0,48,0.0,West,33.0,2024-07-05,0
APP005376,Female,Yes,0,Graduate,self employed,46208.0,10817.0,155000.0,36,1.0,North,24.0,2023-04-23,0
APP002624,Female,Yes,1,Not Graduate,salaried,78845.0,8822.0,243000.0,120,1.0,West,37.0,2024-05-10,1
APP000802,Male,Yes,0,Graduate,Salaried,55038.0,2733.0,70000.0,84,1.0,West,41.0,2023-10-16,0
APP004426,Male,Yes,0,Graduate,Salaried ,67210.0,22087.0,38000.0,180,1.0,East,55.0,2023-08-22,0
APP005000,Female,Yes,0,Graduate,Salaried,92607.0,7157.0,130000.0,84,0.0,West,43.0,2023-12-18,1
APP000533,Female,Yes,0,Not Graduate,Salaried,94381.0,2711.0,101000.0,36,1.0,South,42.0,2023-02-15,0
APP002281,Male,No,0,Graduate,Salaried,79225.0,18588.0,34000.0,48,1.0,West ,35.0,2024-02-18,0
APP003120,Male,Yes,0,Graduate,Salaried,41392.0,7543.0,154000.0,240,,South,33.0,2023-07-07,0
APP003623,Male,No,2,Graduate,Salaried,163799.0,27013.0,107000.0,60,1.0,South,36.0,2023-12-22,0
APP003360,Female,Yes,3,Not Graduate,Salaried,78070.0,4932.0,80000.0,360,1.0,South,46.0,2023-10-13,0
APP004513,Male,No,0,Graduate,Self-Employed,41571.0,11832.0,122000.0,240,1.0,West,46.0,2023-01-27,0
APP002671,Female,Yes,2,Graduate,self employed,46146.0,12872.0,276000.0,120,1.0,South,52.0,2024-02-29,0
APP000540,Male,Yes,0,Graduate,Salaried,203485.0,59648.0,426000.0,48,1.0,North,51.0,2023-08-06,0
APP002947,Male,Yes,2,Graduate,self employed,33333.0,2801.0,102000.0,180,1.0,north,55.0,2023-09-05,0
APP004425,Male,No,3,Graduate,self employed,58224.0,14126.0,,60,1.0,EAST,33.0,2024-10-08,0
APP003354,Male,No,0,Not Graduate,Salaried,55789.0,3173.0,107000.0,180,1.0,East,39.0,2023-03-19,0
APP004975,Male,Yes,0,Not Graduate,Salaried,115479.0,1369.0,72000.0,12,1.0,South,40.0,2024-07-13,0
APP002568,Male,Yes,0,Graduate,SELF-EMPLOYED,90837.0,1504.0,179000.0,12,1.0,EAST,28.0,2024-07-05,0
APP000035,Female,No,0,Graduate,Salaried,25574.0,4199.0,,48,1.0,EAST,32.0,2024-01-06,0
APP005698,Male,Yes,0,Graduate,Salaried,24646.0,3105.0,231000.0,36,1.0,South,33.0,2023-11-06,0
APP004728,Female,Yes,0,Graduate,Salaried,43880.0,15144.0,126000.0,120,,EAST,37.0,2024-12-24,0
APP003581,Male,Yes,0,Graduate,SELF-EMPLOYED,,7197.0,58000.0,60,1.0,West,33.0,2024-02-27,0
APP000744,,Yes,1,Graduate,Salaried,120597.0,26675.0,284000.0,48,,South,31.0,2024-03-21,0
APP005773,Male,Yes,4,Not Graduate,Salaried,49631.0,14666.0,230000.0,240,1.0,East,38.0,2024-06-24,0
APP000904,Female,No,1,Graduate,Salaried ,72321.0,7026.0,48000.0,36,1.0,East,41.0,2023-08-18,0
APP002963,Male,Yes,0,Graduate,Salaried,68878.0,7088.0,70000.0,24,1.0,north,46.0,2023-09-23,0
APP000263,Male,Yes,2,Not Graduate,Salaried,34148.0,1533.0,114000.0,36,1.0,West,48.0,2024-01-23,0
APP001917,Female,No,1,Graduate,Self-Employed,90078.0,4414.0,100000.0,60,1.0,East,40.0,2023-02-28,0
APP003405,Female,No,0,Graduate,Salaried ,29742.0,3662.0,365000.0,12,1.0,South,50.0,2024-05-26,0
APP004194,Female,Yes,0,Graduate,Self-Employed,69813.0,21246.0,110000.0,48,1.0,South,59.0,2023-05-04,0
APP002297,Male,Yes,1,Graduate,Salaried,25944.0,2186.0,187000.0,84,1.0,West,29.0,2023-01-12,0
APP005988,Female,Yes,0,Graduate,self employed,54763.0,11232.0,69000.0,360,1.0,EAST,44.0,2024-08-14,0
APP002844,,Yes,0,Graduate,Salaried,22707.0,2871.0,130000.0,120,0.0,East,34.0,2024-10-09,1
APP005035,Male,Yes,2,Graduate,self employed,81894.0,28484.0,56000.0,180,1.0,South,32.0,2024-09-05,0
APP005978,Male,No,0,Graduate,Salaried,36133.0,5568.0,205000.0,120,1.0,North,45.0,2024-03-11,0
APP002991,Male,Yes,2,Graduate,Salaried,53685.0,13517.0,204000.0,120,1.0,South,37.0,2024-08-09,0
APP002170,Male,No,0,Graduate,Self-Employed,50526.0,5163.0,181000.0,120,1.0,West,21.0,2023-02-10,0
APP005463,Male,Yes,0,Graduate,Self-Employed,40781.0,11885.0,72000.0,84,1.0,North,47.0,2023-09-12,0
APP000498,Male,Yes,4,Graduate,self employed,,9951.0,165000.0,180,1.0,East,34.0,2023-01-04,0
APP001860,Female,No,0,Graduate,Salaried,25648.0,3685.0,86000.0,24,1.0,West,33.0,2024-10-25,0
APP002479,Male,Yes,4,Graduate,Salaried,180246.0,55199.0,310000.0,48,1.0,South,43.0,2024-03-30,0
APP004385,Female,Yes,0,Graduate,self employed,119031.0,14714.0,257000.0,60,0.0,West,37.0,2024-05-09,0
APP004500,Male,No,1,Not Graduate,Salaried ,70222.0,2555.0,66000.0,24,1.0,EAST,59.0,2024-04-26,0
APP003531,Male,Yes,3,Graduate,salaried,44176.0,4247.0,232000.0,240,1.0,West,40.0,2023-03-07,0
APP004445,Male,No,0,Graduate,salaried,97899.0,602.0,157000.0,36,1.0,West ,48.0,2023-04-02,0
APP000998,Male,Yes,0,Graduate,SELF-EMPLOYED,47625.0,8339.0,89000.0,120,1.0,North,34.0,2024-03-20,0
APP002726,Male,No,0,Graduate,SELF-EMPLOYED,74438.0,5990.0,67000.0,84,1.0,West,37.0,2024-03-23,0
APP001663,Female,Yes,1,Graduate,self employed,29836.0,6949.0,135000.0,60,1.0,North,38.0,2023-02-27,0
APP005932,Male,Yes,0,Graduate,Self-Employed,19086.0,772.0,76000.0,84,1.0,West,34.0,2024-01-17,0
APP004890,Female,Yes,0,Not Graduate,Salaried,37033.0,2038.0,242000.0,84,1.0,north,,2024-08-15,0
APP003551,Female,No,4,Graduate,salaried,76395.0,4499.0,151000.0,60,1.0,West ,54.0,2024-05-27,0
APP002082,Male,Yes,0,Not Graduate,Salaried,15386.0,5344.0,96000.0,120,1.0,North,30.0,2024-03-10,0
APP005855,Male,No,3,Graduate,salaried,77217.0,23615.0,142000.0,180,1.0,South,40.0,2023-08-06,0
APP003254,Male,Yes,4,Graduate,Salaried,752070.1299198485,7679.0,197000.0,48,1.0,North,37.0,2023-07-12,1
APP000199,Female,Yes,2,Graduate,Salaried ,,1668.0,,36,1.0,West,22.0,2023-01-05,0
APP004727,Female,Yes,3,Not Graduate,Salaried,87117.0,12090.0,360000.0,240,1.0,West,28.0,2023-09-27,0
APP002064,Male,Yes,4,Not Graduate,Salaried,105829.0,17424.0,74000.0,120,1.0,South,21.0,2023-06-13,0
APP004324,Male,Yes,3,Not Graduate,Salaried ,33535.0,1262.0,187000.0,12,1.0,North,38.0,2024-11-09,0
APP004514,Female,No,1,Graduate,Salaried,32212.0,18.0,269000.0,60,1.0,South,40.0,2023-06-27,0
APP001845,Female,No,1,Not Graduate,Self-Employed,35078.0,7974.0,324000.0,60,,West,44.0,2024-04-23,0
APP000548,Female,No,1,Graduate,Self-Employed,51197.0,14013.0,54000.0,120,1.0,East,46.0,2024-06-21,0
APP005110,Female,Yes,2,Not Graduate,SELF-EMPLOYED,102128.0,34212.0,66000.0,84,1.0,West,43.0,2024-07-06,0
APP003413,Male,Yes,0,Not Graduate,Salaried ,89007.0,28923.0,40000.0,60,,West ,42.0,2024-10-04,0
APP000565,Male,No,0,Graduate,self employed,51214.0,3633.0,148000.0,180,1.0,West,49.0,2024-03-18,0
APP000695,Male,Yes,3,Graduate,Salaried,83295.0,11078.0,59000.0,240,1.0,East,32.0,2024-06-15,0
APP004654,Female,Yes,2,Not Graduate,Salaried,59972.0,827.0,204000.0,24,1.0,West ,21.0,2023-07-12,0
APP002692,Female,Yes,2,Graduate,Salaried,86340.0,2446.0,148000.0,120,1.0,South,47.0,2024-10-10,0
APP002907,Female,Yes,2,Graduate,Salaried,107965.0,35640.0,67000.0,120,1.0,South,30.0,2023-02-02,0
APP003376,Female,Yes,4,Graduate,Salaried ,76905.0,3517.0,103000.0,60,0.0,East,32.0,2024-07-31,0
APP001051,Female,No,4,Graduate,SELF-EMPLOYED,63040.0,6885.0,38000.0,24,1.0,North,27.0,2023-06-09,1
APP004766,Female,Yes,0,Not Graduate,Salaried,73126.0,11998.0,42000.0,48,1.0,North,30.0,2024-10-12,0
APP000705,Male,Yes,4,Not Graduate,Salaried,47507.0,2012.0,109000.0,120,1.0,West,41.0,2023-07-25,0
APP001333,Male,No,0,Graduate,Salaried,54124.0,5028.0,189000.0,84,0.0,West,34.0,2023-04-18,0
APP003668,Male,Yes,0,Not Graduate,Salaried,48015.0,579.0,81000.0,60,1.0,North,49.0,2024-04-21,0
APP005090,Male,Yes,2,Graduate,Salaried,60912.0,4903.0,178000.0,84,1.0,north,46.0,2024-06-09,0
APP005356,Male,No,0,Graduate,self employed,22926.0,4453.0,81000.0,60,1.0,South,35.0,2023-07-19,0
APP001117,Male,Yes,1,Graduate,Self-Employed,29531.0,1716.0,31000.0,84,1.0,North,32.0,2024-03-10,0
APP001400,Female,No,4,Graduate,Salaried,36277.0,10772.0,101000.0,36,0.0,South,46.0,2024-12-10,1
APP003625,Male,No,2,Graduate,Salaried ,,1157.0,81000.0,180,1.0,North,28.0,2023-10-15,0
APP003327,Female,Yes,1,Not Graduate,salaried,54212.0,7998.0,119000.0,48,1.0,South,37.0,2023-04-14,0
APP001439,Male,Yes,1,Not Graduate,salaried,30146.0,1816.0,121000.0,84,1.0,East,31.0,2023-03-10,0
APP003200,Male,Yes,1,Graduate,Salaried,102772.0,7181.0,129000.0,84,,North,32.0,2024-08-23,0
APP000241,Female,No,0,Graduate,Self-Employed,28151.0,799.0,151000.0,12,1.0,North,34.0,2024-06-22,0
APP001159,Female,No,2,Graduate,Self-Employed,43250.0,10334.0,56000.0,180,1.0,East,47.0,2023-09-19,0
APP004630,Male,Yes,1,Graduate,SELF-EMPLOYED,106678.0,20106.0,157000.0,12,1.0,West,26.0,2023-12-04,0
APP000456,Male,Yes,0,Not Graduate,Self-Employed,55138.0,17801.0,76000.0,180,1.0,South,28.0,2024-10-22,0
APP003418,Female,Yes,2,Graduate,Salaried ,36050.0,9981.0,68000.0,60,1.0,South,42.0,2023-01-15,0
APP003580,Male,Yes,1,Graduate,Salaried,216226.0,28800.0,228000.0,60,1.0,South,23.0,2024-07-23,0
APP002769,Male,Yes,2,Graduate,self employed,126644.0,28299.0,76000.0,36,1.0,East,31.0,2024-03-24,0
APP002968,Male,Yes,2,Graduate,Salaried ,78268.0,16577.0,90000.0,36,,West,31.0,2023-06-08,1
APP000106,Male,No,0,Graduate,Self-Employed,32295.0,7336.0,129000.0,24,1.0,East,27.0,2023-11-14,0
APP001894,Male,No,0,Graduate,Salaried,15879.0,3415.0,95000.0,84,0.0,West,33.0,2023-10-08,1
APP000728,Female,Yes,1,Graduate,Salaried ,43831.0,7193.0,298000.0,84,1.0,South,41.0,2024-10-28,0
APP003769,Male,No,3,Graduate,self employed,194463.0,10490.0,54000.0,240,1.0,South,43.0,2023-01-24,0
APP004315,Female,No,3,Graduate,Self-Employed,,5187.0,170000.0,180,1.0,North,51.0,2023-01-11,0
APP003659,Female,Yes,0,Graduate,Salaried,60947.0,5961.0,182000.0,240,1.0,South,37.0,2024-09-11,0
APP000823,Male,No,4,Graduate,Salaried ,47336.0,15539.0,318000.0,24,1.0,South,54.0,2023-06-15,1
APP003183,Male,No,3,Not Graduate,salaried,40707.0,10670.0,71000.0,180,1.0,South,37.0,2023-03-10,0
APP003923,Female,No,1,Graduate,Self-Employed,75291.0,23069.0,127000.0,48,1.0,East,37.0,2024-08-09,0
APP001006,Female,No,3,Graduate,Salaried,106576.0,31422.0,45000.0,36,1.0,West,45.0,2024-08-03,0
APP000197,Female,Yes,1,Graduate,Salaried ,24105.0,3526.0,53000.0,12,1.0,East,44.0,2023-12-06,0
APP005325,Male,Yes,1,Not Graduate,self employed,43373.0,6083.0,89000.0,60,1.0,North,21.0,2023-05-07,0
APP002701,Male,Yes,0,Not Graduate,Self-Employed,63177.0,4900.0,117000.0,240,1.0,North,47.0,2023-08-10,0
APP004189,Female,No,0,Graduate,Salaried,123726.0,1993.0,56000.0,24,1.0,West,37.0,2023-08-28,0
APP005686,Female,Yes,2,Graduate,Self-Employed,55247.0,966.0,258000.0,60,1.0,South,47.0,2023-11-14,0
APP003523,Male,Yes,0,Graduate,Salaried,52220.0,131.0,60000.0,60,0.0,West,21.0,2023-01-08,0
APP003818,Female,No,0,Graduate,Salaried ,41298.0,1061.0,78000.0,120,1.0,West,43.0,2024-04-26,0
APP003139,Male,Yes,0,Graduate,Self-Employed,113521.0,554.0,157000.0,120,1.0,East,31.0,2024-04-24,0
APP002912,Male,Yes,3,Graduate,Salaried,49230.0,3287.0,189000.0,24,0.0,South,49.0,2024-06-25,0
APP005278,Male,Yes,1,Graduate,Salaried ,76897.0,23365.0,84000.0,36,1.0,South,36.0,2024-01-18,0
APP003223,Male,No,0,Graduate,Salaried,103117.0,13361.0,171000.0,24,1.0,North,40.0,2023-09-24,0
APP002740,Male,Yes,1,Not Graduate,Salaried,41429.0,6031.0,210000.0,180,1.0,North,21.0,2024-12-11,0
APP003025,Male,No,1,Graduate,salaried,28974.0,4755.0,83000.0,84,0.0,South,42.0,2024-03-26,1
APP001365,Female,No,4,Graduate,Salaried ,26138.0,8366.0,68000.0,120,1.0,West ,38.0,2023-08-15,0
APP002457,Male,No,1,Graduate,SELF-EMPLOYED,41951.0,2767.0,81000.0,36,1.0,East,47.0,2023-02-24,0
APP002307,Male,Yes,2,Graduate,Salaried,13944.0,3187.0,95000.0,120,1.0,West,47.0,2024-12-13,0
APP000024,Male,No,1,Graduate,Salaried,57655.0,9230.0,61000.0,48,1.0,East,32.0,2024-11-23,0
APP000637,Male,Yes,0,Not Graduate,Salaried ,37463.0,5210.0,81000.0,180,,South,54.0,2024-06-09,0
APP005596,Male,Yes,1,Graduate,Salaried,64470.0,13821.0,73000.0,36,0.0,North,52.0,2024-07-15,0
APP000431,Male,No,2,Graduate,Salaried,46603.0,10517.0,175000.0,84,1.0,North,59.0,2024-02-15,0
APP000721,Female,No,4,Graduate,Salaried ,125182.0,41424.0,49000.0,240,1.0,North,46.0,2023-07-24,0
APP004909,Female,Yes,1,Graduate,Self-Employed,19233.0,3917.0,87000.0,120,1.0,North,30.0,2024-04-15,0
APP001679,Male,No,0,Not Graduate,salaried,62425.0,4600.0,70000.0,36,1.0,East,36.0,2023-02-04,0
APP003370,Female,Yes,2,Graduate,Salaried,,1920.0,136000.0,48,,West,35.0,2024-05-17,0
APP002316,Male,No,1,Not Graduate,Salaried,46580.0,2009.0,50000.0,84,1.0,North,28.0,2024-04-15,0
APP002155,Male,Yes,1,Not Graduate,Salaried,21765.0,4934.0,75000.0,48,0.0,West,44.0,2023-07-10,1
APP001306,Female,Yes,1,Graduate,Salaried,19298.0,5843.0,286000.0,60,1.0,West,37.0,2023-06-22,0
APP003262,Male,Yes,1,Graduate,Salaried,80774.0,7429.0,117000.0,60,1.0,West,39.0,2023-11-14,0
APP001211,Male,Yes,1,Not Graduate,self employed,49051.0,10695.0,108000.0,84,1.0,East,34.0,2023-01-08,0
APP002148,Male,Yes,2,Not Graduate,SELF-EMPLOYED,20030.0,1882.0,80000.0,12,1.0,West ,52.0,2024-08-08,0
APP005775,Male,Yes,0,Graduate,Salaried,39521.0,13700.0,50000.0,48,1.0,South,30.0,2024-09-21,0
APP005012,Female,No,3,Graduate,Self-Employed,54359.0,16410.0,116000.0,180,1.0,West ,21.0,2024-04-18,0
APP002328,Male,Yes,2,Graduate,Salaried ,71527.0,12414.0,255000.0,60,1.0,South,34.0,2023-03-09,0
APP000620,Female,Yes,2,Graduate,Salaried,60265.0,17897.0,123000.0,120,1.0,South,21.0,2023-11-13,0
APP003839,Female,Yes,4,Graduate,salaried,32983.0,8143.0,125000.0,120,1.0,North,30.0,2024-06-26,1
APP005986,Male,Yes,1,Graduate,Self-Employed,74007.0,9434.0,51000.0,48,0.0,West,37.0,2023-12-06,0
APP003225,Male,No,4,Graduate,Salaried,47921.0,11525.0,133000.0,24,1.0,East,38.0,2024-06-03,0
APP005645,Female,Yes,0,Graduate,Self-Employed,83145.0,23463.0,131000.0,48,1.0,North,44.0,2023-05-14,0
APP005321,Male,Yes,1,Graduate,Self-Employed,33892.0,11603.0,88000.0,120,1.0,West,57.0,2024-12-02,0
APP002873,Female,No,1,Graduate,Salaried,57995.0,3297.0,45000.0,360,1.0,East,30.0,2023-01-20,0
APP003366,Female,Yes,0,Graduate,self employed,92913.0,15391.0,47000.0,48,,West,23.0,2024-03-02,0
APP004780,Male,Yes,2,Not Graduate,Self-Employed,27976.0,4842.0,74000.0,240,0.0,South,49.0,2023-07-18,1
APP005061,Female,Yes,1,Graduate,Self-Employed,54131.0,14397.0,103000.0,12,1.0,North,40.0,2024-09-24,0
APP001933,Male,Yes,4,Graduate,Salaried,32992.0,7934.0,83000.0,84,1.0,South,23.0,2024-11-10,0
APP003160,Male,No,2,Not Graduate,Salaried ,87814.0,28624.0,76000.0,120,1.0,West ,30.0,2024-07-19,0
APP003346,Female,Yes,2,Not Graduate,Self-Employed,91574.0,22416.0,59000.0,360,1.0,West,41.0,2024-03-22,0
APP003382,Male,No,2,Not Graduate,self employed,24393.0,924.0,59000.0,48,,West,22.0,2023-04-04,0
APP002509,Female,Yes,1,Not Graduate,Self-Employed,71576.0,15257.0,93000.0,360,1.0,North,40.0,2023-12-09,0
APP005614,Male,No,0,Not Graduate,self employed,33848.0,10981.0,48000.0,24,1.0,North,41.0,2023-10-25,0
APP004849,Female,No,2,Not Graduate,Salaried,109814.0,33403.0,132000.0,180,1.0,South,43.0,2023-09-19,1
APP005253,Female,Yes,1,Graduate,Salaried ,25435.0,7109.0,20000.0,120,1.0,EAST,21.0,2024-04-01,0
APP005573,Female,Yes,1,Graduate,self employed,55899.0,3716.0,110000.0,36,1.0,South,35.0,2023-02-02,0
APP000718,Female,Yes,0,Graduate,self employed,22611.0,501.0,114000.0,240,,North,38.0,2023-05-10,0
APP005538,Female,Yes,0,Not Graduate,Self-Employed,64724.0,6881.0,157000.0,120,1.0,North,41.0,2023-10-14,0
APP002408,Male,Yes,2,Not Graduate,Salaried,103176.0,22148.0,98000.0,60,1.0,East,21.0,2024-09-13,0
APP004453,Female,Yes,1,Graduate,Salaried,44616.0,9833.0,207000.0,84,1.0,North,51.0,2024-10-13,0
APP004907,Female,Yes,0,Not Graduate,Self-Employed,35028.0,11599.0,58000.0,120,1.0,West ,21.0,2023-08-17,0
APP000528,Male,No,0,Graduate,self employed,149108.0,36809.0,127000.0,60,1.0,North,41.0,2023-11-24,0
APP002054,Female,No,3,Graduate,Salaried,38884.0,12447.0,198000.0,180,1.0,West,43.0,2023-02-03,1
APP001658,Male,Yes,1,Graduate,Salaried ,74253.0,10316.0,71000.0,12,,North,36.0,2024-10-24,0
APP002319,Male,Yes,0,Graduate,Salaried,83474.0,21210.0,69000.0,24,1.0,West,21.0,2024-10-06,0
APP001948,Male,No,0,Not Graduate,self employed,36229.0,5095.0,105000.0,84,1.0,north,62.0,2024-09-09,0
APP004568,Male,No,0,Graduate,salaried,27319.0,8250.0,47000.0,180,,North,28.0,2023-02-17,0
APP004740,Female,Yes,4,Not Graduate,Salaried,116646.0,925.0,81000.0,120,1.0,East,30.0,2024-12-08,0
APP005134,Male,Yes,3,Graduate,Salaried ,48225.0,12794.0,160000.0,24,1.0,North,34.0,2023-10-08,0
APP003132,Female,Yes,2,Graduate,Self-Employed,34423.0,4107.0,133000.0,60,1.0,North,45.0,2023-02-22,0
APP000525,Female,No,1,Graduate,Self-Employed,39071.0,8780.0,240000.0,240,1.0,West ,38.0,2024-11-09,0
APP003378,Male,Yes,0,Graduate,Self-Employed,61582.0,14846.0,101000.0,84,1.0,West ,32.0,2024-05-19,0
APP000911,Female,No,2,Graduate,Salaried ,10320.0,3565.0,148000.0,240,1.0,North,50.0,2023-05-15,0
APP002542,Female,Yes,0,Graduate,Salaried,43296.0,6552.0,100000.0,60,1.0,EAST,33.0,2023-02-02,0
APP003616,Male,Yes,2,Graduate,Salaried,58328.0,9626.0,93000.0,48,,South,50.0,2024-10-26,0
APP000504,Female,Yes,1,Graduate,self employed,152898.0,5702.0,167000.0,360,0.0,North,43.0,2023-05-12,0
APP000559,Female,No,1,Not Graduate,Salaried ,116489.0,8517.0,33000.0,36,1.0,East,42.0,2023-10-08,0
APP000125,Male,Yes,2,Not Graduate,Salaried,79135.0,25676.0,,36,1.0,East,35.0,2024-06-08,0
APP001471,Male,Yes,1,Graduate,Salaried,172914.0,42182.0,147000.0,120,1.0,South,26.0,2023-09-23,0
APP004689,Male,Yes,1,Graduate,Salaried,57566.0,10415.0,271000.0,48,1.0,South,44.0,2023-10-07,0
APP001285,Male,No,0,Graduate,Self-Employed,162464.0,25924.0,77000.0,60,1.0,West,23.0,2023-04-01,0
APP003363,Female,No,0,Graduate,Self-Employed,50163.0,6102.0,130000.0,180,1.0,South,45.0,2023-01-05,0
APP001095,Male,No,0,Graduate,SELF-EMPLOYED,46168.0,12980.0,204000.0,120,0.0,north,,2024-09-18,1
APP004396,Female,Yes,0,Graduate,Self-Employed,31322.0,5807.0,51000.0,60,1.0,West ,42.0,2024-02-24,0
APP001775,Female,Yes,1,Not Graduate,self employed,98491.0,25462.0,75000.0,12,1.0,North,43.0,2024-11-05,0
APP001213,Male,Yes,0,Graduate,Salaried,64285.0,21535.0,51000.0,60,1.0,East,54.0,2023-09-12,0
APP001184,Female,Yes,1,Not Graduate,Salaried ,29988.0,3220.0,45000.0,120,1.0,North,43.0,2024-09-05,1
APP000225,Male,No,3,Graduate,Salaried ,44019.0,1591.0,88000.0,240,1.0,EAST,31.0,2024-09-26,0
APP003154,Male,No,2,Graduate,Self-Employed,63665.0,15291.0,104000.0,12,1.0,EAST,,2024-06-16,0
APP001952,Male,Yes,0,Not Graduate,SELF-EMPLOYED,47662.0,12173.0,144000.0,24,1.0,West,36.0,2023-07-06,0
APP001041,Male,Yes,3,Graduate,self employed,71946.0,18808.0,54000.0,180,1.0,north,43.0,2023-11-24,1
APP000429,Male,Yes,4,Graduate,self employed,56963.0,9392.0,174000.0,360,1.0,North,50.0,2024-05-24,0
APP005955,Male,No,2,Graduate,Salaried ,,6262.0,72000.0,36,1.0,EAST,41.0,2024-03-26,0
APP001372,Male,No,3,Graduate,Self-Employed,59424.0,4033.0,162000.0,84,1.0,East,46.0,2024-06-20,0
APP003828,Male,No,0,Graduate,Salaried,92935.0,6620.0,82000.0,60,0.0,EAST,51.0,2023-01-29,1
APP000685,Female,No,1,Graduate,self employed,39722.0,9628.0,58000.0,120,1.0,West,,2023-10-22,0
APP000828,Male,Yes,1,Not Graduate,SELF-EMPLOYED,75080.0,8406.0,156000.0,48,1.0,East,47.0,2023-02-23,0
APP000633,Male,Yes,1,Graduate,Salaried,44151.0,12924.0,73000.0,36,0.0,West,57.0,2024-12-17,1
APP001242,Female,Yes,1,Not Graduate,Salaried,14995.0,4939.0,84000.0,180,0.0,East,28.0,2024-06-02,1
APP002526,Male,No,0,Graduate,salaried,70044.0,10771.0,58000.0,84,1.0,West,21.0,2024-02-10,0
APP001672,Female,Yes,0,Not Graduate,Salaried,64689.0,1149.0,109000.0,48,1.0,East,53.0,2024-12-11,0
APP001461,Male,Yes,1,Graduate,Salaried,33841.0,8759.0,63000.0,48,1.0,north,40.0,2024-11-18,0
APP001398,Male,Yes,3,Graduate,self employed,22020.0,1307.0,67000.0,24,1.0,North,48.0,2024-12-12,0
APP001278,Female,No,0,Graduate,Self-Employed,30934.0,8575.0,114000.0,60,1.0,South,44.0,2023-11-18,0
APP003167,Female,Yes,2,Graduate,SELF-EMPLOYED,23457.0,1897.0,86000.0,36,1.0,West ,58.0,2023-06-28,0
APP000746,Female,No,2,Graduate,Salaried ,,4387.0,101000.0,60,1.0,North,41.0,2023-06-02,0
APP001749,Female,No,1,Graduate,salaried,71773.0,18664.0,59000.0,84,1.0,north,37.0,2023-04-06,0
APP000168,Male,Yes,2,Not Graduate,Self-Employed,68329.0,6054.0,60000.0,60,1.0,South,26.0,2023-06-14,0
APP004996,Female,No,3,Not Graduate,SELF-EMPLOYED,23010.0,6896.0,146000.0,84,0.0,West,21.0,2024-09-20,0
APP000142,Male,No,0,Graduate,Salaried ,55719.0,8885.0,177000.0,48,0.0,South,43.0,2024-08-02,0
APP000805,Male,Yes,0,Graduate,Salaried,27430.0,5033.0,68000.0,48,1.0,West ,42.0,2024-03-13,0
APP002009,Male,Yes,0,Graduate,SELF-EMPLOYED,19133.0,1464.0,46000.0,48,1.0,East,33.0,2024-10-28,0
APP004316,Male,Yes,3,Not Graduate,Salaried ,47407.0,14844.0,55000.0,120,1.0,South,33.0,2024-07-07,0
APP003703,Male,No,0,Graduate,salaried,41836.0,7380.0,70000.0,12,1.0,North,40.0,2023-12-19,0
APP004679,Female,Yes,3,Not Graduate,Salaried,48088.0,14906.0,260000.0,48,1.0,East,26.0,2023-08-10,1
APP002249,Female,Yes,3,Graduate,self employed,23778.0,5009.0,28000.0,12,1.0,South,51.0,2024-10-31,0
APP000455,Male,Yes,3,Not Graduate,self employed,40018.0,8210.0,89000.0,60,1.0,East,36.0,2024-07-24,0
APP005458,Male,Yes,0,Graduate,Salaried ,157038.0,44615.0,176000.0,240,,North,36.0,2024-10-23,0
APP002818,Male,Yes,0,Graduate,salaried,123483.0,40245.0,265000.0,36,1.0,North,48.0,2024-04-10,0
APP004797,Male,Yes,0,Not Graduate,Salaried,,11483.0,103000.0,60,1.0,South,42.0,2024-02-11,0
APP003284,Female,Yes,2,Graduate,SELF-EMPLOYED,102711.0,19099.0,64000.0,84,1.0,West,39.0,2024-12-13,0
APP000441,Male,Yes,0,Graduate,Self-Employed,39025.0,4263.0,43000.0,120,1.0,EAST,43.0,2024-07-08,0
APP004737,Male,No,0,Not Graduate,salaried,33636.0,8009.0,78000.0,240,1.0,East,38.0,2023-04-22,0
APP005980,Male,Yes,2,Graduate,Salaried,156969.0,13389.0,205000.0,180,1.0,North,29.0,2023-07-03,0
APP001828,Female,Yes,0,Not Graduate,Self-Employed,105991.0,29311.0,90000.0,360,1.0,West,34.0,2023-08-01,0
APP003206,Female,Yes,0,Graduate,SELF-EMPLOYED,185411.0,61002.0,68000.0,180,1.0,West,39.0,2023-08-21,0
APP003272,Male,Yes,4,Graduate,self employed,72628.0,7040.0,168000.0,84,,North,39.0,2023-10-12,0
APP005872,Male,No,0,Graduate,salaried,25533.0,7903.0,50000.0,360,1.0,West,37.0,2023-09-21,0
APP005087,Female,Yes,1,Graduate,Salaried,26926.0,2898.0,72000.0,84,1.0,North,57.0,2023-03-17,0
APP000985,Female,Yes,3,Graduate,Self-Employed,62804.0,19615.0,218000.0,36,1.0,South,53.0,2024-01-17,0
APP003682,Male,Yes,3,Graduate,Salaried,56581.0,6424.0,109000.0,120,1.0,East,51.0,2023-12-17,0
APP001746,Male,Yes,4,Graduate,Salaried,29710.0,6013.0,46000.0,84,,East,48.0,2023-02-10,0
APP004340,Male,Yes,1,Graduate,Self-Employed,36815.0,12178.0,171000.0,36,0.0,South,28.0,2024-12-23,1
APP003397,Female,Yes,1,Not Graduate,salaried,44348.0,15027.0,68000.0,60,1.0,South,46.0,2024-12-30,0
APP004547,Male,No,0,Graduate,Salaried,38006.0,471.0,76000.0,12,1.0,North,31.0,2023-07-08,0
APP003960,Male,Yes,0,Graduate,Salaried,54773.0,7428.0,208000.0,240,1.0,South,44.0,2024-05-19,0
APP001843,Male,No,3,Graduate,Salaried ,53494.0,14803.0,216000.0,48,1.0,East,21.0,2023-03-22,0
APP002999,Male,Yes,0,Not Graduate,Salaried,114520.0,37032.0,42000.0,24,1.0,EAST,35.0,2024-08-04,0
APP004003,Female,No,3,Graduate,Salaried,20678.0,5933.0,67000.0,48,1.0,East,39.0,2024-09-22,0
APP004462,Male,Yes,3,Not Graduate,salaried,59313.0,10115.0,44000.0,120,0.0,North,43.0,2024-10-18,0
APP000377,Female,Yes,4,Graduate,SELF-EMPLOYED,27159.0,6203.0,106000.0,84,1.0,West,32.0,2024-01-22,0
APP005692,Male,Yes,0,Graduate,self employed,48664.0,7449.0,125000.0,60,1.0,South,44.0,2023-03-12,0
APP000206,Male,Yes,3,Graduate,Self-Employed,96422.0,5184.0,90000.0,120,1.0,East,29.0,2024-11-03,0
APP002212,Female,Yes,1,Graduate,Salaried,83131.0,25486.0,80000.0,360,1.0,North,52.0,2024-07-10,0
APP002195,Male,Yes,1,Graduate,Salaried,49593.0,14574.0,284000.0,60,1.0,South,40.0,2024-05-15,0
APP001377,Male,No,0,Graduate,Salaried,65763.0,13251.0,163000.0,36,1.0,South,39.0,2023-10-10,0
APP003416,Male,No,4,Graduate,Salaried,122462.0,33704.0,99000.0,120,1.0,West,38.0,2024-03-12,0
APP003263,Male,Yes,2,Graduate,salaried,33220.0,4848.0,79000.0,180,1.0,East,46.0,2024-07-25,0
APP004259,Male,No,2,Not Graduate,Self-Employed,118254.0,34849.0,65000.0,84,1.0,north,40.0,2023-01-24,0
APP004364,Male,No,1,Graduate,Salaried,53398.0,15763.0,94000.0,60,1.0,South,38.0,2023-12-16,0
APP002938,Female,Yes,0,Graduate,self employed,47921.0,12.0,106000.0,120,1.0,West,21.0,2024-03-03,0
APP002418,Male,Yes,0,Not Graduate,Self-Employed,32671.0,2000.0,43000.0,84,1.0,East,32.0,2024-11-24,0
APP000419,Female,No,1,Graduate,Salaried ,171391.0,41032.0,,120,1.0,West,46.0,2023-11-24,0
APP000284,Male,Yes,4,Graduate,Self-Employed,36995.0,2003.0,98000.0,240,1.0,West,32.0,2024-05-27,0
APP000872,Male,No,3,Not Graduate,Salaried,83590.0,25679.0,46000.0,180,1.0,North,47.0,2024-12-18,0
APP002146,Female,Yes,1,Graduate,self employed,32748.0,11037.0,184000.0,60,0.0,East,44.0,2024-09-10,0
APP003553,Female,No,0,Graduate,Self-Employed,28219.0,5417.0,74000.0,360,0.0,West,35.0,2023-09-28,0
APP000355,Male,No,2,Graduate,Salaried ,48564.0,14436.0,46000.0,84,1.0,East,37.0,2024-11-06,0
APP003848,Male,Yes,0,Not Graduate,Salaried,62134.0,9340.0,58000.0,84,1.0,East,49.0,2023-08-17,0
APP004152,Male,Yes,2,Graduate,salaried,39624.0,11360.0,85000.0,84,1.0,East,39.0,2024-07-28,0
APP005292,Male,Yes,3,Graduate,Salaried,50799.0,12428.0,172000.0,12,1.0,East,32.0,2024-07-22,0
APP002802,Female,Yes,3,Graduate,Salaried ,38478.0,661.0,78000.0,120,1.0,West,38.0,2024-07-22,0
APP003562,Female,No,2,Graduate,Salaried,163526.0,33893.0,65000.0,84,1.0,North,48.0,2024-01-13,0
APP004980,Male,No,3,Not Graduate,Self-Employed,71174.0,7178.0,328000.0,240,1.0,north,41.0,2024-11-10,1
APP003438,Female,No,0,Graduate,SELF-EMPLOYED,46052.0,15954.0,73000.0,36,1.0,West,32.0,2024-04-20,0
APP003583,Male,Yes,4,Graduate,Salaried ,78839.0,4702.0,148000.0,60,1.0,East,33.0,2024-10-25,0
APP001597,Male,No,1,Not Graduate,Salaried,105411.0,12884.0,92000.0,84,1.0,north,35.0,2023-05-20,0
APP005433,Female,No,3,Not Graduate,Salaried ,12554.0,3951.0,105000.0,12,1.0,East,31.0,2024-01-25,0
APP001470,Female,Yes,2,Graduate,Self-Employed,26811.0,8737.0,48000.0,12,1.0,South,35.0,2023-04-30,0
APP005825,Male,Yes,2,Graduate,Salaried ,56995.0,6202.0,199000.0,120,1.0,EAST,,2023-12-21,0
APP001602,Male,No,0,Not Graduate,Self-Employed,41826.0,3625.0,85000.0,60,1.0,North,36.0,2023-08-02,0
APP005641,Male,No,1,Graduate,Salaried ,58796.0,6251.0,70000.0,36,1.0,North,39.0,2024-10-19,0
APP002448,Male,No,4,Not Graduate,Self-Employed,,3289.0,88000.0,120,1.0,North,46.0,2023-03-20,0
APP000459,Male,Yes,2,Not Graduate,Self-Employed,34563.0,4609.0,102000.0,12,1.0,South,46.0,2023-08-04,0
APP002024,Male,Yes,1,Graduate,SELF-EMPLOYED,13204.0,4020.0,132000.0,48,1.0,North,61.0,2024-12-05,0
APP004994,Female,Yes,1,Graduate,Salaried,41575.0,2795.0,228000.0,180,1.0,East,30.0,2024-03-22,0
APP001639,Female,Yes,1,Graduate,salaried,42514.0,3434.0,190000.0,12,,West,29.0,2023-12-05,0
APP002905,Male,No,3,Graduate,Self-Employed,26804.0,281.0,96000.0,12,1.0,South,33.0,2024-12-09,0
APP002949,Male,Yes,3,Graduate,Salaried ,65712.0,11924.0,74000.0,12,0.0,West ,48.0,2023-10-04,1
APP005643,Male,Yes,0,Graduate,self employed,53044.0,3704.0,62000.0,120,1.0,West,33.0,2023-08-29,0
APP000376,Male,Yes,1,Not Graduate,Salaried ,50279.0,10293.0,87000.0,180,1.0,north,27.0,2024-01-13,0
APP004484,Male,No,2,Graduate,Self-Employed,94962.0,25500.0,289000.0,48,,North,39.0,2023-02-18,0
APP000884,Male,Yes,4,Graduate,Self-Employed,12035.0,1732.0,245000.0,84,1.0,North,43.0,2024-01-12,0
APP005533,Female,No,3,Not Graduate,Salaried,,12603.0,75000.0,48,1.0,East,32.0,2024-11-04,0
APP000692,Male,Yes,1,Graduate,Salaried,46626.0,2700.0,160000.0,24,0.0,north,27.0,2024-09-05,0
APP004161,Male,No,0,Graduate,Salaried,29299.0,3166.0,,48,1.0,South,49.0,2023-12-10,0
APP004176,Female,Yes,2,Not Graduate,Salaried,21042.0,5102.0,104000.0,120,1.0,South,35.0,2024-04-27,0
APP003767,Female,No,2,Graduate,SELF-EMPLOYED,18418.0,5587.0,56000.0,60,1.0,north,53.0,2024-05-06,0
APP004189,Female,No,0,Graduate,Salaried,123726.0,1993.0,56000.0,24,1.0,West,37.0,2023-08-28,0
APP000318,Male,Yes,2,Graduate,self employed,44237.0,7376.0,143000.0,12,0.0,north,31.0,2023-06-09,0
APP002780,Male,Yes,0,Graduate,Self-Employed,183994.0,26568.0,137000.0,240,,South,45.0,2024-02-25,0
APP004311,Male,Yes,4,Graduate,Self-Employed,61195.0,11.0,105000.0,48,1.0,East,39.0,2023-02-21,1
APP001903,Female,No,2,Graduate,Salaried ,32267.0,1088.0,156000.0,36,,South,39.0,2023-10-28,0
APP003916,Male,Yes,0,Graduate,Self-Employed,43421.0,13154.0,44000.0,60,,North,44.0,2023-06-13,0
APP000509,Female,Yes,1,Graduate,Self-Employed,46347.0,8282.0,69000.0,84,1.0,EAST,36.0,2024-11-15,0
APP005933,Male,No,0,Graduate,SELF-EMPLOYED,71161.0,22375.0,64000.0,60,1.0,North,45.0,2023-01-30,0
APP005215,Male,No,3,Graduate,Salaried,13512.0,210.0,121000.0,180,1.0,South,,2024-07-19,0
APP002595,Male,Yes,0,Not Graduate,Salaried ,93717.0,10917.0,43000.0,360,,South,41.0,2023-11-23,0
APP005866,Male,No,1,Not Graduate,Self-Employed,79733.0,6165.0,108000.0,240,1.0,South,37.0,2023-04-01,0
APP003899,Male,No,0,Graduate,Self-Employed,23617.0,6190.0,83000.0,36,1.0,West,43.0,2024-11-20,0
APP002828,Male,No,1,Graduate,self employed,43587.0,8888.0,74000.0,360,1.0,North,21.0,2023-03-15,0
APP004611,Male,Yes,2,Not Graduate,Self-Employed,105685.0,27748.0,45000.0,60,1.0,North,46.0,2024-10-21,0
APP005732,Male,Yes,1,Graduate,Salaried,30788.0,2885.0,76000.0,120,1.0,South,39.0,2024-09-13,0
APP000755,Male,Yes,2,Graduate,Salaried,52775.0,6350.0,131000.0,60,1.0,South,32.0,2023-12-15,0
APP005287,Female,No,0,Not Graduate,SELF-EMPLOYED,33086.0,3743.0,99000.0,84,1.0,West,32.0,2024-12-04,0
APP001551,Female,No,3,Not Graduate,Salaried ,81302.0,6470.0,58000.0,240,0.0,West ,54.0,2023-06-25,1
APP005059,Male,Yes,1,Graduate,SELF-EMPLOYED,77070.0,15442.0,49000.0,60,1.0,West ,21.0,2023-04-27,0
APP000126,Male,No,1,Graduate,Salaried,82607.0,17124.0,86000.0,60,,South,30.0,2024-05-02,0
APP005050,Male,Yes,1,Graduate,Self-Employed,88372.0,27879.0,73000.0,360,1.0,North,49.0,2024-06-15,0
APP002175,Male,No,1,Graduate,Salaried,25842.0,3172.0,98000.0,120,1.0,West,36.0,2024-05-11,0
APP003198,Female,No,2,Graduate,Salaried,21665.0,3013.0,87000.0,60,1.0,EAST,,2023-03-03,0
APP001600,Female,Yes,2,Graduate,Salaried ,23225.0,3990.0,331000.0,180,1.0,West,42.0,2023-10-18,0
APP001503,Male,Yes,0,Not Graduate,Self-Employed,43392.0,11524.0,78000.0,360,1.0,West,43.0,2024-07-26,0
APP004700,Female,Yes,1,Graduate,Salaried ,31053.0,1399.0,57000.0,84,0.0,East,29.0,2023-02-08,1
APP003470,Male,Yes,2,Not Graduate,Salaried ,96786.0,23818.0,105000.0,36,,North,22.0,2024-12-19,1
APP002015,Male,Yes,2,Graduate,Salaried,28997.0,8770.0,41000.0,36,1.0,North,27.0,2024-12-08,0
APP003910,Male,Yes,0,Graduate,self employed,32089.0,10.0,70000.0,24,0.0,West,42.0,2023-01-11,0
APP003372,Female,No,3,Graduate,Self-Employed,17480.0,979.0,251000.0,180,,South,21.0,2024-03-15,0
APP003640,Male,Yes,0,Not Graduate,salaried,29624.0,2154.0,63000.0,60,1.0,West,44.0,2023-05-07,0
APP004248,Male,No,0,Graduate,Salaried,43356.0,5445.0,105000.0,36,1.0,South,44.0,2024-07-12,0
APP003763,Male,Yes,0,Graduate,Self-Employed,28477.0,6315.0,236000.0,84,1.0,West,,2023-03-09,0
APP001417,Male,Yes,3,Graduate,Salaried ,21749.0,6222.0,72000.0,48,,North,,2023-12-29,0
APP003210,Female,Yes,4,Not Graduate,Salaried ,57435.0,2099.0,151000.0,24,0.0,South,36.0,2024-09-07,1
APP003547,Male,Yes,0,Graduate,SELF-EMPLOYED,30474.0,8247.0,62000.0,84,1.0,north,33.0,2023-07-08,0
APP002556,Female,Yes,0,Graduate,Salaried,87204.0,30025.0,214000.0,24,1.0,North,46.0,2024-10-20,0
APP004461,Male,No,0,Not Graduate,salaried,68867.0,9141.0,106000.0,60,1.0,West,49.0,2024-01-08,0
APP002293,Male,No,4,Graduate,Salaried,91634.0,13098.0,53000.0,24,1.0,West ,56.0,2024-10-29,0
APP001169,Male,Yes,1,Graduate,Self-Employed,47164.0,4868.0,90000.0,36,1.0,EAST,34.0,2023-12-14,1
APP001416,Female,Yes,0,Not Graduate,Self-Employed,39955.0,6861.0,122000.0,48,1.0,North,70.0,2023-08-19,0
APP004180,Male,No,1,Not Graduate,Salaried,31220.0,2838.0,114000.0,24,1.0,South,29.0,2023-05-12,0
APP005522,Male,Yes,0,Graduate,SELF-EMPLOYED,32124.0,8214.0,109000.0,180,1.0,South,33.0,2024-05-08,0
APP000301,Male,No,4,Graduate,Salaried ,73281.0,1390.0,57000.0,240,1.0,EAST,36.0,2023-03-22,0
APP002927,Female,No,2,Not Graduate,Self-Employed,74450.0,5243.0,35000.0,24,1.0,West,49.0,2023-06-25,0
APP003577,Male,No,1,Graduate,Salaried,34453.0,4064.0,108000.0,84,1.0,north,32.0,2024-03-01,0
APP002789,Female,Yes,2,Graduate,Salaried,84286.0,19300.0,90000.0,84,1.0,West,47.0,2023-04-29,0
APP005757,Female,Yes,2,Not Graduate,SELF-EMPLOYED,28505.0,5011.0,,84,1.0,East,44.0,2024-05-08,0
APP005735,Female,Yes,2,Not Graduate,Self-Employed,31237.0,4572.0,122000.0,48,1.0,South,37.0,2023-11-28,0
APP003985,,Yes,0,Graduate,Salaried,69869.0,8623.0,88000.0,48,1.0,West,46.0,2024-04-06,0
APP003788,Male,No,3,Not Graduate,SELF-EMPLOYED,91205.0,28068.0,75000.0,84,1.0,North,33.0,2024-12-04,0
APP005662,Male,No,0,Graduate,Salaried,40231.0,11345.0,33000.0,120,1.0,East,37.0,2023-08-21,0
APP003900,Female,Yes,3,Graduate,Self-Employed,41827.0,9200.0,206000.0,36,1.0,East,48.0,2024-01-10,0
APP000863,Male,Yes,0,Graduate,Salaried ,91009.0,77.0,199000.0,240,1.0,East,50.0,2024-07-18,0
APP004450,Female,Yes,1,Graduate,Salaried,39590.0,11354.0,65000.0,24,1.0,East,39.0,2024-02-18,0
APP001141,Female,Yes,1,Graduate,Salaried ,59767.0,12952.0,86000.0,48,1.0,South,45.0,2023-02-10,0
APP004835,Male,Yes,1,Graduate,Salaried,28494.0,4759.0,63000.0,120,1.0,North,51.0,2023-07-08,0
APP000936,Male,Yes,0,Not Graduate,Self-Employed,72702.0,19724.0,156000.0,60,0.0,North,22.0,2024-10-16,1
APP002359,Male,No,0,Not Graduate,SELF-EMPLOYED,,398.0,176000.0,60,1.0,EAST,43.0,2024-03-16,0
APP003724,Male,Yes,3,Graduate,Salaried,73327.0,22760.0,73000.0,360,1.0,South,21.0,2023-01-01,1
APP003798,Male,No,0,Graduate,Salaried ,38362.0,12862.0,185000.0,12,1.0,South,38.0,2023-12-18,0
APP002746,Female,Yes,0,Graduate,self employed,54583.0,537.0,168000.0,84,,West,25.0,2023-07-11,0
APP000042,Male,Yes,0,Graduate,self employed,49546.0,6142.0,343000.0,84,1.0,South,38.0,2023-12-17,0
APP001934,Female,Yes,1,Graduate,self employed,29489.0,187.0,53000.0,84,1.0,North,40.0,2024-11-20,0
APP005241,Female,No,0,Not Graduate,Salaried ,78034.0,595.0,39000.0,84,1.0,East,30.0,2024-03-01,0
APP005020,Female,No,1,Graduate,Salaried ,53044.0,16892.0,51000.0,60,1.0,North,38.0,2023-09-03,0
APP002379,Male,No,1,Not Graduate,Self-Employed,28606.0,2093.0,194000.0,240,,North,32.0,2024-06-24,0
APP002910,Male,No,3,Graduate,salaried,51491.0,12680.0,127000.0,240,1.0,West,36.0,2023-03-19,0
APP005651,Female,No,2,Graduate,Salaried ,29525.0,249.0,100000.0,120,1.0,South,33.0,2023-08-24,0
APP000929,Female,Yes,0,Not Graduate,salaried,47566.0,9037.0,110000.0,48,,West ,43.0,2024-03-18,1
APP001914,Male,No,0,Graduate,SELF-EMPLOYED,131816.0,41907.0,141000.0,12,1.0,north,21.0,2024-07-20,0
APP000282,Male,Yes,0,Graduate,Salaried ,43014.0,10614.0,32000.0,84,1.0,North,46.0,2024-10-22,0
APP004374,Male,Yes,1,Graduate,Self-Employed,40589.0,13619.0,234000.0,48,0.0,East,44.0,2023-08-20,0
APP001850,Female,Yes,2,Not Graduate,Salaried,56093.0,12994.0,137000.0,48,1.0,North,46.0,2024-03-31,0
APP002785,Female,Yes,1,Graduate,Self-Employed,130692.0,13695.0,112000.0,360,1.0,North,36.0,2024-11-24,0
APP003530,Male,No,0,Graduate,Salaried,126134.0,33137.0,104000.0,84,1.0,South,38.0,2023-04-25,0
APP001579,Female,No,0,Graduate,Salaried,44276.0,6892.0,44000.0,60,,North,46.0,2024-03-25,0
APP000340,Male,Yes,0,Not Graduate,SELF-EMPLOYED,43442.0,7924.0,172000.0,48,1.0,north,35.0,2023-09-25,1
APP002510,Female,Yes,1,Graduate,SELF-EMPLOYED,38408.0,5043.0,167000.0,12,1.0,East,36.0,2024-08-22,0
APP000898,Female,No,2,Not Graduate,salaried,59979.0,5981.0,,360,1.0,West ,23.0,2024-05-10,0
APP003875,Male,Yes,0,Graduate,Self-Employed,22432.0,3700.0,34000.0,36,1.0,EAST,37.0,2024-12-05,0
APP000179,Female,No,0,Not Graduate,salaried,36863.0,265.0,99000.0,120,0.0,South,40.0,2024-12-17,0
APP004620,Female,Yes,2,Graduate,Salaried,63829.0,15456.0,75000.0,120,1.0,North,21.0,2024-03-20,0
APP004633,Female,Yes,0,Graduate,Salaried,90310.0,11322.0,86000.0,48,1.0,North,31.0,2023-03-14,0
APP001068,Male,No,0,Graduate,Self-Employed,34298.0,929.0,145000.0,360,1.0,north,21.0,2023-07-06,0
APP000803,Male,No,4,Not Graduate,Salaried,44881.0,40.0,116000.0,36,1.0,West,38.0,2023-02-07,0
APP001919,Male,Yes,0,Graduate,Salaried,56471.0,1446.0,104000.0,48,1.0,North,38.0,2023-02-27,0
APP005018,Male,Yes,0,Graduate,Self-Employed,92392.0,1565.0,99000.0,12,1.0,East,37.0,2023-08-09,0
APP003314,Male,Yes,0,Graduate,self employed,75659.0,2851.0,30000.0,120,1.0,South,53.0,2024-08-04,0
APP000207,Male,Yes,0,Graduate,SELF-EMPLOYED,84160.0,1824.0,56000.0,36,1.0,South,48.0,2023-07-07,0
APP000452,Male,No,1,Graduate,Salaried,60002.0,8535.0,61000.0,24,1.0,EAST,33.0,2023-11-10,0
APP004110,Male,Yes,1,Not Graduate,Salaried,72822.0,23496.0,65000.0,180,1.0,West ,44.0,2024-08-29,0
APP000070,Female,Yes,4,Graduate,Salaried,47498.0,6624.0,40000.0,48,1.0,North,33.0,2023-02-24,0
APP004018,Female,No,2,Graduate,salaried,41327.0,6096.0,140000.0,48,1.0,EAST,33.0,2024-08-15,0
APP005081,Male,Yes,4,Not Graduate,self employed,,4688.0,105000.0,12,1.0,West,48.0,2024-07-08,1
APP003488,Male,Yes,2,Not Graduate,SELF-EMPLOYED,23553.0,1347.0,68000.0,60,1.0,North,27.0,2023-03-05,0
APP005130,Female,Yes,0,Graduate,Salaried,63573.0,3757.0,213000.0,36,1.0,north,23.0,2024-10-19,0
APP005727,Male,Yes,2,Graduate,Salaried,38698.0,1775.0,149000.0,120,0.0,East,32.0,2023-01-15,0
APP004795,Male,No,0,Graduate,Salaried,25491.0,2883.0,83000.0,12,1.0,West,32.0,2024-10-10,0
APP004694,Male,Yes,1,Graduate,Self-Employed,49648.0,6218.0,65000.0,84,1.0,North,33.0,2023-08-18,0
APP002167,Female,Yes,1,Graduate,Salaried,47920.0,12417.0,80000.0,180,1.0,East,49.0,2024-05-18,0
APP001598,Male,No,2,Not Graduate,salaried,52110.0,11887.0,38000.0,60,1.0,North,44.0,2023-01-20,0
APP000859,Male,Yes,1,Not Graduate,Salaried,36162.0,10843.0,159000.0,60,1.0,North,35.0,2023-08-30,0
APP004459,Male,Yes,0,Graduate,Salaried ,29238.0,2574.0,61000.0,48,0.0,East,38.0,2023-04-12,0
APP002972,Male,No,0,Graduate,Salaried,84712.0,8726.0,49000.0,180,1.0,South,37.0,2023-05-13,0
APP005809,Female,No,0,Graduate,Salaried,22775.0,2891.0,64000.0,240,1.0,North,47.0,2024-07-16,1
APP000297,Female,No,2,Not Graduate,Self-Employed,99553.0,362.0,106000.0,360,1.0,North,29.0,2023-03-04,0
APP004179,Male,Yes,0,Not Graduate,SELF-EMPLOYED,30218.0,5868.0,103000.0,60,1.0,West,32.0,2024-06-05,0
APP004203,Male,Yes,1,Not Graduate,Salaried ,69202.0,19028.0,113000.0,36,1.0,South,46.0,2023-12-28,1
APP001359,Male,Yes,2,Not Graduate,Salaried ,73862.0,11656.0,74000.0,84,1.0,West,39.0,2023-03-05,0
APP004085,Male,Yes,0,Not Graduate,self employed,42294.0,7792.0,140000.0,36,1.0,East,,2024-07-28,0
APP002169,Female,Yes,1,Graduate,Self-Employed,82516.0,12043.0,182000.0,24,1.0,West ,28.0,2024-03-05,0
APP001001,Male,Yes,2,Not Graduate,salaried,86040.0,1200.0,93000.0,120,,West ,35.0,2024-01-24,1
APP002864,Female,Yes,0,Not Graduate,SELF-EMPLOYED,34083.0,1366.0,140000.0,60,1.0,north,61.0,2023-12-09,1
APP005275,Male,No,0,Graduate,self employed,85004.0,5013.0,89000.0,36,1.0,North,21.0,2024-03-27,0
APP005937,Female,Yes,0,Graduate,Salaried,50827.0,16353.0,369000.0,48,0.0,East,48.0,2023-05-09,0
APP005954,Female,Yes,1,Graduate,Salaried,30711.0,9808.0,83000.0,240,1.0,North,42.0,2024-06-25,0
APP004767,Female,Yes,0,Graduate,Salaried,50830.0,2524.0,151000.0,24,1.0,West,43.0,2024-09-20,0
APP004154,Male,No,1,Graduate,Salaried,62065.0,21094.0,186000.0,24,1.0,North,32.0,2024-12-05,0
APP002544,Female,No,2,Not Graduate,Salaried,33284.0,6898.0,35000.0,360,1.0,South,46.0,2023-06-12,0
APP002874,Male,No,3,Graduate,Self-Employed,32788.0,10768.0,161000.0,60,1.0,West,25.0,2023-07-28,0
APP002091,Female,Yes,1,Graduate,Salaried,30414.0,7644.0,86000.0,60,1.0,West,36.0,2023-01-19,0
APP001605,Male,Yes,0,Graduate,salaried,71682.0,16049.0,40000.0,60,1.0,north,54.0,2024-10-18,0
APP005728,Male,Yes,0,Graduate,Salaried ,123339.0,5758.0,359000.0,84,1.0,West,22.0,2024-02-09,0
APP001256,Male,Yes,0,Graduate,Salaried,50137.0,15965.0,124000.0,240,1.0,West ,47.0,2024-07-03,0
APP002155,Male,Yes,1,Not Graduate,Salaried,21765.0,4934.0,75000.0,48,0.0,West,44.0,2023-07-10,1
APP004008,Male,No,0,Graduate,salaried,21692.0,3669.0,172000.0,12,0.0,East,21.0,2023-06-18,0
APP003867,Male,No,0,Not Graduate,Self-Employed,27237.0,6875.0,55000.0,60,1.0,North,39.0,2024-12-05,0
APP002321,Female,No,2,Not Graduate,SELF-EMPLOYED,87337.0,21193.0,122000.0,180,1.0,West,37.0,2024-04-25,0
APP003558,Male,Yes,4,Graduate,Salaried,17181.0,2172.0,128000.0,48,1.0,north,29.0,2024-02-15,0
APP003764,Male,Yes,3,Not Graduate,Salaried,73698.0,22823.0,86000.0,12,1.0,North,55.0,2023-05-21,1
APP004379,Male,Yes,3,Graduate,Self-Employed,135464.0,15386.0,71000.0,180,1.0,South,38.0,2024-04-12,0
APP004201,Female,Yes,0,Not Graduate,Salaried,49627.0,3316.0,,48,1.0,West,40.0,2024-03-31,0
APP003010,Male,Yes,4,Not Graduate,Salaried ,45374.0,5795.0,139000.0,84,1.0,West ,36.0,2024-04-07,0
APP002666,Male,No,1,Graduate,Self-Employed,53014.0,18524.0,30000.0,120,1.0,North,52.0,2023-02-24,0
APP001813,Male,No,0,Not Graduate,self employed,51295.0,8787.0,75000.0,84,1.0,EAST,34.0,2024-03-05,0
APP003791,Male,Yes,3,Not Graduate,SELF-EMPLOYED,37338.0,10568.0,31000.0,84,1.0,East,21.0,2024-10-25,0
APP005613,Female,Yes,1,Graduate,Salaried,68843.0,8944.0,109000.0,120,1.0,South,25.0,2024-07-02,0
APP003214,Female,No,2,Graduate,self employed,29209.0,9158.0,168000.0,48,1.0,North,32.0,2024-05-18,0
APP003315,Male,No,2,Graduate,Salaried ,34680.0,4934.0,219000.0,36,1.0,West,45.0,2024-04-11,0
APP003295,Female,Yes,2,Graduate,Salaried,26159.0,6945.0,372000.0,360,1.0,West,49.0,2024-04-24,0
APP004627,Male,Yes,0,Graduate,Salaried,39447.0,12564.0,276000.0,360,1.0,East,36.0,2023-09-17,0
APP003653,Female,No,0,Graduate,Salaried,52464.0,13260.0,111000.0,36,1.0,West ,25.0,2023-12-14,0
APP003555,Male,No,2,Graduate,Salaried ,53285.0,18374.0,122000.0,60,1.0,East,44.0,2024-07-12,0
APP000837,Female,Yes,3,Graduate,Salaried ,56966.0,11203.0,69000.0,60,0.0,East,44.0,2024-10-19,0
APP001771,Male,Yes,3,Not Graduate,Salaried,62394.0,18231.0,115000.0,360,1.0,West,21.0,2024-11-27,0
APP001380,Female,No,2,Graduate,Salaried,24443.0,1885.0,97000.0,48,,EAST,38.0,2024-12-20,0
APP000546,Male,Yes,0,Graduate,Self-Employed,24477.0,4845.0,60000.0,120,0.0,West,48.0,2023-07-20,0
APP000516,Male,Yes,0,Graduate,Self-Employed,20799.0,2354.0,347000.0,84,1.0,West,28.0,2024-12-14,0
APP002410,Male,Yes,2,Not Graduate,Salaried,60936.0,18965.0,28000.0,84,,EAST,23.0,2023-07-11,0
APP003561,Male,Yes,0,Graduate,self employed,76322.0,478.0,243000.0,120,1.0,South,21.0,2023-09-25,0
APP004328,Female,No,3,Graduate,SELF-EMPLOYED,92357.0,23067.0,154000.0,60,1.0,South,31.0,2024-07-02,0
APP003480,Male,Yes,0,Graduate,salaried,69762.0,13379.0,207000.0,180,1.0,East,27.0,2024-07-09,0
APP003398,,Yes,1,Not Graduate,Salaried,57220.0,18739.0,41000.0,84,1.0,North,47.0,2024-04-10,0
APP001286,Male,Yes,0,Graduate,Self-Employed,54551.0,13842.0,92000.0,60,1.0,East,32.0,2024-03-13,0
APP005526,Male,No,0,Graduate,Salaried ,42437.0,7093.0,72000.0,24,1.0,EAST,33.0,2024-06-04,0
APP001980,Female,Yes,0,Graduate,self employed,107562.0,5844.0,61000.0,84,1.0,South,32.0,2024-01-28,0
APP004155,Male,Yes,3,Graduate,Self-Employed,59060.0,19479.0,104000.0,120,,EAST,40.0,2024-01-03,0
APP004212,Female,Yes,1,Graduate,Salaried,59342.0,13064.0,93000.0,60,1.0,South,33.0,2023-03-14,0
APP000269,Male,Yes,2,Graduate,SELF-EMPLOYED,38829.0,12790.0,146000.0,360,1.0,South,42.0,2023-02-03,0
APP003324,Female,No,2,Not Graduate,Salaried,63357.0,12820.0,106000.0,180,1.0,EAST,57.0,2024-04-08,1
APP000018,Male,No,2,Graduate,self employed,51730.0,18039.0,79000.0,120,1.0,North,24.0,2024-11-05,0
APP002622,Female,Yes,0,Graduate,SELF-EMPLOYED,93749.0,20460.0,96000.0,48,1.0,West ,41.0,2023-11-13,0
APP001152,Female,Yes,0,Graduate,Salaried ,21477.0,5452.0,44000.0,36,1.0,East,43.0,2024-03-20,0
APP000779,Female,No,3,Graduate,SELF-EMPLOYED,52815.0,7534.0,111000.0,48,1.0,East,51.0,2023-08-29,0
APP003802,Female,No,0,Not Graduate,Salaried ,104899.0,31190.0,106000.0,24,1.0,North,41.0,2023-11-02,0
APP005045,Female,No,0,Not Graduate,Self-Employed,61084.0,1505.0,167000.0,120,1.0,South,38.0,2023-04-11,0
APP000253,Female,Yes,0,Graduate,Salaried,66881.0,1198.0,82000.0,36,1.0,South,37.0,2023-06-06,0
APP000644,Male,No,2,Graduate,Salaried ,73631.0,22947.0,127000.0,36,1.0,West,32.0,2024-03-18,0
APP001505,Male,No,2,Graduate,Salaried,34639.0,6414.0,146000.0,180,1.0,South,59.0,2024-05-17,0
APP005380,Male,No,3,Graduate,self employed,136668.0,38755.0,91000.0,120,0.0,East,58.0,2023-07-07,0
APP005863,Male,Yes,0,Not Graduate,Salaried,58973.0,13134.0,28000.0,84,1.0,West,32.0,2023-11-27,0
APP004224,Female,Yes,0,Graduate,Salaried,87372.0,25695.0,129000.0,360,1.0,West,32.0,2024-05-15,0
APP002271,Male,Yes,2,Graduate,Salaried ,72628.0,7153.0,156000.0,84,1.0,East,28.0,2024-10-12,0
APP001203,Male,Yes,2,Graduate,Salaried ,123056.0,16396.0,75000.0,24,0.0,East,48.0,2024-08-04,1
APP002161,Female,Yes,0,Not Graduate,Salaried,24724.0,267.0,110000.0,60,0.0,North,46.0,2023-06-18,1
APP005587,Male,No,1,Graduate,Salaried ,91410.0,5942.0,74000.0,180,1.0,South,46.0,2023-08-24,0
APP005230,Female,Yes,1,Graduate,SELF-EMPLOYED,31845.0,7090.0,501000.0,120,,North,48.0,2024-05-29,1
APP001512,Female,Yes,4,Graduate,Salaried,81708.0,1272.0,107000.0,12,1.0,East,35.0,2024-01-30,0
APP003231,Male,Yes,0,Graduate,Salaried,31918.0,1706.0,102000.0,12,1.0,South,36.0,2024-11-22,0
APP002342,Male,No,3,Not Graduate,Salaried ,93805.0,25542.0,229000.0,120,1.0,north,44.0,2023-09-02,0
APP003572,Male,Yes,0,Graduate,Salaried,52911.0,10496.0,66000.0,24,1.0,West,47.0,2023-07-07,0
APP003472,Female,Yes,1,Graduate,Salaried ,31545.0,5369.0,58000.0,48,0.0,North,31.0,2023-12-31,1
APP005965,Male,Yes,1,Graduate,Salaried,104599.0,34909.0,101000.0,48,1.0,South,44.0,2024-08-29,0
APP004828,Male,Yes,0,Graduate,salaried,40755.0,11079.0,142000.0,36,1.0,South,65.0,2024-03-13,0
APP000903,Male,Yes,0,Not Graduate,self employed,31875.0,6078.0,40000.0,360,1.0,South,42.0,2024-02-21,0
APP002741,Male,No,0,Graduate,Self-Employed,24833.0,389.0,96000.0,48,1.0,EAST,32.0,2024-05-10,0
APP000832,Male,Yes,4,Graduate,Salaried,73927.0,5241.0,70000.0,24,1.0,North,55.0,2023-03-03,0
APP005527,Female,Yes,1,Not Graduate,SELF-EMPLOYED,38575.0,8758.0,77000.0,60,1.0,East,30.0,2024-11-22,0
APP005199,Male,Yes,1,Not Graduate,self employed,33255.0,5794.0,156000.0,36,1.0,EAST,32.0,2024-12-01,0
APP001390,Male,No,2,Not Graduate,SELF-EMPLOYED,53171.0,14323.0,36000.0,12,1.0,East,49.0,2023-03-19,0
APP001080,Female,Yes,0,Graduate,SELF-EMPLOYED,108344.0,16119.0,226000.0,120,1.0,North,46.0,2024-02-06,0
APP000848,Female,No,2,Not Graduate,salaried,49445.0,1116.0,126000.0,360,,West,26.0,2024-05-14,0
APP003277,Female,No,0,Graduate,Self-Employed,41272.0,11978.0,101000.0,60,1.0,West,21.0,2023-07-10,1
APP003270,Female,Yes,2,Graduate,Salaried,37160.0,1842.0,58000.0,60,,East,53.0,2023-07-26,0
APP003158,Male,Yes,0,Graduate,Self-Employed,42299.0,2410.0,133000.0,12,1.0,West,21.0,2024-06-12,0
APP005308,Male,Yes,1,Graduate,salaried,146111.0,45616.0,99000.0,120,0.0,West,24.0,2023-11-09,0
APP001606,Male,Yes,0,Graduate,Salaried,38382.0,11997.0,,84,1.0,East,21.0,2024-02-16,0
APP003829,Female,No,1,Graduate,Salaried,39314.0,7168.0,128000.0,48,1.0,North,39.0,2023-03-20,0
APP004162,Male,No,4,Not Graduate,Salaried,27126.0,456.0,,36,1.0,North,27.0,2024-11-19,0
APP005799,Female,Yes,0,Graduate,SELF-EMPLOYED,114395.0,6822.0,103000.0,240,1.0,West,39.0,2023-05-08,0
APP000443,Male,Yes,1,Not Graduate,Salaried,66325.0,5793.0,366000.0,48,1.0,North,40.0,2024-04-21,0
APP005137,Female,No,2,Graduate,Self-Employed,60405.0,145.0,77000.0,60,0.0,north,25.0,2024-12-29,0
APP002672,Male,No,0,Graduate,Salaried,44301.0,11794.0,88000.0,120,0.0,North,26.0,2023-05-02,1
APP005457,Male,Yes,3,Graduate,Self-Employed,55741.0,10738.0,71000.0,120,1.0,West ,30.0,2024-02-22,0
APP004465,Female,Yes,0,Graduate,Salaried ,,34396.0,293000.0,84,1.0,West,38.0,2024-03-20,0
APP005807,Male,No,2,Not Graduate,SELF-EMPLOYED,18025.0,252.0,42000.0,36,0.0,West,47.0,2024-08-15,1
APP000908,Male,Yes,0,Graduate,Self-Employed,55680.0,6601.0,89000.0,360,1.0,West,33.0,2024-09-05,0
APP005249,Male,Yes,1,Graduate,SELF-EMPLOYED,38362.0,9352.0,47000.0,120,1.0,north,26.0,2023-08-13,0
APP000235,Male,Yes,4,Graduate,self employed,29240.0,4275.0,57000.0,36,,East,57.0,2023-03-31,0
APP005117,Male,Yes,2,Graduate,Salaried,31086.0,4540.0,127000.0,180,1.0,South,37.0,2023-08-16,0
APP002229,Male,Yes,3,Graduate,Salaried,90597.0,5361.0,155000.0,48,1.0,East,37.0,2023-08-28,0
APP005869,Female,Yes,0,Not Graduate,Salaried ,94263.0,15047.0,122000.0,60,,North,35.0,2024-04-07,1
APP002327,Female,Yes,4,Graduate,Salaried,143517.0,2321.0,70000.0,240,,West,24.0,2024-10-06,0
APP003390,Female,Yes,2,Graduate,Salaried,25613.0,5479.0,137000.0,180,1.0,North,30.0,2024-03-25,0
APP002474,Female,No,1,Graduate,Self-Employed,53437.0,3143.0,96000.0,84,0.0,north,54.0,2023-01-14,0
APP003637,Female,No,4,Graduate,SELF-EMPLOYED,119915.0,31817.0,120000.0,48,1.0,north,,2024-07-21,0
APP005642,Female,Yes,2,Not Graduate,Salaried ,35920.0,2315.0,123000.0,60,1.0,South,22.0,2023-01-01,0
APP005566,Male,No,3,Graduate,Salaried,116544.0,15999.0,63000.0,60,1.0,North,57.0,2024-09-27,0
APP005448,Female,Yes,2,Graduate,Salaried,90679.0,27048.0,190000.0,360,1.0,North,57.0,2023-01-28,0
APP005733,Female,Yes,0,Graduate,Salaried,42305.0,7588.0,54000.0,120,1.0,North,21.0,2024-09-19,0
APP003582,Female,Yes,3,Graduate,SELF-EMPLOYED,30698.0,9352.0,75000.0,12,1.0,East,36.0,2023-09-10,0
APP001636,Male,No,3,Graduate,Self-Employed,13824.0,1355.0,46000.0,60,1.0,West,21.0,2023-04-13,0
APP002062,Male,Yes,1,Graduate,salaried,35102.0,2688.0,122000.0,36,1.0,West,59.0,2024-03-23,0
APP005335,Female,Yes,0,Not Graduate,Self-Employed,42109.0,11305.0,159000.0,240,,South,34.0,2023-11-17,0
APP000058,Male,Yes,0,Graduate,Salaried ,44639.0,11045.0,92000.0,240,0.0,West,39.0,2023-01-05,1
APP002193,Female,No,0,Not Graduate,SELF-EMPLOYED,16030.0,2014.0,,48,1.0,West,64.0,2023-10-12,1
APP001473,Female,No,1,Graduate,Salaried ,25871.0,7195.0,75000.0,36,0.0,North,38.0,2024-08-04,1
APP004706,Male,Yes,1,Not Graduate,Salaried ,46180.0,5604.0,128000.0,84,1.0,North,42.0,2024-02-01,0
APP003402,Male,No,0,Not Graduate,Salaried,134310.0,30121.0,91000.0,84,,South,40.0,2024-03-01,1
APP005232,Male,Yes,2,Graduate,Self-Employed,43089.0,2215.0,85000.0,60,1.0,East,51.0,2024-09-05,0
APP005165,Male,No,1,Graduate,salaried,38412.0,1566.0,79000.0,60,1.0,South,25.0,2024-08-29,0
APP002787,Female,Yes,0,Not Graduate,Salaried ,13247.0,4475.0,69000.0,24,1.0,North,46.0,2024-12-25,0
APP001475,Male,No,3,Graduate,Self-Employed,39352.0,12218.0,128000.0,36,1.0,North,54.0,2023-11-21,0
APP001569,Female,No,1,Not Graduate,Salaried,43396.0,5431.0,102000.0,84,1.0,East,28.0,2024-07-30,0
APP000466,Male,Yes,0,Graduate,Self-Employed,40729.0,1929.0,129000.0,12,,West,200.0,2024-10-24,1
APP001590,Female,Yes,2,Graduate,Self-Employed,48814.0,327.0,,180,,North,40.0,2024-11-11,0
APP001009,Male,No,0,Graduate,SELF-EMPLOYED,59047.0,18043.0,295000.0,60,1.0,North,43.0,2024-04-10,0
APP003849,Female,No,0,Graduate,Salaried,53942.0,19.0,62000.0,36,,East,34.0,2023-08-16,0
APP001580,Male,No,1,Graduate,Salaried,95480.0,6808.0,104000.0,36,1.0,West,38.0,2023-04-13,0
APP001305,Female,No,4,Graduate,Salaried,78779.0,324.0,251000.0,120,1.0,East,21.0,2023-05-16,0
APP004097,Male,Yes,1,Graduate,Salaried,65122.0,9085.0,62000.0,180,1.0,West,26.0,2023-10-24,0
APP005365,Male,No,1,Graduate,Self-Employed,70985.0,14503.0,72000.0,240,1.0,East,47.0,2023-11-22,0
APP000347,Female,No,1,Graduate,Salaried,58920.0,17671.0,88000.0,360,1.0,South,49.0,2023-06-14,0
APP000503,Male,Yes,0,Graduate,self employed,58064.0,11742.0,49000.0,48,1.0,EAST,38.0,2023-12-07,0
APP001233,Male,No,1,Graduate,Self-Employed,104031.0,7567.0,57000.0,120,0.0,EAST,33.0,2023-10-09,0
APP001644,Female,No,0,Not Graduate,Self-Employed,89695.0,4517.0,58000.0,360,0.0,South,49.0,2023-09-29,0
APP000834,Male,No,3,Graduate,Salaried ,71649.0,18576.0,269000.0,84,1.0,South,54.0,2024-11-09,0
APP003757,Male,No,0,Graduate,Salaried,67113.0,4619.0,65000.0,60,1.0,North,52.0,2024-11-06,0
APP002141,Female,Yes,0,Graduate,Salaried,23331.0,4329.0,,48,1.0,South,42.0,2023-04-13,0
APP003731,Male,Yes,1,Graduate,SELF-EMPLOYED,63077.0,4665.0,76000.0,360,0.0,West,24.0,2023-05-27,0
APP001363,Female,Yes,2,Not Graduate,Self-Employed,51005.0,6945.0,76000.0,36,,north,37.0,2024-04-18,0
APP001165,Male,Yes,1,Graduate,Salaried,20658.0,2457.0,153000.0,84,0.0,East,54.0,2023-04-24,0
APP001765,Male,Yes,1,Graduate,Salaried,84838.0,19462.0,94000.0,60,1.0,South,57.0,2023-05-09,0
APP005413,Female,No,0,Graduate,SELF-EMPLOYED,55516.0,14914.0,160000.0,48,0.0,EAST,41.0,2024-07-24,0
APP001426,Female,No,0,Graduate,SELF-EMPLOYED,,3454.0,179000.0,240,1.0,South,22.0,2023-10-24,0
APP000543,Male,Yes,0,Graduate,Salaried,39129.0,5091.0,143000.0,180,1.0,north,63.0,2023-03-01,0
APP001492,Male,No,0,Not Graduate,Salaried,137851.0,42812.0,105000.0,84,,West,33.0,2023-10-07,0
APP003175,Male,Yes,0,Graduate,Self-Employed,51384.0,15771.0,163000.0,48,1.0,EAST,27.0,2024-10-28,0
APP001667,Male,No,2,Graduate,Self-Employed,79542.0,21469.0,147000.0,120,1.0,South,42.0,2023-12-22,0
APP001946,Male,Yes,0,Graduate,self employed,29927.0,8605.0,304000.0,48,1.0,North,55.0,2024-03-24,0
APP005672,Male,Yes,0,Graduate,SELF-EMPLOYED,49409.0,5373.0,181000.0,360,1.0,West,39.0,2023-05-22,0
APP003837,Female,No,1,Graduate,Salaried,,10091.0,113000.0,48,1.0,South,26.0,2023-03-15,0
APP000566,Female,Yes,2,Graduate,Salaried,,9985.0,286000.0,84,1.0,West,49.0,2023-07-06,0
APP000264,Male,Yes,0,Graduate,Salaried,47718.0,12131.0,77000.0,360,1.0,EAST,45.0,2023-09-26,0
APP004341,Male,Yes,2,Graduate,Salaried ,20360.0,6329.0,73000.0,60,1.0,South,49.0,2023-08-10,1
APP001325,Female,No,0,Graduate,Salaried ,51071.0,11236.0,145000.0,48,1.0,South,38.0,2023-01-14,0
APP000382,Female,Yes,2,Not Graduate,Salaried,22644.0,2092.0,52000.0,36,0.0,East,39.0,2023-03-24,1
APP004753,Female,Yes,2,Graduate,Salaried,21576.0,1330.0,117000.0,120,1.0,North,66.0,2024-03-28,0
APP000614,Male,Yes,2,Graduate,Salaried ,123152.0,28223.0,62000.0,48,1.0,North,36.0,2024-04-30,0
APP005194,Female,No,0,Graduate,SELF-EMPLOYED,36809.0,5165.0,63000.0,24,0.0,North,33.0,2023-09-05,0
APP000216,Male,Yes,4,Graduate,Salaried,23528.0,7237.0,94000.0,84,1.0,South,34.0,2024-08-17,0
APP001978,Male,Yes,1,Graduate,Self-Employed,41783.0,7468.0,46000.0,48,1.0,East,45.0,2024-05-11,0
APP001103,Female,Yes,2,Graduate,Salaried ,54251.0,8931.0,156000.0,120,1.0,EAST,45.0,2024-02-17,0
APP001979,Female,Yes,3,Graduate,Self-Employed,88424.0,5832.0,45000.0,120,,East,41.0,2023-07-19,0
APP005064,Male,No,3,Graduate,Salaried ,97224.0,33835.0,35000.0,84,1.0,West ,34.0,2024-12-13,0
APP002866,Female,Yes,1,Graduate,self employed,27477.0,2262.0,70000.0,240,1.0,South,47.0,2024-06-30,0
APP001113,Male,No,0,Graduate,salaried,72878.0,23962.0,54000.0,60,1.0,East,58.0,2023-03-08,0
APP003622,Male,Yes,3,Graduate,salaried,74888.0,10576.0,42000.0,84,1.0,West,26.0,2024-06-13,0
APP004761,Male,Yes,1,Graduate,Salaried,38640.0,8142.0,85000.0,60,0.0,East,30.0,2023-09-15,0
APP004868,Male,No,1,Not Graduate,SELF-EMPLOYED,41015.0,12413.0,115000.0,84,1.0,West,36.0,2023-08-01,0
APP003672,Male,No,1,Graduate,salaried,44663.0,1016.0,44000.0,84,0.0,EAST,25.0,2024-10-01,0
APP001694,Male,Yes,0,Not Graduate,SELF-EMPLOYED,64882.0,18546.0,110000.0,120,0.0,South,34.0,2023-03-13,0
APP001618,Female,Yes,0,Not Graduate,Self-Employed,32974.0,5985.0,100000.0,84,0.0,North,40.0,2023-01-23,0
APP005663,Female,Yes,2,Graduate,salaried,72729.0,11611.0,87000.0,60,1.0,East,34.0,2023-01-14,0
APP005810,Male,No,1,Graduate,Salaried,54245.0,2919.0,137000.0,360,1.0,EAST,43.0,2024-12-26,0
APP000033,Male,Yes,2,Not Graduate,Salaried,28369.0,7680.0,140000.0,60,1.0,South,23.0,2024-07-09,0
APP004818,Female,No,0,Graduate,Salaried ,15845.0,2486.0,277000.0,36,1.0,South,32.0,2023-04-19,0
APP000115,Female,No,1,Graduate,SELF-EMPLOYED,14794.0,128.0,52000.0,120,1.0,East,47.0,2024-06-26,0
APP004233,Male,No,3,Graduate,Salaried,70748.0,10985.0,134000.0,120,1.0,South,41.0,2023-03-21,0
APP004229,Male,Yes,1,Graduate,Salaried,63148.0,14287.0,137000.0,60,1.0,West,29.0,2023-03-07,0
APP002289,Male,No,0,Not Graduate,self employed,151265.0,13924.0,119000.0,84,1.0,West,39.0,2023-11-17,0
APP000821,Female,Yes,1,Not Graduate,Salaried ,44581.0,3677.0,237000.0,120,1.0,EAST,21.0,2023-05-18,0
APP002250,Male,No,1,Graduate,SELF-EMPLOYED,100730.0,18998.0,189000.0,60,1.0,West,44.0,2023-04-29,0
APP004663,Male,Yes,2,Graduate,salaried,53825.0,1546.0,334000.0,36,1.0,East,51.0,2024-01-06,0
APP000587,Male,No,1,Graduate,Self-Employed,44067.0,6992.0,118000.0,48,1.0,East,29.0,2024-10-26,0
APP001348,Male,Yes,0,Not Graduate,Salaried ,102249.0,3028.0,161000.0,60,1.0,South,42.0,2024-07-12,0
APP001099,Female,Yes,2,Graduate,Salaried,43043.0,1735.0,80000.0,48,1.0,South,21.0,2024-07-20,0
APP001364,Female,Yes,1,Graduate,SELF-EMPLOYED,73573.0,5565.0,47000.0,24,1.0,North,59.0,2023-11-10,0
APP000394,Female,No,2,Graduate,Self-Employed,33658.0,9333.0,89000.0,120,1.0,West,53.0,2024-02-22,0
APP001516,Male,Yes,3,Not Graduate,Salaried,69791.0,5490.0,84000.0,36,1.0,North,21.0,2023-05-03,0
APP004210,Male,Yes,0,Not Graduate,self employed,134996.0,31398.0,181000.0,240,1.0,North,27.0,2024-05-08,0
APP005430,Female,Yes,0,Graduate,Self-Employed,44675.0,3408.0,106000.0,120,0.0,EAST,31.0,2024-06-08,0
APP003076,Female,Yes,1,Graduate,self employed,126461.0,23570.0,157000.0,24,1.0,East,39.0,2023-09-24,0
APP002446,Male,Yes,2,Graduate,Salaried ,28836.0,587.0,241000.0,180,1.0,South,52.0,2023-12-06,0
APP001852,Female,Yes,2,Graduate,salaried,20975.0,931.0,112000.0,84,1.0,South,23.0,2024-01-13,0
APP001523,Male,Yes,3,Graduate,Self-Employed,39637.0,12243.0,119000.0,48,1.0,South,35.0,2024-08-31,0
APP002329,Female,Yes,3,Not Graduate,Salaried,114100.0,12978.0,82000.0,60,1.0,North,41.0,2024-02-25,0
APP000218,Female,Yes,1,Graduate,Salaried,62254.0,1322.0,174000.0,120,1.0,South,21.0,2024-10-22,0
APP004479,Female,Yes,1,Not Graduate,Self-Employed,22067.0,5318.0,71000.0,84,1.0,North,35.0,2023-05-27,0
APP001710,Female,Yes,2,Graduate,Salaried ,45682.0,5060.0,76000.0,60,,North,44.0,2024-04-10,0
APP000984,Male,Yes,2,Graduate,Salaried,38787.0,2948.0,49000.0,24,1.0,South,29.0,2024-10-18,0
APP000190,Male,Yes,1,Not Graduate,Salaried,57982.0,8674.0,97000.0,240,1.0,North,48.0,2023-04-24,0
APP004782,Male,Yes,1,Graduate,Self-Employed,42731.0,11017.0,94000.0,240,1.0,West,45.0,2023-06-04,0
APP003678,Male,Yes,2,Graduate,salaried,47930.0,6450.0,134000.0,60,1.0,North,40.0,2024-10-09,0
APP001622,Male,Yes,3,Not Graduate,salaried,73421.0,23792.0,57000.0,36,,EAST,43.0,2024-12-05,0
APP000554,Male,No,1,Graduate,Salaried ,61618.0,18303.0,280000.0,24,1.0,North,34.0,2023-12-25,0
APP005793,Female,Yes,0,Graduate,Salaried ,55585.0,18090.0,123000.0,60,1.0,North,54.0,2024-11-30,0
APP004087,Male,Yes,0,Graduate,Self-Employed,63993.0,4486.0,170000.0,84,1.0,South,26.0,2023-12-06,0
APP004640,Female,No,1,Graduate,Salaried,47693.0,5248.0,125000.0,60,1.0,South,38.0,2023-06-12,0
APP001381,Male,Yes,2,Graduate,self employed,63852.0,17425.0,127000.0,84,1.0,South,38.0,2024-02-17,0
APP003447,Female,Yes,3,Graduate,Salaried,74337.0,24103.0,47000.0,48,1.0,East,45.0,2024-06-15,0
APP001254,Male,Yes,0,Graduate,self employed,35845.0,6211.0,110000.0,180,1.0,East,36.0,2023-01-09,0
APP005508,Male,Yes,0,Graduate,Salaried,77806.0,6571.0,52000.0,60,,West ,53.0,2023-05-13,0
APP003250,Female,No,2,Not Graduate,self employed,37150.0,2207.0,215000.0,12,1.0,North,49.0,2023-07-25,0
APP004145,Female,No,2,Not Graduate,self employed,42119.0,7460.0,68000.0,360,1.0,South,48.0,2024-07-13,0
APP004809,Male,Yes,1,Graduate,Salaried ,58733.0,13338.0,147000.0,180,1.0,West ,35.0,2023-09-20,0
APP002788,Male,Yes,2,Graduate,Salaried,70865.0,5305.0,106000.0,60,1.0,North,38.0,2024-07-04,0
APP003338,Female,Yes,1,Graduate,Self-Employed,40160.0,9292.0,64000.0,84,1.0,EAST,37.0,2024-09-23,0
APP005640,Male,Yes,0,Graduate,Salaried,43347.0,9049.0,60000.0,360,1.0,West,50.0,2024-03-30,0
APP000405,Male,No,0,Graduate,self employed,63814.0,15351.0,53000.0,240,1.0,South,41.0,2024-12-29,1
APP001784,Female,No,4,Graduate,Salaried,33288.0,9654.0,104000.0,240,1.0,West,21.0,2023-06-10,0
APP000667,Male,No,0,Graduate,self employed,17309.0,671.0,196000.0,24,1.0,North,50.0,2024-10-25,0
APP003500,Female,Yes,2,Not Graduate,Salaried,17738.0,5946.0,132000.0,240,1.0,West,51.0,2024-04-12,0
APP002680,Male,No,0,Graduate,Self-Employed,51719.0,12364.0,45000.0,48,1.0,West ,25.0,2024-04-05,0
APP001414,Male,Yes,1,Graduate,Salaried,43431.0,9947.0,152000.0,60,1.0,South,38.0,2024-01-06,0
APP003664,Male,Yes,0,Graduate,salaried,80233.0,9404.0,106000.0,240,1.0,North,30.0,2024-11-30,0
APP000529,,Yes,0,Not Graduate,self employed,,14388.0,211000.0,84,1.0,West,35.0,2023-01-15,0
APP001387,Female,Yes,1,Not Graduate,SELF-EMPLOYED,66409.0,11164.0,120000.0,36,1.0,EAST,33.0,2024-05-06,0
APP004788,Female,No,0,Graduate,SELF-EMPLOYED,39239.0,4590.0,175000.0,180,1.0,West,41.0,2024-05-11,0
APP003241,Male,Yes,4,Graduate,Salaried,34196.0,11300.0,70000.0,12,1.0,West,44.0,2023-02-28,1
APP002061,Male,Yes,2,Graduate,Salaried,79980.0,10773.0,166000.0,12,,West ,34.0,2024-06-03,0
APP000486,Female,Yes,0,Graduate,Salaried,37092.0,3686.0,76000.0,48,0.0,West,49.0,2023-07-03,1
APP005985,Male,Yes,4,Graduate,SELF-EMPLOYED,50283.0,9398.0,29000.0,360,1.0,North,40.0,2023-01-01,0
APP004826,Male,Yes,1,Graduate,self employed,73400.0,10811.0,99000.0,24,1.0,West,48.0,2024-01-08,0
APP004585,Female,No,4,Graduate,Salaried,41914.0,8066.0,148000.0,84,1.0,East,34.0,2023-05-19,0
APP004897,Male,Yes,2,Graduate,Self-Employed,30493.0,1717.0,78000.0,120,1.0,North,26.0,2023-06-12,0
APP003287,Male,Yes,1,Graduate,Self-Employed,157400.0,24856.0,48000.0,84,0.0,West ,37.0,2023-03-01,0
APP003656,Male,Yes,1,Graduate,Salaried,60095.0,4552.0,107000.0,36,1.0,East,51.0,2024-05-19,0
APP002782,Female,Yes,0,Not Graduate,Salaried ,37963.0,8183.0,154000.0,48,,EAST,54.0,2024-06-28,1
APP005586,Male,No,3,Graduate,Salaried ,19579.0,6362.0,93000.0,36,1.0,East,65.0,2024-05-16,0
APP002918,Female,No,3,Graduate,Self-Employed,27379.0,4218.0,130000.0,60,1.0,EAST,24.0,2024-09-03,0
APP005108,Male,Yes,2,Graduate,salaried,25027.0,3744.0,49000.0,84,,South,21.0,2023-10-09,0
APP002688,Male,Yes,2,Graduate,Self-Employed,42773.0,5067.0,142000.0,48,,north,47.0,2023-07-02,1
APP005372,Male,No,2,Not Graduate,Self-Employed,33845.0,2561.0,164000.0,60,1.0,South,36.0,2024-11-05,0
APP003638,Male,No,0,Not Graduate,self employed,55816.0,11321.0,85000.0,84,1.0,South,30.0,2023-05-19,0
APP001598,Male,No,2,Not Graduate,salaried,52110.0,11887.0,38000.0,60,1.0,North,44.0,2023-01-20,0
APP004052,Female,No,3,Not Graduate,Salaried ,25834.0,3114.0,47000.0,120,,South,32.0,2024-09-05,1
APP000599,Male,No,0,Graduate,Salaried,36449.0,11894.0,255000.0,240,1.0,East,33.0,2023-08-28,0
APP000159,Male,Yes,3,Graduate,Salaried,31190.0,1525.0,35000.0,60,0.0,North,51.0,2023-03-19,1
APP003308,Male,No,1,Graduate,Salaried ,169350.0,43967.0,32000.0,48,1.0,north,41.0,2024-07-11,0
APP001468,Male,No,2,Graduate,self employed,40254.0,11584.0,118000.0,180,1.0,East,39.0,2023-12-11,0
APP005737,Female,No,1,Not Graduate,self employed,96094.0,23557.0,103000.0,180,0.0,East,36.0,2023-12-28,0
APP003728,Male,No,2,Not Graduate,SELF-EMPLOYED,,14681.0,157000.0,120,1.0,North,24.0,2024-05-21,0
APP003385,Male,Yes,1,Graduate,Salaried ,28063.0,3930.0,,60,1.0,EAST,51.0,2023-07-26,0
APP004427,Male,Yes,0,Graduate,self employed,105748.0,6617.0,160000.0,84,1.0,South,48.0,2023-03-21,0
APP005377,Male,Yes,0,Graduate,salaried,46992.0,11404.0,76000.0,120,1.0,EAST,40.0,2023-06-14,0
APP003409,Male,Yes,0,Not Graduate,salaried,34665.0,678.0,121000.0,60,1.0,South,39.0,2024-04-19,0
APP000523,Female,Yes,1,Not Graduate,self employed,31266.0,2073.0,104000.0,180,1.0,West,21.0,2023-07-12,0
APP001124,Female,No,1,Graduate,Salaried,18233.0,4406.0,81000.0,48,,South,29.0,2024-12-11,1
APP005943,Male,No,2,Not Graduate,Salaried ,21754.0,1262.0,388000.0,120,1.0,West,32.0,2024-10-05,0
APP000227,Female,Yes,0,Graduate,Self-Employed,47651.0,10964.0,80000.0,84,1.0,East,51.0,2023-05-13,0
APP005993,Male,Yes,0,Not Graduate,SELF-EMPLOYED,69663.0,7392.0,58000.0,60,0.0,EAST,38.0,2023-03-17,0
APP001029,Male,Yes,1,Graduate,Salaried,49821.0,4850.0,195000.0,120,0.0,EAST,36.0,2023-05-29,0
APP003606,Male,Yes,1,Graduate,salaried,23293.0,2563.0,108000.0,48,1.0,South,35.0,2023-09-24,0
APP000556,Male,Yes,0,Not Graduate,Salaried,103762.0,19935.0,172000.0,60,1.0,West,48.0,2023-09-22,0
APP004086,Male,No,3,Graduate,Salaried,51262.0,11017.0,132000.0,24,1.0,South,53.0,2024-09-15,0
APP005888,Female,Yes,3,Graduate,Salaried,17338.0,1936.0,66000.0,36,1.0,EAST,27.0,2024-01-18,0
APP004360,Male,No,0,Graduate,Salaried ,40492.0,1172.0,121000.0,48,,North,30.0,2024-11-14,0
APP003841,Male,Yes,4,Graduate,salaried,61434.0,18716.0,111000.0,24,1.0,North,46.0,2023-10-17,0
APP003666,Male,Yes,0,Not Graduate,salaried,53785.0,4665.0,114000.0,60,1.0,North,55.0,2023-11-08,0
APP002921,Male,No,3,Graduate,self employed,47341.0,7688.0,48000.0,60,1.0,South,40.0,2023-01-19,0
APP003524,Male,No,0,Not Graduate,Self-Employed,107477.0,3029.0,225000.0,48,1.0,South,29.0,2024-11-09,0
APP005145,Male,Yes,2,Not Graduate,self employed,,8988.0,184000.0,48,1.0,North,50.0,2024-04-16,0
APP002346,Female,Yes,2,Graduate,Salaried,152195.0,17259.0,167000.0,120,1.0,South,41.0,2024-04-15,0
APP003410,Male,Yes,0,Not Graduate,salaried,32735.0,7254.0,52000.0,12,1.0,EAST,42.0,2023-09-03,0
APP004774,Female,Yes,4,Graduate,self employed,84532.0,18416.0,94000.0,84,1.0,South,44.0,2024-01-05,1
APP003878,Female,Yes,3,Graduate,Salaried,32118.0,459.0,134000.0,240,0.0,north,38.0,2024-04-24,1
APP000708,Female,Yes,3,Not Graduate,self employed,47429.0,6697.0,95000.0,60,1.0,West,27.0,2024-01-07,0
APP005121,Male,No,1,Not Graduate,Salaried,71520.0,4418.0,389000.0,180,,East,38.0,2023-08-20,1
APP005683,Female,No,2,Graduate,salaried,49117.0,7977.0,94000.0,12,1.0,East,41.0,2024-08-25,0
APP005682,Male,Yes,2,Graduate,salaried,36673.0,650.0,82000.0,60,,East,52.0,2023-02-22,0
APP005216,Female,No,0,Graduate,Salaried,34971.0,1429.0,187000.0,84,1.0,South,34.0,2023-09-09,0
APP004945,Female,No,1,Graduate,Self-Employed,27876.0,6400.0,29000.0,48,0.0,North,37.0,2023-07-26,1
APP001172,Female,Yes,1,Graduate,Salaried,87823.0,2856.0,216000.0,120,1.0,North,35.0,2023-01-27,0
APP001456,Female,Yes,0,Graduate,Salaried ,93145.0,24432.0,133000.0,180,1.0,East,21.0,2023-01-12,1
APP002777,Male,No,0,Graduate,Salaried,31565.0,966.0,37000.0,120,1.0,north,21.0,2023-01-16,0
APP004430,Female,No,0,Not Graduate,SELF-EMPLOYED,46346.0,3732.0,80000.0,240,1.0,North,46.0,2024-05-25,0
APP005780,Male,Yes,0,Graduate,Self-Employed,49027.0,10477.0,61000.0,180,1.0,north,23.0,2023-01-23,0
APP002677,Male,Yes,0,Not Graduate,SELF-EMPLOYED,17479.0,2684.0,161000.0,24,1.0,EAST,38.0,2024-08-01,1
APP004292,Male,Yes,1,Graduate,SELF-EMPLOYED,79585.0,26868.0,126000.0,240,1.0,South,45.0,2024-02-01,0
APP000327,Male,No,0,Graduate,Self-Employed,45425.0,3505.0,107000.0,24,1.0,North,49.0,2023-11-18,0
APP004303,Female,No,1,Not Graduate,Salaried,48236.0,7733.0,122000.0,48,1.0,West,50.0,2023-01-24,0
APP000477,Male,Yes,0,Graduate,Salaried,,1212.0,35000.0,180,,West,47.0,2024-09-03,0
APP003814,Female,Yes,0,Graduate,Salaried,141415.0,22495.0,46000.0,60,1.0,South,59.0,2023-06-09,0
APP004923,Female,Yes,2,Not Graduate,Salaried,61768.0,12998.0,124000.0,60,1.0,north,47.0,2024-04-23,0
APP004284,Male,No,2,Graduate,SELF-EMPLOYED,28643.0,8127.0,84000.0,180,,West,41.0,2023-09-17,1
APP002513,Male,No,2,Not Graduate,salaried,72000.0,21974.0,357000.0,84,0.0,South,47.0,2023-11-04,1
APP005348,Male,No,2,Graduate,Salaried ,27670.0,6610.0,121000.0,120,0.0,West ,41.0,2024-02-25,0
APP000104,Male,No,1,Graduate,self employed,51593.0,10529.0,119000.0,240,1.0,East,48.0,2023-04-27,0
APP004083,Female,No,2,Graduate,Self-Employed,58225.0,13736.0,201000.0,360,1.0,West ,41.0,2024-11-08,0
APP001420,Female,No,1,Graduate,self employed,30150.0,2767.0,134000.0,60,,West,21.0,2023-10-27,1
APP004938,Male,Yes,2,Graduate,Self-Employed,56830.0,294.0,68000.0,48,1.0,South,40.0,2024-08-01,0
APP003329,Male,Yes,0,Graduate,Salaried,51943.0,861.0,79000.0,48,1.0,North,33.0,2024-07-30,0
APP004773,Male,No,2,Not Graduate,Self-Employed,135459.0,20290.0,108000.0,240,0.0,north,23.0,2024-04-28,1
APP000524,Female,No,3,Graduate,salaried,26276.0,4491.0,80000.0,12,1.0,West ,46.0,2024-08-07,0
APP000993,Male,No,0,Not Graduate,self employed,38316.0,2472.0,89000.0,84,0.0,East,64.0,2023-06-30,0
APP005401,Male,Yes,3,Not Graduate,salaried,30622.0,5947.0,105000.0,84,1.0,West,47.0,2024-10-29,0
APP001831,Female,No,1,Graduate,Salaried ,,4122.0,188000.0,360,1.0,East,36.0,2024-04-23,0
APP004175,Female,No,2,Graduate,Salaried,73406.0,4130.0,103000.0,48,1.0,East,37.0,2023-09-10,0
APP002607,,Yes,1,Graduate,Salaried ,,11231.0,58000.0,84,1.0,West,25.0,2024-08-25,0
APP000731,Male,No,0,Graduate,Salaried,89286.0,21205.0,151000.0,48,1.0,East,37.0,2024-05-03,0
APP000067,Male,No,0,Graduate,Self-Employed,,1736.0,128000.0,360,,East,39.0,2024-12-20,0
APP004443,Male,Yes,0,Graduate,Self-Employed,90017.0,24165.0,104000.0,84,1.0,South,39.0,2024-12-14,0
APP004108,Male,No,3,Graduate,Salaried ,67891.0,4576.0,385000.0,120,,West ,32.0,2023-10-12,0
APP005498,Female,Yes,4,Graduate,Salaried,31238.0,6320.0,92000.0,60,1.0,North,60.0,2023-06-10,1
APP004265,Female,Yes,3,Graduate,Salaried,93150.0,30911.0,24000.0,36,1.0,West,46.0,2024-06-29,0
APP005963,Male,No,3,Not Graduate,salaried,71439.0,6852.0,75000.0,180,1.0,West,45.0,2024-06-04,0
APP001940,Male,Yes,1,Graduate,self employed,33992.0,9206.0,91000.0,48,1.0,North,22.0,2023-05-18,0
APP002667,Male,No,1,Graduate,Salaried,60460.0,14631.0,153000.0,36,1.0,West,32.0,2024-05-04,0
APP001397,Male,Yes,0,Graduate,SELF-EMPLOYED,31292.0,106.0,108000.0,84,1.0,East,41.0,2024-10-06,0
APP002869,Male,No,1,Not Graduate,Self-Employed,45666.0,9150.0,121000.0,240,1.0,West,40.0,2023-07-09,0
APP000752,Female,Yes,0,Graduate,salaried,50023.0,9619.0,105000.0,120,1.0,East,36.0,2024-04-20,0
APP000886,Male,No,0,Graduate,salaried,40974.0,8599.0,65000.0,48,1.0,East,49.0,2023-01-30,0
APP000489,Female,Yes,1,Not Graduate,self employed,130826.0,29194.0,166000.0,360,1.0,North,42.0,2023-08-03,0
APP004040,Male,No,1,Not Graduate,Salaried,116156.0,10978.0,87000.0,36,1.0,East,2.0,2024-05-12,0
APP001017,Male,Yes,0,Graduate,Self-Employed,48541.0,2069.0,166000.0,240,1.0,South,33.0,2023-07-27,0
APP002107,Female,No,0,Graduate,Salaried,35669.0,1556.0,40000.0,84,1.0,West,36.0,2024-02-24,0
APP004383,,No,2,Not Graduate,Self-Employed,49408.0,302.0,137000.0,24,1.0,North,25.0,2023-01-08,0
APP002725,Male,Yes,3,Graduate,Salaried ,29723.0,8418.0,133000.0,120,1.0,North,48.0,2023-05-03,0
APP005731,Female,Yes,2,Not Graduate,Salaried,33603.0,4748.0,84000.0,60,1.0,North,35.0,2024-03-01,1
APP004539,Male,No,1,Graduate,Salaried ,111588.0,38375.0,118000.0,60,,East,41.0,2023-04-18,0
APP002320,Male,Yes,3,Graduate,Self-Employed,61050.0,9303.0,,180,1.0,EAST,65.0,2024-09-20,0
APP002004,Male,Yes,0,Not Graduate,Salaried ,64882.0,2908.0,59000.0,180,1.0,north,24.0,2023-04-14,0
APP005434,Male,Yes,0,Graduate,Self-Employed,64576.0,7306.0,129000.0,240,,West,48.0,2024-03-28,0
APP004680,Female,Yes,3,Graduate,Salaried,29761.0,6642.0,168000.0,12,0.0,North,43.0,2023-04-20,1
APP000703,Male,Yes,1,Graduate,Salaried,71565.0,2156.0,27000.0,48,1.0,north,41.0,2023-08-11,0
APP000618,Male,No,0,Graduate,Salaried,49947.0,11435.0,271000.0,240,1.0,South,45.0,2024-02-08,0
APP001725,Female,No,3,Not Graduate,Salaried,25589.0,6775.0,248000.0,240,0.0,South,29.0,2024-07-11,1
APP000011,Male,No,0,Graduate,Salaried,49064.0,6627.0,49000.0,120,1.0,West,44.0,2023-11-04,0
APP003468,Female,Yes,2,Graduate,Self-Employed,51216.0,4598.0,258000.0,48,1.0,North,57.0,2024-04-08,0
APP002201,Female,Yes,2,Graduate,Salaried,56169.0,19486.0,83000.0,36,0.0,West,42.0,2024-08-04,0
APP002098,Female,Yes,0,Graduate,Self-Employed,38574.0,9381.0,21000.0,84,1.0,West ,40.0,2024-10-31,0
APP000979,Male,Yes,0,Graduate,Salaried ,51424.0,6510.0,59000.0,180,,West,33.0,2023-06-28,0
APP002273,Male,No,0,Graduate,Salaried,72338.0,21929.0,86000.0,240,1.0,East,48.0,2024-09-02,0
APP005312,Female,No,0,Graduate,Salaried,52492.0,5024.0,111000.0,60,0.0,South,22.0,2024-08-06,0
APP000775,Female,Yes,0,Graduate,SELF-EMPLOYED,27497.0,2547.0,47000.0,180,1.0,West,21.0,2024-12-10,0
APP000760,Female,No,3,Graduate,Salaried,85982.0,4962.0,305000.0,24,1.0,north,56.0,2024-04-28,0
APP003080,Female,Yes,2,Not Graduate,Salaried,44449.0,5852.0,120000.0,84,1.0,South,48.0,2024-11-09,0
APP001612,Female,No,1,Graduate,Salaried,44766.0,6359.0,86000.0,60,1.0,North,31.0,2023-05-23,0
APP000937,Male,Yes,0,Graduate,SELF-EMPLOYED,18927.0,934.0,132000.0,48,1.0,South,52.0,2023-02-13,0
APP002221,Female,Yes,2,Graduate,Salaried,21900.0,4238.0,86000.0,48,1.0,West ,31.0,2024-02-14,0
APP004109,Female,No,0,Graduate,self employed,33234.0,7864.0,114000.0,360,1.0,North,46.0,2023-08-07,0
APP002076,Female,No,1,Graduate,SELF-EMPLOYED,71850.0,20560.0,169000.0,24,1.0,East,33.0,2024-06-25,0
APP004687,Male,Yes,0,Graduate,Salaried ,52014.0,191.0,52000.0,120,0.0,South,49.0,2024-11-11,0
APP000111,Male,Yes,1,Not Graduate,Salaried ,71473.0,17051.0,159000.0,48,1.0,North,53.0,2023-01-22,0
APP004976,Male,No,1,Not Graduate,self employed,84622.0,9867.0,93000.0,84,1.0,East,25.0,2024-04-30,0
APP005183,Male,No,0,Graduate,Self-Employed,70257.0,2422.0,59000.0,120,1.0,West,46.0,2024-12-19,0
APP004234,Female,Yes,2,Not Graduate,Salaried,20957.0,7320.0,256000.0,180,,North,37.0,2023-10-15,0
APP002993,Male,No,1,Graduate,salaried,120628.0,30490.0,55000.0,120,0.0,East,28.0,2023-03-14,0
APP000491,Male,Yes,3,Graduate,Salaried,43318.0,6077.0,16000.0,120,0.0,East,29.0,2023-12-20,0
APP001191,Male,No,0,Graduate,Salaried,69861.0,17108.0,102000.0,360,1.0,North,34.0,2023-03-27,0
APP001090,Male,Yes,0,Graduate,SELF-EMPLOYED,56825.0,6105.0,61000.0,360,1.0,South,26.0,2024-08-09,0
APP004436,Male,Yes,0,Graduate,Salaried,28299.0,4094.0,206000.0,12,1.0,South,41.0,2023-08-16,0
APP001480,Male,Yes,2,Graduate,Salaried,52535.0,4049.0,110000.0,84,1.0,West,52.0,2023-08-03,0
APP003744,Male,No,0,Graduate,self employed,35686.0,1296.0,114000.0,60,,East,48.0,2024-06-02,0
APP003202,Male,Yes,0,Graduate,Salaried ,103579.0,12249.0,91000.0,60,1.0,South,31.0,2024-01-12,0
APP003545,Female,Yes,4,Graduate,Self-Employed,,27426.0,33000.0,120,0.0,East,50.0,2023-12-28,1
APP001907,Female,Yes,1,Not Graduate,self employed,39403.0,1470.0,149000.0,24,1.0,north,30.0,2024-11-23,0
APP005873,Female,Yes,1,Graduate,Salaried,54209.0,16782.0,110000.0,36,1.0,North,36.0,2024-12-10,0
APP003048,Male,Yes,2,Graduate,Salaried ,29231.0,9084.0,106000.0,24,1.0,North,32.0,2023-01-14,0
APP001299,Female,Yes,1,Graduate,Self-Employed,19957.0,5225.0,156000.0,60,1.0,north,21.0,2023-01-29,0
APP002073,Male,Yes,3,Graduate,Self-Employed,30480.0,1020.0,89000.0,240,1.0,East,34.0,2023-09-07,0
APP002744,Male,No,1,Not Graduate,self employed,126966.0,26398.0,59000.0,240,1.0,South,34.0,2023-10-23,0
APP004609,Female,Yes,0,Graduate,Self-Employed,29318.0,4118.0,143000.0,120,1.0,North,48.0,2023-10-06,0
APP000072,Male,No,1,Graduate,Salaried ,33211.0,2169.0,44000.0,48,1.0,north,43.0,2023-10-30,0
APP002609,Female,Yes,2,Not Graduate,Salaried ,35249.0,12114.0,140000.0,180,1.0,South,21.0,2024-09-28,1
APP004504,Male,Yes,1,Not Graduate,Self-Employed,23817.0,5769.0,77000.0,360,1.0,West,45.0,2023-10-17,0
APP004653,Male,No,3,Not Graduate,Salaried,32934.0,4979.0,63000.0,48,1.0,East,39.0,2024-11-12,0
APP001853,Female,Yes,0,Graduate,Self-Employed,117806.0,22356.0,43000.0,84,1.0,EAST,35.0,2023-10-08,0
APP002728,Male,Yes,0,Graduate,Salaried,23356.0,7863.0,78000.0,120,1.0,East,51.0,2024-08-25,0
APP001943,Female,No,0,Graduate,salaried,82029.0,4023.0,96000.0,84,1.0,West,44.0,2023-08-29,0
APP001255,Female,Yes,4,Not Graduate,self employed,31621.0,382.0,39000.0,240,1.0,North,48.0,2024-08-23,0
APP003527,Female,Yes,3,Graduate,Self-Employed,41038.0,5743.0,71000.0,84,1.0,North,36.0,2024-11-05,0
APP003088,Male,No,1,Graduate,Salaried,55762.0,11357.0,85000.0,360,1.0,EAST,39.0,2024-04-01,1
APP000185,Male,Yes,3,Graduate,salaried,87945.0,11480.0,72000.0,60,1.0,South,47.0,2024-09-25,0
APP004888,Female,No,0,Graduate,Self-Employed,34326.0,11437.0,33000.0,48,1.0,EAST,25.0,2024-07-09,0
APP000825,Male,Yes,1,Not Graduate,self employed,51101.0,15932.0,58000.0,48,1.0,East,52.0,2024-09-04,0
APP000387,Male,No,0,Graduate,Salaried ,20530.0,1950.0,129000.0,360,,South,34.0,2024-01-11,0
APP001720,Male,Yes,2,Not Graduate,Salaried,83583.0,10996.0,175000.0,60,1.0,North,53.0,2023-08-11,0
APP000348,Male,Yes,0,Graduate,Salaried ,110519.0,510.0,168000.0,36,0.0,East,36.0,2024-05-22,0
APP005996,Female,Yes,3,Graduate,Salaried,,2978.0,,120,,East,50.0,2024-05-01,1
APP004764,Male,Yes,4,Graduate,Self-Employed,25205.0,3906.0,30000.0,84,1.0,West,43.0,2024-02-08,0
APP002770,Female,No,2,Graduate,Salaried,52418.0,12325.0,376000.0,120,1.0,North,21.0,2023-11-10,0
APP003602,Male,No,0,Graduate,SELF-EMPLOYED,72538.0,5899.0,137000.0,120,1.0,North,42.0,2023-04-24,0
APP000469,Male,No,2,Graduate,Salaried ,40867.0,7638.0,161000.0,60,,South,21.0,2023-02-13,0
APP001419,Male,Yes,1,Graduate,Self-Employed,138788.0,29876.0,39000.0,24,1.0,West,54.0,2023-06-21,0
APP005472,Male,Yes,1,Not Graduate,Salaried,50531.0,15641.0,100000.0,180,1.0,East,48.0,2023-03-13,0
APP000537,Female,No,0,Not Graduate,self employed,23512.0,2850.0,124000.0,60,1.0,North,34.0,2023-04-06,0
APP003275,Female,Yes,2,Graduate,Salaried,51842.0,9338.0,59000.0,60,1.0,West,28.0,2024-04-09,0
APP000342,Male,Yes,1,Not Graduate,Salaried ,20838.0,795.0,,60,1.0,North,29.0,2023-07-21,0
APP003632,Male,No,4,Graduate,Salaried,38571.0,6911.0,128000.0,120,0.0,North,21.0,2024-02-24,0
APP001300,Female,Yes,1,Not Graduate,Salaried,38806.0,7296.0,87000.0,84,1.0,North,51.0,2024-09-27,0
APP001118,Female,Yes,0,Not Graduate,Salaried,35919.0,2180.0,104000.0,24,1.0,West,39.0,2023-11-22,0
APP001996,Female,Yes,0,Graduate,self employed,43351.0,13075.0,111000.0,48,1.0,East,28.0,2024-10-14,0
APP003624,Female,No,0,Graduate,Self-Employed,82920.0,4833.0,173000.0,360,1.0,South,53.0,2024-03-11,0
APP001620,Female,No,1,Not Graduate,Salaried,27698.0,2023.0,50000.0,12,1.0,West ,52.0,2023-03-30,0
APP004471,Female,Yes,2,Graduate,Self-Employed,37428.0,189.0,119000.0,36,1.0,West ,46.0,2023-09-23,0
APP003687,Female,No,2,Graduate,Salaried,36226.0,654.0,168000.0,36,1.0,EAST,45.0,2023-04-20,0
APP002491,Male,No,3,Not Graduate,Self-Employed,43815.0,6604.0,72000.0,36,0.0,East,35.0,2024-05-20,1
APP004157,Male,Yes,2,Not Graduate,Salaried,47214.0,1673.0,163000.0,36,1.0,North,33.0,2023-09-20,0
APP003835,Male,No,2,Graduate,Self-Employed,96447.0,23650.0,204000.0,120,1.0,West,27.0,2024-05-14,0
APP003307,Male,No,1,Graduate,self employed,46813.0,2646.0,161000.0,36,1.0,South,35.0,2023-01-25,0
APP005550,Male,No,0,Not Graduate,Salaried ,47375.0,12229.0,76000.0,84,,West ,38.0,2023-06-29,0
APP001928,Male,Yes,2,Graduate,Salaried,57786.0,3617.0,131000.0,180,,North,46.0,2023-09-15,0
APP004832,Female,Yes,1,Graduate,Salaried,105330.0,30673.0,76000.0,120,1.0,North,47.0,2023-12-04,0
APP000720,Female,No,1,Not Graduate,Salaried,52104.0,14824.0,95000.0,60,1.0,West,34.0,2024-01-09,0
APP005499,Male,Yes,0,Graduate,self employed,,20575.0,69000.0,120,,East,40.0,2024-04-14,0
APP001084,Female,Yes,1,Graduate,Salaried,71417.0,13730.0,243000.0,240,1.0,South,52.0,2023-03-26,0
APP004451,Male,No,1,Not Graduate,Salaried,43530.0,7179.0,56000.0,36,1.0,South,42.0,2023-11-14,1
APP002766,Female,No,1,Not Graduate,salaried,157709.0,40644.0,158000.0,180,1.0,West,38.0,2024-04-30,1
APP003181,Male,Yes,0,Graduate,salaried,43623.0,10861.0,41000.0,84,0.0,West,48.0,2023-09-03,0
APP003857,Male,Yes,0,Not Graduate,Salaried,33364.0,8815.0,184000.0,48,1.0,West,32.0,2023-07-09,0
APP004074,Female,No,1,Graduate,self employed,,4503.0,73000.0,84,,West,41.0,2024-01-20,0
APP000750,Female,Yes,3,Graduate,salaried,62808.0,15912.0,72000.0,24,,North,30.0,2024-04-27,0
APP000689,Female,No,0,Graduate,Salaried,49943.0,8351.0,79000.0,180,1.0,EAST,38.0,2024-06-21,0
APP003355,Male,No,0,Graduate,Self-Employed,16456.0,1648.0,175000.0,120,1.0,West,28.0,2024-03-29,0
APP005115,Male,Yes,0,Not Graduate,Salaried ,56819.0,4437.0,108000.0,36,1.0,East,44.0,2023-01-07,0
APP003992,Male,Yes,1,Graduate,Self-Employed,58460.0,16218.0,95000.0,120,,South,21.0,2024-03-13,0
APP003017,Female,No,2,Graduate,Self-Employed,73233.0,4958.0,86000.0,180,1.0,East,21.0,2024-03-28,0
APP003097,Female,No,0,Not Graduate,SELF-EMPLOYED,54454.0,4691.0,118000.0,36,1.0,West,58.0,2024-09-25,0
APP001559,Female,Yes,3,Graduate,Salaried,42925.0,7103.0,173000.0,60,1.0,East,47.0,2024-01-17,0
APP001082,Male,Yes,2,Graduate,Salaried ,30853.0,9539.0,171000.0,120,1.0,North,37.0,2023-10-25,1
APP000921,Female,Yes,1,Graduate,Salaried ,45615.0,10848.0,125000.0,360,,West ,41.0,2023-10-16,0
APP004215,Female,Yes,1,Graduate,Salaried,43937.0,4778.0,60000.0,240,0.0,East,43.0,2024-05-03,0
APP001854,Female,Yes,0,Graduate,Salaried,51893.0,16318.0,55000.0,60,1.0,West,35.0,2023-07-05,0
APP004252,Male,Yes,0,Not Graduate,SELF-EMPLOYED,77229.0,10743.0,44000.0,84,1.0,South,57.0,2024-11-25,0
APP005781,Female,Yes,2,Not Graduate,Salaried,46522.0,9403.0,37000.0,360,1.0,West,27.0,2024-05-02,0
APP002783,Female,Yes,1,Graduate,Salaried,25656.0,6647.0,121000.0,360,,East,49.0,2024-06-03,0
APP000849,Male,No,1,Not Graduate,Salaried ,139406.0,587.0,198000.0,240,1.0,North,39.0,2023-09-23,0
APP001604,Male,No,3,Graduate,Self-Employed,51341.0,11660.0,120000.0,24,1.0,East,35.0,2024-04-30,0
APP004847,Female,Yes,1,Graduate,self employed,27035.0,3770.0,266000.0,240,1.0,North,68.0,2023-03-04,0
APP003041,Male,No,1,Graduate,Salaried,41784.0,10409.0,44000.0,60,0.0,South,49.0,2023-12-16,1
APP005144,Female,Yes,1,Graduate,Salaried,48460.0,10789.0,210000.0,180,0.0,South,36.0,2023-10-08,0
APP003306,Male,Yes,0,Not Graduate,salaried,22653.0,6337.0,129000.0,240,1.0,West ,21.0,2023-01-22,0
APP003984,Male,Yes,2,Graduate,salaried,66945.0,5566.0,106000.0,84,1.0,West ,39.0,2023-06-01,0
APP005349,Male,No,0,Not Graduate,Salaried,135505.0,113.0,114000.0,360,1.0,North,40.0,2023-11-12,0
APP004535,Male,Yes,0,Graduate,salaried,42796.0,10136.0,57000.0,360,,North,32.0,2023-10-05,1
APP005452,Male,Yes,1,Graduate,Salaried,68897.0,13422.0,191000.0,240,1.0,West,49.0,2024-01-30,0
APP005875,Male,Yes,0,Not Graduate,Salaried,63208.0,15502.0,172000.0,36,1.0,north,27.0,2023-06-24,0
APP005481,Female,Yes,4,Graduate,Salaried,70841.0,18059.0,84000.0,120,1.0,South,52.0,2023-04-13,0
APP002660,Female,No,0,Graduate,Salaried,51170.0,4056.0,272000.0,60,1.0,South,47.0,2023-07-05,0
APP001295,Female,No,0,Graduate,Salaried,88374.0,25370.0,47000.0,240,1.0,North,37.0,2024-10-30,0
APP002190,Female,No,3,Graduate,Salaried,34649.0,6265.0,56000.0,36,1.0,East,29.0,2024-06-15,0
APP001532,Female,No,0,Graduate,Salaried,58079.0,19118.0,,60,1.0,West,47.0,2024-10-21,0
APP003701,Female,Yes,0,Not Graduate,Self-Employed,34535.0,8627.0,106000.0,120,1.0,South,29.0,2023-09-23,1
APP005879,Male,No,1,Not Graduate,Salaried,43834.0,10074.0,123000.0,84,1.0,North,41.0,2023-02-09,0
APP001388,Male,Yes,3,Not Graduate,Self-Employed,40568.0,11225.0,65000.0,12,0.0,North,21.0,2023-10-21,1
APP003490,Male,No,0,Graduate,Salaried,83435.0,12149.0,135000.0,360,1.0,South,27.0,2024-10-21,0
APP002722,Female,No,1,Not Graduate,Self-Employed,85982.0,7478.0,,360,1.0,North,39.0,2023-11-16,0
APP002348,Male,Yes,3,Not Graduate,Self-Employed,44978.0,2493.0,75000.0,180,,North,29.0,2024-01-15,0
APP001252,Male,No,0,Graduate,salaried,60846.0,19161.0,24000.0,36,1.0,South,44.0,2023-08-31,0
APP001893,Female,No,2,Not Graduate,Self-Employed,34201.0,9802.0,101000.0,60,1.0,West,52.0,2023-01-02,0
APP000569,Female,No,0,Not Graduate,Salaried,43706.0,3479.0,177000.0,84,,East,42.0,2024-04-26,1
APP005615,Male,No,0,Graduate,Self-Employed,79881.0,17915.0,103000.0,12,1.0,South,33.0,2023-05-31,0
APP002911,Male,Yes,2,Graduate,Salaried,38429.0,11718.0,138000.0,48,1.0,North,37.0,2024-03-26,0
APP004358,Female,No,2,Graduate,SELF-EMPLOYED,35680.0,5903.0,205000.0,60,1.0,East,41.0,2024-05-27,0
APP000437,Male,No,4,Graduate,Self-Employed,32165.0,6197.0,142000.0,120,1.0,North,40.0,2023-09-20,0
APP001560,Female,Yes,0,Not Graduate,Self-Employed,109835.0,36248.0,321000.0,120,0.0,West,35.0,2023-11-20,1
APP002118,Female,Yes,0,Not Graduate,Salaried ,28382.0,182.0,44000.0,48,1.0,North,25.0,2024-11-15,0
APP000656,Male,Yes,0,Not Graduate,SELF-EMPLOYED,21335.0,2270.0,191000.0,120,1.0,South,24.0,2024-11-11,0
APP003650,Female,Yes,1,Graduate,SELF-EMPLOYED,58017.0,18439.0,47000.0,120,1.0,East,29.0,2023-11-29,0
APP000781,Female,Yes,4,Graduate,Salaried,69611.0,4803.0,96000.0,36,,South,42.0,2024-03-21,0
APP003612,Male,Yes,1,Graduate,SELF-EMPLOYED,23585.0,8223.0,150000.0,36,1.0,West,21.0,2023-01-18,0
APP004116,Male,No,0,Graduate,Self-Employed,,7056.0,110000.0,120,1.0,East,37.0,2024-02-10,0
APP002043,Male,Yes,4,Not Graduate,Self-Employed,26815.0,3668.0,133000.0,60,1.0,West ,37.0,2024-08-31,0
APP002533,Male,Yes,0,Not Graduate,self employed,45210.0,8830.0,162000.0,12,1.0,north,32.0,2023-06-10,0
APP001198,Female,No,0,Graduate,SELF-EMPLOYED,61194.0,20604.0,89000.0,84,1.0,West,28.0,2024-05-19,0
APP004307,Male,Yes,3,Graduate,Self-Employed,75035.0,10327.0,135000.0,240,0.0,South,30.0,2024-01-05,1
APP004394,Male,Yes,4,Graduate,Salaried ,50788.0,15836.0,68000.0,24,1.0,South,60.0,2023-05-15,0
APP003578,Male,Yes,1,Graduate,self employed,42371.0,10791.0,83000.0,84,1.0,South,38.0,2024-01-04,0
APP001988,Male,Yes,0,Graduate,Salaried,78661.0,22196.0,78000.0,60,1.0,North,34.0,2024-06-18,0
APP000846,Male,Yes,2,Graduate,SELF-EMPLOYED,54522.0,5969.0,57000.0,60,1.0,West,53.0,2023-09-17,0
APP000603,Male,No,0,Graduate,Self-Employed,32066.0,7754.0,111000.0,12,1.0,North,39.0,2024-05-11,0
APP002878,Male,Yes,1,Graduate,Salaried,47722.0,15281.0,74000.0,180,1.0,South,21.0,2024-08-28,0
APP000612,Female,Yes,2,Graduate,Salaried,36000.0,11945.0,82000.0,48,1.0,North,44.0,2024-04-27,0
APP004415,Male,Yes,0,Graduate,SELF-EMPLOYED,42771.0,10843.0,66000.0,360,,North,21.0,2023-12-18,1
APP004564,Male,Yes,3,Graduate,self employed,28363.0,8641.0,62000.0,180,1.0,West ,28.0,2024-11-06,0
APP000109,Male,Yes,0,Graduate,Self-Employed,31461.0,1772.0,48000.0,120,1.0,South,45.0,2023-08-29,0
APP000425,Male,Yes,1,Not Graduate,salaried,52867.0,10437.0,76000.0,60,1.0,South,31.0,2023-10-11,0
APP005180,Female,Yes,1,Graduate,SELF-EMPLOYED,83480.0,18842.0,40000.0,60,1.0,East,49.0,2023-05-05,0
APP003018,Male,Yes,1,Graduate,Salaried,,25638.0,85000.0,360,1.0,South,24.0,2023-09-18,0
APP002472,Female,No,1,Not Graduate,Salaried,30819.0,10286.0,87000.0,240,1.0,North,49.0,2023-11-17,0
APP001734,Male,No,1,Graduate,Salaried ,76497.0,2175.0,49000.0,24,1.0,South,41.0,2023-08-17,1
APP005155,Female,No,4,Graduate,Salaried,45381.0,474.0,34000.0,12,1.0,South,45.0,2024-12-11,1
APP001303,Male,No,0,Graduate,Salaried,22365.0,5496.0,58000.0,60,1.0,north,31.0,2023-02-12,0
APP000829,Female,No,2,Graduate,self employed,27583.0,3051.0,69000.0,120,1.0,East,33.0,2023-06-03,0
APP000152,Male,No,0,Not Graduate,Salaried,63669.0,1899.0,71000.0,60,1.0,West,42.0,2023-09-30,0
APP004684,Male,Yes,2,Not Graduate,Salaried,30001.0,7383.0,201000.0,120,1.0,East,42.0,2024-04-30,0
APP001418,Male,Yes,1,Graduate,SELF-EMPLOYED,56482.0,5924.0,73000.0,120,1.0,South,28.0,2024-07-06,0
APP003783,Male,Yes,0,Not Graduate,self employed,38647.0,11487.0,80000.0,120,1.0,north,50.0,2023-09-05,0
APP005295,Female,Yes,1,Graduate,Self-Employed,56107.0,17475.0,76000.0,24,1.0,North,35.0,2024-08-15,0
APP002085,Male,No,1,Graduate,Salaried,16639.0,5054.0,187000.0,180,1.0,West,44.0,2024-03-21,0
APP002074,Female,Yes,2,Graduate,self employed,45725.0,15879.0,116000.0,180,0.0,East,35.0,2024-03-20,0
APP000783,Male,Yes,0,Graduate,Salaried ,94612.0,11569.0,118000.0,36,1.0,East,55.0,2024-02-06,0
APP000398,Male,No,2,Not Graduate,salaried,51731.0,4517.0,178000.0,48,1.0,EAST,28.0,2024-03-18,0
APP003054,Male,Yes,0,Graduate,Salaried,50657.0,9034.0,148000.0,36,1.0,East,38.0,2023-05-31,0
APP000167,Male,No,1,Graduate,SELF-EMPLOYED,70898.0,10789.0,184000.0,120,0.0,South,52.0,2024-10-09,0
APP005601,Male,No,2,Graduate,Self-Employed,139042.0,26963.0,53000.0,120,1.0,north,41.0,2023-06-23,0
APP003655,Male,Yes,1,Not Graduate,salaried,120159.0,41489.0,447000.0,36,1.0,EAST,21.0,2023-04-07,0
APP001226,Female,No,0,Graduate,Salaried,68283.0,16034.0,120000.0,24,1.0,East,27.0,2024-05-09,0
APP001797,Female,Yes,3,Graduate,Salaried ,49552.0,2177.0,123000.0,84,1.0,north,41.0,2023-12-13,0
APP004243,Female,No,0,Graduate,Salaried ,76850.0,4597.0,145000.0,60,1.0,EAST,32.0,2024-04-28,0
APP001643,Male,Yes,1,Not Graduate,Salaried ,44604.0,13839.0,30000.0,48,1.0,north,63.0,2024-12-23,0
APP005555,Female,No,2,Graduate,Salaried,46561.0,4235.0,112000.0,60,1.0,north,37.0,2023-01-19,0
APP000143,Male,No,2,Graduate,Salaried,35087.0,11093.0,53000.0,60,1.0,South,47.0,2024-03-06,0
APP001241,Female,Yes,0,Graduate,Salaried,71483.0,6947.0,82000.0,60,1.0,West,52.0,2024-08-27,0
APP001987,Female,No,0,Not Graduate,Salaried,127966.0,31673.0,456000.0,84,1.0,North,56.0,2024-10-09,0
APP004075,Female,Yes,3,Not Graduate,self employed,741350.9806482106,2638.0,30000.0,180,1.0,West,34.0,2023-04-19,0
APP002453,Male,Yes,2,Graduate,SELF-EMPLOYED,50195.0,1886.0,64000.0,48,1.0,north,43.0,2024-12-14,0
APP005330,Male,Yes,1,Graduate,Self-Employed,55892.0,11942.0,70000.0,240,1.0,East,24.0,2024-07-23,0
APP003806,Female,No,3,Not Graduate,SELF-EMPLOYED,124703.0,39053.0,49000.0,24,,north,39.0,2023-08-27,1
APP002462,Female,Yes,0,Graduate,Salaried,84555.0,14776.0,68000.0,36,1.0,East,27.0,2023-10-05,0
APP003754,Female,No,1,Graduate,self employed,74343.0,18225.0,195000.0,48,1.0,East,47.0,2023-08-04,0
APP002224,Male,No,3,Graduate,Salaried ,,301.0,76000.0,180,1.0,West,39.0,2023-12-06,0
APP000238,Male,Yes,2,Graduate,Self-Employed,108990.0,25103.0,88000.0,180,1.0,North,26.0,2023-11-20,0
APP000990,Female,Yes,2,Graduate,Salaried,126397.0,1687.0,176000.0,120,0.0,South,43.0,2024-07-15,0
APP005305,Male,No,0,Not Graduate,Salaried ,41465.0,13530.0,46000.0,240,1.0,North,35.0,2023-09-05,0
APP001759,Male,Yes,3,Not Graduate,Self-Employed,52021.0,16973.0,140000.0,24,1.0,West,56.0,2023-05-23,0
APP003953,Female,No,3,Graduate,salaried,79170.0,18312.0,109000.0,240,1.0,north,37.0,2024-07-20,0
APP001022,Male,No,3,Graduate,Self-Employed,23254.0,2915.0,218000.0,240,1.0,East,26.0,2023-02-20,0
APP005016,Male,No,2,Graduate,salaried,25943.0,4251.0,98000.0,36,0.0,West,45.0,2023-04-18,0
APP003095,Male,Yes,1,Graduate,SELF-EMPLOYED,47460.0,13865.0,42000.0,36,1.0,West,45.0,2023-04-07,0
APP000867,Male,Yes,0,Graduate,Salaried ,,11915.0,53000.0,60,1.0,West ,38.0,2024-08-01,0
APP003021,Male,Yes,2,Not Graduate,Salaried,76536.0,3092.0,151000.0,180,1.0,West,49.0,2024-07-31,0
APP005398,Male,Yes,1,Graduate,Salaried,26047.0,4948.0,80000.0,120,1.0,South,22.0,2023-01-01,0
APP003417,Male,Yes,1,Graduate,Salaried,56674.0,19077.0,62000.0,120,1.0,North,44.0,2024-11-12,0
APP005322,Male,Yes,0,Not Graduate,Salaried ,,8842.0,126000.0,120,,East,21.0,2023-07-05,0
APP003598,Male,No,2,Not Graduate,salaried,45766.0,4101.0,82000.0,84,1.0,South,34.0,2024-10-17,0
APP001698,Male,Yes,2,Graduate,SELF-EMPLOYED,37926.0,3368.0,56000.0,84,1.0,South,31.0,2023-03-13,0
APP003550,Male,Yes,0,Not Graduate,Salaried,104398.0,12626.0,98000.0,120,,South,41.0,2024-06-20,0
APP002218,Male,Yes,1,Graduate,self employed,72142.0,24204.0,143000.0,60,1.0,East,46.0,2023-08-26,0
APP003474,Female,No,2,Graduate,Self-Employed,38344.0,6977.0,111000.0,48,1.0,South,44.0,2024-12-22,0
APP000328,Female,No,3,Not Graduate,Salaried,38827.0,4495.0,72000.0,120,1.0,East,42.0,2023-12-26,0
APP004368,,Yes,0,Not Graduate,SELF-EMPLOYED,37237.0,7977.0,94000.0,48,1.0,East,32.0,2024-08-01,0
APP005088,Male,No,1,Graduate,Salaried,90187.0,22751.0,93000.0,240,,South,49.0,2023-09-30,0
APP001583,Female,No,2,Graduate,Salaried,89835.0,17453.0,48000.0,84,,North,24.0,2024-11-20,0
APP000804,Female,No,3,Graduate,salaried,193977.0,5384.0,91000.0,84,1.0,South,31.0,2023-05-26,0
APP004294,Female,Yes,2,Graduate,self employed,71831.0,7547.0,115000.0,84,1.0,South,45.0,2023-06-01,0
APP004208,Male,No,0,Graduate,Self-Employed,45058.0,5447.0,194000.0,60,0.0,West,39.0,2023-10-21,0
APP001227,Male,Yes,1,Not Graduate,salaried,38365.0,10295.0,161000.0,360,0.0,East,39.0,2023-03-14,0
APP001204,Male,Yes,4,Not Graduate,SELF-EMPLOYED,,11346.0,58000.0,24,0.0,EAST,51.0,2023-05-05,0
APP005821,Female,Yes,0,Graduate,Salaried,24011.0,5779.0,88000.0,48,1.0,East,40.0,2023-12-14,0
APP002888,Male,No,4,Graduate,Self-Employed,60882.0,2505.0,245000.0,48,1.0,West,27.0,2024-11-09,0
APP002904,Male,Yes,4,Graduate,self employed,38957.0,4760.0,32000.0,180,1.0,North,32.0,2023-03-19,0
APP001035,Male,Yes,3,Graduate,Salaried,69185.0,2737.0,49000.0,36,1.0,north,24.0,2023-01-16,0
APP003957,Female,Yes,1,Not Graduate,Salaried ,150312.0,43690.0,71000.0,60,1.0,North,40.0,2024-02-13,0
APP004133,Female,No,3,Graduate,Self-Employed,63530.0,14092.0,112000.0,180,,EAST,32.0,2024-08-24,0
APP002393,Male,Yes,0,Graduate,Self-Employed,2498536.248407232,12127.0,,60,1.0,West,42.0,2023-06-01,0
APP005706,Male,Yes,3,Graduate,Salaried,40453.0,9915.0,29000.0,360,0.0,North,41.0,2023-03-26,0
APP004071,Male,Yes,0,Graduate,Self-Employed,64418.0,7937.0,62000.0,24,,North,29.0,2023-04-03,0
APP000402,Female,No,0,Graduate,SELF-EMPLOYED,62911.0,19286.0,55000.0,180,1.0,North,24.0,2023-11-08,0
APP005612,Female,Yes,0,Graduate,Salaried ,28783.0,6415.0,343000.0,84,1.0,West,48.0,2023-05-04,0
APP001347,Male,Yes,3,Graduate,Salaried,23503.0,170.0,93000.0,84,1.0,West,34.0,2023-06-26,0
APP002392,Male,No,1,Graduate,Self-Employed,47833.0,70.0,99000.0,36,0.0,West,35.0,2024-09-13,0
APP001268,Male,No,2,Not Graduate,Salaried,25754.0,2038.0,314000.0,12,0.0,North,33.0,2023-04-12,0
APP000806,Female,No,1,Graduate,SELF-EMPLOYED,40355.0,8930.0,133000.0,48,1.0,West,36.0,2023-02-18,0
APP001444,Male,No,2,Not Graduate,Salaried,42412.0,4347.0,99000.0,240,1.0,East,35.0,2024-06-14,0
APP000960,Female,Yes,0,Graduate,Self-Employed,18759.0,2607.0,69000.0,84,1.0,West,34.0,2023-10-05,0
APP005254,Male,Yes,1,Not Graduate,Salaried,39498.0,7902.0,96000.0,240,1.0,EAST,41.0,2024-06-13,0
APP000186,Female,Yes,0,Graduate,Salaried,39871.0,937.0,62000.0,36,,North,41.0,2023-04-19,0
APP004734,Female,Yes,1,Graduate,Self-Employed,,4937.0,109000.0,240,1.0,North,38.0,2024-09-09,0
APP002086,Male,Yes,3,Not Graduate,SELF-EMPLOYED,,3620.0,150000.0,60,,North,27.0,2023-02-01,0
APP003227,Male,No,0,Graduate,Self-Employed,51546.0,14912.0,78000.0,48,1.0,North,36.0,2024-08-08,0
APP000097,Male,Yes,0,Graduate,Self-Employed,81465.0,25580.0,47000.0,48,1.0,West,40.0,2023-06-11,0
APP004037,Female,No,0,Not Graduate,Self-Employed,50456.0,6275.0,159000.0,60,1.0,West ,,2024-11-15,0
APP005746,Female,No,0,Graduate,SELF-EMPLOYED,92420.0,19021.0,77000.0,48,1.0,north,40.0,2024-03-23,0
APP002120,Female,Yes,0,Graduate,SELF-EMPLOYED,32365.0,5403.0,65000.0,120,1.0,East,39.0,2023-08-30,0
APP002790,Female,No,0,Graduate,self employed,20492.0,6502.0,268000.0,180,1.0,South,37.0,2024-03-12,0
APP002928,Female,Yes,1,Graduate,Self-Employed,30892.0,8162.0,163000.0,180,1.0,North,21.0,2023-11-18,0
APP001251,Female,Yes,1,Graduate,Self-Employed,146569.0,12487.0,88000.0,180,1.0,East,27.0,2024-08-14,0
APP003680,Male,No,0,Graduate,self employed,85266.0,22499.0,54000.0,60,1.0,West,33.0,2023-07-08,0
APP000670,Male,Yes,2,Not Graduate,Salaried,39398.0,5443.0,112000.0,12,1.0,South,42.0,2024-03-02,0
APP001753,Male,Yes,1,Graduate,Salaried,72166.0,609.0,185000.0,240,1.0,North,30.0,2023-09-06,0
APP000470,Female,No,1,Graduate,Salaried,37027.0,8218.0,95000.0,84,1.0,West,28.0,2023-06-23,0
APP003688,Male,No,2,Graduate,Self-Employed,37029.0,7668.0,,240,1.0,East,55.0,2024-08-15,0
APP000577,Male,Yes,1,Graduate,Salaried ,32292.0,9184.0,83000.0,240,1.0,South,26.0,2024-08-05,0
APP001660,Male,Yes,0,Graduate,Salaried,48918.0,2885.0,131000.0,120,1.0,South,35.0,2023-01-12,0
APP003239,Female,No,2,Not Graduate,Self-Employed,118015.0,38684.0,156000.0,84,1.0,North,34.0,2024-08-28,0
APP003426,Female,No,0,Graduate,Salaried,27729.0,6000.0,64000.0,360,1.0,South,32.0,2023-05-11,0
APP001477,Female,Yes,0,Graduate,Salaried ,47344.0,3278.0,87000.0,48,1.0,South,47.0,2024-04-12,0
APP005820,Male,Yes,1,Not Graduate,Salaried ,22567.0,2354.0,58000.0,84,0.0,EAST,39.0,2024-12-28,1
APP003962,Male,Yes,1,Graduate,Salaried ,45901.0,9704.0,107000.0,120,1.0,South,54.0,2024-03-29,0
APP003866,Male,No,0,Graduate,Salaried,87244.0,12739.0,146000.0,180,1.0,North,46.0,2024-04-21,0
APP005926,Female,Yes,1,Graduate,salaried,30102.0,6905.0,69000.0,120,1.0,South,40.0,2024-11-28,0
APP001378,Male,No,4,Graduate,Self-Employed,32869.0,8757.0,96000.0,84,1.0,South,58.0,2023-09-09,0
APP004798,Female,No,3,Graduate,Self-Employed,45091.0,5004.0,136000.0,12,0.0,North,21.0,2024-08-02,0
APP003042,,Yes,1,Not Graduate,SELF-EMPLOYED,62585.0,4092.0,68000.0,360,1.0,North,21.0,2023-01-05,0
APP004757,Male,Yes,1,Graduate,Salaried,37642.0,7904.0,113000.0,84,1.0,North,40.0,2023-11-22,0
APP004049,Female,No,4,Graduate,Salaried,32726.0,7196.0,82000.0,60,1.0,West,32.0,2024-04-26,0
APP003211,Male,Yes,1,Graduate,self employed,22155.0,7017.0,197000.0,48,,South,37.0,2023-04-11,0
APP001222,Male,Yes,1,Graduate,Self-Employed,76518.0,1169.0,58000.0,180,1.0,North,32.0,2023-06-29,0
APP003778,,Yes,1,Graduate,SELF-EMPLOYED,67945.0,15214.0,122000.0,24,1.0,East,36.0,2023-05-27,0
APP002127,Female,No,1,Graduate,Salaried ,34892.0,11207.0,96000.0,180,0.0,South,29.0,2024-11-10,0
APP005582,Male,Yes,0,Graduate,Self-Employed,76573.0,17894.0,82000.0,48,1.0,West,26.0,2023-10-02,0
APP003661,Male,Yes,1,Graduate,SELF-EMPLOYED,116516.0,37560.0,149000.0,60,1.0,North,44.0,2023-06-27,0
APP002423,Female,Yes,3,Graduate,Self-Employed,39655.0,1463.0,66000.0,84,1.0,West,33.0,2023-04-04,0
APP005835,Female,Yes,2,Graduate,Salaried,99610.0,29412.0,147000.0,36,1.0,East,30.0,2023-01-29,0
APP005622,Female,Yes,2,Graduate,Salaried,30539.0,4449.0,736000.0,36,1.0,East,42.0,2024-09-17,1
APP005172,Male,Yes,1,Graduate,SELF-EMPLOYED,47915.0,10002.0,95000.0,84,1.0,West ,34.0,2024-08-13,0
APP000944,Female,Yes,0,Graduate,Self-Employed,49566.0,7448.0,234000.0,360,1.0,North,51.0,2024-09-03,0
APP004891,Male,Yes,1,Graduate,SELF-EMPLOYED,54187.0,9651.0,161000.0,84,1.0,South,42.0,2024-03-03,0
APP004408,Male,No,3,Graduate,Salaried,75962.0,19576.0,36000.0,180,1.0,South,33.0,2023-09-20,0
APP000242,Female,Yes,0,Not Graduate,self employed,15565.0,314.0,106000.0,120,1.0,EAST,30.0,2024-07-18,0
APP001790,Male,Yes,0,Not Graduate,Salaried,47042.0,81.0,235000.0,84,1.0,North,51.0,2024-06-27,1
APP001927,Female,No,0,Not Graduate,Self-Employed,46110.0,10525.0,66000.0,120,1.0,East,34.0,2024-02-12,0
APP003078,Male,Yes,2,Not Graduate,salaried,17026.0,3399.0,91000.0,84,1.0,East,23.0,2024-02-05,0
APP002604,Male,No,0,Graduate,SELF-EMPLOYED,57860.0,17541.0,78000.0,180,1.0,North,34.0,2023-05-16,0
APP000527,Male,Yes,0,Graduate,self employed,20033.0,5187.0,67000.0,60,1.0,East,36.0,2023-10-01,1
APP005906,Female,Yes,3,Graduate,salaried,25466.0,4847.0,101000.0,48,1.0,South,33.0,2023-04-17,0
APP003710,Female,No,1,Not Graduate,SELF-EMPLOYED,105840.0,10676.0,110000.0,84,1.0,North,22.0,2024-10-27,0
APP003740,Male,Yes,1,Graduate,Salaried,114194.0,15382.0,198000.0,120,1.0,north,40.0,2024-07-31,0
APP003832,Female,Yes,1,Graduate,Salaried,54977.0,7840.0,509000.0,12,1.0,North,34.0,2024-08-14,0
APP002961,Male,No,1,Graduate,SELF-EMPLOYED,111430.0,35040.0,71000.0,120,1.0,South,36.0,2023-10-22,0
APP002253,Female,Yes,1,Not Graduate,Salaried,24593.0,8344.0,192000.0,180,1.0,North,26.0,2024-12-30,0
APP004964,Female,Yes,0,Graduate,Self-Employed,31624.0,7767.0,84000.0,12,1.0,EAST,44.0,2024-12-15,0
APP005179,Male,Yes,2,Graduate,Salaried,55276.0,14003.0,109000.0,36,1.0,West,44.0,2024-11-10,1
APP002137,Male,No,4,Graduate,Self-Employed,36695.0,10811.0,74000.0,48,0.0,East,37.0,2023-02-07,0
APP004432,Male,Yes,0,Graduate,self employed,88203.0,26799.0,101000.0,360,1.0,West ,44.0,2023-05-26,0
APP000430,Male,Yes,0,Graduate,Salaried,15661.0,4798.0,141000.0,360,1.0,North,45.0,2024-10-26,0
APP005964,Female,No,1,Graduate,Salaried,27110.0,4384.0,133000.0,48,1.0,North,58.0,2023-02-19,0
APP002067,Male,Yes,1,Graduate,self employed,41975.0,4229.0,65000.0,180,1.0,North,56.0,2023-12-27,0
APP002326,Female,Yes,0,Not Graduate,salaried,48288.0,16656.0,388000.0,12,1.0,North,45.0,2023-12-27,0
APP001929,Female,Yes,0,Graduate,SELF-EMPLOYED,77516.0,23116.0,109000.0,120,1.0,East,37.0,2024-12-11,0
APP003030,Female,No,2,Graduate,self employed,72569.0,16954.0,62000.0,84,1.0,South,40.0,2024-09-09,0
APP003336,Female,Yes,0,Graduate,Salaried,81562.0,9881.0,84000.0,60,1.0,EAST,26.0,2024-03-27,0
APP002808,Male,Yes,1,Not Graduate,Salaried ,41315.0,2031.0,139000.0,60,1.0,South,36.0,2023-10-10,0
APP005042,Female,Yes,2,Graduate,SELF-EMPLOYED,43615.0,8651.0,258000.0,60,1.0,EAST,34.0,2023-11-24,0
APP001479,Female,No,0,Graduate,Salaried,84214.0,1919.0,47000.0,240,1.0,South,39.0,2024-09-14,0
APP000339,Male,Yes,3,Graduate,self employed,25632.0,5410.0,68000.0,120,1.0,West,30.0,2024-03-27,0
APP002075,Female,Yes,1,Not Graduate,Salaried,29712.0,9257.0,189000.0,120,1.0,West,47.0,2024-04-06,1
APP002012,Male,No,0,Not Graduate,Self-Employed,21572.0,3115.0,280000.0,84,1.0,South,35.0,2024-11-12,0
APP002675,Female,No,1,Graduate,Salaried ,39874.0,9250.0,80000.0,120,1.0,East,32.0,2023-01-07,0
APP000254,Male,Yes,2,Graduate,Self-Employed,120534.0,39049.0,53000.0,60,1.0,South,33.0,2023-06-10,0
APP003222,Male,No,0,Not Graduate,SELF-EMPLOYED,22825.0,5665.0,,360,1.0,EAST,46.0,2023-09-01,0
APP000321,Male,Yes,1,Not Graduate,Salaried ,59155.0,12829.0,147000.0,240,,EAST,50.0,2024-12-26,0
APP002049,Male,Yes,2,Graduate,SELF-EMPLOYED,94946.0,24546.0,106000.0,36,1.0,north,50.0,2023-08-26,0
APP004844,Male,Yes,0,Not Graduate,Salaried,30790.0,1886.0,71000.0,24,1.0,North,32.0,2024-05-31,0
APP000947,Male,Yes,2,Graduate,salaried,59746.0,1301.0,152000.0,48,1.0,East,49.0,2024-02-13,0
APP003691,Female,No,3,Graduate,self employed,35276.0,8423.0,68000.0,180,1.0,West ,36.0,2023-03-05,0
APP002456,Male,Yes,1,Graduate,SELF-EMPLOYED,157455.0,15949.0,81000.0,240,1.0,EAST,39.0,2023-01-21,0
APP001085,Female,No,2,Graduate,self employed,31316.0,1262.0,150000.0,60,1.0,East,25.0,2024-12-16,0
APP004745,Male,No,0,Graduate,SELF-EMPLOYED,56921.0,17574.0,41000.0,120,1.0,West,50.0,2023-12-22,0
APP005423,Female,No,1,Graduate,Salaried,51144.0,15866.0,138000.0,48,1.0,North,59.0,2023-08-03,0
APP001192,Female,Yes,0,Graduate,Salaried ,51282.0,1704.0,67000.0,240,1.0,EAST,21.0,2024-05-13,1
APP000621,Male,Yes,0,Not Graduate,Salaried,53753.0,18143.0,105000.0,120,1.0,West,21.0,2023-08-23,0
APP002099,Female,Yes,0,Graduate,Salaried ,62522.0,8678.0,39000.0,120,,East,51.0,2023-09-20,0
APP000751,Male,Yes,0,Not Graduate,Salaried,51304.0,832.0,41000.0,60,,West ,36.0,2023-08-24,0
APP002994,Male,Yes,0,Graduate,SELF-EMPLOYED,22309.0,2293.0,98000.0,24,1.0,West ,50.0,2023-04-25,0
APP005734,Male,No,2,Graduate,Salaried ,33196.0,6925.0,104000.0,12,0.0,West,27.0,2024-05-08,0
APP002804,Female,No,1,Graduate,SELF-EMPLOYED,27129.0,5110.0,83000.0,84,1.0,North,24.0,2023-11-19,0
APP001798,Male,No,0,Graduate,salaried,31529.0,10224.0,31000.0,24,1.0,North,49.0,2023-03-10,0
APP001865,Female,Yes,1,Not Graduate,salaried,37147.0,1985.0,58000.0,84,1.0,West,43.0,2023-09-12,0
APP003613,Male,Yes,1,Graduate,SELF-EMPLOYED,16408.0,3753.0,114000.0,120,1.0,North,33.0,2023-07-16,0
APP001959,Female,Yes,2,Graduate,Salaried ,63591.0,18227.0,240000.0,36,1.0,North,44.0,2023-04-23,0
APP002296,Male,Yes,1,Graduate,Self-Employed,26371.0,4031.0,106000.0,36,1.0,north,27.0,2023-07-21,0
APP003759,Male,Yes,0,Graduate,Salaried,98387.0,28564.0,229000.0,84,1.0,North,27.0,2023-03-11,0
APP001778,Male,No,1,Graduate,self employed,107317.0,16481.0,113000.0,24,1.0,West,36.0,2024-09-04,0
APP003926,Male,No,0,Graduate,SELF-EMPLOYED,121338.0,26462.0,72000.0,60,1.0,North,21.0,2024-08-25,0
APP000578,Female,Yes,1,Graduate,Salaried ,28615.0,4178.0,119000.0,120,0.0,North,54.0,2024-01-06,0
APP005311,Male,No,3,Graduate,Self-Employed,42507.0,6260.0,26000.0,60,1.0,East,54.0,2024-10-15,0
APP001668,Female,Yes,0,Graduate,Salaried,22279.0,6882.0,34000.0,60,1.0,West,21.0,2024-04-20,0
APP001396,Female,No,0,Graduate,salaried,111743.0,12969.0,113000.0,120,1.0,North,28.0,2023-09-21,0
APP004278,Male,No,2,Graduate,Self-Employed,92176.0,29715.0,157000.0,36,,East,41.0,2024-02-07,1
APP002184,Male,No,0,Graduate,self employed,24166.0,7285.0,106000.0,360,1.0,EAST,21.0,2024-03-09,0
APP002755,Female,Yes,0,Graduate,Salaried,96362.0,15705.0,50000.0,36,1.0,EAST,50.0,2023-10-29,0
APP001806,Female,Yes,1,Graduate,Salaried,71881.0,18763.0,51000.0,84,1.0,East,50.0,2023-08-24,0
APP002855,Male,Yes,0,Graduate,Salaried,27679.0,8015.0,63000.0,120,1.0,South,21.0,2023-10-08,0
APP005276,Male,No,4,Graduate,Salaried,31891.0,1223.0,46000.0,120,1.0,South,33.0,2023-02-17,0
APP000271,Female,No,3,Not Graduate,Self-Employed,18259.0,6053.0,69000.0,60,1.0,West,50.0,2024-04-08,0
APP000171,Female,Yes,2,Not Graduate,SELF-EMPLOYED,27859.0,7713.0,119000.0,48,1.0,West,49.0,2024-03-27,0
APP002042,Male,Yes,1,Graduate,SELF-EMPLOYED,25784.0,7034.0,53000.0,48,0.0,South,30.0,2024-06-17,1
APP000345,Male,Yes,0,Graduate,Salaried,50147.0,7409.0,59000.0,60,,West ,62.0,2023-04-23,1
APP001234,Male,Yes,4,Not Graduate,Self-Employed,52536.0,7743.0,181000.0,60,,East,39.0,2023-02-27,0
APP001816,Female,No,1,Graduate,Salaried,31262.0,6806.0,72000.0,180,1.0,West,47.0,2024-07-03,1
APP005914,Male,Yes,2,Graduate,Salaried,55518.0,4598.0,101000.0,12,1.0,South,38.0,2024-03-09,0
APP005730,Female,Yes,2,Graduate,Self-Employed,28444.0,4252.0,100000.0,48,1.0,North,21.0,2024-10-09,0
APP003708,Male,No,3,Not Graduate,Salaried,64915.0,5936.0,279000.0,60,1.0,South,46.0,2024-11-30,0
APP002377,Male,Yes,2,Not Graduate,self employed,13332.0,3786.0,118000.0,120,1.0,West,42.0,2024-07-27,1
APP002723,Female,No,0,Graduate,Salaried ,27425.0,5742.0,92000.0,60,1.0,East,35.0,2024-08-22,0
APP005245,Female,No,4,Graduate,Salaried ,123112.0,33437.0,75000.0,240,1.0,north,21.0,2024-11-22,0
APP004369,Male,Yes,0,Graduate,SELF-EMPLOYED,40636.0,5265.0,113000.0,12,1.0,South,27.0,2024-02-21,0
APP004785,Male,No,4,Graduate,Salaried ,135446.0,5085.0,52000.0,48,0.0,East,30.0,2023-12-02,0
APP001497,Female,No,1,Graduate,Self-Employed,77352.0,4035.0,40000.0,84,1.0,EAST,33.0,2023-12-27,0
APP004524,Female,No,1,Graduate,Salaried ,37742.0,2799.0,151000.0,240,1.0,West,27.0,2023-01-28,0
APP001276,Male,No,0,Not Graduate,self employed,20494.0,5112.0,106000.0,360,0.0,East,22.0,2023-11-09,1
APP001310,Female,No,3,Graduate,Self-Employed,95814.0,1793.0,83000.0,36,1.0,West,22.0,2024-08-25,0
APP001787,Female,Yes,0,Graduate,Salaried ,11083.0,1105.0,83000.0,180,,East,42.0,2023-07-05,0
APP003119,Male,No,0,Graduate,Salaried,147463.0,42323.0,86000.0,180,1.0,South,25.0,2024-02-15,0
APP004216,Female,Yes,4,Graduate,Salaried,54266.0,17779.0,87000.0,240,1.0,West,40.0,2023-08-02,0
APP002950,Female,Yes,0,Graduate,Salaried,31475.0,1154.0,48000.0,120,1.0,East,49.0,2023-04-01,0
APP005895,Male,Yes,1,Not Graduate,SELF-EMPLOYED,100201.0,29668.0,89000.0,120,1.0,EAST,39.0,2023-03-18,0
APP001891,Male,Yes,2,Graduate,Salaried,59932.0,6933.0,145000.0,60,1.0,West,38.0,2024-10-27,0
APP000678,Male,Yes,1,Graduate,Salaried,90690.0,14359.0,136000.0,360,1.0,South,33.0,2024-09-04,0
APP004555,Male,No,0,Graduate,salaried,62044.0,11972.0,45000.0,84,0.0,North,25.0,2024-09-30,1
APP002171,Female,No,1,Not Graduate,Self-Employed,61842.0,14561.0,30000.0,12,1.0,South,28.0,2024-12-09,0
APP003620,Male,No,0,Graduate,Salaried ,36091.0,9452.0,38000.0,240,1.0,East,54.0,2024-05-10,0
APP002302,Male,No,4,Not Graduate,Salaried,28559.0,3437.0,157000.0,24,0.0,North,25.0,2023-03-27,0
APP004857,Male,No,0,Graduate,Salaried ,15795.0,5271.0,211000.0,120,1.0,East,61.0,2024-01-19,0
APP004193,Male,Yes,4,Graduate,Salaried ,26498.0,4287.0,248000.0,48,,North,38.0,2024-07-27,0
APP002734,Female,Yes,1,Not Graduate,Self-Employed,30537.0,8090.0,54000.0,240,0.0,North,31.0,2023-10-24,1
APP004039,Female,Yes,1,Graduate,Salaried,39882.0,12403.0,55000.0,360,1.0,West ,47.0,2023-07-05,0
APP003611,Male,No,3,Graduate,self employed,203001.0,35761.0,121000.0,120,1.0,East,43.0,2023-12-04,0
APP003533,Male,No,1,Not Graduate,SELF-EMPLOYED,14491.0,2529.0,81000.0,36,0.0,north,40.0,2023-06-30,0
APP000296,Male,Yes,1,Graduate,Salaried ,38479.0,7264.0,177000.0,240,1.0,North,39.0,2024-05-12,0
APP001071,Male,No,0,Graduate,Self-Employed,39113.0,7508.0,141000.0,84,1.0,West,33.0,2023-03-26,0
APP000054,Female,No,2,Graduate,Salaried,41436.0,13503.0,99000.0,84,0.0,East,45.0,2024-05-02,0
APP005653,Male,No,1,Graduate,SELF-EMPLOYED,40769.0,4353.0,56000.0,48,1.0,West,50.0,2024-01-03,0
APP003401,Male,No,1,Not Graduate,self employed,57220.0,18254.0,265000.0,48,1.0,West,38.0,2024-07-27,0
APP003614,Female,No,4,Graduate,Salaried,58854.0,14491.0,48000.0,120,,South,37.0,2023-10-13,0
APP005456,Male,Yes,2,Graduate,Salaried ,27018.0,1914.0,48000.0,84,1.0,South,61.0,2023-09-06,0
APP004231,Female,Yes,3,Graduate,salaried,56457.0,15162.0,126000.0,36,1.0,West,47.0,2024-05-09,0
APP005580,Male,Yes,2,Not Graduate,Salaried,36779.0,9818.0,92000.0,360,1.0,north,48.0,2024-05-29,0
APP003343,Female,Yes,0,Not Graduate,self employed,15681.0,4180.0,53000.0,48,1.0,South,32.0,2023-09-03,0
APP002007,Male,Yes,0,Graduate,Salaried,246341.0,74961.0,45000.0,84,,North,43.0,2023-08-31,0
APP000302,Male,No,3,Graduate,Salaried,65916.0,11949.0,95000.0,120,1.0,South,53.0,2023-03-08,0
APP000366,Male,Yes,0,Graduate,Salaried,26451.0,8989.0,65000.0,120,1.0,EAST,40.0,2024-03-28,0
APP004296,Male,Yes,3,Graduate,Self-Employed,,24096.0,53000.0,60,0.0,South,22.0,2023-04-09,1
APP000103,Male,Yes,3,Graduate,Salaried ,17133.0,5546.0,118000.0,180,1.0,West,37.0,2024-12-19,0
APP005818,Female,No,3,Not Graduate,salaried,72539.0,983.0,128000.0,84,1.0,North,21.0,2024-03-14,1
APP002793,Male,Yes,1,Not Graduate,Salaried,47089.0,10991.0,35000.0,240,1.0,North,38.0,2024-05-03,0
APP003702,Female,Yes,3,Graduate,SELF-EMPLOYED,73685.0,19446.0,105000.0,36,1.0,South,41.0,2024-06-23,1
APP002796,Female,Yes,1,Graduate,Salaried,39267.0,3545.0,89000.0,84,1.0,North,40.0,2024-05-17,0
APP004365,Male,Yes,0,Graduate,salaried,24475.0,3091.0,150000.0,24,1.0,South,43.0,2023-11-04,0
APP002732,,Yes,3,Graduate,Salaried ,26019.0,5562.0,163000.0,84,1.0,EAST,27.0,2023-08-14,0
APP005274,Female,No,0,Graduate,Salaried,32078.0,2974.0,181000.0,240,1.0,north,38.0,2024-11-15,0
APP004010,Male,No,4,Not Graduate,Self-Employed,113103.0,17300.0,54000.0,120,1.0,West,32.0,2024-02-23,1
APP003785,Female,Yes,1,Graduate,Salaried,29435.0,6506.0,89000.0,60,,EAST,42.0,2023-08-12,0
APP003006,Female,Yes,2,Graduate,Salaried ,65247.0,6183.0,124000.0,84,1.0,West,47.0,2024-02-19,0
APP004191,Female,Yes,3,Graduate,Salaried,,4929.0,64000.0,180,1.0,North,,2023-02-04,0
APP001488,Female,No,1,Graduate,Salaried,104147.0,5333.0,51000.0,180,1.0,North,40.0,2024-10-03,0
APP004783,Male,Yes,1,Not Graduate,Salaried,54948.0,8052.0,131000.0,24,1.0,South,34.0,2023-03-15,0
APP004981,Female,No,0,Not Graduate,Salaried,24183.0,763.0,242000.0,12,0.0,North,38.0,2023-03-17,0
APP000375,Male,Yes,1,Graduate,SELF-EMPLOYED,27820.0,6096.0,166000.0,240,1.0,East,58.0,2023-06-22,0
APP001214,Female,No,2,Graduate,Self-Employed,77535.0,11965.0,57000.0,180,1.0,East,62.0,2023-11-16,0
APP000545,Female,Yes,0,Graduate,Self-Employed,21834.0,7338.0,83000.0,180,1.0,East,36.0,2024-02-29,0
APP001352,Male,No,0,Graduate,Salaried,52769.0,6968.0,78000.0,36,1.0,South,31.0,2023-08-14,0
APP000292,Male,Yes,0,Graduate,self employed,20340.0,1505.0,261000.0,84,1.0,north,36.0,2024-08-04,0
APP004455,Female,Yes,1,Graduate,SELF-EMPLOYED,19147.0,1909.0,78000.0,360,1.0,East,30.0,2024-04-27,0
APP000390,Female,Yes,3,Graduate,Salaried,38566.0,8911.0,131000.0,120,1.0,West,21.0,2024-11-08,0
APP002870,Male,Yes,4,Graduate,Salaried,37049.0,12298.0,78000.0,360,,West ,45.0,2023-11-09,0
APP005314,Female,Yes,1,Graduate,Self-Employed,52371.0,14680.0,106000.0,84,1.0,North,27.0,2023-03-18,0
APP003733,Male,Yes,4,Graduate,self employed,84435.0,12765.0,48000.0,180,1.0,South,21.0,2023-04-29,0
APP001871,Female,Yes,4,Not Graduate,self employed,80979.0,16088.0,66000.0,48,1.0,West,29.0,2023-05-14,1
APP004475,Female,Yes,1,Graduate,Salaried ,87457.0,22969.0,118000.0,24,1.0,East,31.0,2023-11-09,1
APP000248,Female,Yes,3,Graduate,Salaried,14455.0,3234.0,70000.0,180,1.0,North,39.0,2024-10-04,0
APP004043,Male,Yes,1,Graduate,Salaried,107862.0,18682.0,43000.0,12,1.0,North,36.0,2023-06-25,0
APP003232,Female,No,3,Not Graduate,Self-Employed,73453.0,22059.0,60000.0,48,1.0,West,22.0,2023-11-07,0
APP002165,Male,Yes,1,Graduate,Self-Employed,32987.0,9385.0,90000.0,12,1.0,East,35.0,2023-05-18,0
APP002348,Male,Yes,3,Not Graduate,Self-Employed,44978.0,2493.0,75000.0,180,,North,29.0,2024-01-15,0
APP001297,Male,Yes,1,Graduate,Salaried,16630.0,4507.0,116000.0,180,1.0,South,51.0,2023-12-12,0
APP005765,Female,Yes,0,Graduate,self employed,21632.0,5867.0,24000.0,360,1.0,South,29.0,2024-10-24,0
APP003065,Female,Yes,0,Not Graduate,Salaried ,23452.0,379.0,91000.0,84,0.0,West,27.0,2024-05-03,0
APP005496,Male,Yes,3,Graduate,Salaried,,718.0,149000.0,120,1.0,North,35.0,2024-12-26,0
APP000411,Male,Yes,1,Graduate,Self-Employed,86564.0,21384.0,38000.0,240,1.0,West,28.0,2024-04-04,0
APP002006,Female,No,2,Not Graduate,SELF-EMPLOYED,58839.0,11.0,34000.0,120,1.0,North,23.0,2024-01-09,0
APP005231,Female,Yes,0,Graduate,Salaried ,71587.0,8516.0,65000.0,84,1.0,West ,35.0,2023-12-08,0
APP001895,Male,Yes,3,Not Graduate,Self-Employed,60201.0,6174.0,50000.0,36,1.0,West,49.0,2024-03-26,0
APP001185,Male,No,1,Graduate,Salaried ,76025.0,5799.0,53000.0,180,1.0,North,50.0,2024-09-15,0
APP004961,Male,Yes,0,Graduate,self employed,197147.0,61106.0,148000.0,240,1.0,north,39.0,2023-04-06,0
APP003005,Male,No,0,Graduate,self employed,217658.0,53098.0,95000.0,48,1.0,South,46.0,2024-08-04,0
APP001899,Male,Yes,1,Graduate,salaried,20692.0,2408.0,173000.0,60,1.0,South,42.0,2023-01-09,0
APP000833,Male,Yes,0,Not Graduate,Salaried ,49877.0,10288.0,70000.0,60,1.0,EAST,37.0,2024-01-27,0
APP002228,Female,No,1,Graduate,Salaried,51712.0,8736.0,56000.0,84,0.0,South,51.0,2024-06-08,0
APP001804,Male,Yes,2,Graduate,Salaried,76969.0,21235.0,372000.0,48,1.0,West,53.0,2024-12-23,0
APP000691,Male,No,0,Graduate,SELF-EMPLOYED,81576.0,25152.0,57000.0,120,1.0,South,55.0,2023-11-20,0
APP004986,Male,No,1,Graduate,SELF-EMPLOYED,27277.0,2443.0,55000.0,48,,EAST,46.0,2024-05-16,0
APP002519,Female,Yes,0,Not Graduate,Salaried ,58980.0,10516.0,,360,1.0,EAST,60.0,2023-08-22,0
APP002753,Male,Yes,0,Graduate,Salaried,40709.0,13666.0,87000.0,36,,North,24.0,2024-03-18,0
APP005992,Male,Yes,1,Graduate,SELF-EMPLOYED,50981.0,11787.0,148000.0,120,0.0,South,37.0,2024-07-01,0
APP001513,Female,Yes,1,Graduate,SELF-EMPLOYED,35147.0,2847.0,43000.0,84,,EAST,52.0,2024-04-16,0
APP005327,Male,Yes,2,Not Graduate,Salaried,63763.0,5732.0,119000.0,36,1.0,North,33.0,2024-05-30,0
APP005266,Male,No,2,Graduate,Salaried,33259.0,3658.0,72000.0,240,1.0,West,38.0,2024-06-15,0
APP004095,Male,Yes,2,Graduate,Salaried ,27044.0,5880.0,266000.0,180,1.0,East,46.0,2023-04-27,0
APP001076,Male,No,1,Graduate,SELF-EMPLOYED,40193.0,11284.0,86000.0,180,1.0,South,34.0,2023-02-26,0
APP005884,Female,No,0,Not Graduate,Salaried,57638.0,18499.0,22000.0,60,,North,32.0,2023-07-04,0
APP003491,Male,Yes,0,Graduate,Self-Employed,66141.0,13217.0,105000.0,180,1.0,north,38.0,2023-09-15,0
APP004102,Male,No,0,Graduate,Salaried ,82370.0,25402.0,20000.0,24,1.0,North,39.0,2024-12-01,0
APP002358,Male,Yes,3,Graduate,SELF-EMPLOYED,78898.0,21472.0,82000.0,60,1.0,North,56.0,2023-10-10,0
APP002440,Male,Yes,1,Graduate,SELF-EMPLOYED,42800.0,4308.0,52000.0,180,1.0,North,57.0,2023-07-21,0
APP002112,Male,No,4,Graduate,Self-Employed,30700.0,7798.0,79000.0,240,1.0,north,39.0,2024-08-04,1
APP000770,Female,Yes,1,Graduate,SELF-EMPLOYED,65727.0,21669.0,50000.0,84,1.0,East,38.0,2024-06-21,0
APP005103,Male,Yes,1,Graduate,salaried,161303.0,49679.0,62000.0,84,0.0,West,50.0,2023-12-16,0
APP004586,Female,Yes,0,Graduate,Salaried,28325.0,8605.0,45000.0,24,1.0,North,47.0,2024-09-16,0
APP002868,Female,Yes,1,Not Graduate,Salaried,56393.0,7132.0,255000.0,360,1.0,North,29.0,2023-06-24,0
APP005833,Female,No,2,Not Graduate,Salaried ,173682.0,42765.0,92000.0,36,1.0,South,28.0,2023-05-07,0
APP002967,Female,Yes,0,Graduate,Salaried ,62611.0,18494.0,73000.0,120,1.0,East,46.0,2024-04-11,1
APP002603,Female,Yes,3,Graduate,SELF-EMPLOYED,,13659.0,50000.0,180,1.0,North,36.0,2023-06-14,0
APP001947,Male,Yes,4,Not Graduate,self employed,34231.0,4573.0,150000.0,84,1.0,EAST,61.0,2023-12-17,0
APP000555,Female,Yes,3,Graduate,salaried,25102.0,3620.0,143000.0,36,1.0,South,38.0,2023-08-14,0
APP005874,Female,No,0,Graduate,Salaried ,17685.0,2853.0,60000.0,24,1.0,East,35.0,2023-12-10,0
APP000753,Female,Yes,3,Not Graduate,Salaried,13209.0,1586.0,128000.0,60,1.0,South,49.0,2024-06-05,0
APP003116,Female,Yes,0,Not Graduate,Salaried ,50937.0,10271.0,241000.0,24,1.0,EAST,39.0,2023-08-26,1
APP001362,Male,No,0,Graduate,salaried,30359.0,8886.0,209000.0,60,1.0,South,36.0,2023-03-25,0
APP003747,Female,Yes,1,Graduate,salaried,165691.0,10237.0,47000.0,84,1.0,West,42.0,2023-07-22,0
APP002683,Male,No,1,Graduate,Salaried,172618.0,43590.0,176000.0,120,1.0,East,32.0,2023-08-18,0
APP001042,Female,No,1,Graduate,Self-Employed,30951.0,213.0,93000.0,48,1.0,North,49.0,2023-12-27,1
APP003285,Male,Yes,2,Graduate,self employed,32758.0,5683.0,77000.0,60,0.0,East,41.0,2024-08-29,0
APP004873,Male,Yes,0,Graduate,Self-Employed,78546.0,4443.0,36000.0,24,1.0,South,42.0,2024-03-27,0
APP005725,Male,Yes,1,Not Graduate,salaried,36587.0,2091.0,181000.0,48,1.0,South,46.0,2024-10-22,0
APP000364,Male,Yes,1,Graduate,Self-Employed,40528.0,2627.0,133000.0,240,0.0,North,38.0,2024-07-12,0
APP004675,Male,No,2,Graduate,Self-Employed,25365.0,351.0,183000.0,84,1.0,East,36.0,2024-05-31,0
APP002765,Male,No,3,Not Graduate,Salaried ,36906.0,3060.0,49000.0,24,,EAST,60.0,2023-05-16,1
APP001136,Male,Yes,3,Not Graduate,self employed,33398.0,8344.0,169000.0,120,0.0,East,38.0,2023-01-23,1
APP003213,Male,Yes,0,Not Graduate,self employed,61473.0,13127.0,47000.0,36,1.0,East,28.0,2024-01-15,0
APP004703,Female,Yes,1,Graduate,Self-Employed,114508.0,7464.0,119000.0,120,0.0,West ,31.0,2023-02-04,0
APP003412,Male,Yes,3,Graduate,self employed,37957.0,6595.0,60000.0,240,1.0,EAST,49.0,2023-05-23,0
APP002428,Female,Yes,3,Graduate,Self-Employed,39274.0,8670.0,,36,0.0,North,39.0,2023-04-28,0
APP001680,Female,Yes,3,Not Graduate,self employed,46441.0,15771.0,57000.0,84,1.0,East,31.0,2023-01-22,0
APP000551,Male,Yes,1,Graduate,Salaried,86232.0,7404.0,111000.0,36,1.0,East,49.0,2024-08-08,0
APP003590,Male,No,3,Graduate,Salaried ,23667.0,5409.0,70000.0,84,1.0,North,58.0,2024-12-25,0
APP002357,Female,Yes,2,Graduate,Salaried,50472.0,11963.0,28000.0,12,1.0,East,26.0,2024-09-30,0
APP002798,Female,Yes,0,Graduate,Self-Employed,15880.0,999.0,51000.0,24,1.0,South,53.0,2023-01-28,0
APP004713,Male,Yes,0,Graduate,salaried,107882.0,22112.0,119000.0,84,1.0,West,29.0,2023-08-25,0
APP001623,Male,Yes,2,Graduate,Salaried ,15640.0,148.0,135000.0,48,1.0,South,23.0,2024-06-22,0
APP002521,Female,No,2,Graduate,Salaried,87658.0,4259.0,83000.0,180,1.0,West ,45.0,2024-03-06,0
APP004537,Male,Yes,4,Graduate,salaried,131004.0,41222.0,95000.0,360,,North,45.0,2024-04-08,0
APP005532,Male,Yes,3,Graduate,Salaried,44980.0,7575.0,60000.0,60,,North,50.0,2023-12-23,0
APP003869,Female,No,3,Graduate,salaried,39684.0,1186.0,159000.0,120,1.0,West,32.0,2023-05-04,1
APP004947,Female,Yes,3,Graduate,Salaried,57305.0,8542.0,84000.0,180,0.0,South,33.0,2024-02-12,1
APP003015,Female,Yes,0,Not Graduate,Salaried,106988.0,19844.0,159000.0,240,1.0,West,48.0,2024-06-19,0
APP004834,Male,Yes,0,Graduate,SELF-EMPLOYED,51889.0,14078.0,34000.0,60,0.0,East,29.0,2024-10-18,0
APP003121,Male,Yes,0,Not Graduate,Salaried,59762.0,10791.0,65000.0,360,1.0,North,33.0,2024-09-14,0
APP000843,Male,No,0,Graduate,Salaried,28597.0,2046.0,141000.0,180,,North,35.0,2023-09-06,1
APP002496,Male,No,2,Not Graduate,salaried,47670.0,11132.0,99000.0,180,1.0,South,49.0,2024-05-25,0
APP002069,Male,No,4,Graduate,Self-Employed,29088.0,3454.0,157000.0,120,1.0,West ,21.0,2024-07-14,0
APP004958,Female,Yes,0,Graduate,Salaried ,57602.0,11259.0,68000.0,60,1.0,North,32.0,2023-05-27,0
APP000880,Male,Yes,2,Graduate,Salaried ,129519.0,13072.0,46000.0,120,,East,23.0,2024-11-21,1
APP005483,Male,No,0,Graduate,Self-Employed,17114.0,5391.0,113000.0,36,,West ,22.0,2023-02-01,0
APP003784,Female,No,0,Graduate,SELF-EMPLOYED,55684.0,2815.0,45000.0,360,1.0,East,39.0,2024-05-09,0
APP005477,Male,No,2,Graduate,salaried,49292.0,940.0,44000.0,120,1.0,north,43.0,2024-05-14,0
APP004314,Female,No,1,Graduate,Salaried,,5970.0,73000.0,240,1.0,EAST,47.0,2023-03-03,0
APP000864,Male,Yes,0,Graduate,SELF-EMPLOYED,18797.0,323.0,80000.0,60,1.0,North,30.0,2023-02-02,0
APP000759,Female,No,1,Graduate,Salaried ,39102.0,4022.0,45000.0,84,1.0,East,30.0,2024-04-30,0
APP003122,Male,Yes,0,Graduate,salaried,66021.0,6428.0,48000.0,84,1.0,South,41.0,2024-08-22,0
APP004409,Male,Yes,1,Not Graduate,Salaried,48977.0,3109.0,80000.0,180,0.0,East,43.0,2023-11-25,1
APP002403,Male,Yes,0,Graduate,Salaried,39548.0,3591.0,83000.0,60,1.0,West,41.0,2024-02-06,0
APP004622,Female,Yes,0,Graduate,self employed,53773.0,3642.0,171000.0,84,1.0,EAST,56.0,2024-10-06,0
APP002060,Male,Yes,0,Not Graduate,Salaried ,38191.0,3738.0,61000.0,24,1.0,North,49.0,2024-04-07,0
APP004405,Female,Yes,2,Not Graduate,Self-Employed,44082.0,9643.0,200000.0,240,,North,21.0,2024-11-21,0
APP004581,Female,No,0,Graduate,self employed,88696.0,167.0,133000.0,84,1.0,north,21.0,2023-03-22,0
APP003617,Male,No,1,Graduate,self employed,67585.0,4354.0,72000.0,180,1.0,East,49.0,2023-12-29,0
APP002578,Female,Yes,3,Not Graduate,Salaried,28717.0,3904.0,144000.0,24,1.0,West,33.0,2023-02-18,0
APP001912,Female,No,4,Not Graduate,Salaried,33922.0,122.0,148000.0,60,0.0,South,55.0,2023-03-01,1
APP002646,Male,Yes,2,Graduate,Salaried,68530.0,15927.0,71000.0,24,1.0,West,35.0,2024-04-29,0
APP004025,Female,No,1,Graduate,Salaried ,37290.0,10887.0,69000.0,60,1.0,South,28.0,2024-10-04,0
APP005387,Male,No,2,Graduate,self employed,32396.0,9837.0,83000.0,240,1.0,South,45.0,2023-10-31,0
APP001074,Male,Yes,4,Graduate,Salaried ,52850.0,10799.0,178000.0,24,1.0,South,40.0,2023-11-16,1
APP001754,Male,No,1,Graduate,Self-Employed,193714.0,23622.0,106000.0,60,1.0,West,26.0,2024-08-19,0
APP001160,Male,Yes,0,Graduate,Self-Employed,72658.0,1909.0,188000.0,84,1.0,EAST,51.0,2024-01-08,0
APP000059,Male,No,0,Graduate,salaried,42358.0,11412.0,127000.0,24,,East,29.0,2024-12-17,0
APP001327,Male,Yes,4,Graduate,Self-Employed,209632.0,37791.0,47000.0,360,1.0,EAST,50.0,2024-02-24,0
APP005170,Female,Yes,2,Not Graduate,Salaried,60082.0,13202.0,59000.0,36,1.0,West,40.0,2023-09-30,0
APP002295,Male,Yes,3,Graduate,Salaried ,58149.0,18678.0,80000.0,84,1.0,West ,67.0,2024-11-02,0
APP004195,Female,Yes,1,Not Graduate,salaried,23314.0,307.0,166000.0,84,1.0,South,38.0,2024-07-15,0
APP004073,Female,No,2,Not Graduate,Salaried,61089.0,15616.0,125000.0,180,1.0,East,42.0,2024-10-30,0
APP001239,Female,No,0,Not Graduate,salaried,83838.0,22499.0,72000.0,120,1.0,South,45.0,2024-05-28,0
APP004829,Male,No,0,Graduate,Self-Employed,41175.0,5579.0,41000.0,36,,North,36.0,2024-02-27,0
APP005417,Male,No,0,Graduate,Salaried,18904.0,6548.0,119000.0,240,1.0,North,51.0,2023-07-29,0
APP002399,Female,Yes,0,Not Graduate,Self-Employed,47057.0,11584.0,82000.0,360,0.0,West,51.0,2023-11-11,0
APP003504,Male,No,1,Not Graduate,SELF-EMPLOYED,75626.0,22388.0,107000.0,36,0.0,South,55.0,2023-09-02,1
APP002694,Male,No,1,Graduate,Salaried,65964.0,1268.0,188000.0,120,1.0,north,40.0,2023-05-15,0
APP004595,Male,Yes,2,Graduate,Salaried,31616.0,2102.0,83000.0,84,1.0,South,32.0,2024-04-27,0
APP003134,Male,Yes,0,Not Graduate,Salaried,28010.0,4814.0,128000.0,48,1.0,North,54.0,2023-07-19,0
APP004843,Male,Yes,1,Not Graduate,salaried,61253.0,19028.0,85000.0,240,1.0,South,45.0,2023-08-25,0
APP002530,Female,No,2,Graduate,salaried,49342.0,8945.0,55000.0,48,0.0,West ,31.0,2024-03-28,0
APP005329,Male,Yes,2,Graduate,self employed,52939.0,3330.0,106000.0,60,,South,39.0,2023-12-19,0
APP001478,Female,Yes,1,Graduate,Self-Employed,34103.0,2861.0,,60,1.0,North,47.0,2024-04-14,0
APP001514,Male,Yes,0,Graduate,self employed,64459.0,7676.0,104000.0,120,,North,41.0,2023-09-08,1
APP002197,,Yes,3,Graduate,Salaried,47240.0,6615.0,132000.0,12,1.0,EAST,36.0,2023-10-01,0
APP005381,Male,No,0,Graduate,Salaried,33887.0,10422.0,76000.0,36,1.0,East,55.0,2023-04-18,0
APP003286,Male,Yes,3,Not Graduate,Self-Employed,32626.0,2432.0,50000.0,84,0.0,north,61.0,2024-12-29,1
APP000356,Female,No,0,Graduate,SELF-EMPLOYED,64716.0,2868.0,158000.0,360,1.0,East,37.0,2023-10-08,0
APP003069,Male,No,2,Graduate,Self-Employed,30993.0,5334.0,42000.0,12,1.0,West,52.0,2024-03-04,0
APP003990,Female,Yes,2,Graduate,Self-Employed,54481.0,14473.0,99000.0,60,1.0,EAST,30.0,2024-11-01,0
APP001069,Male,Yes,4,Graduate,Salaried,57663.0,2237.0,254000.0,180,0.0,EAST,45.0,2024-06-23,1
APP003414,Male,Yes,0,Graduate,SELF-EMPLOYED,48346.0,5992.0,103000.0,360,0.0,East,41.0,2023-01-28,0
APP002196,Male,No,0,Graduate,SELF-EMPLOYED,26315.0,7170.0,235000.0,12,1.0,north,54.0,2023-09-10,0
APP004936,Male,Yes,0,Graduate,Salaried,39719.0,13188.0,97000.0,180,1.0,West,47.0,2023-03-06,0
APP000077,Female,Yes,2,Not Graduate,Salaried ,107475.0,11388.0,91000.0,240,0.0,North,21.0,2024-10-16,1
APP000517,Male,No,0,Graduate,Salaried,76930.0,5990.0,133000.0,84,1.0,East,56.0,2023-12-01,0
APP003889,Female,No,0,Graduate,Self-Employed,31745.0,5745.0,50000.0,360,0.0,East,44.0,2024-08-26,1
APP003290,Male,Yes,1,Not Graduate,Self-Employed,35922.0,2649.0,147000.0,36,1.0,North,25.0,2024-12-02,1
APP001800,Male,Yes,0,Graduate,SELF-EMPLOYED,63135.0,931.0,131000.0,360,,North,39.0,2024-05-04,1
APP005552,Male,No,0,Graduate,Salaried ,55732.0,5773.0,114000.0,48,1.0,North,51.0,2023-05-01,0
APP001127,Male,No,1,Not Graduate,Salaried ,41542.0,13467.0,357000.0,48,0.0,North,51.0,2024-01-28,0
APP005019,Male,No,2,Graduate,Self-Employed,37551.0,3999.0,70000.0,36,1.0,North,57.0,2024-05-21,0
APP002501,Female,Yes,0,Graduate,Self-Employed,56096.0,18205.0,146000.0,180,1.0,West,48.0,2024-02-24,0
APP004096,Male,Yes,1,Graduate,salaried,58966.0,13283.0,112000.0,24,1.0,West ,48.0,2023-04-09,0
APP005203,Female,Yes,1,Not Graduate,Self-Employed,50663.0,13639.0,98000.0,24,1.0,East,52.0,2024-08-28,0
APP005876,Male,Yes,0,Graduate,Salaried,46163.0,2873.0,73000.0,180,0.0,South,49.0,2023-07-09,1
APP005898,Male,Yes,2,Graduate,Salaried,132692.0,36786.0,49000.0,120,0.0,East,39.0,2023-05-04,1
APP000193,Female,No,1,Graduate,Salaried,62697.0,18386.0,58000.0,48,0.0,North,30.0,2024-06-03,0
APP004377,Male,No,1,Graduate,Self-Employed,113870.0,30096.0,78000.0,36,1.0,South,38.0,2024-04-24,0
APP004079,Female,Yes,3,Graduate,self employed,53069.0,6950.0,85000.0,60,1.0,South,41.0,2023-06-03,0
APP003465,Male,No,3,Graduate,Salaried ,69844.0,11644.0,62000.0,48,1.0,South,30.0,2024-07-31,0
APP001039,Male,Yes,1,Not Graduate,Salaried,138502.0,27003.0,306000.0,120,1.0,West ,60.0,2024-01-19,0
APP002179,Female,Yes,0,Graduate,Salaried ,15361.0,2949.0,338000.0,240,1.0,West ,21.0,2024-12-29,0
APP001960,Female,Yes,2,Graduate,Salaried ,33303.0,8884.0,101000.0,48,1.0,South,32.0,2023-04-04,0
APP002996,Female,Yes,0,Graduate,salaried,20157.0,5725.0,94000.0,180,0.0,North,21.0,2024-06-18,0
APP004106,Female,No,0,Not Graduate,SELF-EMPLOYED,23335.0,7452.0,95000.0,120,0.0,South,35.0,2023-01-18,0
APP005803,Male,Yes,4,Not Graduate,self employed,20078.0,5496.0,,84,1.0,East,28.0,2023-09-06,0
APP002682,Female,Yes,0,Graduate,Self-Employed,61084.0,1225.0,103000.0,84,1.0,South,29.0,2023-06-19,0
APP005378,Male,No,1,Graduate,Salaried ,100953.0,32128.0,85000.0,84,1.0,North,21.0,2024-04-25,0
APP002506,Male,Yes,2,Graduate,Salaried,57105.0,13425.0,461000.0,48,1.0,West,32.0,2023-04-06,0
APP001304,Male,Yes,2,Graduate,Salaried,50926.0,12151.0,79000.0,360,1.0,North,44.0,2024-08-04,0
APP000627,Male,No,4,Graduate,Self-Employed,18145.0,5902.0,86000.0,120,1.0,West,60.0,2023-05-05,0
APP001174,Male,No,2,Graduate,Salaried ,39601.0,8941.0,300000.0,240,1.0,North,40.0,2024-08-09,0
APP001433,Male,No,0,Graduate,Self-Employed,116855.0,34010.0,40000.0,60,0.0,South,36.0,2023-01-31,1
APP001100,Male,Yes,0,Graduate,salaried,45899.0,11217.0,153000.0,12,1.0,West,51.0,2024-06-16,0
APP005493,Male,No,2,Graduate,Salaried,98820.0,19723.0,46000.0,84,1.0,East,43.0,2024-01-11,0
APP001909,Male,Yes,0,Not Graduate,SELF-EMPLOYED,,3410.0,189000.0,360,1.0,EAST,42.0,2023-10-29,0
APP005182,Female,Yes,2,Graduate,SELF-EMPLOYED,75942.0,19205.0,83000.0,120,1.0,East,21.0,2024-11-23,0
APP005947,Male,No,2,Graduate,Salaried ,36630.0,5773.0,102000.0,240,1.0,North,34.0,2023-01-24,0
APP005246,Female,Yes,0,Not Graduate,Self-Employed,29867.0,5209.0,154000.0,180,1.0,West,29.0,2023-12-03,0
APP005222,Male,Yes,3,Not Graduate,Salaried,28899.0,6021.0,122000.0,36,1.0,South,24.0,2024-09-19,1
APP005236,Male,Yes,2,Not Graduate,Salaried ,48746.0,2389.0,152000.0,36,1.0,West,36.0,2024-11-10,0
APP001406,Male,Yes,3,Graduate,Salaried,35805.0,11377.0,78000.0,360,1.0,North,21.0,2024-03-21,0
APP001911,Male,Yes,2,Graduate,Self-Employed,30656.0,9083.0,70000.0,84,1.0,West,26.0,2023-12-13,0
APP002199,Male,Yes,2,Graduate,salaried,31879.0,4401.0,31000.0,84,0.0,North,21.0,2024-04-10,0
APP005392,Male,Yes,0,Graduate,Salaried,20248.0,5780.0,216000.0,36,,EAST,64.0,2024-12-24,0
APP000836,Male,No,0,Graduate,Salaried ,71710.0,17604.0,195000.0,36,1.0,north,44.0,2024-12-13,0
APP005960,Female,Yes,0,Graduate,Salaried,,26260.0,65000.0,360,1.0,South,34.0,2023-12-06,0
APP002814,Male,Yes,0,Not Graduate,self employed,63499.0,19377.0,166000.0,360,1.0,North,38.0,2023-12-30,0
APP000310,Male,Yes,2,Graduate,Salaried,19327.0,5595.0,120000.0,84,1.0,West,42.0,2023-09-24,0
APP001413,Male,No,0,Graduate,Salaried,,21201.0,81000.0,24,1.0,West,47.0,2023-03-31,0
APP000776,Male,No,4,Graduate,Self-Employed,12180.0,493.0,55000.0,48,1.0,South,30.0,2024-03-30,0
APP000485,Female,No,2,Not Graduate,Salaried ,57528.0,12895.0,136000.0,24,1.0,South,26.0,2024-03-15,0
APP005600,Female,Yes,0,Graduate,Salaried,36573.0,2611.0,86000.0,60,0.0,South,40.0,2024-02-13,0
APP000368,Female,Yes,0,Graduate,self employed,50891.0,12061.0,47000.0,180,,North,43.0,2023-06-27,0
APP000571,Male,Yes,0,Not Graduate,Salaried,78578.0,11767.0,91000.0,12,1.0,East,55.0,2024-07-26,0
APP005908,Female,Yes,0,Not Graduate,Salaried,48272.0,5642.0,105000.0,84,0.0,South,57.0,2024-07-18,0
APP000650,Male,No,0,Graduate,SELF-EMPLOYED,34861.0,7624.0,168000.0,36,1.0,South,53.0,2024-09-29,0
APP000041,Male,Yes,3,Graduate,Self-Employed,69918.0,13350.0,62000.0,180,1.0,South,45.0,2023-07-30,0
APP003516,Female,Yes,1,Not Graduate,Salaried ,39344.0,6829.0,47000.0,120,1.0,north,38.0,2023-10-29,0
APP000442,Female,Yes,2,Not Graduate,Salaried,28358.0,5317.0,76000.0,240,1.0,North,21.0,2023-12-22,0
APP001594,Male,Yes,2,Graduate,Salaried,22539.0,2169.0,48000.0,84,1.0,South,21.0,2024-11-30,0
APP002264,Male,No,0,Not Graduate,Salaried ,41613.0,2948.0,57000.0,240,0.0,East,52.0,2023-02-24,1
APP000897,Male,No,0,Graduate,self employed,31383.0,5408.0,155000.0,12,0.0,West,37.0,2023-07-13,0
APP001072,Male,Yes,0,Graduate,salaried,133305.0,26025.0,135000.0,120,1.0,South,35.0,2023-02-16,0
APP001542,Male,No,0,Graduate,SELF-EMPLOYED,27037.0,1504.0,133000.0,120,1.0,North,41.0,2023-05-19,0
APP001405,Female,No,1,Not Graduate,Self-Employed,89272.0,15366.0,111000.0,24,,West,30.0,2024-03-20,0
APP000352,Female,Yes,2,Graduate,Salaried ,27226.0,9363.0,,180,1.0,East,37.0,2023-03-08,1
APP003563,Male,Yes,0,Graduate,Self-Employed,79644.0,2959.0,122000.0,48,,EAST,25.0,2024-03-20,0
APP005368,Male,Yes,0,Graduate,Salaried,35570.0,8606.0,52000.0,60,0.0,West,40.0,2023-09-17,0
APP005125,Female,No,0,Graduate,Salaried ,30584.0,4646.0,125000.0,240,1.0,East,29.0,2023-09-22,0
APP005455,Female,Yes,0,Graduate,Salaried ,24285.0,5396.0,44000.0,24,,East,50.0,2024-02-26,0
APP001270,Male,Yes,1,Graduate,salaried,34648.0,9279.0,43000.0,240,1.0,EAST,45.0,2024-12-16,0
APP005989,Female,Yes,2,Graduate,SELF-EMPLOYED,44080.0,2284.0,53000.0,24,1.0,North,44.0,2024-03-10,1
APP004283,Male,Yes,1,Graduate,Salaried,,5202.0,61000.0,180,1.0,East,39.0,2024-11-27,1
APP002032,Male,Yes,4,Graduate,Salaried,122638.0,28632.0,58000.0,120,1.0,EAST,33.0,2024-10-16,0
APP000946,Male,No,0,Graduate,Salaried,102727.0,29092.0,107000.0,48,1.0,North,44.0,2023-03-21,0
APP001690,Female,Yes,1,Graduate,Salaried ,31195.0,3163.0,133000.0,360,1.0,South,54.0,2024-01-26,0
APP005131,Male,Yes,2,Graduate,Salaried,65640.0,3448.0,73000.0,180,1.0,West ,33.0,2023-06-07,0
APP000073,Male,Yes,2,Not Graduate,Salaried,42425.0,13502.0,96000.0,12,1.0,north,34.0,2024-12-30,0
APP004859,Female,Yes,0,Graduate,Salaried,79390.0,22177.0,81000.0,240,1.0,West,36.0,2023-05-05,0
APP005071,Male,Yes,4,Graduate,Salaried ,174225.0,53199.0,141000.0,360,1.0,South,46.0,2023-12-03,0
APP004333,Male,Yes,0,Graduate,SELF-EMPLOYED,63007.0,10604.0,61000.0,24,1.0,North,56.0,2023-12-30,0
APP000995,Male,No,3,Not Graduate,SELF-EMPLOYED,14551.0,1798.0,63000.0,84,1.0,East,42.0,2024-08-01,0
APP000763,Male,Yes,2,Not Graduate,Salaried ,62129.0,21383.0,55000.0,12,1.0,West ,28.0,2023-10-21,0
APP004123,Female,No,0,Not Graduate,Salaried ,45127.0,12290.0,112000.0,12,1.0,West,39.0,2023-05-09,0
APP002138,Female,No,0,Graduate,salaried,23688.0,5768.0,150000.0,120,1.0,East,33.0,2024-09-30,0
APP002836,Female,Yes,3,Graduate,Salaried,24990.0,6092.0,134000.0,24,0.0,South,38.0,2024-06-21,0
APP000174,Male,Yes,0,Graduate,SELF-EMPLOYED,81678.0,6152.0,105000.0,48,0.0,EAST,29.0,2023-03-26,0
APP002066,Female,No,0,Graduate,salaried,116404.0,7817.0,90000.0,84,1.0,West,46.0,2023-04-05,0
APP002857,Male,No,2,Graduate,Salaried,60962.0,11451.0,147000.0,180,1.0,West,,2024-09-07,0
APP001735,Male,No,0,Graduate,Self-Employed,,6817.0,101000.0,24,,South,46.0,2024-02-14,0
APP005462,Male,No,3,Not Graduate,Salaried ,48542.0,1203.0,60000.0,12,1.0,North,34.0,2024-04-15,0
APP003737,Female,No,0,Graduate,Salaried,25213.0,4400.0,109000.0,36,1.0,West ,54.0,2023-03-17,1
APP004865,Male,Yes,1,Graduate,Self-Employed,28708.0,8656.0,84000.0,360,1.0,South,41.0,2023-08-24,0
APP002853,Male,No,4,Not Graduate,SELF-EMPLOYED,70572.0,17231.0,153000.0,24,1.0,South,48.0,2024-12-23,0
APP002512,Female,Yes,1,Not Graduate,Salaried,34415.0,142.0,124000.0,48,1.0,North,54.0,2023-04-22,0
APP002959,Male,Yes,1,Graduate,Self-Employed,61410.0,11913.0,,120,1.0,North,41.0,2024-04-29,0
APP003188,Male,No,4,Graduate,Self-Employed,63401.0,13939.0,74000.0,60,1.0,South,25.0,2023-01-01,0
APP003176,Male,No,0,Graduate,self employed,42062.0,4541.0,100000.0,36,1.0,South,28.0,2023-09-10,0
APP001781,Male,Yes,0,Graduate,SELF-EMPLOYED,32245.0,9433.0,82000.0,24,0.0,West,27.0,2023-11-06,0
APP002352,Female,No,3,Graduate,SELF-EMPLOYED,34251.0,4093.0,125000.0,84,1.0,West,21.0,2024-05-18,0
APP001776,Male,Yes,0,Graduate,Self-Employed,64233.0,5903.0,94000.0,180,1.0,North,30.0,2023-12-30,0
APP001535,Male,No,2,Graduate,Salaried ,51038.0,15870.0,66000.0,360,0.0,East,38.0,2024-07-20,1
APP000839,Female,Yes,1,Graduate,self employed,,10195.0,275000.0,48,0.0,South,32.0,2024-01-02,0
APP003106,Male,Yes,0,Not Graduate,Self-Employed,46967.0,12538.0,100000.0,36,1.0,West ,34.0,2024-09-30,0
APP003766,Male,Yes,2,Graduate,Salaried,95316.0,2098.0,79000.0,60,,West ,36.0,2023-12-21,0
APP003335,Female,Yes,3,Not Graduate,Salaried,93007.0,9438.0,22000.0,360,1.0,EAST,43.0,2024-01-06,0
APP004610,Male,No,0,Graduate,self employed,51158.0,9038.0,130000.0,12,0.0,East,56.0,2024-05-17,0
APP000865,Male,Yes,1,Graduate,Salaried,61402.0,6125.0,154000.0,60,,South,41.0,2024-06-12,0
APP005591,Male,No,0,Graduate,Salaried,86712.0,13619.0,158000.0,36,1.0,South,32.0,2024-08-23,0
APP003917,Female,No,2,Graduate,self employed,56151.0,7688.0,61000.0,24,1.0,North,47.0,2023-12-24,0
APP000117,Female,Yes,2,Not Graduate,Salaried,,4358.0,,60,1.0,South,34.0,2024-01-22,0
APP004690,Female,No,2,Graduate,Salaried ,,6669.0,152000.0,120,0.0,East,50.0,2023-05-16,1
APP003677,Male,Yes,0,Graduate,Salaried,34721.0,4712.0,32000.0,24,1.0,North,37.0,2023-04-07,1
APP001904,Male,No,2,Graduate,self employed,39479.0,10737.0,149000.0,180,1.0,North,40.0,2023-05-20,0
APP000299,Female,Yes,3,Not Graduate,Self-Employed,24838.0,7073.0,55000.0,180,1.0,South,39.0,2023-08-28,0
APP000372,Male,Yes,1,Graduate,Self-Employed,,4915.0,102000.0,120,,West,40.0,2024-11-15,0
APP001900,Female,Yes,0,Graduate,Salaried,63036.0,18144.0,153000.0,60,1.0,EAST,26.0,2024-02-18,0
APP001294,Female,Yes,0,Graduate,Self-Employed,52267.0,10624.0,63000.0,180,,West,43.0,2024-01-24,0
APP000267,Female,Yes,0,Graduate,self employed,76452.0,16402.0,229000.0,120,1.0,West,27.0,2023-01-16,0
APP000161,Male,Yes,1,Graduate,Salaried,35839.0,4063.0,418000.0,120,1.0,West,40.0,2023-04-16,0
APP001785,Female,No,2,Not Graduate,Salaried,124342.0,28132.0,171000.0,84,1.0,North,,2024-10-10,0
APP004935,Male,No,3,Graduate,Self-Employed,46052.0,1554.0,213000.0,120,1.0,East,35.0,2023-09-19,0
APP005502,Male,No,0,Graduate,self employed,26710.0,8337.0,54000.0,36,1.0,north,28.0,2024-08-17,0
APP001030,Female,No,0,Graduate,Salaried,65131.0,18559.0,36000.0,48,1.0,West ,38.0,2023-08-22,0
APP000520,Male,Yes,3,Graduate,Salaried,36453.0,6138.0,136000.0,12,1.0,East,21.0,2023-07-24,0
APP004127,Female,Yes,3,Not Graduate,self employed,20297.0,2574.0,50000.0,120,0.0,South,32.0,2023-11-09,0
APP002447,Male,No,2,Graduate,salaried,39025.0,7553.0,25000.0,60,1.0,West,33.0,2024-02-14,0
APP003115,Male,Yes,1,Graduate,Self-Employed,30021.0,1438.0,137000.0,240,1.0,EAST,44.0,2023-03-31,0
APP003979,Male,Yes,0,Not Graduate,Salaried,46096.0,9182.0,113000.0,240,,South,32.0,2023-01-26,1
APP001915,Male,No,1,Graduate,Salaried ,66443.0,9027.0,108000.0,120,1.0,North,35.0,2023-11-06,0
APP005907,Male,Yes,2,Graduate,salaried,38055.0,833.0,46000.0,120,,East,42.0,2023-12-22,0
APP005798,Female,No,4,Graduate,Self-Employed,49858.0,9364.0,119000.0,180,0.0,South,27.0,2023-10-30,0
APP004239,Female,No,1,Not Graduate,Salaried,39535.0,13138.0,416000.0,36,1.0,South,21.0,2023-08-27,0
APP001610,,Yes,1,Graduate,SELF-EMPLOYED,46050.0,11703.0,59000.0,48,1.0,West,43.0,2024-04-28,0
APP004240,Male,Yes,1,Graduate,salaried,110604.0,4083.0,162000.0,84,1.0,West,21.0,2023-02-22,0
APP002924,Male,No,0,Graduate,SELF-EMPLOYED,40806.0,5271.0,94000.0,60,1.0,North,38.0,2023-07-05,0
APP004812,Female,Yes,0,Not Graduate,Self-Employed,35851.0,8297.0,144000.0,60,1.0,South,31.0,2023-04-25,1
APP000396,Female,Yes,1,Graduate,salaried,48638.0,9890.0,96000.0,180,0.0,East,30.0,2023-10-04,0
APP000095,Female,Yes,0,Graduate,SELF-EMPLOYED,51353.0,13920.0,145000.0,12,,North,40.0,2024-10-11,0
APP005840,Female,No,4,Graduate,Salaried,36792.0,3168.0,81000.0,60,1.0,South,41.0,2023-05-28,0
APP004841,Female,Yes,0,Not Graduate,Self-Employed,37452.0,9951.0,34000.0,120,1.0,North,57.0,2024-06-17,0
APP001786,Female,Yes,1,Graduate,SELF-EMPLOYED,53071.0,3566.0,90000.0,120,1.0,East,32.0,2024-05-18,0
APP001984,Male,Yes,1,Not Graduate,salaried,63162.0,8091.0,124000.0,48,0.0,West,34.0,2023-08-20,1
APP001937,Male,No,0,Graduate,Salaried,60607.0,2486.0,107000.0,48,0.0,North,41.0,2023-05-23,1
APP003365,Female,Yes,1,Graduate,self employed,92450.0,28509.0,58000.0,180,1.0,East,49.0,2024-08-11,0
APP000902,Male,Yes,2,Not Graduate,Self-Employed,57766.0,17499.0,129000.0,120,,South,49.0,2024-06-18,0
APP005668,Female,Yes,2,Graduate,Salaried ,17530.0,3980.0,48000.0,24,,North,45.0,2023-06-26,0
APP004007,Male,Yes,0,Graduate,Salaried,110522.0,29887.0,60000.0,120,0.0,North,,2023-06-04,1
APP001034,Male,Yes,1,Not Graduate,SELF-EMPLOYED,41136.0,5481.0,206000.0,24,1.0,West,66.0,2024-03-24,0
APP004384,Male,Yes,0,Not Graduate,Salaried,80904.0,26027.0,61000.0,240,1.0,South,37.0,2024-09-22,0
APP004930,Female,Yes,3,Graduate,Salaried,57225.0,5491.0,271000.0,48,1.0,North,49.0,2024-02-27,0
APP005711,Male,Yes,0,Not Graduate,Salaried ,46730.0,9401.0,321000.0,84,1.0,East,45.0,2023-03-17,1
APP004416,Male,Yes,2,Graduate,self employed,37647.0,4895.0,119000.0,84,1.0,East,48.0,2023-03-21,0
APP000605,Male,Yes,0,Graduate,SELF-EMPLOYED,36979.0,4238.0,66000.0,48,1.0,East,43.0,2023-01-14,0
APP004378,Female,Yes,3,Graduate,Salaried,61778.0,6681.0,41000.0,240,1.0,north,22.0,2024-03-05,0
APP000882,Female,No,0,Graduate,Salaried,51598.0,7502.0,58000.0,120,1.0,South,28.0,2024-04-06,0
APP005159,Male,No,1,Not Graduate,Salaried,97594.0,20720.0,187000.0,120,1.0,North,43.0,2024-08-02,0
APP002805,Male,Yes,1,Graduate,salaried,38665.0,9793.0,91000.0,60,1.0,East,49.0,2024-03-31,0
APP001432,Male,Yes,3,Graduate,salaried,21102.0,5260.0,136000.0,24,1.0,West,51.0,2023-06-18,0
APP005120,Male,No,0,Graduate,Salaried,44983.0,9166.0,108000.0,24,1.0,north,52.0,2024-01-11,0
APP003651,Female,Yes,0,Not Graduate,SELF-EMPLOYED,51583.0,287.0,107000.0,84,1.0,EAST,21.0,2023-02-11,0
APP005982,Male,No,2,Not Graduate,Salaried,17021.0,2734.0,108000.0,24,0.0,West ,50.0,2023-07-22,1
APP004263,Male,Yes,2,Not Graduate,Salaried ,48503.0,12509.0,209000.0,240,1.0,North,50.0,2024-01-31,1
APP005891,Female,Yes,1,Graduate,Self-Employed,63037.0,5637.0,72000.0,36,,South,21.0,2023-12-22,1
APP000113,Female,No,3,Graduate,salaried,93107.0,18409.0,118000.0,240,1.0,South,47.0,2024-10-15,0
APP002366,,No,0,Graduate,Salaried,47332.0,2490.0,,120,1.0,West,50.0,2023-03-29,0
APP001322,Male,Yes,2,Not Graduate,Self-Employed,78427.0,25886.0,78000.0,180,1.0,South,54.0,2023-05-29,0
APP005418,Male,Yes,0,Graduate,Salaried,39488.0,7822.0,106000.0,360,1.0,East,42.0,2023-01-22,0
APP002577,Female,Yes,0,Graduate,Salaried ,27513.0,7119.0,59000.0,24,1.0,West,43.0,2023-04-25,0
APP000948,Female,No,2,Graduate,salaried,37263.0,10886.0,115000.0,24,1.0,West,28.0,2024-04-22,0
APP005208,Male,Yes,1,Graduate,SELF-EMPLOYED,17135.0,5745.0,195000.0,60,1.0,West,24.0,2024-12-20,0
APP001588,Male,Yes,1,Graduate,self employed,46242.0,3296.0,117000.0,60,1.0,North,43.0,2023-04-07,0
APP005347,Male,No,3,Not Graduate,salaried,59719.0,13752.0,115000.0,180,0.0,South,47.0,2024-02-10,0
APP001178,Male,No,2,Not Graduate,self employed,29859.0,1484.0,38000.0,120,1.0,West ,23.0,2023-01-31,0
APP002642,Male,No,0,Graduate,self employed,17153.0,5821.0,33000.0,36,1.0,North,56.0,2023-12-28,0
APP004636,Female,Yes,4,Graduate,Salaried,102187.0,10805.0,76000.0,60,1.0,North,45.0,2024-05-16,0
APP002593,Male,Yes,3,Not Graduate,Self-Employed,63643.0,21295.0,146000.0,24,1.0,South,29.0,2024-05-28,1
APP005703,Male,Yes,1,Graduate,SELF-EMPLOYED,56278.0,16975.0,70000.0,240,1.0,East,28.0,2023-04-09,0
APP000631,Female,Yes,0,Graduate,Salaried,50718.0,6699.0,134000.0,240,1.0,East,36.0,2024-01-15,0
APP004286,Female,No,0,Not Graduate,self employed,32725.0,8120.0,46000.0,36,,north,36.0,2023-04-26,1
APP005994,Male,Yes,3,Graduate,Salaried,,7274.0,50000.0,240,1.0,West,23.0,2024-08-08,0
APP003261,Male,No,0,Graduate,SELF-EMPLOYED,120744.0,33829.0,170000.0,120,1.0,North,54.0,2023-05-07,0
APP004602,Female,Yes,1,Not Graduate,salaried,79177.0,8500.0,185000.0,24,1.0,West ,37.0,2023-10-07,0
APP000334,Male,Yes,1,Not Graduate,Salaried ,43797.0,14946.0,67000.0,84,1.0,West,41.0,2023-06-02,0
APP003433,Female,No,2,Graduate,Self-Employed,18537.0,5706.0,73000.0,12,1.0,South,27.0,2023-05-05,0
APP003592,Male,Yes,4,Not Graduate,Salaried,120908.0,23484.0,73000.0,60,1.0,East,50.0,2023-06-04,0
APP003478,Male,Yes,0,Graduate,Salaried,59204.0,11149.0,43000.0,24,1.0,West,35.0,2023-03-07,0
APP002684,Male,Yes,2,Graduate,SELF-EMPLOYED,18587.0,2296.0,165000.0,240,1.0,South,39.0,2023-11-05,0
APP003381,Male,No,1,Graduate,Salaried,18652.0,5561.0,209000.0,360,1.0,West,32.0,2024-02-11,0
APP001615,Male,Yes,1,Graduate,Salaried ,,1022.0,211000.0,60,1.0,West,52.0,2023-04-27,0
APP005804,Female,No,3,Graduate,Self-Employed,25150.0,3115.0,105000.0,180,1.0,West,36.0,2023-03-07,0
APP004473,Male,No,3,Not Graduate,SELF-EMPLOYED,26463.0,6343.0,129000.0,84,1.0,West ,30.0,2023-04-29,0
APP002993,Male,No,1,Graduate,salaried,120628.0,30490.0,55000.0,120,0.0,East,28.0,2023-03-14,0
APP002157,Male,Yes,3,Graduate,Salaried ,34603.0,507.0,138000.0,360,1.0,South,67.0,2023-07-03,1
APP004670,Female,No,4,Graduate,Self-Employed,39484.0,8794.0,49000.0,120,1.0,East,21.0,2023-11-28,1
APP004905,Female,No,2,Not Graduate,self employed,47008.0,5752.0,93000.0,360,1.0,West,51.0,2023-02-01,0
APP003933,Female,No,0,Not Graduate,Self-Employed,41000.0,8550.0,36000.0,120,1.0,North,44.0,2023-01-24,1
APP001743,Female,No,2,Graduate,self employed,17920.0,5828.0,132000.0,84,1.0,North,39.0,2023-01-31,0
APP004910,Male,Yes,3,Not Graduate,Self-Employed,60218.0,1486.0,53000.0,120,1.0,north,38.0,2024-01-06,0
APP004548,Female,Yes,2,Graduate,salaried,41404.0,12357.0,35000.0,48,1.0,South,48.0,2024-08-22,0
APP003361,Female,Yes,3,Not Graduate,Salaried ,46309.0,2067.0,35000.0,360,1.0,North,37.0,2024-04-18,1
APP001878,Male,Yes,0,Not Graduate,Salaried,54822.0,5012.0,49000.0,84,1.0,East,52.0,2024-07-31,0
APP000385,Female,Yes,2,Not Graduate,Salaried,123051.0,32838.0,81000.0,60,1.0,north,21.0,2023-11-05,0
APP002090,Male,Yes,2,Not Graduate,Salaried,134409.0,23132.0,231000.0,24,1.0,West ,44.0,2024-08-19,0
APP005414,Male,Yes,0,Not Graduate,self employed,90659.0,10374.0,170000.0,180,1.0,East,24.0,2023-08-13,0
APP002163,Male,No,2,Not Graduate,Salaried,33218.0,9444.0,103000.0,84,1.0,West ,52.0,2023-04-17,0
APP005345,Female,No,1,Not Graduate,salaried,34158.0,11215.0,198000.0,24,1.0,East,27.0,2024-02-23,0
APP001924,Male,No,3,Graduate,Salaried ,133148.0,29259.0,122000.0,48,0.0,West ,53.0,2024-08-27,0
APP005211,Female,Yes,0,Not Graduate,Salaried,149074.0,50459.0,67000.0,36,1.0,South,62.0,2024-06-02,0
APP002842,Female,Yes,1,Graduate,salaried,110864.0,16624.0,267000.0,48,1.0,EAST,39.0,2024-03-23,1
APP000288,Male,No,0,Graduate,Salaried ,61021.0,13753.0,109000.0,12,1.0,East,31.0,2023-03-29,0
APP002213,Male,No,0,Not Graduate,Salaried,18273.0,5977.0,82000.0,24,1.0,North,33.0,2023-04-19,0
APP005267,Male,No,1,Graduate,self employed,64387.0,525.0,215000.0,360,1.0,South,41.0,2024-08-10,0
APP005224,Male,Yes,2,Not Graduate,Salaried,71925.0,9525.0,143000.0,84,1.0,North,44.0,2023-07-03,0
APP004469,Female,No,0,Not Graduate,Salaried,122431.0,39605.0,107000.0,360,1.0,North,35.0,2024-09-05,0
APP002370,Female,Yes,2,Graduate,Self-Employed,45703.0,2393.0,41000.0,48,1.0,West,59.0,2024-07-08,0
APP003476,Female,Yes,0,Graduate,Salaried,20792.0,3773.0,64000.0,48,1.0,West,33.0,2023-01-16,0
APP000028,Male,Yes,2,Graduate,salaried,72915.0,14129.0,119000.0,120,1.0,South,40.0,2024-10-15,0
APP003951,Male,Yes,1,Not Graduate,Salaried ,19380.0,5506.0,57000.0,120,1.0,West ,39.0,2023-05-14,0
APP004370,Male,Yes,0,Graduate,salaried,,2443.0,180000.0,240,0.0,North,36.0,2023-01-11,1
APP001110,Male,Yes,3,Not Graduate,Self-Employed,25384.0,4260.0,82000.0,360,1.0,East,53.0,2024-11-09,0
APP003817,Male,Yes,0,Graduate,Salaried,38588.0,8476.0,56000.0,240,1.0,East,54.0,2023-11-11,0
APP003180,Female,No,0,Graduate,Salaried ,66879.0,3836.0,107000.0,84,1.0,East,38.0,2023-08-08,0
APP003569,Female,Yes,2,Not Graduate,self employed,109055.0,25649.0,68000.0,60,1.0,West,43.0,2023-12-14,0
APP003159,Female,No,1,Not Graduate,salaried,53726.0,12755.0,145000.0,60,1.0,West,48.0,2024-05-13,0
APP001225,Male,Yes,2,Not Graduate,Salaried,45811.0,3952.0,115000.0,120,,north,21.0,2023-05-25,1
APP004791,Male,No,0,Graduate,self employed,82832.0,19657.0,75000.0,48,1.0,West ,43.0,2023-03-21,0
APP005644,Male,No,1,Graduate,Salaried,67268.0,4180.0,68000.0,360,1.0,West ,25.0,2024-01-13,0
APP003782,Male,No,3,Graduate,Salaried,63818.0,18364.0,53000.0,240,0.0,North,54.0,2023-07-19,1
APP000756,Female,No,2,Graduate,salaried,62043.0,13988.0,75000.0,180,1.0,East,27.0,2023-05-09,0
APP005486,Female,No,0,Graduate,SELF-EMPLOYED,10859.0,2966.0,90000.0,36,1.0,West,32.0,2024-04-13,0
APP002177,Male,Yes,0,Not Graduate,Salaried ,30553.0,1218.0,56000.0,24,1.0,North,51.0,2024-12-03,0
APP000526,Male,Yes,0,Not Graduate,salaried,,3793.0,154000.0,84,1.0,East,53.0,2023-01-26,0
APP004489,Female,No,0,Graduate,salaried,57384.0,5754.0,169000.0,120,1.0,North,50.0,2023-04-06,0
APP005328,Male,Yes,0,Graduate,salaried,22208.0,6980.0,87000.0,84,1.0,East,43.0,2023-11-25,0
APP005638,Female,Yes,4,Not Graduate,Self-Employed,129399.0,5279.0,215000.0,120,1.0,East,44.0,2024-05-16,0
APP003880,Male,No,3,Graduate,Salaried ,67504.0,17713.0,106000.0,12,1.0,North,45.0,2024-12-01,0
APP000507,Female,Yes,2,Graduate,SELF-EMPLOYED,54120.0,1897.0,68000.0,24,1.0,West,37.0,2024-02-28,0
APP005805,Male,No,0,Graduate,Self-Employed,89645.0,29313.0,52000.0,24,,North,37.0,2023-10-20,1
APP005938,Male,Yes,0,Graduate,Self-Employed,35226.0,6197.0,,60,1.0,West,21.0,2024-08-16,0
APP002063,Female,Yes,1,Not Graduate,Salaried,43910.0,3381.0,84000.0,240,1.0,North,36.0,2024-10-31,0
APP001224,Female,Yes,1,Graduate,Salaried,78588.0,15504.0,220000.0,84,1.0,North,33.0,2023-09-16,0
APP002445,Male,No,2,Graduate,Salaried,94173.0,17.0,101000.0,36,1.0,West,22.0,2024-12-01,0
APP003509,Female,Yes,2,Graduate,self employed,55108.0,11487.0,122000.0,24,1.0,north,29.0,2024-11-12,0
APP004512,Male,Yes,0,Graduate,Salaried,26670.0,2028.0,194000.0,120,1.0,West,51.0,2023-08-27,0
APP003313,Female,No,2,Not Graduate,Salaried ,82805.0,28533.0,42000.0,120,1.0,South,48.0,2023-12-12,0
APP004098,Male,No,0,Graduate,Self-Employed,24716.0,8516.0,51000.0,84,1.0,East,57.0,2023-05-30,0
APP001696,Male,Yes,1,Graduate,self employed,111912.0,30785.0,195000.0,36,1.0,North,39.0,2023-04-20,1
APP001450,Female,Yes,1,Graduate,salaried,41440.0,2139.0,155000.0,60,1.0,West,35.0,2024-02-19,0
APP005578,Female,Yes,1,Graduate,salaried,72594.0,24998.0,28000.0,60,1.0,EAST,31.0,2023-02-15,0
APP003068,Female,No,1,Graduate,Salaried,17880.0,1380.0,201000.0,120,1.0,North,21.0,2023-01-07,0
APP001627,Male,No,3,Graduate,Salaried,,3722.0,64000.0,180,1.0,South,46.0,2023-11-19,0
APP001265,Male,Yes,3,Not Graduate,Salaried,92407.0,5691.0,95000.0,24,1.0,South,32.0,2024-03-06,0
APP003970,Male,No,1,Graduate,Salaried ,35481.0,7480.0,80000.0,36,1.0,South,1.0,2023-08-31,0
APP005361,Female,No,2,Not Graduate,salaried,12683.0,1306.0,86000.0,36,1.0,East,35.0,2024-12-13,0
APP004493,,Yes,2,Not Graduate,Salaried ,21551.0,5367.0,185000.0,120,1.0,North,38.0,2024-11-16,0
APP000878,Female,No,2,Not Graduate,Self-Employed,50048.0,2537.0,49000.0,84,1.0,north,41.0,2023-04-18,0
APP004549,Female,Yes,0,Not Graduate,self employed,91946.0,30265.0,341000.0,180,1.0,West,42.0,2023-04-24,1
APP005871,Male,Yes,0,Graduate,salaried,30618.0,241.0,100000.0,36,1.0,West,46.0,2024-01-31,0
APP004009,Female,Yes,3,Not Graduate,Salaried,32427.0,10282.0,304000.0,240,1.0,West ,21.0,2023-12-06,0
APP003479,Male,No,1,Graduate,Salaried,69052.0,18072.0,107000.0,84,1.0,East,42.0,2024-12-10,0
APP000014,Male,Yes,3,Graduate,Salaried ,41907.0,13260.0,79000.0,120,1.0,North,24.0,2024-03-03,0
APP000482,Female,Yes,1,Graduate,Self-Employed,61061.0,1000.0,156000.0,36,,South,34.0,2024-03-09,1
APP005998,Female,No,1,Graduate,Self-Employed,26644.0,1571.0,117000.0,48,0.0,East,44.0,2024-06-26,1
APP005867,Female,Yes,0,Graduate,Salaried ,57439.0,5711.0,105000.0,180,0.0,West,43.0,2024-05-13,0
APP005390,Female,Yes,1,Not Graduate,Salaried,37564.0,4770.0,153000.0,180,1.0,South,21.0,2024-10-07,0
APP003218,Male,Yes,3,Graduate,Salaried,49260.0,15125.0,79000.0,24,1.0,West,32.0,2024-06-10,0
APP004282,Female,Yes,4,Graduate,salaried,53202.0,14539.0,162000.0,48,1.0,East,36.0,2023-09-30,0
APP002425,Male,Yes,4,Graduate,Salaried,93177.0,2044.0,138000.0,12,1.0,East,45.0,2023-11-11,0
APP002553,Female,Yes,1,Graduate,Salaried ,97474.0,30219.0,65000.0,60,1.0,West,42.0,2023-02-25,0
APP001288,Male,Yes,3,Graduate,Salaried ,83296.0,2292.0,50000.0,12,1.0,North,44.0,2024-04-07,0
APP005574,Female,No,1,Not Graduate,Salaried ,24328.0,1496.0,58000.0,84,,South,55.0,2024-10-17,0
APP000858,Male,Yes,0,Graduate,salaried,114368.0,140.0,67000.0,360,1.0,West,33.0,2023-08-13,1
APP002552,Male,No,0,Graduate,Salaried ,47977.0,9990.0,60000.0,84,,East,21.0,2023-04-08,0
APP003130,,Yes,1,Graduate,Salaried,53173.0,6782.0,38000.0,60,1.0,North,27.0,2024-07-16,0
APP000047,Male,No,1,Graduate,Self-Employed,26839.0,9261.0,135000.0,36,1.0,West,51.0,2024-02-21,0
APP002919,Male,No,0,Graduate,Self-Employed,89953.0,15110.0,102000.0,360,1.0,South,32.0,2023-05-24,0
APP005306,Male,Yes,0,Graduate,Self-Employed,41270.0,13396.0,301000.0,60,,North,26.0,2024-09-01,0
APP002315,Female,Yes,2,Graduate,SELF-EMPLOYED,49350.0,13219.0,53000.0,180,1.0,north,27.0,2024-06-20,0
APP005785,Male,No,3,Graduate,Salaried ,26355.0,2923.0,108000.0,84,0.0,South,25.0,2024-02-14,0
APP002386,Female,No,1,Graduate,Self-Employed,40101.0,8748.0,202000.0,60,1.0,East,46.0,2024-05-12,0
APP000900,Male,Yes,1,Not Graduate,salaried,78878.0,246.0,129000.0,24,1.0,North,49.0,2024-04-20,0
APP001023,Female,No,0,Graduate,Salaried ,44016.0,7416.0,45000.0,240,0.0,East,26.0,2023-11-12,1
APP000233,Male,Yes,1,Not Graduate,salaried,34179.0,5095.0,105000.0,36,1.0,north,30.0,2023-07-29,0
APP000942,Male,Yes,1,Not Graduate,Salaried,231742.0,23361.0,44000.0,48,1.0,West,34.0,2024-05-02,0
APP005659,Female,Yes,0,Graduate,Salaried ,12455.0,3876.0,18000.0,180,0.0,West,31.0,2023-05-14,0
APP005742,Male,Yes,2,Graduate,Self-Employed,29021.0,72.0,39000.0,36,1.0,EAST,31.0,2023-09-11,0
APP005911,Male,No,2,Graduate,Salaried ,88266.0,13490.0,210000.0,120,0.0,North,34.0,2023-08-24,1
APP005105,Male,Yes,1,Graduate,Salaried,86131.0,4738.0,120000.0,12,1.0,north,34.0,2023-01-10,0
APP003238,Female,Yes,3,Graduate,Salaried,91404.0,2228.0,41000.0,120,1.0,West,51.0,2024-03-31,0
APP005482,Male,Yes,1,Not Graduate,Salaried ,46089.0,8387.0,103000.0,180,1.0,West,37.0,2024-09-15,0
APP005099,Male,No,1,Graduate,Salaried ,27992.0,1525.0,180000.0,180,,West,56.0,2023-10-27,0
APP004632,Male,No,1,Graduate,Salaried,52925.0,12620.0,161000.0,60,1.0,North,28.0,2023-04-13,0
APP004339,Male,Yes,0,Graduate,self employed,81441.0,8315.0,70000.0,48,,East,55.0,2024-06-09,0
APP001810,Male,Yes,2,Not Graduate,Salaried,11260.0,534.0,102000.0,60,1.0,West,31.0,2024-05-09,0
APP005405,Male,Yes,4,Not Graduate,Salaried,25429.0,2235.0,162000.0,24,1.0,East,34.0,2024-08-15,0
APP002222,Male,No,2,Not Graduate,Salaried,33940.0,2532.0,91000.0,60,1.0,West ,42.0,2023-02-17,0
APP001166,Female,Yes,3,Graduate,salaried,88861.0,14027.0,160000.0,36,0.0,West,24.0,2023-08-10,0
APP000205,Female,Yes,2,Graduate,Salaried ,49106.0,1837.0,157000.0,12,1.0,East,61.0,2023-09-14,0
APP005054,Male,Yes,3,Graduate,Salaried,54840.0,4576.0,52000.0,60,1.0,North,51.0,2024-04-12,0
APP000907,Female,No,1,Graduate,Salaried,40665.0,10846.0,43000.0,360,0.0,South,33.0,2024-02-04,0
APP003690,Male,Yes,1,Graduate,Salaried,82376.0,2262.0,82000.0,60,1.0,East,55.0,2024-06-26,0
APP003226,Female,No,4,Graduate,Salaried,160736.0,20315.0,25000.0,120,1.0,West,52.0,2024-06-25,0
APP005393,Female,Yes,3,Graduate,salaried,42033.0,4432.0,39000.0,12,1.0,East,21.0,2023-09-16,0
APP003510,Male,No,0,Graduate,Salaried ,48742.0,8187.0,89000.0,60,1.0,West,2.0,2023-09-02,0
APP001163,Male,No,3,Not Graduate,Self-Employed,62820.0,19652.0,98000.0,60,1.0,South,35.0,2024-04-30,0
APP004817,Female,Yes,2,Graduate,Salaried ,34712.0,4121.0,112000.0,180,1.0,West,42.0,2024-06-04,0
APP002730,Male,Yes,2,Graduate,Salaried,48164.0,16442.0,149000.0,84,1.0,East,40.0,2023-03-03,0
APP001601,Male,No,3,Graduate,Salaried,38415.0,10569.0,40000.0,84,1.0,West,25.0,2023-12-31,0
APP003038,Female,Yes,1,Graduate,Self-Employed,93115.0,19944.0,374000.0,120,0.0,South,49.0,2023-02-13,1
APP000087,Female,No,3,Graduate,SELF-EMPLOYED,69230.0,13247.0,66000.0,36,1.0,North,32.0,2024-01-27,0
APP001870,Female,Yes,4,Graduate,Self-Employed,50622.0,8658.0,249000.0,120,1.0,South,45.0,2023-09-21,0
APP004077,Male,No,1,Graduate,Self-Employed,64085.0,11838.0,86000.0,12,1.0,East,42.0,2023-07-25,0
APP002208,Female,No,3,Not Graduate,Salaried,23966.0,4465.0,42000.0,84,1.0,North,43.0,2023-09-24,0
APP003047,Male,Yes,0,Not Graduate,Self-Employed,43249.0,294.0,106000.0,180,1.0,West,52.0,2023-06-24,0
APP004637,Male,No,0,Graduate,Salaried,83814.0,14810.0,134000.0,60,1.0,South,37.0,2024-03-19,0
APP001964,Male,Yes,1,Not Graduate,Salaried,27072.0,7218.0,44000.0,84,1.0,North,46.0,2024-01-11,0
APP000622,Male,No,0,Graduate,Self-Employed,92897.0,9071.0,38000.0,24,1.0,West ,56.0,2023-05-08,0
APP004534,Male,No,1,Not Graduate,salaried,70998.0,15654.0,86000.0,24,1.0,West ,38.0,2023-03-28,0
APP000640,Male,No,0,Graduate,Salaried,26395.0,3231.0,165000.0,48,0.0,EAST,26.0,2024-08-21,0
APP005383,Male,Yes,4,Not Graduate,Salaried ,41996.0,5331.0,30000.0,84,1.0,East,49.0,2024-09-18,0
APP000365,Female,Yes,1,Not Graduate,Salaried ,79940.0,24975.0,100000.0,84,1.0,West,46.0,2024-11-20,0
APP003981,Female,Yes,0,Graduate,Salaried,25788.0,3913.0,124000.0,24,1.0,West,33.0,2024-10-07,0
APP004159,Female,Yes,3,Graduate,self employed,41513.0,5922.0,39000.0,12,,South,70.0,2024-09-25,0
APP004870,Female,Yes,3,Graduate,Salaried,98498.0,21779.0,289000.0,84,1.0,North,50.0,2024-03-01,0
APP001293,,Yes,0,Graduate,self employed,41160.0,6516.0,210000.0,60,1.0,north,61.0,2023-07-31,0
APP003976,Female,Yes,0,Graduate,Salaried,61392.0,1751.0,75000.0,60,1.0,East,43.0,2024-08-28,0
APP003155,Male,Yes,3,Not Graduate,Salaried,93327.0,10187.0,23000.0,360,,north,21.0,2023-10-22,0
APP005313,Female,Yes,2,Graduate,Self-Employed,31084.0,656.0,63000.0,120,1.0,West,51.0,2024-08-15,0
APP004940,Female,Yes,4,Graduate,Salaried ,60696.0,4938.0,128000.0,48,1.0,West,37.0,2023-09-27,0
APP004190,Female,No,4,Graduate,Self-Employed,60841.0,9806.0,187000.0,360,0.0,East,39.0,2023-05-30,1
APP004946,Female,Yes,1,Graduate,Self-Employed,117500.0,29084.0,323000.0,24,1.0,West,21.0,2024-05-10,0
APP001000,Male,Yes,2,Not Graduate,Salaried ,50195.0,5501.0,40000.0,120,1.0,East,61.0,2024-06-18,0
APP003173,Male,No,1,Graduate,Salaried ,90395.0,16468.0,227000.0,240,,East,45.0,2024-05-22,0
APP001037,Male,No,3,Graduate,Self-Employed,54874.0,7578.0,184000.0,60,,North,39.0,2023-12-09,0
APP005449,Male,No,0,Not Graduate,Salaried,22457.0,5110.0,90000.0,60,1.0,North,32.0,2023-02-06,0
APP001654,Male,No,0,Not Graduate,Self-Employed,98457.0,27742.0,174000.0,60,1.0,North,31.0,2023-09-27,1
APP005473,Male,Yes,2,Not Graduate,Salaried,49004.0,8663.0,46000.0,180,1.0,South,31.0,2024-11-23,0
APP002803,Female,Yes,1,Graduate,Self-Employed,36646.0,9221.0,287000.0,120,1.0,North,26.0,2023-06-29,0
APP004255,Male,No,2,Not Graduate,Self-Employed,,7748.0,66000.0,360,1.0,East,35.0,2023-09-13,0
APP002695,Female,Yes,4,Graduate,SELF-EMPLOYED,40962.0,9997.0,64000.0,180,1.0,East,45.0,2024-12-30,0
APP001337,Male,No,1,Not Graduate,Salaried,78980.0,25980.0,110000.0,360,1.0,North,34.0,2024-03-10,0
APP000996,Male,No,1,Graduate,Self-Employed,43182.0,4074.0,62000.0,48,1.0,West,39.0,2023-08-18,0
APP000221,Female,No,1,Graduate,self employed,75694.0,4019.0,100000.0,180,1.0,South,36.0,2024-12-08,0
APP002402,Male,Yes,2,Not Graduate,Salaried ,51773.0,4824.0,49000.0,48,1.0,South,41.0,2023-04-10,0
APP005220,Male,No,0,Graduate,Salaried,55552.0,14640.0,175000.0,36,1.0,South,47.0,2023-09-23,0
APP001057,Female,Yes,2,Graduate,Self-Employed,18751.0,5576.0,135000.0,240,1.0,West,39.0,2023-08-07,1
APP004241,Female,Yes,1,Graduate,SELF-EMPLOYED,34117.0,11854.0,75000.0,360,0.0,north,40.0,2024-03-09,1
APP003822,Male,No,3,Not Graduate,Self-Employed,49225.0,12229.0,86000.0,24,1.0,East,47.0,2024-03-29,0
APP000250,Female,No,1,Graduate,Self-Employed,79849.0,25466.0,94000.0,84,1.0,North,21.0,2024-04-06,0
APP002008,Female,No,2,Graduate,Salaried,27851.0,7457.0,295000.0,120,1.0,north,21.0,2023-03-15,0
APP002166,Female,Yes,3,Graduate,Salaried,26394.0,5397.0,338000.0,60,1.0,South,46.0,2024-03-24,1
APP000040,Male,No,4,Graduate,salaried,28677.0,1743.0,110000.0,240,,North,,2024-01-26,0
APP001193,Male,No,2,Not Graduate,Self-Employed,18698.0,6240.0,44000.0,84,1.0,North,39.0,2023-01-28,0
APP001887,Male,No,2,Graduate,self employed,22219.0,4738.0,55000.0,36,0.0,EAST,28.0,2024-08-14,0
APP004541,Male,No,1,Not Graduate,Salaried,28267.0,5011.0,90000.0,48,,West,38.0,2023-02-11,1
APP000564,Male,Yes,0,Not Graduate,Salaried,44667.0,9730.0,137000.0,48,1.0,West ,33.0,2024-05-08,0
APP005014,Female,No,0,Not Graduate,Salaried,70125.0,21018.0,39000.0,84,1.0,South,33.0,2023-06-15,0
APP003467,Male,Yes,0,Graduate,SELF-EMPLOYED,164976.0,41955.0,93000.0,36,1.0,North,44.0,2024-10-31,0
APP002539,Female,No,1,Graduate,salaried,19059.0,5538.0,647000.0,36,1.0,North,43.0,2023-10-15,0
APP004614,Male,No,0,Graduate,Salaried,44848.0,7804.0,156000.0,60,1.0,EAST,21.0,2023-10-19,0
APP004628,Male,No,4,Graduate,Self-Employed,58103.0,11376.0,43000.0,48,1.0,North,43.0,2023-07-28,0
APP000592,Female,No,4,Graduate,Self-Employed,55032.0,17554.0,130000.0,60,1.0,North,42.0,2024-04-27,0
APP004823,Male,No,0,Not Graduate,Self-Employed,38687.0,6682.0,75000.0,48,0.0,EAST,39.0,2024-03-27,0
APP002203,,No,4,Graduate,Self-Employed,,27505.0,80000.0,36,1.0,East,48.0,2024-07-27,1
APP002226,Male,Yes,3,Graduate,Self-Employed,132369.0,43765.0,124000.0,180,0.0,North,24.0,2023-05-13,0
APP002260,Male,Yes,1,Graduate,Self-Employed,83224.0,18846.0,180000.0,180,1.0,West,21.0,2024-08-23,0
APP000519,Female,Yes,2,Not Graduate,salaried,28820.0,9020.0,115000.0,60,1.0,South,46.0,2024-09-14,0
APP003105,Male,No,2,Graduate,Salaried,72180.0,18438.0,222000.0,48,0.0,West,29.0,2024-03-17,0
APP004063,Female,Yes,2,Graduate,Self-Employed,25920.0,3082.0,58000.0,84,1.0,South,37.0,2023-09-27,0
APP003046,Female,Yes,0,Graduate,Self-Employed,27991.0,8375.0,60000.0,180,1.0,North,33.0,2023-03-14,1
APP001651,Male,No,1,Graduate,SELF-EMPLOYED,36925.0,12606.0,193000.0,240,1.0,North,22.0,2023-04-06,0
APP005415,Male,No,0,Not Graduate,salaried,25768.0,584.0,159000.0,180,1.0,West,53.0,2024-03-24,0
APP005722,Male,Yes,3,Graduate,Salaried ,94139.0,7420.0,119000.0,60,1.0,East,27.0,2024-07-28,0
APP001275,Male,No,0,Graduate,salaried,41084.0,10400.0,137000.0,180,1.0,North,32.0,2023-06-04,0
APP001817,Male,No,0,Graduate,self employed,60789.0,7197.0,112000.0,180,0.0,North,24.0,2023-01-28,0
APP002635,Female,Yes,1,Not Graduate,self employed,126802.0,18066.0,40000.0,12,1.0,North,40.0,2023-08-30,0
APP001328,Female,No,0,Not Graduate,Salaried,68115.0,4295.0,42000.0,48,1.0,EAST,24.0,2024-02-01,0
APP005198,Male,No,2,Not Graduate,Self-Employed,66254.0,6247.0,38000.0,360,0.0,South,46.0,2023-05-17,1
APP000044,Female,Yes,1,Not Graduate,Self-Employed,75391.0,25059.0,61000.0,48,1.0,EAST,43.0,2023-12-15,0
APP000008,Female,Yes,3,Not Graduate,Salaried,72101.0,3566.0,42000.0,48,1.0,South,53.0,2023-11-30,0
APP000481,Female,No,1,Graduate,Salaried,44515.0,8338.0,90000.0,240,1.0,West,26.0,2023-09-26,0
APP000472,Female,No,2,Graduate,Salaried,74900.0,24241.0,38000.0,120,0.0,East,38.0,2023-05-20,0
APP002238,Male,Yes,3,Graduate,Self-Employed,77228.0,23852.0,73000.0,120,1.0,West ,54.0,2023-10-25,0
APP005534,Female,Yes,3,Graduate,Self-Employed,61108.0,14643.0,82000.0,120,,West ,39.0,2024-03-13,0
APP004304,Female,No,0,Graduate,salaried,60926.0,14983.0,202000.0,180,1.0,EAST,21.0,2024-07-30,0
APP000655,Male,No,0,Not Graduate,Self-Employed,103059.0,20397.0,137000.0,12,,north,28.0,2024-06-16,0
APP005476,Male,Yes,1,Not Graduate,Self-Employed,21394.0,4302.0,51000.0,360,1.0,North,21.0,2024-05-01,0
APP000465,Female,Yes,3,Graduate,Self-Employed,86352.0,10157.0,53000.0,48,1.0,West,41.0,2024-03-05,0
APP003903,Female,Yes,0,Graduate,Salaried,26588.0,1361.0,89000.0,60,0.0,West,36.0,2024-03-25,0
APP001692,Male,Yes,1,Not Graduate,Salaried ,52876.0,9070.0,105000.0,48,1.0,South,31.0,2023-05-19,0
APP000698,Female,No,2,Graduate,SELF-EMPLOYED,18478.0,316.0,301000.0,180,1.0,North,58.0,2023-06-01,0
APP002231,Female,Yes,0,Graduate,Salaried,64498.0,19799.0,97000.0,60,1.0,West,28.0,2024-04-19,0
APP001896,Female,No,1,Graduate,salaried,109151.0,17635.0,40000.0,84,1.0,West ,26.0,2023-09-07,0
APP002696,Male,Yes,1,Not Graduate,SELF-EMPLOYED,25745.0,8644.0,65000.0,48,1.0,North,64.0,2023-12-19,0
APP000066,Male,No,1,Graduate,self employed,16778.0,2043.0,52000.0,48,1.0,South,34.0,2023-10-21,0
APP001349,Female,Yes,1,Graduate,Salaried,114892.0,28542.0,95000.0,24,1.0,West ,30.0,2024-10-19,0
APP002416,Female,Yes,0,Graduate,Salaried ,11401.0,325.0,131000.0,180,,North,33.0,2024-05-07,0
APP002481,Male,Yes,2,Graduate,SELF-EMPLOYED,24100.0,5690.0,149000.0,120,1.0,north,48.0,2024-07-08,0
APP002150,Female,Yes,0,Not Graduate,Salaried,47842.0,4871.0,107000.0,180,0.0,East,43.0,2024-07-13,1
APP004982,Male,No,3,Graduate,Salaried,40861.0,3138.0,67000.0,120,1.0,North,37.0,2024-03-19,0
APP005749,Female,No,0,Graduate,Salaried,90089.0,1402.0,81000.0,180,1.0,West,37.0,2024-03-02,0
APP004317,Female,No,2,Graduate,Salaried,44076.0,2393.0,260000.0,24,1.0,South,21.0,2023-09-06,0
APP004852,Male,Yes,1,Graduate,salaried,56847.0,846.0,87000.0,48,1.0,South,22.0,2023-03-05,0
APP002048,Female,No,3,Graduate,Salaried ,44789.0,7643.0,154000.0,36,1.0,West ,27.0,2023-08-21,0
APP003853,Female,Yes,1,Graduate,Salaried ,42351.0,4763.0,48000.0,48,1.0,North,40.0,2023-10-26,0
APP004517,Male,No,1,Not Graduate,Salaried,101863.0,27399.0,84000.0,24,1.0,South,34.0,2024-11-20,0
APP000850,Female,Yes,1,Graduate,Self-Employed,86050.0,3934.0,78000.0,60,1.0,North,25.0,2023-08-29,0
APP004279,Male,Yes,2,Graduate,Salaried,59158.0,10617.0,213000.0,180,0.0,South,45.0,2024-05-02,1
APP003966,Female,Yes,3,Not Graduate,Salaried,22696.0,3447.0,333000.0,180,,EAST,33.0,2023-04-08,1
APP000418,Male,Yes,2,Not Graduate,Salaried,58634.0,15011.0,126000.0,36,1.0,EAST,45.0,2023-03-27,0
APP003719,Male,No,0,Graduate,Self-Employed,18666.0,5078.0,105000.0,120,1.0,West,24.0,2023-11-14,0
APP004671,Male,No,4,Graduate,Salaried,20477.0,1404.0,103000.0,12,0.0,North,46.0,2023-12-25,0
APP002286,Male,Yes,2,Graduate,Salaried,30648.0,3514.0,146000.0,48,0.0,West,35.0,2023-02-18,0
APP002550,Male,Yes,0,Graduate,self employed,104032.0,9257.0,26000.0,60,1.0,East,43.0,2024-05-17,0
APP001923,Female,Yes,0,Not Graduate,Salaried,36323.0,2114.0,81000.0,48,1.0,North,42.0,2023-11-03,0
APP002571,Male,Yes,0,Graduate,salaried,,1145.0,152000.0,24,0.0,North,32.0,2024-01-25,1
APP005223,Male,No,3,Graduate,Salaried ,56374.0,3047.0,92000.0,60,1.0,South,21.0,2024-07-06,0
APP005851,Male,Yes,1,Not Graduate,Salaried,37499.0,7167.0,65000.0,240,1.0,North,34.0,2023-11-20,1
APP002103,Male,Yes,0,Not Graduate,Salaried,60614.0,18179.0,99000.0,240,1.0,North,54.0,2024-07-05,0
APP005658,Female,Yes,1,Graduate,salaried,67406.0,6031.0,236000.0,12,1.0,EAST,56.0,2024-01-17,0
APP004709,Female,Yes,2,Graduate,Self-Employed,18639.0,865.0,133000.0,84,1.0,North,48.0,2024-08-04,0
APP005815,Male,No,1,Graduate,Self-Employed,59568.0,1331.0,114000.0,48,1.0,north,21.0,2023-04-09,0
APP005431,Female,Yes,4,Graduate,Salaried,57281.0,10176.0,83000.0,180,1.0,North,37.0,2024-06-05,0
APP001482,Male,Yes,0,Graduate,salaried,23920.0,241.0,77000.0,240,1.0,South,,2024-06-09,0
APP000383,Female,Yes,0,Graduate,Salaried,45533.0,8578.0,240000.0,48,1.0,EAST,37.0,2023-02-28,0
APP004920,Male,Yes,1,Graduate,salaried,71136.0,11885.0,59000.0,84,,West ,53.0,2023-04-10,1
APP000030,Male,Yes,0,Graduate,Salaried,70818.0,21761.0,146000.0,120,1.0,West,35.0,2024-04-12,0
APP003812,Male,Yes,2,Not Graduate,Self-Employed,48774.0,14216.0,38000.0,180,1.0,West,38.0,2023-03-29,0
APP004921,Female,Yes,1,Not Graduate,Salaried,54506.0,7708.0,147000.0,24,1.0,north,43.0,2023-01-07,0
APP000322,Female,No,0,Graduate,salaried,42225.0,13927.0,68000.0,48,1.0,EAST,53.0,2024-09-05,1
APP005197,Female,Yes,3,Graduate,Salaried,71578.0,7513.0,51000.0,120,1.0,West,46.0,2024-10-26,0
APP003698,Female,Yes,1,Not Graduate,Self-Employed,36565.0,2160.0,128000.0,12,1.0,East,51.0,2024-06-28,0
APP004371,Male,Yes,0,Graduate,salaried,73368.0,24327.0,46000.0,84,1.0,West,29.0,2023-12-09,0
APP003685,Female,Yes,1,Graduate,salaried,47305.0,12687.0,239000.0,36,0.0,West ,48.0,2024-11-16,1
APP003345,Male,No,3,Not Graduate,salaried,46841.0,9745.0,119000.0,120,1.0,South,54.0,2024-11-21,0
APP004372,Male,Yes,1,Graduate,Salaried,104608.0,30612.0,40000.0,36,1.0,North,45.0,2024-02-29,0
APP004559,Female,No,1,Graduate,self employed,33867.0,4891.0,100000.0,120,1.0,East,39.0,2024-05-06,0
APP003945,Male,No,2,Not Graduate,Self-Employed,54947.0,14348.0,97000.0,84,0.0,South,45.0,2024-05-22,0
APP004338,Female,Yes,1,Graduate,SELF-EMPLOYED,73032.0,19519.0,159000.0,36,1.0,South,33.0,2024-01-09,0
APP005717,Male,Yes,3,Graduate,salaried,40652.0,6028.0,76000.0,120,,East,41.0,2023-09-23,0
APP003281,Male,Yes,3,Graduate,Salaried,46053.0,7228.0,49000.0,360,1.0,West,38.0,2024-08-25,0
APP002948,Male,No,0,Graduate,Self-Employed,,4650.0,170000.0,60,1.0,EAST,37.0,2023-12-31,0
APP003186,Male,Yes,1,Graduate,Self-Employed,38121.0,5943.0,99000.0,360,1.0,North,37.0,2024-10-23,0
APP003168,Male,Yes,2,Graduate,Salaried,37529.0,13042.0,60000.0,24,1.0,East,44.0,2024-11-01,0
APP000098,Male,Yes,2,Graduate,Salaried,27506.0,7248.0,84000.0,60,1.0,North,21.0,2024-12-17,0
APP004837,Male,No,0,Graduate,self employed,160491.0,24111.0,117000.0,36,,South,32.0,2024-09-19,0
APP002430,Female,Yes,1,Graduate,self employed,47501.0,14505.0,112000.0,120,1.0,East,37.0,2024-11-02,0
APP002246,Male,Yes,0,Graduate,salaried,85070.0,15874.0,42000.0,120,1.0,South,41.0,2024-06-04,0
APP002077,Male,No,0,Not Graduate,Salaried ,39871.0,2196.0,76000.0,12,,South,33.0,2023-03-12,0
APP000448,Female,Yes,1,Graduate,Salaried,49446.0,9821.0,22000.0,36,1.0,north,28.0,2023-11-11,0
APP000015,Male,No,0,Graduate,Salaried,52905.0,2195.0,42000.0,60,1.0,North,27.0,2023-10-31,0
APP004367,Male,No,4,Not Graduate,Self-Employed,51999.0,8891.0,117000.0,84,1.0,EAST,42.0,2024-03-12,0
APP001216,Male,Yes,1,Not Graduate,Salaried,93084.0,28145.0,,36,1.0,South,40.0,2023-07-24,0
APP003795,Male,No,2,Graduate,Salaried ,41021.0,11141.0,98000.0,360,1.0,West,21.0,2024-04-19,0
APP005304,Female,Yes,3,Graduate,Self-Employed,37333.0,6014.0,128000.0,60,1.0,West,33.0,2024-10-23,0
APP002343,Male,Yes,0,Not Graduate,salaried,73317.0,24231.0,110000.0,240,1.0,North,41.0,2024-11-13,0
APP000287,Male,Yes,4,Graduate,Salaried,53393.0,4573.0,108000.0,24,1.0,East,46.0,2023-12-10,0
APP003844,,No,0,Not Graduate,self employed,61280.0,2763.0,124000.0,12,1.0,north,46.0,2024-09-04,0
APP002313,Male,Yes,1,Graduate,Salaried ,76030.0,2083.0,61000.0,60,0.0,East,27.0,2024-05-16,1
APP002860,Male,Yes,0,Graduate,SELF-EMPLOYED,68485.0,11660.0,164000.0,48,1.0,EAST,23.0,2024-07-02,0
APP000780,Female,Yes,3,Not Graduate,self employed,73181.0,11050.0,90000.0,24,0.0,north,34.0,2024-01-19,1
APP005694,Female,No,0,Graduate,Salaried ,64783.0,22521.0,43000.0,36,0.0,South,42.0,2024-02-25,0
APP004020,Male,Yes,1,Graduate,Self-Employed,65994.0,6613.0,57000.0,180,1.0,East,34.0,2024-12-16,0
APP002053,Male,Yes,1,Not Graduate,Salaried,71428.0,18209.0,62000.0,360,1.0,North,51.0,2023-04-03,0
APP005627,Male,No,4,Graduate,Salaried,40188.0,12712.0,128000.0,240,1.0,East,30.0,2024-06-15,0
APP005022,Male,Yes,0,Not Graduate,Salaried,58990.0,14788.0,147000.0,120,1.0,South,23.0,2023-12-24,1
APP005406,Female,Yes,0,Not Graduate,Salaried,17886.0,1103.0,52000.0,84,1.0,West ,36.0,2024-08-10,1
APP000166,Female,Yes,0,Not Graduate,Salaried ,,1327.0,34000.0,120,1.0,South,50.0,2023-12-31,0
APP000661,Male,Yes,0,Not Graduate,Salaried,51874.0,13473.0,51000.0,24,1.0,East,42.0,2023-07-16,0
APP003109,Female,Yes,2,Graduate,Salaried ,47354.0,8612.0,238000.0,120,1.0,East,32.0,2024-02-03,0
APP001340,Male,Yes,2,Graduate,SELF-EMPLOYED,21382.0,902.0,99000.0,60,0.0,North,43.0,2023-01-25,0
APP001139,Male,Yes,2,Graduate,Salaried,34560.0,7404.0,156000.0,48,,East,47.0,2023-02-11,0
APP002619,Female,Yes,0,Not Graduate,Salaried,29628.0,10366.0,112000.0,240,1.0,North,32.0,2023-04-27,0
APP002217,Female,Yes,1,Graduate,salaried,40043.0,1135.0,81000.0,24,1.0,East,41.0,2024-09-03,0
APP002189,Female,Yes,0,Graduate,Salaried,56475.0,5948.0,146000.0,24,1.0,East,32.0,2024-01-20,0
APP003833,Female,Yes,3,Graduate,Salaried ,13427.0,2443.0,89000.0,120,1.0,EAST,42.0,2024-07-05,0
APP005187,Female,Yes,2,Graduate,Salaried ,44228.0,1001.0,114000.0,12,1.0,South,41.0,2024-02-28,0
APP000300,Male,Yes,2,Graduate,Salaried,97722.0,9459.0,127000.0,120,0.0,West,31.0,2024-08-19,0
APP001616,Female,Yes,3,Not Graduate,Salaried,98715.0,10152.0,48000.0,60,0.0,north,48.0,2024-08-05,0
APP005942,Male,Yes,1,Graduate,Salaried,29552.0,6669.0,98000.0,36,1.0,East,21.0,2024-03-08,0
APP001134,Male,Yes,0,Graduate,Salaried,35246.0,6942.0,29000.0,84,1.0,East,21.0,2024-05-29,0
APP003082,Female,Yes,3,Not Graduate,salaried,39377.0,6038.0,65000.0,48,1.0,West,38.0,2024-10-17,0
APP003143,Female,Yes,1,Graduate,Self-Employed,231728.0,80298.0,217000.0,12,1.0,West,63.0,2023-03-19,0
APP001938,Female,No,3,Graduate,Salaried ,72147.0,4154.0,59000.0,24,1.0,north,32.0,2023-12-29,0
APP001049,Female,Yes,2,Graduate,Salaried ,24887.0,8114.0,137000.0,24,0.0,North,37.0,2023-05-01,1
APP005363,Male,No,0,Graduate,Self-Employed,46050.0,2876.0,59000.0,48,0.0,North,56.0,2023-08-16,1
APP005543,Female,Yes,2,Graduate,Salaried ,32263.0,4533.0,122000.0,120,1.0,North,33.0,2023-10-15,0
APP000847,Male,Yes,3,Graduate,Salaried,23354.0,5018.0,43000.0,60,,North,31.0,2023-01-09,1
APP000252,Male,No,4,Graduate,Salaried,45208.0,15111.0,87000.0,84,1.0,South,53.0,2024-08-11,0
APP003035,Male,No,2,Graduate,Self-Employed,204711.0,56889.0,126000.0,120,1.0,West ,25.0,2024-03-14,0
APP001028,Female,No,2,Not Graduate,Self-Employed,78375.0,17503.0,51000.0,120,1.0,North,47.0,2023-02-18,0
APP000807,Female,Yes,1,Not Graduate,Self-Employed,24889.0,809.0,87000.0,180,1.0,South,40.0,2023-11-13,0
APP001553,Female,No,0,Graduate,self employed,35355.0,9041.0,29000.0,84,1.0,West,27.0,2024-07-29,0
APP000032,Male,Yes,0,Graduate,Salaried ,60555.0,2659.0,147000.0,120,1.0,West,42.0,2023-03-18,0
APP000716,Female,No,1,Graduate,salaried,129637.0,33554.0,83000.0,36,1.0,West ,35.0,2023-11-14,0
APP002385,Male,Yes,2,Not Graduate,Salaried ,128574.0,13423.0,64000.0,180,0.0,East,32.0,2023-09-09,1
APP004247,Male,Yes,0,Not Graduate,Salaried ,,23502.0,36000.0,36,1.0,South,46.0,2024-10-23,0
APP005816,Male,No,3,Graduate,salaried,80574.0,844.0,95000.0,180,1.0,South,43.0,2023-12-14,0
APP005009,Male,No,1,Graduate,SELF-EMPLOYED,31326.0,4580.0,233000.0,48,0.0,East,34.0,2023-07-23,0
APP005178,Male,Yes,1,Graduate,self employed,106694.0,8885.0,128000.0,240,1.0,West,49.0,2023-06-22,0
APP003460,Female,No,0,Graduate,Salaried ,39124.0,908.0,81000.0,60,1.0,East,33.0,2024-07-20,0
APP004362,Female,No,0,Graduate,Salaried ,99179.0,26541.0,53000.0,12,1.0,East,51.0,2023-04-18,0
APP001045,Female,No,0,Graduate,SELF-EMPLOYED,62858.0,12831.0,108000.0,180,,North,43.0,2023-08-10,0
APP002145,Male,Yes,0,Not Graduate,Salaried ,66374.0,5224.0,143000.0,60,0.0,South,27.0,2023-06-18,0
APP002490,Male,Yes,2,Graduate,Salaried ,14030.0,1043.0,54000.0,360,0.0,EAST,45.0,2023-04-14,1
APP003245,Female,Yes,2,Graduate,SELF-EMPLOYED,28472.0,731.0,111000.0,240,1.0,West,48.0,2024-09-13,0
APP003192,Female,Yes,0,Graduate,Salaried ,99614.0,9235.0,61000.0,120,,EAST,39.0,2024-03-29,0
APP004487,Male,Yes,2,Not Graduate,SELF-EMPLOYED,29879.0,397.0,37000.0,240,1.0,West ,52.0,2024-02-03,0
APP004569,Male,No,0,Graduate,Salaried ,61802.0,17127.0,103000.0,48,0.0,EAST,40.0,2023-09-01,1
APP003988,Male,Yes,0,Graduate,Salaried,31561.0,1400.0,132000.0,240,0.0,North,39.0,2024-01-11,0
APP000331,Male,No,2,Not Graduate,SELF-EMPLOYED,40766.0,633.0,90000.0,48,1.0,EAST,51.0,2024-04-02,0
APP005454,Male,Yes,3,Graduate,Salaried,243473.0,58110.0,100000.0,240,1.0,East,25.0,2023-10-20,0
APP003511,Male,Yes,1,Graduate,self employed,44550.0,1731.0,100000.0,24,1.0,West,48.0,2024-06-27,0
APP000862,,Yes,1,Graduate,SELF-EMPLOYED,60504.0,13788.0,76000.0,120,1.0,East,23.0,2024-06-26,0
APP001199,Female,No,0,Graduate,Salaried,28805.0,79.0,133000.0,180,1.0,EAST,40.0,2023-03-03,0
APP003952,Female,Yes,2,Graduate,Self-Employed,77433.0,9399.0,124000.0,360,0.0,East,47.0,2023-02-16,0
APP001089,Female,No,1,Not Graduate,Salaried,49938.0,16699.0,49000.0,120,,East,41.0,2024-05-02,0
APP004220,Male,Yes,0,Graduate,Self-Employed,25187.0,495.0,116000.0,12,1.0,South,50.0,2023-11-08,0
APP002516,Female,Yes,1,Not Graduate,Salaried ,49428.0,10392.0,120000.0,60,,north,27.0,2024-11-23,1
APP000004,Female,Yes,3,Graduate,Salaried,83018.0,2360.0,84000.0,36,1.0,North,32.0,2023-06-09,0
APP003758,Male,Yes,0,Graduate,salaried,32928.0,3560.0,58000.0,120,,EAST,25.0,2024-03-29,0
APP003725,Male,Yes,0,Graduate,Self-Employed,85307.0,20610.0,78000.0,36,1.0,North,45.0,2023-11-09,0
APP005904,Male,No,0,Graduate,salaried,26546.0,3703.0,103000.0,60,,South,53.0,2023-11-24,0
APP004041,Female,No,0,Graduate,Self-Employed,31779.0,1315.0,101000.0,360,1.0,South,58.0,2023-05-27,0
APP002460,Male,Yes,0,Graduate,Salaried ,49931.0,14810.0,59000.0,360,0.0,EAST,42.0,2023-10-22,0
APP000550,Female,No,1,Graduate,Salaried,,14754.0,118000.0,120,1.0,South,49.0,2023-06-11,0
APP005268,Male,No,2,Graduate,Salaried,69872.0,20198.0,56000.0,24,1.0,South,47.0,2023-08-25,1
APP004527,Female,No,2,Graduate,salaried,224719.0,9392.0,83000.0,360,0.0,North,31.0,2024-02-20,0
APP005513,Female,No,1,Graduate,Self-Employed,119615.0,39349.0,336000.0,48,1.0,West,29.0,2024-12-08,0
APP001472,Female,Yes,0,Graduate,Salaried ,136913.0,26815.0,73000.0,240,1.0,East,28.0,2023-01-10,0
APP001235,Female,No,2,Graduate,SELF-EMPLOYED,78286.0,7026.0,133000.0,180,1.0,West ,33.0,2024-01-09,0
APP001155,Female,Yes,0,Graduate,Self-Employed,32677.0,11103.0,187000.0,36,1.0,South,45.0,2023-03-06,0
APP001402,Male,Yes,4,Graduate,Salaried,49968.0,14799.0,95000.0,12,1.0,South,46.0,2023-11-05,1
APP000919,Female,Yes,2,Graduate,Self-Employed,44495.0,1319.0,111000.0,120,1.0,South,49.0,2024-03-02,0
APP002349,Female,Yes,0,Not Graduate,Salaried,59196.0,19765.0,51000.0,120,1.0,EAST,54.0,2024-08-12,0
APP005191,Male,Yes,0,Graduate,Salaried ,19046.0,2146.0,39000.0,360,1.0,South,38.0,2023-09-23,0
APP003661,Male,Yes,1,Graduate,SELF-EMPLOYED,116516.0,37560.0,149000.0,60,1.0,North,44.0,2023-06-27,0
APP004796,Male,Yes,0,Graduate,Self-Employed,62503.0,17478.0,104000.0,120,1.0,North,45.0,2023-10-08,0
APP002602,Male,Yes,0,Graduate,SELF-EMPLOYED,105608.0,27890.0,47000.0,240,0.0,South,53.0,2024-06-08,1
APP005166,Female,Yes,0,Graduate,Salaried,42250.0,13940.0,115000.0,120,1.0,South,,2024-07-13,0
APP001822,Male,No,0,Graduate,salaried,32497.0,8621.0,183000.0,60,,East,42.0,2023-06-17,0
APP000468,Female,No,3,Graduate,Salaried ,81562.0,10301.0,259000.0,84,0.0,South,42.0,2023-10-10,1
APP001493,Male,Yes,1,Graduate,Salaried,65278.0,20337.0,89000.0,48,0.0,West,47.0,2024-05-28,0
APP005503,Male,Yes,3,Not Graduate,Salaried ,21598.0,3533.0,78000.0,360,1.0,North,31.0,2023-05-19,0
APP004171,Male,Yes,4,Graduate,salaried,28649.0,5301.0,182000.0,240,1.0,EAST,49.0,2023-01-19,0
APP005778,Male,Yes,0,Graduate,Self-Employed,26315.0,2716.0,87000.0,240,1.0,West ,29.0,2023-08-11,1
APP004867,Male,Yes,0,Not Graduate,salaried,67062.0,22539.0,85000.0,84,1.0,South,28.0,2023-06-11,0
APP003755,,Yes,2,Graduate,self employed,61661.0,5501.0,116000.0,180,1.0,South,40.0,2024-11-11,0
APP001889,Female,No,2,Graduate,Salaried ,13251.0,131.0,329000.0,24,1.0,East,50.0,2024-10-19,0
APP004755,Female,Yes,0,Not Graduate,SELF-EMPLOYED,44840.0,8633.0,95000.0,180,1.0,West,50.0,2024-08-21,0
APP003129,Female,No,1,Not Graduate,Salaried,151722.0,21430.0,35000.0,36,1.0,South,40.0,2024-09-22,1
APP002488,Female,No,1,Not Graduate,SELF-EMPLOYED,18834.0,5379.0,176000.0,84,0.0,West,21.0,2023-03-16,0
APP004582,Male,Yes,4,Graduate,Salaried,46751.0,6570.0,73000.0,36,1.0,East,34.0,2024-02-08,0
APP000022,Male,Yes,0,Graduate,Salaried,39191.0,13602.0,150000.0,180,1.0,West,38.0,2024-05-08,0
APP005487,Male,Yes,3,Graduate,Salaried ,94191.0,27469.0,64000.0,180,1.0,East,41.0,2023-10-17,0
APP004509,Female,No,3,Graduate,Salaried,75363.0,1764.0,120000.0,180,1.0,north,24.0,2023-06-30,0
APP005916,Male,No,0,Not Graduate,Self-Employed,58944.0,20321.0,204000.0,60,1.0,West,30.0,2023-05-30,0
APP005676,Male,No,1,Graduate,Salaried,32451.0,7683.0,191000.0,240,1.0,West,55.0,2023-09-06,0
APP003276,Female,No,2,Graduate,Salaried ,111737.0,13256.0,173000.0,12,1.0,West,47.0,2024-02-17,0
APP002404,Male,No,2,Not Graduate,Salaried,65113.0,12809.0,29000.0,48,1.0,North,33.0,2024-12-26,0
APP003593,Male,Yes,1,Graduate,Salaried,50827.0,1724.0,103000.0,120,1.0,West,52.0,2024-02-26,0
APP001315,Male,Yes,1,Graduate,self employed,49074.0,14469.0,66000.0,12,1.0,West,60.0,2024-08-13,0
APP004545,Male,Yes,0,Graduate,self employed,38811.0,8993.0,68000.0,36,1.0,East,52.0,2023-08-04,0
APP001048,Male,Yes,1,Graduate,Salaried,71961.0,8490.0,85000.0,36,1.0,north,52.0,2024-01-11,0
APP003248,Male,Yes,3,Graduate,self employed,19079.0,4004.0,37000.0,36,1.0,South,35.0,2023-03-24,0
APP005581,Male,Yes,2,Graduate,self employed,,10292.0,105000.0,360,1.0,East,45.0,2023-12-16,0
APP004067,Male,No,0,Graduate,self employed,97822.0,8321.0,80000.0,120,1.0,West,48.0,2023-08-17,0
APP000811,Female,Yes,0,Not Graduate,SELF-EMPLOYED,96103.0,28277.0,47000.0,24,1.0,West,38.0,2024-06-26,0
APP003742,Female,Yes,0,Graduate,Salaried,35349.0,8239.0,78000.0,24,1.0,East,51.0,2024-10-31,0
APP002480,Female,Yes,0,Not Graduate,Salaried,39824.0,11318.0,82000.0,360,1.0,East,,2024-11-08,0
APP004204,Female,Yes,2,Graduate,Salaried ,47723.0,9477.0,257000.0,120,1.0,South,50.0,2023-08-14,0
APP002517,Male,Yes,2,Graduate,SELF-EMPLOYED,17076.0,3712.0,205000.0,12,1.0,EAST,43.0,2024-07-21,0
APP001369,Male,Yes,1,Graduate,salaried,35478.0,7170.0,121000.0,12,,West,28.0,2024-10-26,0
APP002669,Female,Yes,0,Graduate,Salaried ,34663.0,4064.0,85000.0,48,1.0,West,47.0,2024-11-15,0
APP001521,Male,No,1,Not Graduate,Salaried,209156.0,24351.0,82000.0,12,,South,54.0,2023-11-19,0
APP004032,Male,Yes,0,Graduate,Salaried ,67400.0,12681.0,104000.0,360,0.0,West,39.0,2024-11-30,0
APP005690,Female,Yes,3,Graduate,Salaried,61001.0,12436.0,76000.0,48,0.0,West,41.0,2024-09-02,0
APP001206,Female,No,0,Not Graduate,Salaried,20551.0,342.0,104000.0,12,1.0,South,36.0,2024-03-23,0
APP002333,Female,No,1,Not Graduate,Salaried,55822.0,5222.0,70000.0,36,1.0,West,21.0,2023-02-01,0
APP004576,Male,Yes,0,Not Graduate,Salaried,60178.0,15592.0,83000.0,24,1.0,East,31.0,2024-09-06,0
APP003850,Male,Yes,2,Graduate,Self-Employed,34892.0,4890.0,66000.0,180,,South,31.0,2023-06-08,0
APP004227,Male,No,2,Graduate,Salaried,82798.0,16350.0,319000.0,36,1.0,North,27.0,2023-10-01,0
APP000956,Male,Yes,0,Graduate,Salaried ,37283.0,7227.0,25000.0,60,1.0,East,48.0,2023-05-10,0
APP000860,Male,Yes,2,Not Graduate,Salaried,42631.0,14748.0,161000.0,60,1.0,East,30.0,2024-01-25,0
APP002034,Female,No,0,Graduate,Self-Employed,61543.0,2638.0,307000.0,180,1.0,West,33.0,2023-05-14,0
APP001316,Female,Yes,1,Graduate,Self-Employed,113900.0,13908.0,190000.0,12,1.0,North,38.0,2024-04-01,0
APP002400,Female,No,0,Graduate,self employed,44289.0,7744.0,184000.0,12,1.0,West,30.0,2024-04-20,0
APP005101,Male,Yes,1,Not Graduate,Salaried,38161.0,2291.0,39000.0,120,1.0,north,44.0,2023-06-18,0
APP003905,Female,Yes,3,Not Graduate,Salaried ,98822.0,5204.0,256000.0,60,1.0,West,41.0,2023-12-11,1
APP004822,Male,No,3,Graduate,Salaried ,,11653.0,90000.0,60,1.0,South,52.0,2023-04-16,0
APP001367,Female,No,1,Not Graduate,salaried,55724.0,15022.0,268000.0,180,1.0,EAST,33.0,2023-08-25,1
APP003044,Male,Yes,1,Graduate,Salaried,68279.0,15780.0,94000.0,36,0.0,East,24.0,2024-01-30,0
APP003925,Female,No,0,Graduate,salaried,40305.0,11078.0,64000.0,48,0.0,EAST,36.0,2023-02-02,1
APP004836,Male,Yes,3,Graduate,SELF-EMPLOYED,65137.0,5223.0,136000.0,60,1.0,East,35.0,2024-09-04,0
APP002507,Female,No,0,Not Graduate,SELF-EMPLOYED,29342.0,8676.0,28000.0,180,1.0,North,37.0,2024-02-07,0
APP000463,Female,No,1,Graduate,SELF-EMPLOYED,17754.0,4538.0,205000.0,180,1.0,South,48.0,2023-05-07,0
APP001574,Female,Yes,3,Not Graduate,Salaried,83965.0,5267.0,111000.0,60,1.0,East,31.0,2023-11-27,0
APP000309,Female,Yes,0,Graduate,Salaried ,64505.0,2577.0,25000.0,240,0.0,South,36.0,2024-04-15,1
APP002122,Male,Yes,1,Not Graduate,self employed,18974.0,1258.0,69000.0,48,1.0,East,53.0,2023-06-12,0
APP000580,Male,Yes,1,Graduate,Self-Employed,96621.0,3477.0,40000.0,120,1.0,North,24.0,2023-02-23,0
APP004202,Male,No,0,Graduate,SELF-EMPLOYED,28491.0,2518.0,81000.0,60,1.0,West,37.0,2024-03-30,0
APP001706,Male,No,1,Graduate,salaried,41997.0,12469.0,154000.0,48,1.0,West,52.0,2024-07-23,0
APP003787,Male,Yes,0,Graduate,salaried,34584.0,5406.0,81000.0,120,1.0,EAST,53.0,2024-09-11,0
APP004598,Male,No,1,Graduate,Self-Employed,,4356.0,61000.0,60,0.0,South,32.0,2024-10-19,0
APP002995,Male,Yes,2,Graduate,self employed,24171.0,2357.0,105000.0,84,1.0,East,61.0,2023-04-13,0
APP002038,Male,Yes,0,Graduate,Salaried,34681.0,3665.0,36000.0,60,1.0,North,26.0,2023-03-15,0
APP005171,Male,Yes,3,Graduate,self employed,26515.0,304.0,36000.0,48,1.0,South,39.0,2024-06-21,1
APP005739,Male,Yes,2,Not Graduate,Self-Employed,65395.0,20092.0,100000.0,48,1.0,West,21.0,2024-09-28,0
APP002096,Female,Yes,4,Not Graduate,Salaried,48690.0,16315.0,253000.0,240,1.0,South,25.0,2024-10-08,0
APP000871,Male,No,4,Not Graduate,Self-Employed,43581.0,4744.0,43000.0,36,1.0,East,32.0,2023-08-21,0
APP005707,Female,Yes,1,Graduate,self employed,119263.0,36047.0,189000.0,84,1.0,West,41.0,2024-08-30,1
APP004470,Female,No,2,Graduate,self employed,37728.0,464.0,102000.0,240,1.0,South,34.0,2023-04-05,0
APP003050,Male,Yes,3,Not Graduate,salaried,85680.0,20951.0,145000.0,84,1.0,South,33.0,2024-06-08,1
APP005923,Male,Yes,2,Graduate,Salaried ,30705.0,5447.0,96000.0,12,1.0,East,50.0,2024-02-27,0
APP002657,Female,Yes,1,Graduate,Salaried,62413.0,15973.0,179000.0,24,1.0,North,,2024-08-31,0
APP004414,Female,No,1,Graduate,Salaried ,19194.0,3564.0,161000.0,120,0.0,north,42.0,2023-12-30,1
APP003503,Female,Yes,3,Not Graduate,SELF-EMPLOYED,87628.0,20545.0,100000.0,120,0.0,West,54.0,2024-02-14,1
APP000977,Female,No,1,Not Graduate,Salaried,32035.0,8146.0,138000.0,60,,West ,51.0,2024-10-23,0
APP003353,Female,Yes,0,Not Graduate,Salaried ,21975.0,2746.0,192000.0,36,1.0,South,39.0,2023-12-27,0
APP000958,Male,Yes,0,Graduate,salaried,44688.0,15624.0,41000.0,48,1.0,West,24.0,2023-04-12,0
APP003700,,Yes,3,Not Graduate,SELF-EMPLOYED,46942.0,5586.0,39000.0,60,1.0,North,24.0,2023-06-30,0
APP001341,Male,No,2,Not Graduate,salaried,54270.0,533.0,155000.0,48,1.0,North,38.0,2023-05-20,0
APP001823,Female,No,1,Not Graduate,Salaried,42013.0,13293.0,138000.0,120,1.0,West,34.0,2023-08-19,0
APP002330,Male,No,0,Graduate,Salaried ,68094.0,23737.0,160000.0,120,1.0,EAST,21.0,2023-05-06,0
APP001930,Male,Yes,0,Graduate,self employed,34661.0,8969.0,91000.0,120,1.0,north,21.0,2023-04-30,0
APP003881,Male,No,2,Graduate,self employed,55287.0,16031.0,65000.0,60,1.0,East,40.0,2023-05-08,0
APP005647,Male,Yes,0,Graduate,Salaried ,44601.0,4127.0,212000.0,60,1.0,North,21.0,2024-12-28,0
APP005026,Male,Yes,0,Not Graduate,Self-Employed,37323.0,8344.0,229000.0,36,1.0,EAST,44.0,2023-05-04,0
APP000354,Male,Yes,3,Graduate,SELF-EMPLOYED,176058.0,39535.0,278000.0,48,1.0,West ,41.0,2024-08-02,0
APP001446,Male,Yes,1,Graduate,Self-Employed,25195.0,257.0,20000.0,84,1.0,West ,62.0,2024-08-17,0
APP002727,Male,Yes,0,Not Graduate,Salaried ,34919.0,5664.0,74000.0,60,,East,30.0,2024-07-01,0
APP005604,Female,Yes,0,Not Graduate,Salaried,47247.0,14814.0,56000.0,240,1.0,East,24.0,2023-10-27,0
APP004257,Female,Yes,2,Graduate,Salaried,113378.0,29501.0,82000.0,60,1.0,North,39.0,2023-03-12,0
APP003201,Male,Yes,4,Not Graduate,Salaried,44531.0,1046.0,38000.0,24,1.0,West,22.0,2024-01-04,0
APP004552,Male,Yes,1,Graduate,self employed,72122.0,9739.0,294000.0,60,1.0,North,24.0,2024-03-08,0
APP005229,Male,Yes,1,Graduate,self employed,27204.0,5807.0,111000.0,60,1.0,South,34.0,2023-04-08,1
APP001386,Male,Yes,3,Graduate,salaried,30936.0,6507.0,71000.0,60,1.0,West,57.0,2023-05-27,0
APP005221,Male,Yes,0,Not Graduate,Salaried,30049.0,1478.0,79000.0,60,1.0,East,27.0,2023-08-24,0
APP003722,Female,No,1,Graduate,salaried,34764.0,7829.0,56000.0,360,1.0,South,30.0,2024-10-27,0
APP000502,Male,Yes,4,Graduate,Salaried ,42560.0,5906.0,109000.0,36,1.0,North,32.0,2023-04-15,0
APP003525,Male,No,2,Graduate,Salaried,90847.0,24153.0,284000.0,24,1.0,North,25.0,2023-01-15,1
APP001007,Female,Yes,0,Graduate,SELF-EMPLOYED,34701.0,4475.0,160000.0,120,0.0,South,21.0,2024-12-08,0
APP000374,Female,Yes,1,Not Graduate,Self-Employed,54771.0,14016.0,33000.0,120,0.0,north,42.0,2023-03-02,1
APP002105,Female,No,2,Not Graduate,salaried,81671.0,28008.0,79000.0,84,0.0,EAST,44.0,2023-12-22,1
APP002234,Female,Yes,2,Graduate,Salaried,65882.0,20653.0,78000.0,240,1.0,South,36.0,2024-02-01,0
APP005754,Female,Yes,2,Graduate,Salaried,50992.0,14136.0,123000.0,24,,EAST,46.0,2024-02-06,0
APP001008,Female,Yes,2,Graduate,Salaried ,51762.0,6264.0,82000.0,12,1.0,West,34.0,2024-10-22,0
APP005723,Female,Yes,0,Not Graduate,Self-Employed,28456.0,2788.0,42000.0,84,1.0,North,29.0,2024-01-06,0
APP004551,Female,No,2,Graduate,Self-Employed,30828.0,8516.0,192000.0,84,1.0,North,37.0,2024-07-11,0
APP002172,Male,No,0,Graduate,Salaried,37934.0,10713.0,65000.0,180,1.0,East,24.0,2023-01-29,0
APP003217,Male,No,0,Graduate,Self-Employed,83843.0,22697.0,89000.0,36,0.0,East,39.0,2023-01-18,0
APP005616,Female,Yes,1,Not Graduate,Salaried,105785.0,23934.0,114000.0,60,1.0,West,39.0,2023-03-16,0
APP004402,Male,Yes,0,Graduate,SELF-EMPLOYED,56991.0,3606.0,51000.0,60,1.0,West,24.0,2023-01-19,0
APP001319,Male,No,2,Not Graduate,SELF-EMPLOYED,104553.0,3381.0,135000.0,84,1.0,West,26.0,2023-04-25,0
APP003983,Male,Yes,1,Graduate,Self-Employed,90151.0,24204.0,30000.0,36,,North,40.0,2023-07-25,0
APP001476,Female,Yes,0,Not Graduate,Salaried,,15274.0,39000.0,240,1.0,North,51.0,2023-11-12,0
APP000680,Female,Yes,4,Not Graduate,Self-Employed,36755.0,8282.0,127000.0,120,,South,43.0,2023-03-25,0
APP004779,Male,Yes,0,Graduate,SELF-EMPLOYED,13160.0,3902.0,100000.0,84,1.0,East,33.0,2023-06-03,0
APP003927,Female,Yes,2,Graduate,Salaried,50898.0,8863.0,140000.0,60,1.0,North,57.0,2024-01-30,0
APP000381,Male,No,2,Graduate,Salaried,47957.0,6094.0,34000.0,180,0.0,North,35.0,2024-04-21,0
APP001238,Male,No,1,Graduate,salaried,35393.0,1673.0,92000.0,48,1.0,South,45.0,2023-01-06,0
APP004164,Male,Yes,0,Graduate,SELF-EMPLOYED,151011.0,51047.0,155000.0,84,1.0,South,54.0,2024-01-10,0
APP001883,Female,No,1,Not Graduate,Self-Employed,74766.0,6396.0,51000.0,60,1.0,East,52.0,2024-03-24,0
APP000478,Male,Yes,2,Graduate,Self-Employed,50730.0,16614.0,41000.0,120,1.0,East,39.0,2023-04-27,0
APP005495,Male,Yes,3,Graduate,Salaried,34048.0,6979.0,65000.0,60,1.0,South,46.0,2024-02-13,0
APP002383,Female,Yes,2,Not Graduate,self employed,87877.0,26663.0,173000.0,84,1.0,North,33.0,2024-07-04,0
APP005794,Female,Yes,3,Graduate,SELF-EMPLOYED,46752.0,12987.0,156000.0,84,1.0,South,41.0,2023-12-02,0
APP002360,Male,Yes,3,Not Graduate,Self-Employed,123305.0,6581.0,49000.0,60,1.0,West,49.0,2024-10-29,0
APP000426,,Yes,2,Not Graduate,Salaried,244018.0,1921.0,102000.0,84,1.0,West,56.0,2023-09-18,0
APP005135,Female,Yes,0,Graduate,Self-Employed,58505.0,6702.0,84000.0,360,1.0,East,51.0,2024-10-27,0
APP002256,Male,Yes,1,Graduate,Salaried ,154833.0,4484.0,31000.0,60,1.0,South,29.0,2023-06-22,0
APP001334,Female,Yes,0,Graduate,Self-Employed,42188.0,1462.0,158000.0,48,1.0,East,38.0,2023-07-11,0
APP000200,Female,No,2,Graduate,Self-Employed,14688.0,4995.0,50000.0,12,1.0,North,41.0,2024-03-15,0
APP004424,Female,No,1,Graduate,Salaried,38003.0,347.0,52000.0,60,1.0,South,33.0,2024-11-07,0
APP001939,Male,No,2,Graduate,Salaried,,18866.0,73000.0,120,,East,33.0,2024-12-27,0
APP000144,Male,Yes,0,Graduate,Salaried,28058.0,345.0,134000.0,84,0.0,South,27.0,2024-05-19,0
APP003821,Male,No,0,Graduate,Self-Employed,65502.0,10494.0,180000.0,24,1.0,East,41.0,2024-02-27,0
APP004346,Male,Yes,3,Graduate,Self-Employed,25977.0,3224.0,169000.0,12,0.0,North,50.0,2023-02-19,0
APP005315,Male,Yes,2,Graduate,Salaried ,62815.0,2686.0,92000.0,120,1.0,North,42.0,2023-09-20,0
APP000305,Female,Yes,3,Graduate,Self-Employed,163048.0,1017.0,64000.0,240,0.0,North,29.0,2023-04-08,0
APP001455,Male,Yes,2,Graduate,Salaried,61651.0,17206.0,248000.0,84,1.0,East,21.0,2023-07-04,0
APP000912,Male,No,4,Graduate,Self-Employed,103524.0,25620.0,54000.0,120,1.0,South,41.0,2023-11-14,0
APP005565,Female,Yes,0,Graduate,Self-Employed,13418.0,1397.0,64000.0,120,0.0,South,64.0,2024-11-11,1
APP002597,Male,No,3,Not Graduate,Salaried ,23003.0,2390.0,58000.0,48,1.0,South,21.0,2023-11-07,0
APP002310,Male,No,2,Graduate,Salaried,39041.0,12346.0,22000.0,120,1.0,South,37.0,2023-07-09,0
APP002113,Male,Yes,3,Not Graduate,Salaried,187713.0,26973.0,69000.0,360,1.0,West,42.0,2023-12-02,0
APP005646,Male,Yes,1,Graduate,Self-Employed,75760.0,3935.0,169000.0,60,,South,50.0,2024-12-18,1
APP000594,Male,Yes,3,Graduate,Salaried,48774.0,14550.0,,240,0.0,East,21.0,2024-12-30,1
APP003571,,Yes,4,Graduate,SELF-EMPLOYED,32963.0,10378.0,135000.0,360,1.0,North,58.0,2024-06-01,0
APP003534,Male,No,2,Graduate,Salaried,44025.0,9612.0,115000.0,360,,South,50.0,2024-12-23,0
APP001289,,Yes,1,Graduate,salaried,56230.0,5536.0,142000.0,180,1.0,EAST,32.0,2024-08-08,0
APP001656,Female,Yes,1,Graduate,SELF-EMPLOYED,22421.0,5356.0,113000.0,120,1.0,East,67.0,2024-03-02,0
APP004715,Male,No,2,Graduate,Self-Employed,31567.0,2406.0,89000.0,48,1.0,South,65.0,2023-10-21,0
APP002132,Male,No,3,Graduate,Salaried,56456.0,2974.0,293000.0,180,1.0,North,48.0,2023-07-12,0
APP000766,Male,Yes,2,Graduate,Salaried ,34255.0,10942.0,217000.0,48,1.0,West ,58.0,2023-12-10,0
APP005889,Female,No,4,Graduate,Salaried ,38886.0,7512.0,79000.0,84,1.0,East,49.0,2024-12-28,0
APP005160,Male,No,0,Not Graduate,Salaried,81121.0,23190.0,91000.0,60,,North,21.0,2023-06-22,0
APP000147,Female,Yes,2,Graduate,Salaried,33700.0,7661.0,73000.0,180,1.0,EAST,59.0,2023-11-28,0
APP000395,Male,No,1,Graduate,Salaried,42169.0,3280.0,47000.0,48,1.0,North,30.0,2023-08-31,0
APP004659,Male,No,0,Graduate,Salaried,45898.0,16010.0,35000.0,36,1.0,West,45.0,2023-02-04,0
APP003809,Male,Yes,0,Graduate,Salaried,41092.0,13287.0,44000.0,60,1.0,West,46.0,2024-01-11,0
APP000046,Female,Yes,0,Not Graduate,Self-Employed,94973.0,29881.0,55000.0,60,1.0,East,42.0,2024-05-06,0
APP003495,Female,No,0,Graduate,Salaried ,38640.0,12651.0,58000.0,84,1.0,East,39.0,2023-04-23,0
APP004447,Male,No,0,Graduate,SELF-EMPLOYED,27871.0,717.0,191000.0,120,1.0,South,46.0,2023-07-15,0
APP003337,Female,Yes,1,Graduate,Salaried,49955.0,16867.0,188000.0,120,1.0,East,32.0,2024-10-11,0
APP004418,Male,Yes,0,Graduate,Salaried ,61653.0,14119.0,68000.0,60,0.0,North,35.0,2023-06-15,0
APP002160,Female,Yes,4,Graduate,Salaried,341458.0,79597.0,62000.0,36,1.0,West,36.0,2023-01-28,1
APP001958,Male,Yes,0,Graduate,SELF-EMPLOYED,33445.0,8535.0,99000.0,120,1.0,South,47.0,2023-03-24,0
APP002185,Female,No,4,Not Graduate,Salaried,26940.0,5055.0,108000.0,60,0.0,West ,29.0,2023-04-25,1
APP004554,Female,Yes,2,Not Graduate,Salaried ,12248.0,2143.0,93000.0,120,1.0,South,31.0,2023-02-15,0
APP005885,Male,No,1,Not Graduate,Self-Employed,60205.0,258.0,143000.0,36,1.0,North,52.0,2023-05-24,0
APP004887,Male,Yes,2,Graduate,Self-Employed,86239.0,21141.0,210000.0,240,1.0,north,56.0,2023-12-21,0
APP003498,Female,Yes,0,Graduate,Salaried ,73447.0,854.0,,24,1.0,North,46.0,2024-05-26,0
APP002072,Male,No,1,Graduate,Salaried,123017.0,19037.0,188000.0,60,1.0,South,22.0,2023-04-23,0
APP001368,Female,Yes,2,Not Graduate,SELF-EMPLOYED,33026.0,11438.0,368000.0,120,1.0,South,52.0,2024-05-04,1
APP003096,Female,Yes,1,Graduate,Salaried,43412.0,7491.0,27000.0,60,1.0,EAST,38.0,2024-09-19,0
APP002365,Male,Yes,3,Not Graduate,Self-Employed,217714.0,6708.0,141000.0,120,1.0,South,43.0,2024-07-20,0
APP005881,Male,No,1,Graduate,Salaried,104896.0,18299.0,72000.0,24,1.0,South,36.0,2023-08-07,0
APP000931,Male,Yes,0,Graduate,SELF-EMPLOYED,49220.0,14953.0,186000.0,48,1.0,EAST,25.0,2024-11-26,0
APP003513,Female,Yes,2,Graduate,self employed,33263.0,5710.0,75000.0,84,1.0,North,39.0,2024-01-15,0
APP002976,Male,Yes,4,Not Graduate,self employed,47749.0,8920.0,49000.0,12,1.0,West,21.0,2024-09-08,0
APP004511,Male,Yes,3,Graduate,salaried,48658.0,15954.0,51000.0,36,1.0,North,44.0,2024-10-31,0
APP003142,Female,No,1,Graduate,Self-Employed,29849.0,2877.0,99000.0,360,1.0,north,42.0,2024-01-01,0
APP005139,Female,Yes,2,Graduate,Self-Employed,50627.0,9836.0,60000.0,240,1.0,East,36.0,2024-09-20,0
APP002582,Female,Yes,1,Graduate,Salaried,16805.0,4683.0,125000.0,84,1.0,North,47.0,2023-07-19,0
APP000607,Male,No,1,Graduate,SELF-EMPLOYED,40500.0,879.0,173000.0,360,1.0,north,34.0,2023-01-02,0
APP000075,Female,Yes,0,Not Graduate,Salaried,32648.0,5180.0,157000.0,84,1.0,West,28.0,2023-09-27,0
APP005458,Male,Yes,0,Graduate,Salaried ,157038.0,44615.0,176000.0,240,,North,36.0,2024-10-23,0
APP001323,Female,Yes,0,Not Graduate,self employed,59140.0,18986.0,179000.0,84,0.0,West ,40.0,2023-09-24,1
APP004750,Female,No,1,Graduate,SELF-EMPLOYED,38585.0,13474.0,159000.0,60,1.0,North,30.0,2024-10-06,0
APP000114,Female,No,0,Graduate,Salaried,65646.0,20025.0,83000.0,120,1.0,North,25.0,2023-08-26,0
APP003914,Female,Yes,0,Graduate,salaried,16586.0,5628.0,141000.0,120,1.0,South,21.0,2024-09-04,0
APP000987,Female,No,3,Graduate,SELF-EMPLOYED,66554.0,192.0,164000.0,360,0.0,East,34.0,2023-02-16,1
APP005549,Male,Yes,0,Graduate,Salaried,59284.0,20127.0,17000.0,36,,North,30.0,2023-09-14,0
APP000223,Male,Yes,1,Graduate,Salaried,58675.0,7504.0,118000.0,60,1.0,East,43.0,2023-06-26,0
APP001993,Female,No,0,Graduate,self employed,37252.0,1502.0,132000.0,60,,East,46.0,2023-08-01,0
APP005474,Female,Yes,4,Graduate,salaried,94669.0,17568.0,86000.0,360,1.0,North,44.0,2023-03-08,0
APP004132,Male,Yes,1,Graduate,Self-Employed,19704.0,1469.0,129000.0,240,1.0,South,43.0,2024-01-28,0
APP005940,Male,No,0,Graduate,SELF-EMPLOYED,47425.0,15805.0,417000.0,360,0.0,West,48.0,2023-06-27,1
APP001762,Female,Yes,0,Graduate,Salaried,70612.0,23872.0,221000.0,60,1.0,EAST,34.0,2024-09-09,0
APP004444,Male,No,1,Graduate,Salaried ,39829.0,1534.0,108000.0,48,1.0,South,42.0,2023-06-15,0
APP004264,Male,Yes,0,Not Graduate,Salaried,51839.0,4830.0,236000.0,180,1.0,West,21.0,2024-04-10,0
APP004181,Male,No,0,Not Graduate,salaried,43362.0,12198.0,154000.0,240,1.0,East,34.0,2023-11-09,1
APP004213,Male,Yes,1,Not Graduate,Salaried ,28470.0,2502.0,93000.0,240,1.0,South,40.0,2023-05-13,0
APP004044,Female,No,0,Graduate,Self-Employed,22982.0,5889.0,214000.0,240,,East,35.0,2024-05-20,0
APP003457,Male,Yes,1,Not Graduate,Self-Employed,71345.0,15597.0,78000.0,84,0.0,North,37.0,2023-07-04,0
APP000531,Female,No,0,Graduate,self employed,56944.0,231.0,53000.0,120,1.0,South,34.0,2024-05-30,0
APP002591,Female,Yes,4,Not Graduate,self employed,38158.0,984.0,148000.0,60,1.0,EAST,46.0,2023-06-06,0
APP003955,Male,Yes,2,Not Graduate,salaried,26460.0,5621.0,96000.0,60,1.0,South,35.0,2024-03-14,0
APP003631,Female,No,2,Graduate,Self-Employed,23671.0,4500.0,137000.0,48,1.0,North,55.0,2023-06-18,0
APP002522,Male,Yes,1,Graduate,Salaried,83428.0,16656.0,67000.0,36,1.0,north,45.0,2023-09-17,0
APP003052,Male,Yes,0,Graduate,Salaried,205617.0,20242.0,110000.0,240,1.0,South,27.0,2023-08-23,0
APP004821,Male,No,1,Graduate,self employed,66550.0,642.0,460000.0,48,0.0,West ,48.0,2024-01-03,1
APP004508,Male,No,3,Not Graduate,Self-Employed,25161.0,8170.0,270000.0,60,1.0,West,48.0,2023-06-05,0
APP004997,Male,Yes,0,Graduate,self employed,38010.0,2370.0,,120,0.0,North,25.0,2024-01-11,0
APP005536,Male,Yes,4,Graduate,Self-Employed,45771.0,1653.0,142000.0,180,,West,27.0,2023-09-04,0
APP005113,Female,No,2,Not Graduate,SELF-EMPLOYED,38675.0,1796.0,120000.0,180,,East,46.0,2023-06-03,0
APP005756,Male,No,2,Graduate,salaried,83218.0,20240.0,194000.0,120,1.0,north,44.0,2023-10-29,0
APP003205,Female,Yes,4,Not Graduate,SELF-EMPLOYED,14469.0,99.0,156000.0,120,0.0,East,54.0,2023-02-21,1
APP004646,Female,No,1,Not Graduate,Salaried,95989.0,19334.0,86000.0,48,,South,35.0,2023-03-03,0
APP001780,Female,No,0,Graduate,self employed,79639.0,8712.0,129000.0,180,1.0,West,36.0,2023-06-24,0
APP001026,Male,Yes,0,Not Graduate,Salaried ,40852.0,11328.0,112000.0,120,1.0,West,44.0,2023-03-17,0
APP003779,Female,Yes,1,Not Graduate,salaried,49103.0,14919.0,35000.0,12,1.0,North,56.0,2024-03-30,0
APP000082,,Yes,2,Not Graduate,Salaried,31503.0,2310.0,72000.0,120,,West ,58.0,2023-09-20,0
APP004597,Female,No,0,Graduate,Self-Employed,55487.0,3993.0,128000.0,360,1.0,West ,36.0,2024-01-28,0
APP002031,Male,Yes,4,Graduate,Salaried ,57727.0,1893.0,89000.0,60,1.0,East,37.0,2024-08-16,0
APP004055,Female,Yes,1,Graduate,Self-Employed,69296.0,6128.0,739000.0,60,1.0,East,23.0,2023-04-01,0
APP001793,Male,No,3,Graduate,Salaried,90747.0,2659.0,160000.0,60,1.0,West,43.0,2024-09-03,0
APP002717,Female,Yes,1,Not Graduate,Salaried,96805.0,12305.0,61000.0,60,1.0,West ,27.0,2024-05-23,1
APP003820,,Yes,3,Graduate,salaried,32589.0,7099.0,122000.0,84,0.0,West ,27.0,2024-09-09,1
APP002674,Male,No,0,Graduate,self employed,122526.0,13912.0,273000.0,48,1.0,East,57.0,2023-11-28,1
APP005830,Male,No,4,Graduate,salaried,68623.0,17961.0,24000.0,84,1.0,North,37.0,2024-07-18,0
APP003502,Female,Yes,2,Not Graduate,Salaried,35652.0,4050.0,51000.0,120,1.0,East,34.0,2023-08-11,0
APP002564,Male,No,0,Graduate,Self-Employed,38932.0,6280.0,157000.0,48,0.0,North,41.0,2024-05-28,0
APP003403,Female,Yes,1,Not Graduate,SELF-EMPLOYED,21128.0,3429.0,79000.0,120,1.0,East,34.0,2023-01-29,0
APP005929,Female,No,0,Graduate,Self-Employed,106125.0,20915.0,149000.0,60,0.0,North,37.0,2023-02-26,1
APP001957,Female,No,2,Graduate,Salaried,18667.0,4841.0,157000.0,84,1.0,East,21.0,2024-09-04,1
APP003870,Male,Yes,0,Not Graduate,Salaried,32236.0,9279.0,50000.0,60,1.0,South,35.0,2024-03-10,0
APP004137,Female,Yes,1,Graduate,self employed,,10121.0,100000.0,120,1.0,West,28.0,2024-09-10,0
APP005708,Male,No,3,Graduate,Self-Employed,,7278.0,125000.0,24,1.0,North,50.0,2024-08-14,0
APP005303,Female,Yes,2,Not Graduate,salaried,16527.0,4213.0,39000.0,24,0.0,West,54.0,2023-07-13,1
APP003137,Female,Yes,0,Graduate,Salaried ,25965.0,1614.0,382000.0,120,1.0,West,34.0,2024-06-27,0
APP000312,Male,No,2,Graduate,Salaried,31349.0,7559.0,274000.0,24,1.0,West,21.0,2023-10-13,0
APP001632,Male,Yes,2,Not Graduate,Salaried ,71380.0,12977.0,69000.0,48,,West,35.0,2024-11-02,1
APP004261,Male,Yes,1,Graduate,salaried,45024.0,5199.0,229000.0,180,1.0,North,41.0,2024-11-24,0
APP002068,Male,Yes,1,Not Graduate,SELF-EMPLOYED,96460.0,28798.0,78000.0,240,1.0,north,27.0,2024-02-07,0
APP001427,Male,No,1,Graduate,Salaried,51576.0,11285.0,62000.0,60,1.0,north,40.0,2024-05-05,0
APP002003,Female,Yes,1,Graduate,Salaried,68749.0,6938.0,129000.0,60,1.0,West ,30.0,2023-02-11,0
APP004454,Female,Yes,1,Graduate,SELF-EMPLOYED,47270.0,1817.0,90000.0,360,,South,41.0,2023-04-29,0
APP003811,Female,No,2,Graduate,Salaried,33654.0,5575.0,70000.0,36,1.0,South,37.0,2023-09-08,0
APP004811,Male,Yes,1,Not Graduate,Salaried,75413.0,23235.0,71000.0,24,1.0,South,49.0,2024-09-16,0
APP002338,Male,Yes,1,Graduate,Salaried,15609.0,346.0,60000.0,120,0.0,North,31.0,2024-03-31,1
APP002441,Male,Yes,3,Graduate,Self-Employed,44684.0,15264.0,218000.0,120,1.0,South,42.0,2023-01-01,0
APP000129,Male,Yes,1,Not Graduate,Salaried ,37734.0,4199.0,81000.0,240,1.0,North,39.0,2024-10-18,0
APP001010,Male,No,0,Graduate,Self-Employed,28398.0,8596.0,128000.0,24,1.0,North,38.0,2024-10-06,0
APP001814,Male,No,1,Not Graduate,Self-Employed,40010.0,6464.0,56000.0,180,1.0,South,24.0,2023-12-31,0
APP001291,Male,Yes,2,Not Graduate,Salaried ,193049.0,11513.0,287000.0,60,1.0,EAST,44.0,2024-02-28,0
APP003874,Female,Yes,3,Not Graduate,Salaried,91654.0,22152.0,121000.0,24,0.0,West,56.0,2024-10-08,0
APP002772,Male,Yes,0,Not Graduate,Salaried,51788.0,5124.0,93000.0,120,1.0,East,28.0,2024-02-23,0
APP000202,Male,Yes,0,Not Graduate,SELF-EMPLOYED,90881.0,5688.0,69000.0,48,0.0,South,47.0,2023-11-09,0
APP005394,Female,No,0,Graduate,Salaried,45709.0,14914.0,65000.0,36,,North,44.0,2023-01-23,0
APP005897,Female,Yes,2,Graduate,salaried,81796.0,19387.0,220000.0,180,1.0,North,54.0,2024-04-13,0
APP000955,Male,Yes,0,Graduate,SELF-EMPLOYED,97766.0,10473.0,67000.0,36,1.0,North,25.0,2024-06-09,0
APP002419,Male,Yes,1,Not Graduate,Salaried ,71511.0,19094.0,108000.0,48,1.0,West,38.0,2024-06-28,0
APP004021,Male,Yes,2,Graduate,Salaried ,68906.0,11855.0,72000.0,240,1.0,East,40.0,2024-03-01,0
APP000830,Male,Yes,3,Graduate,Salaried,48318.0,16882.0,16000.0,24,,North,42.0,2023-08-14,0
APP002362,Male,No,2,Graduate,Salaried,94390.0,26861.0,135000.0,120,1.0,West ,31.0,2024-02-18,0
APP003908,Male,Yes,0,Graduate,self employed,34932.0,1536.0,99000.0,60,1.0,North,36.0,2024-10-06,0
APP000971,Female,Yes,0,Graduate,SELF-EMPLOYED,,13070.0,41000.0,180,1.0,South,23.0,2024-12-04,0
APP000203,Male,No,1,Graduate,Salaried ,38068.0,9036.0,150000.0,84,0.0,West ,42.0,2024-09-13,0
APP000983,Male,Yes,1,Not Graduate,Self-Employed,60902.0,9418.0,108000.0,84,1.0,north,38.0,2023-08-03,0
APP003697,Female,Yes,2,Graduate,Self-Employed,18422.0,4793.0,142000.0,48,1.0,EAST,39.0,2024-08-07,0
APP003319,Female,No,3,Graduate,Self-Employed,27059.0,1357.0,82000.0,60,1.0,West ,49.0,2023-11-10,0
APP002381,Female,No,1,Graduate,Salaried,100986.0,25955.0,143000.0,12,1.0,West ,28.0,2024-01-11,0
APP002487,Male,No,2,Not Graduate,SELF-EMPLOYED,26556.0,9140.0,141000.0,36,1.0,South,29.0,2024-06-17,0
APP004992,Male,No,3,Not Graduate,Salaried,49672.0,15041.0,165000.0,84,0.0,north,40.0,2023-12-14,1
APP003098,Male,Yes,2,Graduate,self employed,26047.0,8662.0,60000.0,60,1.0,EAST,28.0,2024-07-15,0
APP005516,Female,Yes,0,Not Graduate,salaried,69375.0,17399.0,163000.0,24,1.0,West,41.0,2023-06-25,1
APP003090,Male,No,0,Graduate,Self-Employed,78381.0,5087.0,145000.0,24,0.0,North,70.0,2023-01-27,0
APP001188,Male,No,0,Graduate,SELF-EMPLOYED,26783.0,3592.0,58000.0,60,1.0,North,35.0,2024-03-26,0
APP004448,Female,Yes,2,Graduate,self employed,38102.0,6155.0,118000.0,120,1.0,South,21.0,2024-09-05,0
APP003920,Female,No,2,Not Graduate,Self-Employed,66757.0,2914.0,118000.0,48,1.0,South,31.0,2024-11-05,0
APP001596,Male,No,0,Graduate,Salaried,68904.0,12447.0,122000.0,180,1.0,East,34.0,2024-02-02,0
APP004093,Male,No,0,Graduate,Salaried,79697.0,25808.0,174000.0,60,,South,38.0,2024-10-06,0
APP000043,Male,Yes,1,Graduate,Self-Employed,13682.0,4345.0,81000.0,180,1.0,South,49.0,2023-08-15,0
APP005984,Male,Yes,0,Graduate,Self-Employed,21266.0,1374.0,40000.0,240,1.0,north,25.0,2024-01-20,0
APP003348,Male,Yes,2,Not Graduate,Salaried,102112.0,22608.0,56000.0,360,1.0,north,32.0,2024-12-21,0
APP005511,Male,Yes,2,Graduate,Salaried ,37677.0,6461.0,57000.0,36,1.0,EAST,32.0,2023-12-04,1
APP001274,Male,No,0,Not Graduate,salaried,77686.0,23624.0,62000.0,360,1.0,East,51.0,2023-05-12,0
APP002183,Male,No,0,Graduate,Salaried,88242.0,4087.0,169000.0,120,1.0,South,44.0,2023-03-10,0
APP000575,Female,Yes,1,Graduate,self employed,45662.0,8939.0,56000.0,84,1.0,North,55.0,2023-11-29,0
APP001921,Female,Yes,1,Graduate,Self-Employed,32462.0,3679.0,120000.0,24,1.0,North,40.0,2024-08-27,0
APP005639,Male,Yes,0,Graduate,Self-Employed,32021.0,6823.0,329000.0,60,1.0,West,38.0,2024-05-17,0
APP000857,Male,No,1,Graduate,salaried,94125.0,24020.0,68000.0,24,1.0,West,,2023-02-06,0
APP001809,Male,Yes,1,Graduate,self employed,57184.0,2989.0,82000.0,120,1.0,north,49.0,2023-09-16,0
APP002621,Female,Yes,1,Graduate,Salaried ,37176.0,12141.0,18000.0,180,1.0,West,21.0,2023-11-11,0
APP001847,Male,No,0,Graduate,Self-Employed,56362.0,1164.0,110000.0,60,1.0,East,22.0,2024-01-08,0
APP004035,Male,Yes,0,Not Graduate,Self-Employed,85699.0,28103.0,70000.0,36,1.0,East,46.0,2023-10-23,0
APP004200,Female,No,0,Graduate,Self-Employed,54026.0,11138.0,133000.0,120,1.0,East,54.0,2023-02-09,1
APP004708,Male,Yes,0,Graduate,self employed,,1740.0,127000.0,120,1.0,North,21.0,2023-01-09,0
APP002459,Male,Yes,3,Graduate,salaried,53474.0,6168.0,,48,1.0,South,45.0,2023-03-27,0
APP000989,Male,No,3,Graduate,Salaried ,38614.0,13288.0,102000.0,180,1.0,South,30.0,2023-12-16,0
APP005402,Female,Yes,1,Graduate,SELF-EMPLOYED,42172.0,10073.0,,60,,West ,27.0,2023-03-10,0
APP001434,Female,Yes,4,Not Graduate,Salaried ,35015.0,8291.0,51000.0,240,1.0,north,55.0,2024-02-04,0
APP004481,Male,Yes,0,Graduate,Salaried,95535.0,7437.0,45000.0,48,1.0,West,43.0,2023-12-20,0
APP004153,Female,No,4,Graduate,self employed,127503.0,24019.0,64000.0,60,,north,35.0,2023-02-03,0
APP000712,Female,No,3,Graduate,Salaried,36404.0,651.0,109000.0,24,1.0,north,26.0,2024-01-21,0
APP002373,Female,Yes,0,Graduate,Salaried ,69444.0,22845.0,43000.0,240,1.0,South,44.0,2023-10-12,0
APP003851,Male,Yes,0,Graduate,Salaried,20120.0,1039.0,157000.0,180,1.0,north,49.0,2023-02-19,0
APP004452,Male,Yes,1,Not Graduate,Salaried ,58905.0,12594.0,15000.0,180,,South,32.0,2024-06-28,0
APP003566,Female,No,2,Not Graduate,Salaried ,60325.0,11652.0,105000.0,180,1.0,West,46.0,2023-08-03,0
APP001019,Female,No,0,Graduate,Salaried,47816.0,4404.0,60000.0,84,1.0,South,22.0,2024-06-06,0
APP003888,Female,Yes,1,Not Graduate,Salaried,117181.0,37208.0,48000.0,180,1.0,South,49.0,2024-09-29,0
APP003297,Female,Yes,0,Graduate,self employed,20054.0,4668.0,104000.0,120,1.0,West,55.0,2024-02-04,0
APP002964,Female,No,1,Graduate,SELF-EMPLOYED,109161.0,4184.0,46000.0,240,1.0,East,34.0,2024-05-04,0
APP004404,Male,No,0,Not Graduate,salaried,36597.0,6999.0,82000.0,84,1.0,East,53.0,2024-11-17,0
APP003462,Male,Yes,1,Graduate,Salaried,51540.0,17813.0,45000.0,360,0.0,North,54.0,2023-04-19,0
APP004138,Male,Yes,2,Not Graduate,salaried,23124.0,129.0,74000.0,60,1.0,West,51.0,2024-10-16,0
APP005766,Female,Yes,3,Graduate,self employed,51429.0,15244.0,87000.0,180,1.0,north,37.0,2024-07-16,0
APP004647,Female,No,1,Graduate,Salaried,39345.0,9706.0,13000.0,84,,South,37.0,2023-12-01,0
APP001682,Female,Yes,0,Not Graduate,Salaried ,58824.0,4843.0,93000.0,36,1.0,North,32.0,2023-02-05,0
APP001970,Male,Yes,2,Graduate,Salaried,45217.0,8338.0,143000.0,36,1.0,North,21.0,2024-06-29,1
APP004819,Female,Yes,0,Not Graduate,Salaried,59779.0,14251.0,219000.0,48,1.0,East,42.0,2023-10-13,0
APP002052,Male,Yes,1,Graduate,Salaried,42358.0,14343.0,69000.0,60,1.0,West,57.0,2024-09-29,0
APP004312,Female,No,4,Graduate,Self-Employed,17960.0,3946.0,105000.0,36,1.0,West,33.0,2023-07-24,0
APP002147,Male,Yes,0,Graduate,Self-Employed,41546.0,4873.0,164000.0,48,1.0,South,48.0,2024-03-01,0
APP002323,Female,Yes,3,Not Graduate,Salaried ,53032.0,3983.0,57000.0,36,1.0,North,36.0,2024-03-21,0
APP002697,Female,Yes,2,Graduate,Salaried,54793.0,12633.0,59000.0,36,1.0,North,48.0,2023-02-19,0
APP002483,Female,No,3,Graduate,Self-Employed,,16777.0,46000.0,24,1.0,EAST,36.0,2023-08-08,0
APP001371,Female,Yes,1,Not Graduate,salaried,26281.0,6438.0,80000.0,48,1.0,West,47.0,2024-11-10,0
APP001567,Female,No,1,Not Graduate,Salaried,40509.0,4170.0,184000.0,36,0.0,West,34.0,2023-09-23,0
APP003597,Male,Yes,2,Graduate,Salaried,,15460.0,202000.0,36,1.0,South,36.0,2023-05-31,0
APP003772,Female,Yes,2,Graduate,Salaried,42415.0,11925.0,82000.0,84,1.0,East,48.0,2023-11-09,0
APP001632,Male,Yes,2,Not Graduate,Salaried ,71380.0,12977.0,69000.0,48,,West,35.0,2024-11-02,1
APP004355,Male,Yes,2,Graduate,Salaried,150173.0,4834.0,52000.0,120,1.0,East,48.0,2024-02-12,0
APP001517,Female,No,0,Graduate,Salaried,19306.0,565.0,325000.0,36,,North,43.0,2024-06-02,0
APP003994,Male,Yes,3,Graduate,SELF-EMPLOYED,39832.0,8185.0,39000.0,360,0.0,West,32.0,2024-10-21,0
APP005983,Female,Yes,2,Graduate,self employed,42837.0,7998.0,81000.0,180,1.0,North,26.0,2023-09-16,0
APP002187,Female,No,0,Graduate,Self-Employed,,41988.0,60000.0,60,1.0,West,41.0,2024-10-14,0
APP003309,Male,Yes,2,Not Graduate,salaried,43858.0,2274.0,153000.0,24,,South,26.0,2023-02-11,0
APP003732,Female,No,1,Graduate,Salaried,26699.0,3533.0,,36,1.0,South,50.0,2024-08-30,0
APP001038,Female,Yes,0,Not Graduate,Salaried,20073.0,6285.0,207000.0,84,,South,40.0,2023-05-28,1
APP002438,Male,Yes,1,Graduate,Self-Employed,50071.0,3797.0,62000.0,180,1.0,West,21.0,2024-12-11,0
APP003000,Female,Yes,1,Graduate,Self-Employed,56045.0,3064.0,248000.0,48,1.0,north,52.0,2023-05-28,0
APP001511,Female,No,0,Not Graduate,Self-Employed,102018.0,5826.0,315000.0,120,1.0,North,56.0,2023-02-14,0
APP000412,Female,Yes,2,Graduate,Salaried ,39179.0,6918.0,32000.0,48,1.0,South,54.0,2023-06-16,0
APP004848,Male,Yes,1,Graduate,Salaried,40690.0,14068.0,71000.0,180,,north,47.0,2023-07-23,0
APP005162,Male,Yes,0,Not Graduate,self employed,43520.0,1739.0,,84,1.0,EAST,32.0,2024-11-27,0
APP004076,Male,Yes,3,Graduate,Salaried,48227.0,2308.0,48000.0,36,0.0,West ,29.0,2024-04-11,0
APP001302,Female,Yes,1,Not Graduate,salaried,30034.0,9836.0,138000.0,12,1.0,East,28.0,2024-10-21,0
APP003260,Female,No,0,Graduate,Salaried,48370.0,14200.0,96000.0,120,1.0,South,54.0,2024-07-16,0
APP001318,Female,Yes,2,Graduate,Salaried,30529.0,3497.0,67000.0,36,0.0,East,44.0,2024-02-25,0
APP003317,Male,Yes,1,Graduate,Salaried,24071.0,797.0,64000.0,84,1.0,West,40.0,2023-11-08,0
APP000778,Female,Yes,0,Not Graduate,SELF-EMPLOYED,45344.0,10969.0,99000.0,84,1.0,East,31.0,2023-03-03,0
APP004971,Male,Yes,2,Not Graduate,self employed,67703.0,6994.0,38000.0,36,1.0,West ,37.0,2023-08-27,0
APP005293,Male,Yes,3,Graduate,Salaried,74682.0,2279.0,40000.0,48,1.0,West,25.0,2023-04-15,0
APP002368,Male,Yes,2,Not Graduate,salaried,22609.0,4667.0,134000.0,36,1.0,West ,47.0,2024-10-02,0
APP002477,Male,Yes,2,Graduate,Salaried ,24375.0,6993.0,79000.0,36,1.0,EAST,21.0,2023-08-18,0
APP004170,Male,Yes,1,Not Graduate,SELF-EMPLOYED,55149.0,16517.0,48000.0,12,1.0,South,44.0,2024-04-04,0
APP000026,Female,Yes,2,Graduate,Self-Employed,99163.0,3197.0,50000.0,84,1.0,north,28.0,2024-08-21,0
APP003393,Female,No,0,Not Graduate,Salaried,40806.0,11383.0,57000.0,360,1.0,North,44.0,2024-09-10,0
APP001409,Female,Yes,1,Graduate,Salaried,37559.0,6039.0,204000.0,240,,West ,21.0,2024-02-17,0
APP001140,Female,No,2,Graduate,Salaried ,54972.0,9898.0,46000.0,24,1.0,North,32.0,2023-05-13,0
APP000506,Male,Yes,0,Graduate,Salaried,94980.0,21205.0,,36,1.0,South,35.0,2023-01-25,0
APP001561,Male,No,0,Graduate,Salaried,64735.0,6651.0,91000.0,60,,West ,29.0,2023-08-28,0
APP001121,,Yes,3,Not Graduate,Salaried,68650.0,8196.0,190000.0,240,1.0,north,28.0,2023-08-04,0
APP000602,Male,Yes,1,Graduate,Self-Employed,94497.0,4223.0,134000.0,84,1.0,West ,22.0,2023-11-15,0
APP003942,Female,No,1,Not Graduate,salaried,94512.0,7612.0,92000.0,36,1.0,West,21.0,2023-09-25,0
APP002738,Male,Yes,3,Graduate,Salaried ,68992.0,14816.0,87000.0,60,1.0,West ,24.0,2024-06-19,0
APP003852,Male,Yes,2,Graduate,salaried,69311.0,9670.0,139000.0,84,1.0,North,45.0,2023-06-27,0
APP002614,Female,Yes,1,Not Graduate,Salaried,28005.0,9433.0,139000.0,120,1.0,South,36.0,2024-05-11,0
APP000349,Male,Yes,1,Not Graduate,Salaried,28382.0,9331.0,134000.0,120,1.0,South,31.0,2023-06-02,0
APP005981,Female,No,0,Graduate,Salaried,22311.0,3829.0,32000.0,240,1.0,East,27.0,2023-01-08,0
APP005510,Male,Yes,1,Graduate,Salaried,34357.0,10224.0,187000.0,48,1.0,East,41.0,2024-10-31,0
APP005661,,Yes,3,Graduate,Salaried,89259.0,31148.0,148000.0,360,1.0,North,21.0,2024-06-18,0
APP005941,Male,Yes,0,Graduate,Salaried,30332.0,9725.0,161000.0,36,1.0,East,37.0,2024-01-28,0
APP000630,Male,No,2,Not Graduate,Salaried,52196.0,12215.0,311000.0,60,1.0,North,34.0,2023-06-16,0
APP005917,Female,No,2,Not Graduate,self employed,40152.0,7516.0,81000.0,84,1.0,North,51.0,2024-06-07,0
APP002549,Male,Yes,2,Graduate,SELF-EMPLOYED,32009.0,9453.0,102000.0,120,,South,44.0,2023-03-11,0
APP004732,Male,Yes,0,Graduate,self employed,56523.0,6003.0,102000.0,84,1.0,South,48.0,2023-10-09,0
APP000409,Female,Yes,0,Graduate,salaried,35748.0,6674.0,28000.0,48,1.0,West ,46.0,2023-07-13,0
APP003392,Female,Yes,2,Not Graduate,Salaried ,48646.0,9920.0,149000.0,120,1.0,north,57.0,2024-05-07,0
APP000165,Male,Yes,0,Graduate,Salaried,,5702.0,156000.0,48,1.0,EAST,55.0,2024-10-18,0
APP005652,Female,Yes,4,Graduate,Self-Employed,51792.0,6784.0,60000.0,84,1.0,South,38.0,2024-06-16,0
APP002337,Male,Yes,0,Graduate,salaried,118550.0,35879.0,114000.0,84,1.0,West,55.0,2023-05-04,0
APP004050,Male,Yes,0,Graduate,self employed,82931.0,5874.0,89000.0,84,1.0,North,38.0,2023-06-17,0
APP002427,Male,Yes,4,Not Graduate,SELF-EMPLOYED,30639.0,6793.0,80000.0,120,,South,51.0,2024-02-08,1
APP001088,Male,No,3,Graduate,Salaried,42367.0,11400.0,466000.0,360,1.0,East,56.0,2023-06-14,0
APP003771,Male,No,0,Graduate,self employed,139014.0,8840.0,149000.0,60,1.0,North,46.0,2024-10-25,0
APP004391,Male,No,0,Graduate,self employed,71318.0,22978.0,87000.0,180,1.0,South,39.0,2024-10-28,0
APP002915,Male,No,0,Graduate,Self-Employed,17498.0,1318.0,117000.0,84,,West ,55.0,2024-01-09,0
APP002861,Female,Yes,1,Not Graduate,Salaried,32353.0,1795.0,137000.0,240,1.0,West,55.0,2023-08-25,0
APP002364,Male,Yes,0,Not Graduate,SELF-EMPLOYED,19076.0,1533.0,123000.0,36,1.0,South,36.0,2024-03-02,0
APP004625,Female,No,1,Graduate,SELF-EMPLOYED,70487.0,2370.0,97000.0,180,1.0,South,39.0,2023-07-23,0
APP003882,Female,Yes,1,Not Graduate,Salaried,44723.0,7147.0,72000.0,240,1.0,West,34.0,2023-07-29,0
APP004124,Female,No,2,Graduate,Salaried,34039.0,5599.0,70000.0,84,1.0,North,44.0,2023-07-02,0
APP005721,Male,Yes,1,Graduate,Salaried ,81114.0,6327.0,47000.0,84,1.0,North,42.0,2023-08-12,0
APP000275,Male,Yes,0,Graduate,Self-Employed,87262.0,21148.0,236000.0,36,,South,46.0,2024-11-28,1
APP001073,Male,No,0,Graduate,Self-Employed,,19874.0,150000.0,36,1.0,North,23.0,2024-05-31,0
APP004810,Female,No,2,Not Graduate,SELF-EMPLOYED,35753.0,3431.0,112000.0,84,1.0,West ,26.0,2024-08-25,0
APP000676,Female,No,1,Graduate,salaried,92286.0,12211.0,142000.0,60,1.0,West ,23.0,2024-09-30,0
APP005399,Male,No,4,Graduate,Salaried,58594.0,20204.0,250000.0,120,0.0,West,47.0,2024-01-02,0
APP003383,Male,Yes,3,Not Graduate,SELF-EMPLOYED,30065.0,6430.0,147000.0,24,1.0,West,35.0,2024-07-30,0
APP003705,Female,Yes,3,Graduate,Salaried,53461.0,5158.0,24000.0,180,1.0,South,41.0,2024-05-07,0
APP000586,Male,Yes,1,Graduate,Salaried,43421.0,2396.0,105000.0,24,1.0,West ,40.0,2024-01-20,0
APP000838,Male,No,1,Not Graduate,salaried,28310.0,4054.0,45000.0,48,1.0,East,46.0,2024-11-07,0
APP004400,Male,Yes,3,Not Graduate,self employed,148369.0,42684.0,47000.0,48,1.0,South,21.0,2023-09-27,0
APP002616,Male,No,0,Graduate,salaried,24145.0,481.0,84000.0,84,1.0,West,52.0,2023-06-23,0
APP002966,Female,Yes,0,Graduate,Self-Employed,22586.0,2217.0,,12,1.0,West,41.0,2024-05-23,0
APP001438,Female,Yes,0,Graduate,SELF-EMPLOYED,62388.0,17586.0,30000.0,60,1.0,North,53.0,2024-08-02,0
APP001554,Female,Yes,0,Graduate,Salaried ,34931.0,3904.0,94000.0,240,1.0,EAST,29.0,2023-10-30,0
APP000817,Female,No,4,Not Graduate,Self-Employed,37400.0,6655.0,155000.0,60,1.0,West,53.0,2024-08-29,0
APP001244,Female,Yes,1,Graduate,salaried,34502.0,8295.0,42000.0,120,1.0,EAST,30.0,2023-01-30,0
APP004313,Male,No,0,Graduate,Salaried,41530.0,101.0,74000.0,48,1.0,West ,55.0,2023-05-01,0
APP000303,Male,Yes,2,Graduate,Salaried,72668.0,1072.0,,360,1.0,North,21.0,2024-08-22,0
APP002620,Male,No,0,Graduate,self employed,52552.0,15989.0,157000.0,60,1.0,West,31.0,2024-09-22,0
APP005695,Female,No,3,Graduate,SELF-EMPLOYED,47949.0,16063.0,61000.0,36,,West,45.0,2024-12-06,1
APP002679,Male,Yes,1,Not Graduate,Salaried,87441.0,27381.0,91000.0,180,1.0,South,34.0,2023-07-05,0
APP002486,Female,Yes,0,Graduate,Salaried ,115308.0,8706.0,336000.0,120,1.0,South,51.0,2024-09-28,0
APP003937,Male,Yes,0,Graduate,Salaried ,60581.0,18370.0,92000.0,120,1.0,North,41.0,2023-10-09,0
APP005974,Female,Yes,2,Graduate,Salaried ,33238.0,5477.0,88000.0,84,1.0,West,22.0,2024-09-07,0
APP003163,Male,Yes,0,Graduate,Salaried,16908.0,5798.0,86000.0,48,0.0,West,37.0,2024-02-09,1
APP001064,Male,No,0,Graduate,SELF-EMPLOYED,46240.0,2566.0,114000.0,48,1.0,East,24.0,2024-01-15,0
APP000873,Female,Yes,1,Graduate,Salaried ,61717.0,12267.0,79000.0,24,0.0,South,43.0,2023-02-06,0
APP002820,Male,Yes,2,Graduate,Self-Employed,140715.0,6957.0,114000.0,240,1.0,West,54.0,2023-10-10,0
APP004932,Male,No,2,Not Graduate,self employed,55540.0,6886.0,158000.0,120,1.0,West ,44.0,2023-09-11,0
APP000953,Male,Yes,2,Graduate,Salaried,35943.0,10014.0,73000.0,120,0.0,East,30.0,2023-04-23,0
APP000160,Female,Yes,0,Not Graduate,SELF-EMPLOYED,25069.0,6969.0,48000.0,180,1.0,East,40.0,2023-11-01,0
APP000924,Female,No,0,Graduate,Salaried ,31471.0,4608.0,46000.0,84,1.0,West,36.0,2024-06-02,0
APP002771,Male,Yes,2,Not Graduate,salaried,74190.0,4553.0,278000.0,120,1.0,EAST,42.0,2023-03-06,0
APP004156,Male,Yes,0,Graduate,salaried,45678.0,15964.0,54000.0,36,1.0,East,47.0,2024-06-04,0
APP005922,Female,Yes,1,Not Graduate,self employed,19615.0,4317.0,55000.0,360,1.0,north,33.0,2024-06-19,1
APP004335,Male,No,0,Graduate,Self-Employed,29938.0,4110.0,277000.0,120,,North,21.0,2024-02-23,0
APP001976,Female,Yes,3,Graduate,Salaried,49902.0,709.0,198000.0,24,1.0,North,34.0,2024-11-10,0
APP004120,Female,No,0,Graduate,Salaried,32375.0,391.0,69000.0,12,1.0,South,52.0,2024-09-06,0
APP004925,Male,No,0,Not Graduate,Self-Employed,68447.0,5417.0,130000.0,180,1.0,north,47.0,2023-06-03,0
APP003736,Male,Yes,0,Graduate,Salaried ,105961.0,10049.0,49000.0,60,1.0,East,48.0,2023-05-01,0
APP002395,Female,No,0,Not Graduate,Salaried ,49647.0,14774.0,48000.0,120,1.0,South,33.0,2023-12-13,0
APP005252,Female,Yes,2,Graduate,self employed,56058.0,11485.0,115000.0,36,1.0,South,53.0,2023-12-28,0
APP003604,Male,Yes,0,Graduate,self employed,60688.0,6758.0,19000.0,24,0.0,East,28.0,2024-03-08,0
APP002057,Male,Yes,2,Graduate,self employed,26785.0,5604.0,108000.0,240,1.0,West,42.0,2024-07-15,0
APP004325,,Yes,1,Graduate,Self-Employed,44314.0,82.0,51000.0,24,0.0,South,26.0,2023-12-26,0
APP000490,Female,Yes,0,Graduate,Salaried,49385.0,16336.0,61000.0,60,0.0,North,22.0,2024-11-15,0
APP003714,Female,Yes,2,Graduate,Self-Employed,30695.0,8312.0,97000.0,84,1.0,West,43.0,2024-11-02,0
APP000386,Female,Yes,0,Graduate,Salaried,35447.0,1322.0,209000.0,360,,South,40.0,2024-02-04,0
APP003489,Male,Yes,1,Not Graduate,SELF-EMPLOYED,19757.0,3823.0,,120,0.0,South,34.0,2023-03-26,1
APP002284,Male,Yes,1,Not Graduate,Self-Employed,61246.0,3745.0,118000.0,84,1.0,East,47.0,2024-09-02,0
APP004112,Male,Yes,4,Graduate,Salaried,41860.0,561.0,176000.0,84,1.0,North,53.0,2024-09-09,0
APP001825,Female,Yes,0,Graduate,Salaried,46190.0,3811.0,79000.0,12,1.0,East,44.0,2023-02-04,0
APP004366,Female,Yes,0,Not Graduate,salaried,24928.0,6137.0,101000.0,12,1.0,North,44.0,2023-09-14,0
APP004420,Male,Yes,3,Graduate,Salaried ,55698.0,5079.0,60000.0,60,1.0,West,21.0,2024-08-31,0
APP001589,Male,Yes,0,Graduate,salaried,96604.0,22982.0,136000.0,36,1.0,East,28.0,2024-10-25,0
APP001116,Female,No,0,Graduate,Salaried,28370.0,8765.0,,48,1.0,East,43.0,2024-05-23,0
APP003349,Male,No,0,Graduate,Salaried ,33405.0,8935.0,135000.0,120,1.0,West,56.0,2023-08-21,0
APP005822,Male,No,3,Not Graduate,self employed,21935.0,2186.0,269000.0,120,1.0,EAST,24.0,2023-12-25,1
APP001752,Male,Yes,2,Graduate,Self-Employed,40826.0,7573.0,159000.0,240,1.0,East,33.0,2024-10-28,0
APP001232,Male,No,0,Not Graduate,SELF-EMPLOYED,23005.0,6893.0,155000.0,12,1.0,West ,31.0,2023-03-25,0
APP004090,Male,Yes,1,Not Graduate,Salaried ,102590.0,24913.0,50000.0,36,,East,21.0,2023-04-23,0
APP003161,Male,No,4,Graduate,Self-Employed,25418.0,2066.0,137000.0,24,1.0,North,52.0,2023-04-15,0
APP000964,Male,Yes,1,Not Graduate,Salaried,65394.0,19345.0,64000.0,360,1.0,North,49.0,2024-07-31,0
APP004594,Male,No,0,Graduate,self employed,59817.0,13157.0,438000.0,360,1.0,West,35.0,2024-05-07,0
APP000353,Female,Yes,3,Graduate,Salaried ,82947.0,1562.0,60000.0,120,1.0,East,43.0,2024-09-19,0
APP001839,Female,Yes,0,Not Graduate,SELF-EMPLOYED,45563.0,8828.0,78000.0,12,0.0,East,31.0,2023-01-25,0
APP003946,Male,Yes,2,Graduate,Salaried ,62638.0,3617.0,144000.0,84,1.0,West ,44.0,2024-10-23,0
APP004877,Female,Yes,1,Not Graduate,Salaried ,22367.0,516.0,52000.0,36,1.0,EAST,26.0,2023-04-21,0
APP000002,Female,Yes,0,Graduate,Salaried ,63600.0,13449.0,131000.0,84,1.0,West,48.0,2023-05-04,0
APP005193,Female,Yes,2,Graduate,Self-Employed,50294.0,7440.0,133000.0,180,1.0,South,38.0,2023-01-03,0
APP004382,Male,Yes,1,Graduate,SELF-EMPLOYED,41030.0,1775.0,79000.0,24,1.0,north,58.0,2024-06-19,0
APP005844,Male,No,3,Graduate,Self-Employed,62205.0,4894.0,175000.0,180,1.0,South,30.0,2024-11-26,0
APP000784,Male,Yes,1,Graduate,Self-Employed,21260.0,1104.0,213000.0,48,1.0,South,30.0,2024-03-31,0
APP004916,Female,Yes,0,Graduate,Salaried ,48250.0,2887.0,195000.0,84,1.0,South,43.0,2024-08-11,0
APP002397,Male,No,0,Graduate,Salaried ,54524.0,9891.0,69000.0,84,0.0,South,33.0,2024-08-07,1
APP004898,Male,No,3,Graduate,Salaried ,150553.0,11344.0,65000.0,60,1.0,West,32.0,2024-11-06,0
APP000069,Male,Yes,0,Not Graduate,salaried,64787.0,19801.0,66000.0,120,1.0,East,43.0,2023-04-08,0
APP000404,Female,No,1,Graduate,Salaried,50394.0,6577.0,73000.0,48,1.0,North,21.0,2024-02-06,0
APP003435,Female,No,3,Graduate,Salaried,128056.0,26601.0,154000.0,120,1.0,North,61.0,2023-04-25,0
APP001207,Female,Yes,1,Not Graduate,Salaried,97199.0,1853.0,,84,0.0,East,55.0,2024-04-14,1
APP005451,Male,Yes,2,Graduate,salaried,73513.0,8378.0,39000.0,48,1.0,South,39.0,2024-09-22,0
APP004274,Male,No,2,Not Graduate,Salaried ,25961.0,7183.0,115000.0,12,1.0,north,30.0,2023-05-05,0
APP003429,Female,No,1,Graduate,Salaried ,45345.0,6912.0,158000.0,84,0.0,West,33.0,2024-12-09,0
APP002140,Female,Yes,1,Graduate,SELF-EMPLOYED,70731.0,11625.0,120000.0,360,1.0,West,35.0,2024-01-26,0
APP001201,Female,No,0,Graduate,salaried,51876.0,9213.0,51000.0,120,,West,63.0,2023-10-15,0
APP002916,Female,Yes,1,Not Graduate,Self-Employed,,3767.0,83000.0,24,1.0,north,27.0,2024-12-15,0
APP002301,Female,Yes,1,Graduate,Salaried,64570.0,21565.0,122000.0,48,1.0,North,33.0,2024-04-28,0
APP001757,Female,No,0,Graduate,salaried,61160.0,10836.0,106000.0,12,1.0,South,50.0,2023-11-25,0
APP003487,Male,Yes,2,Graduate,Self-Employed,43417.0,12597.0,211000.0,24,1.0,East,21.0,2024-06-26,0
APP001578,Female,No,0,Graduate,self employed,49803.0,13789.0,95000.0,60,1.0,West,37.0,2023-11-13,0
APP002720,Male,Yes,0,Graduate,self employed,63668.0,821.0,24000.0,84,1.0,South,58.0,2024-06-06,0
APP002242,Male,Yes,1,Not Graduate,Salaried ,92989.0,27511.0,315000.0,84,1.0,East,50.0,2023-01-01,0
APP002775,Male,No,0,Not Graduate,salaried,54885.0,1455.0,89000.0,180,1.0,East,60.0,2024-06-23,0
APP001508,Male,Yes,2,Graduate,Salaried ,59769.0,20225.0,306000.0,84,1.0,North,26.0,2024-03-27,0
APP003750,Female,Yes,0,Graduate,self employed,48153.0,11010.0,80000.0,36,1.0,South,43.0,2023-07-14,0
APP002494,Male,Yes,2,Graduate,Self-Employed,26465.0,2630.0,148000.0,60,1.0,West,21.0,2024-12-14,0
APP005148,Female,No,3,Graduate,Salaried ,125742.0,21217.0,97000.0,48,,East,36.0,2024-07-17,0
APP000539,Male,Yes,2,Graduate,Salaried,99700.0,31001.0,74000.0,12,1.0,South,37.0,2024-05-07,0
APP001331,Male,Yes,0,Graduate,Salaried,40099.0,275.0,69000.0,84,1.0,North,47.0,2023-10-04,0
APP002304,Male,Yes,3,Graduate,Salaried,96102.0,3786.0,98000.0,180,1.0,North,35.0,2024-08-05,0
APP002500,Male,No,1,Graduate,salaried,124014.0,39367.0,502000.0,240,1.0,East,38.0,2024-03-19,0
APP001613,Male,Yes,2,Graduate,Salaried ,49885.0,6230.0,131000.0,36,1.0,South,21.0,2023-05-16,0
APP001489,Male,Yes,0,Graduate,SELF-EMPLOYED,94809.0,28955.0,155000.0,48,1.0,West ,47.0,2024-01-10,0
APP002019,Male,No,1,Graduate,Self-Employed,80164.0,329.0,301000.0,180,1.0,South,33.0,2024-04-03,0
APP001745,Male,Yes,1,Graduate,Salaried,86721.0,2255.0,170000.0,120,1.0,East,33.0,2024-02-17,0
APP004864,Male,Yes,0,Graduate,SELF-EMPLOYED,38243.0,4706.0,24000.0,48,1.0,West,36.0,2023-09-16,0
APP005724,Male,No,2,Graduate,Salaried ,37422.0,579.0,63000.0,60,1.0,South,43.0,2023-12-16,0
APP005528,Male,Yes,0,Not Graduate,Self-Employed,48142.0,13636.0,124000.0,180,1.0,EAST,60.0,2023-01-11,1
APP005939,Male,Yes,0,Graduate,Self-Employed,75270.0,17888.0,99000.0,24,1.0,West,,2023-10-22,0
APP004607,Female,No,2,Graduate,Salaried,49912.0,9903.0,114000.0,48,0.0,East,35.0,2024-04-08,1
APP001394,Male,No,3,Not Graduate,Self-Employed,31954.0,5107.0,112000.0,60,1.0,North,24.0,2023-02-17,0
APP001509,Female,Yes,2,Graduate,Salaried,43517.0,12024.0,88000.0,60,1.0,West,39.0,2023-05-10,0
APP001195,Male,Yes,3,Graduate,Self-Employed,70956.0,15297.0,144000.0,240,1.0,East,30.0,2023-01-02,1
APP005256,Male,Yes,1,Graduate,Self-Employed,18457.0,4277.0,68000.0,60,1.0,East,26.0,2023-03-17,0
APP005837,Female,Yes,2,Graduate,Self-Employed,,13071.0,168000.0,36,1.0,West,44.0,2023-04-17,0
APP003801,Male,Yes,2,Graduate,Salaried,63834.0,13664.0,330000.0,60,1.0,East,30.0,2024-04-01,0
APP005175,Male,No,4,Graduate,self employed,69571.0,7637.0,126000.0,360,1.0,East,34.0,2024-07-14,0
APP004678,Female,No,0,Graduate,self employed,103331.0,33423.0,93000.0,120,,West,33.0,2024-12-22,0
APP004876,Female,Yes,0,Graduate,salaried,62246.0,18942.0,86000.0,120,1.0,North,40.0,2023-03-26,0
APP001932,Male,Yes,0,Graduate,Self-Employed,11057.0,497.0,124000.0,240,1.0,West,52.0,2023-10-18,0
APP002813,Female,No,0,Graduate,Salaried,87728.0,27848.0,45000.0,120,0.0,West,23.0,2024-06-04,0
APP003975,Male,No,4,Graduate,Self-Employed,54865.0,13675.0,56000.0,60,1.0,West ,43.0,2024-07-06,0
APP002540,Female,Yes,0,Graduate,Self-Employed,55819.0,11271.0,52000.0,36,1.0,North,42.0,2024-07-17,0
APP002670,Male,No,0,Graduate,Self-Employed,67220.0,11960.0,71000.0,120,1.0,north,54.0,2024-02-15,0
APP003720,Male,No,4,Not Graduate,Self-Employed,62922.0,11218.0,95000.0,60,1.0,West,35.0,2024-09-14,0
APP003249,Female,Yes,0,Not Graduate,SELF-EMPLOYED,29410.0,10045.0,61000.0,48,,north,44.0,2023-08-30,1
APP004760,Female,No,3,Graduate,Self-Employed,47821.0,1789.0,58000.0,180,1.0,South,35.0,2023-12-20,0
APP002823,Female,Yes,3,Not Graduate,self employed,78461.0,22557.0,157000.0,24,0.0,North,37.0,2024-11-26,1
APP000574,Female,No,4,Graduate,Salaried,88891.0,18884.0,97000.0,36,1.0,North,36.0,2024-12-06,0
APP000697,Male,No,1,Not Graduate,SELF-EMPLOYED,32075.0,4369.0,108000.0,60,1.0,South,33.0,2023-03-12,1
APP005674,Male,Yes,2,Not Graduate,Salaried ,87097.0,4403.0,65000.0,60,1.0,East,45.0,2023-08-08,0
APP005419,Male,Yes,0,Graduate,Salaried,49952.0,4610.0,56000.0,84,1.0,EAST,49.0,2024-11-23,0
APP004955,Male,No,2,Graduate,Self-Employed,17402.0,3985.0,,240,1.0,West,43.0,2023-12-12,0
APP005138,Male,No,1,Not Graduate,Salaried ,41303.0,5910.0,34000.0,360,1.0,North,40.0,2024-10-11,0
APP002188,Female,Yes,3,Graduate,salaried,48178.0,7976.0,154000.0,240,1.0,East,55.0,2024-12-05,0
APP004023,Female,No,2,Graduate,Salaried,,10877.0,160000.0,12,1.0,north,22.0,2023-01-15,0
APP005444,Female,No,0,Graduate,Salaried,43901.0,12611.0,86000.0,36,1.0,East,37.0,2024-05-27,0
APP002046,Female,Yes,1,Graduate,Salaried,58584.0,7706.0,46000.0,180,1.0,East,33.0,2024-12-05,0
APP000283,Male,Yes,2,Not Graduate,Self-Employed,51130.0,5025.0,195000.0,84,1.0,West ,41.0,2023-02-08,0
APP000259,Male,Yes,0,Graduate,Salaried,15450.0,3336.0,104000.0,180,1.0,North,42.0,2023-05-30,0
APP002665,Female,Yes,2,Graduate,Salaried ,105215.0,568.0,42000.0,84,0.0,North,42.0,2023-06-05,1
APP005056,Female,No,1,Graduate,SELF-EMPLOYED,123260.0,33861.0,108000.0,84,1.0,East,31.0,2024-08-23,1
APP003234,Male,Yes,0,Not Graduate,Salaried,38057.0,11234.0,40000.0,180,1.0,South,34.0,2024-01-12,0
APP000726,Female,No,2,Not Graduate,Self-Employed,42082.0,1506.0,141000.0,180,1.0,EAST,25.0,2023-02-02,0
APP001637,Male,Yes,2,Graduate,Salaried,31211.0,7912.0,135000.0,180,1.0,West,34.0,2024-10-11,0
APP004774,Female,Yes,4,Graduate,self employed,84532.0,18416.0,94000.0,84,1.0,South,44.0,2024-01-05,1
APP000056,Female,No,3,Not Graduate,Self-Employed,34274.0,2241.0,99000.0,48,0.0,South,21.0,2023-03-18,1
APP004942,Male,No,0,Graduate,self employed,20320.0,1072.0,86000.0,60,1.0,West,50.0,2023-12-11,0
APP001412,Male,No,1,Graduate,Salaried,71384.0,10887.0,161000.0,36,1.0,North,48.0,2023-10-18,0
APP002215,Female,No,2,Graduate,Self-Employed,17833.0,5526.0,52000.0,48,0.0,South,31.0,2024-11-04,1
APP005930,Female,Yes,0,Graduate,Salaried,56099.0,13745.0,69000.0,60,1.0,EAST,25.0,2023-07-23,0
APP002936,Male,Yes,2,Graduate,Salaried,37564.0,5653.0,40000.0,48,1.0,East,65.0,2023-11-17,1
APP000889,Male,Yes,2,Graduate,Salaried,41101.0,1379.0,20000.0,60,,South,45.0,2023-02-19,0
APP002955,Female,Yes,1,Not Graduate,Salaried,37237.0,5081.0,146000.0,12,1.0,West,41.0,2024-08-11,0
APP001688,Male,Yes,1,Graduate,self employed,43218.0,3607.0,59000.0,180,,EAST,22.0,2023-12-23,0
APP001820,Male,No,1,Graduate,salaried,92620.0,19198.0,132000.0,360,1.0,West ,35.0,2023-03-03,0
APP003704,Female,Yes,2,Graduate,Self-Employed,53250.0,2399.0,82000.0,48,1.0,South,52.0,2024-05-01,0
APP001973,Male,Yes,0,Graduate,Salaried ,42738.0,1102.0,199000.0,60,1.0,North,32.0,2024-05-08,0
APP000715,Male,No,0,Graduate,self employed,23333.0,7982.0,110000.0,180,,South,30.0,2023-07-10,1
APP004702,Male,Yes,3,Graduate,self employed,34535.0,8990.0,300000.0,360,1.0,north,47.0,2023-05-04,0
APP002287,Female,Yes,3,Not Graduate,SELF-EMPLOYED,99683.0,34407.0,55000.0,48,1.0,North,29.0,2023-06-10,1
APP005699,Female,No,2,Graduate,Self-Employed,38856.0,12010.0,374000.0,24,1.0,north,62.0,2023-09-09,0
APP000648,Female,Yes,2,Not Graduate,Salaried,36083.0,2067.0,123000.0,60,1.0,South,45.0,2024-12-04,0
APP004966,Male,Yes,2,Graduate,salaried,68750.0,10433.0,135000.0,60,0.0,West,46.0,2023-06-20,1
APP002849,Male,No,3,Graduate,SELF-EMPLOYED,,16597.0,181000.0,24,0.0,North,46.0,2023-11-29,1
APP004714,Female,No,2,Graduate,Salaried ,18832.0,5949.0,127000.0,60,0.0,East,42.0,2024-12-04,1
APP000124,Male,No,1,Graduate,self employed,177906.0,5639.0,79000.0,180,1.0,South,44.0,2024-10-28,0
APP004431,Female,Yes,3,Graduate,SELF-EMPLOYED,70902.0,18650.0,195000.0,24,1.0,North,43.0,2023-12-23,0
APP005621,Male,Yes,0,Graduate,Self-Employed,45543.0,8450.0,137000.0,12,1.0,South,48.0,2023-11-06,0
APP004401,Male,Yes,0,Not Graduate,self employed,56064.0,13513.0,35000.0,180,1.0,South,41.0,2024-01-20,0
APP000981,Male,No,2,Graduate,Salaried,78528.0,25646.0,208000.0,360,1.0,East,37.0,2023-08-11,0
APP000176,Male,Yes,3,Not Graduate,SELF-EMPLOYED,25993.0,3688.0,72000.0,120,1.0,West ,27.0,2024-10-28,0
APP000582,Female,No,2,Graduate,Salaried,54375.0,9133.0,110000.0,48,1.0,North,22.0,2023-09-02,0
APP004875,Male,Yes,0,Graduate,salaried,10498.0,544.0,149000.0,36,1.0,north,30.0,2024-07-16,0
APP001617,Female,Yes,0,Graduate,Self-Employed,25765.0,3302.0,171000.0,84,1.0,East,37.0,2023-12-22,0
APP005364,Female,Yes,0,Not Graduate,Salaried,118127.0,20367.0,80000.0,24,1.0,West,32.0,2024-06-28,0
APP002877,Male,No,4,Graduate,SELF-EMPLOYED,39876.0,4643.0,68000.0,120,1.0,north,36.0,2023-05-07,0
APP005122,Female,Yes,4,Graduate,Salaried ,34441.0,6714.0,176000.0,120,1.0,North,29.0,2023-04-29,0
APP003244,Female,Yes,1,Graduate,Salaried ,58484.0,9112.0,72000.0,84,1.0,north,28.0,2024-09-18,0
APP001862,Female,Yes,1,Graduate,Self-Employed,34813.0,11629.0,113000.0,24,0.0,West,46.0,2024-06-27,1
APP003576,Male,Yes,0,Not Graduate,Salaried,140278.0,19804.0,320000.0,180,0.0,West,37.0,2023-05-22,1
APP003607,Female,Yes,1,Graduate,Salaried,53201.0,6014.0,104000.0,84,1.0,West,21.0,2024-02-14,1
APP005753,Male,Yes,0,Not Graduate,Salaried,67044.0,7578.0,169000.0,48,1.0,West,26.0,2023-06-06,0
APP002975,Male,Yes,4,Not Graduate,Salaried ,116626.0,24811.0,135000.0,120,1.0,East,44.0,2023-04-11,0
APP004506,Male,Yes,1,Graduate,Salaried,19553.0,3767.0,135000.0,24,1.0,East,52.0,2023-05-01,0
APP004772,Male,No,3,Graduate,SELF-EMPLOYED,27900.0,2356.0,30000.0,60,0.0,East,33.0,2024-07-18,1
APP000298,Male,No,4,Graduate,self employed,49414.0,11708.0,56000.0,240,,West,35.0,2024-08-14,0
APP000926,Male,No,2,Not Graduate,Salaried,47839.0,13333.0,70000.0,180,1.0,West,47.0,2024-12-30,0
APP004119,Male,Yes,0,Graduate,Salaried,137034.0,23300.0,41000.0,36,1.0,West,38.0,2023-02-14,0
APP004987,Female,No,1,Graduate,SELF-EMPLOYED,67994.0,15733.0,76000.0,84,,South,39.0,2023-06-07,0
APP002116,Male,Yes,1,Graduate,Salaried ,63700.0,20778.0,46000.0,36,1.0,North,42.0,2023-06-07,0
APP004825,Male,No,0,Graduate,Self-Employed,21812.0,2275.0,85000.0,60,1.0,West,40.0,2023-03-08,0
APP001308,Female,No,0,Graduate,SELF-EMPLOYED,76843.0,8040.0,140000.0,36,1.0,EAST,30.0,2023-07-09,0
APP004768,Male,Yes,4,Graduate,Salaried,,31777.0,49000.0,48,1.0,North,39.0,2023-12-26,0
APP001673,Female,Yes,0,Graduate,Salaried,,9548.0,196000.0,120,1.0,East,44.0,2024-06-18,0
APP001200,Male,Yes,1,Graduate,Salaried,31640.0,7669.0,33000.0,60,1.0,South,34.0,2023-01-28,0
APP002230,,Yes,1,Not Graduate,Self-Employed,,8219.0,57000.0,120,1.0,West,43.0,2023-12-13,0
APP005987,Male,Yes,4,Graduate,Salaried,111500.0,11163.0,101000.0,60,,West,40.0,2024-11-20,0
APP000294,Male,Yes,2,Graduate,SELF-EMPLOYED,24860.0,5542.0,122000.0,36,1.0,North,49.0,2023-12-31,0
APP002691,Male,Yes,3,Graduate,Salaried,26271.0,2541.0,198000.0,36,0.0,north,53.0,2024-05-20,1
APP004223,Female,No,1,Graduate,SELF-EMPLOYED,41972.0,8995.0,54000.0,48,0.0,South,35.0,2023-02-04,0
APP002580,Female,No,2,Not Graduate,Self-Employed,32344.0,2122.0,78000.0,180,1.0,North,21.0,2024-02-12,0
APP005507,Male,Yes,0,Graduate,Self-Employed,21415.0,413.0,156000.0,120,1.0,West,22.0,2023-10-01,0
APP000693,Male,No,1,Graduate,SELF-EMPLOYED,44459.0,1966.0,92000.0,24,1.0,West,39.0,2024-09-13,0
APP000687,Male,No,1,Graduate,salaried,35822.0,9626.0,63000.0,120,1.0,North,41.0,2024-12-04,0
APP000818,Male,Yes,3,Graduate,Self-Employed,101766.0,5368.0,117000.0,60,1.0,North,25.0,2024-11-04,0
APP000217,Male,No,1,Graduate,Self-Employed,39651.0,8798.0,72000.0,84,0.0,East,57.0,2023-08-19,1
APP003326,Female,Yes,3,Graduate,self employed,41836.0,4465.0,122000.0,84,0.0,South,24.0,2023-08-14,0
APP004249,Female,No,0,Graduate,Self-Employed,41399.0,296.0,107000.0,24,1.0,South,21.0,2023-09-14,0
APP005440,Female,Yes,1,Graduate,Self-Employed,80860.0,5081.0,82000.0,84,1.0,East,44.0,2023-08-13,0
APP003890,Male,Yes,3,Graduate,Self-Employed,71758.0,10412.0,63000.0,180,0.0,South,28.0,2024-10-11,1
APP005589,Female,Yes,2,Not Graduate,SELF-EMPLOYED,56309.0,1838.0,21000.0,120,0.0,West,59.0,2023-10-04,0
APP005811,Male,No,1,Graduate,Self-Employed,50919.0,16657.0,229000.0,24,,South,21.0,2023-10-30,0
APP000479,Female,Yes,0,Graduate,Self-Employed,51997.0,3803.0,170000.0,180,1.0,North,34.0,2023-07-11,0
APP005412,Male,No,3,Graduate,Salaried,31137.0,2175.0,66000.0,60,1.0,North,44.0,2024-01-20,0
APP005403,Female,Yes,4,Graduate,salaried,27480.0,2783.0,102000.0,240,1.0,North,26.0,2024-08-17,0
APP003199,Male,No,3,Not Graduate,Salaried,68497.0,6824.0,135000.0,240,1.0,East,40.0,2023-05-22,0
APP000813,Male,No,2,Not Graduate,Self-Employed,40099.0,13559.0,102000.0,84,1.0,South,30.0,2024-10-28,1
APP004347,Female,Yes,2,Graduate,salaried,27279.0,8604.0,105000.0,360,,North,41.0,2024-09-12,0
APP000844,Female,No,1,Graduate,salaried,16705.0,2865.0,47000.0,240,1.0,South,28.0,2023-01-26,0
APP003057,Female,Yes,0,Graduate,Salaried ,47486.0,16494.0,285000.0,240,,West,36.0,2024-10-02,0
APP002376,Male,Yes,3,Graduate,Self-Employed,45155.0,10101.0,70000.0,360,,West ,23.0,2023-01-14,0
APP004070,Female,Yes,0,Not Graduate,Self-Employed,25990.0,6347.0,80000.0,120,,South,42.0,2023-06-15,1
APP002033,Male,No,1,Graduate,salaried,15242.0,3887.0,244000.0,180,1.0,north,39.0,2024-05-09,0
APP000968,Male,Yes,2,Graduate,Salaried,68668.0,10720.0,164000.0,180,0.0,East,52.0,2023-09-10,0
APP005489,Female,Yes,0,Graduate,Salaried,101103.0,4472.0,122000.0,36,,north,37.0,2023-04-27,1
APP005333,Male,Yes,1,Graduate,salaried,23143.0,638.0,86000.0,24,1.0,East,36.0,2024-08-13,0
APP000973,Female,Yes,4,Not Graduate,Salaried,40588.0,404.0,120000.0,360,1.0,West,34.0,2024-10-15,0
APP001897,Female,Yes,0,Graduate,salaried,35417.0,8705.0,124000.0,60,1.0,West,31.0,2024-03-20,0
APP004343,Female,Yes,0,Graduate,Self-Employed,151749.0,17348.0,83000.0,36,0.0,West,41.0,2023-03-10,0
APP002705,Female,Yes,2,Not Graduate,salaried,32052.0,9929.0,142000.0,24,1.0,East,27.0,2023-11-11,0
APP005979,Male,Yes,3,Graduate,Self-Employed,,21258.0,45000.0,36,,South,54.0,2023-04-01,0
APP005490,Female,Yes,2,Graduate,Salaried ,43949.0,5106.0,54000.0,48,1.0,East,42.0,2024-10-10,0
APP003375,Female,Yes,0,Graduate,self employed,47998.0,2915.0,80000.0,360,1.0,North,40.0,2023-12-03,0
APP004991,Female,Yes,0,Graduate,self employed,51880.0,3897.0,95000.0,24,0.0,East,28.0,2024-04-28,1
APP005036,Male,No,0,Graduate,self employed,50764.0,813.0,86000.0,180,1.0,North,23.0,2024-11-17,0
APP005299,Male,Yes,0,Graduate,Self-Employed,77102.0,6721.0,53000.0,84,0.0,East,32.0,2024-10-29,0
APP002952,Female,Yes,2,Graduate,Salaried,114491.0,1277.0,74000.0,24,0.0,South,60.0,2023-02-16,0
APP001346,Male,No,1,Graduate,Salaried,29957.0,2386.0,142000.0,24,0.0,West,51.0,2024-01-22,0
APP005425,Male,Yes,0,Graduate,Self-Employed,26811.0,8082.0,243000.0,120,1.0,West,43.0,2024-11-16,0
APP000976,Male,No,2,Graduate,Salaried ,57777.0,12785.0,387000.0,60,1.0,East,43.0,2023-10-23,0
APP005141,Male,Yes,2,Not Graduate,Salaried ,41112.0,5839.0,84000.0,60,1.0,West ,48.0,2024-11-02,0
APP000510,Female,No,0,Graduate,Salaried,30843.0,6730.0,69000.0,240,1.0,north,28.0,2024-05-31,0
APP000123,Male,No,0,Graduate,Self-Employed,93888.0,17234.0,161000.0,24,1.0,East,40.0,2023-04-27,0
APP005429,Female,Yes,4,Graduate,Salaried,21563.0,5031.0,,240,1.0,East,30.0,2023-06-18,0
APP005471,Female,Yes,0,Graduate,salaried,64153.0,8635.0,81000.0,360,1.0,north,42.0,2023-12-28,0
APP001711,Male,Yes,2,Not Graduate,Salaried ,22906.0,6282.0,52000.0,240,0.0,West ,41.0,2024-03-15,0
APP002101,Female,No,1,Graduate,Self-Employed,26014.0,4952.0,41000.0,360,1.0,South,37.0,2024-08-20,0
APP000870,Female,Yes,1,Graduate,Salaried ,46306.0,7553.0,64000.0,60,,EAST,28.0,2023-03-29,0
APP005599,Female,Yes,3,Graduate,Salaried,32012.0,7060.0,226000.0,120,0.0,North,45.0,2024-05-05,0
APP001031,Male,No,1,Graduate,self employed,28575.0,6244.0,41000.0,48,1.0,West ,49.0,2023-03-22,0
APP003464,Female,Yes,0,Not Graduate,self employed,84882.0,25079.0,423000.0,36,1.0,East,39.0,2023-11-29,0
APP004853,Female,No,0,Graduate,Salaried,92246.0,5873.0,165000.0,180,1.0,West,58.0,2023-09-11,0
APP001999,Male,Yes,1,Graduate,Salaried,123602.0,25301.0,92000.0,180,1.0,north,37.0,2024-02-25,0
APP003591,Female,No,1,Graduate,Salaried,132481.0,45954.0,51000.0,36,1.0,North,40.0,2023-12-05,0
APP001157,Male,Yes,2,Graduate,salaried,14096.0,4780.0,110000.0,60,1.0,East,30.0,2023-09-28,0
APP003157,Female,Yes,1,Not Graduate,self employed,67608.0,19470.0,49000.0,120,1.0,West ,21.0,2024-11-06,0
APP004429,Male,Yes,4,Graduate,Self-Employed,36395.0,8876.0,190000.0,48,1.0,West ,53.0,2024-07-04,0
APP001576,Male,No,0,Graduate,Salaried,,1412.0,120000.0,180,,North,36.0,2023-10-21,0
APP005677,Male,Yes,0,Graduate,salaried,92526.0,21513.0,162000.0,360,0.0,East,32.0,2023-06-26,0
APP000062,Male,Yes,0,Graduate,Salaried,56690.0,18387.0,64000.0,360,1.0,East,46.0,2024-05-13,1
APP000473,Male,Yes,4,Graduate,Self-Employed,181669.0,25409.0,63000.0,48,1.0,South,39.0,2023-08-15,0
APP003455,Female,Yes,0,Graduate,Salaried,66608.0,3088.0,54000.0,36,1.0,East,65.0,2024-05-22,0
APP000866,Male,No,2,Not Graduate,Salaried,42101.0,12472.0,91000.0,12,1.0,North,35.0,2024-07-30,0
APP003584,Female,Yes,3,Graduate,Self-Employed,74834.0,9992.0,91000.0,84,0.0,South,54.0,2023-09-05,0
APP004017,Female,No,0,Graduate,self employed,,2510.0,260000.0,60,1.0,East,31.0,2023-02-05,0
APP003615,Male,Yes,0,Not Graduate,Self-Employed,39854.0,4375.0,22000.0,84,0.0,East,43.0,2023-06-08,0
APP004838,Male,No,4,Graduate,Salaried,39760.0,5309.0,98000.0,60,0.0,North,42.0,2024-02-19,0
APP005850,Male,No,0,Graduate,Self-Employed,228835.0,21772.0,43000.0,180,0.0,West,44.0,2023-09-29,0
APP003389,Male,No,0,Graduate,Salaried,91779.0,17789.0,133000.0,84,,South,21.0,2024-11-29,0
APP002181,Male,Yes,0,Not Graduate,Salaried,33604.0,9608.0,110000.0,36,1.0,North,34.0,2023-04-10,0
APP004744,Female,No,0,Graduate,Self-Employed,49881.0,7606.0,79000.0,240,0.0,South,26.0,2023-09-20,0
APP003282,Male,Yes,0,Graduate,Salaried,47538.0,13275.0,54000.0,240,1.0,West ,40.0,2023-10-19,0
APP005011,Male,Yes,1,Graduate,Salaried ,,1756.0,60000.0,180,1.0,East,44.0,2023-07-23,0
APP001629,Male,Yes,0,Graduate,Salaried,80346.0,21648.0,50000.0,24,1.0,East,28.0,2024-11-23,0
APP002439,Male,Yes,1,Not Graduate,salaried,37571.0,3868.0,81000.0,120,1.0,East,32.0,2023-12-28,0
APP001150,Female,Yes,1,Graduate,Self-Employed,105435.0,24392.0,113000.0,84,,North,47.0,2023-12-03,1
APP001161,Female,No,3,Graduate,self employed,22709.0,1152.0,61000.0,60,1.0,north,21.0,2024-05-09,0
APP000257,Female,Yes,0,Graduate,Salaried,54498.0,13605.0,133000.0,120,1.0,South,41.0,2023-08-11,0
APP002599,Male,Yes,1,Graduate,self employed,247379.0,62456.0,53000.0,60,1.0,North,50.0,2024-03-01,0
APP004730,Male,Yes,0,Graduate,Salaried,47938.0,11878.0,150000.0,84,,North,36.0,2023-08-12,0
APP005445,Male,No,1,Not Graduate,Salaried,46964.0,12419.0,46000.0,84,,East,37.0,2023-11-26,0
APP004874,Male,Yes,0,Graduate,SELF-EMPLOYED,113386.0,25740.0,60000.0,240,1.0,EAST,59.0,2023-05-20,0
APP001106,Male,Yes,2,Graduate,Self-Employed,108491.0,5570.0,60000.0,360,1.0,EAST,56.0,2023-12-11,0
APP005044,Female,Yes,0,Graduate,SELF-EMPLOYED,117368.0,12076.0,295000.0,120,1.0,North,28.0,2024-12-19,0
APP003408,Female,Yes,0,Graduate,Salaried ,59306.0,9282.0,100000.0,360,1.0,North,29.0,2024-12-24,0
APP000558,Male,Yes,3,Graduate,SELF-EMPLOYED,80881.0,12745.0,37000.0,240,1.0,North,44.0,2023-01-09,0
APP001851,Male,Yes,1,Graduate,salaried,42257.0,7516.0,35000.0,84,1.0,north,29.0,2024-03-14,0
APP002089,Female,Yes,0,Graduate,Salaried ,146623.0,1513.0,86000.0,24,1.0,South,44.0,2024-10-29,0
APP002900,Male,No,4,Graduate,Salaried,30657.0,3184.0,145000.0,84,1.0,West ,68.0,2024-11-14,0
APP003221,Male,No,1,Graduate,Self-Employed,42247.0,14393.0,293000.0,60,1.0,East,32.0,2023-02-02,0
APP000262,Female,Yes,0,Graduate,salaried,66952.0,18494.0,118000.0,12,0.0,West,50.0,2024-06-10,1
APP005102,Male,Yes,2,Graduate,self employed,40351.0,1574.0,102000.0,12,1.0,North,39.0,2024-07-21,0
APP000628,Female,No,0,Not Graduate,Self-Employed,42143.0,9341.0,318000.0,48,1.0,South,43.0,2023-03-21,0
APP001890,Female,Yes,1,Graduate,Salaried,54500.0,8907.0,100000.0,48,0.0,North,21.0,2024-05-11,1
APP003043,Male,No,0,Graduate,Self-Employed,76777.0,22865.0,135000.0,60,1.0,East,43.0,2023-02-13,0
APP004306,Male,No,1,Graduate,Salaried,102828.0,2257.0,181000.0,84,1.0,North,22.0,2023-08-03,0
APP002079,Female,Yes,2,Not Graduate,Salaried,62500.0,20325.0,170000.0,84,1.0,North,23.0,2023-07-13,0
APP003586,Male,No,0,Not Graduate,Salaried,77834.0,417.0,137000.0,84,1.0,North,42.0,2024-02-01,0
APP004305,Female,Yes,0,Graduate,Salaried ,49919.0,16287.0,98000.0,180,1.0,North,54.0,2024-10-16,0
APP001607,Male,Yes,1,Graduate,Self-Employed,52916.0,4322.0,36000.0,60,1.0,North,34.0,2023-08-03,0
APP001021,Female,No,0,Not Graduate,SELF-EMPLOYED,105349.0,4636.0,31000.0,24,1.0,South,24.0,2023-12-16,0
APP000609,Male,Yes,0,Graduate,Self-Employed,27457.0,3405.0,95000.0,240,1.0,West,25.0,2024-06-13,0
APP001404,Female,Yes,0,Graduate,self employed,26084.0,2021.0,104000.0,240,1.0,East,46.0,2024-07-25,0
APP005005,Female,No,4,Not Graduate,Salaried,61709.0,1520.0,194000.0,84,0.0,East,30.0,2023-03-22,0
APP003255,Male,No,0,Not Graduate,self employed,55345.0,7819.0,31000.0,12,1.0,South,42.0,2023-04-27,0
APP002097,Male,No,1,Not Graduate,Salaried,44575.0,9744.0,87000.0,84,1.0,North,42.0,2024-01-27,0
APP000210,Male,Yes,1,Graduate,Salaried,43779.0,7640.0,71000.0,12,1.0,North,46.0,2023-02-03,0
APP003799,Male,Yes,4,Graduate,salaried,30180.0,7690.0,38000.0,36,1.0,South,52.0,2023-02-22,0
APP003540,Male,Yes,1,Graduate,self employed,87710.0,13768.0,133000.0,24,1.0,north,28.0,2023-04-02,0
APP000154,Male,Yes,1,Graduate,Salaried,37767.0,2149.0,85000.0,120,1.0,North,53.0,2023-05-05,0
APP001591,,Yes,0,Graduate,Salaried,39603.0,294.0,70000.0,60,1.0,South,21.0,2023-01-22,0
APP002443,Female,Yes,0,Not Graduate,Salaried,104405.0,28504.0,158000.0,60,1.0,West,41.0,2024-09-08,1
APP001148,Female,Yes,0,Graduate,salaried,58496.0,10292.0,193000.0,12,1.0,West ,38.0,2024-02-12,0
APP003428,Female,Yes,0,Graduate,Salaried,32239.0,42.0,95000.0,120,1.0,West,40.0,2024-08-21,0
APP001968,Male,No,0,Graduate,Salaried,31160.0,5818.0,84000.0,120,1.0,East,37.0,2024-08-25,0
APP003207,Female,Yes,1,Not Graduate,Salaried ,111581.0,37744.0,92000.0,84,,EAST,42.0,2023-01-01,1
APP002434,Male,Yes,3,Graduate,Salaried,45991.0,12142.0,216000.0,60,1.0,East,41.0,2023-09-12,0
APP001634,Female,Yes,0,Graduate,Self-Employed,131012.0,3645.0,182000.0,240,1.0,North,51.0,2024-07-11,0
APP003293,Male,No,0,Graduate,Self-Employed,8724.0,1828.0,90000.0,360,1.0,West,58.0,2023-05-06,0
APP000598,Male,Yes,3,Graduate,Salaried,18755.0,5587.0,200000.0,24,0.0,north,59.0,2024-05-09,0
APP003138,Female,No,3,Graduate,Salaried ,73042.0,1098.0,207000.0,120,1.0,North,57.0,2023-05-13,0
APP001657,Male,No,2,Not Graduate,Self-Employed,77916.0,2940.0,127000.0,180,1.0,South,36.0,2024-04-05,0
APP004777,Male,Yes,1,Graduate,Salaried,39260.0,7159.0,78000.0,84,1.0,EAST,51.0,2024-12-06,0
APP005205,Female,No,2,Graduate,salaried,58200.0,11478.0,41000.0,120,1.0,north,30.0,2024-02-11,0
APP003298,Male,Yes,1,Not Graduate,self employed,51308.0,15496.0,150000.0,48,1.0,South,,2023-03-20,0
APP001566,Male,Yes,3,Graduate,Self-Employed,26273.0,7237.0,261000.0,12,1.0,North,38.0,2023-11-23,1
APP001519,Male,No,1,Graduate,self employed,35834.0,1584.0,118000.0,24,0.0,South,37.0,2024-04-27,0
APP005106,Male,Yes,2,Graduate,self employed,93220.0,18973.0,27000.0,48,1.0,West,50.0,2024-02-20,0
APP004318,Male,Yes,1,Graduate,Salaried,80277.0,21475.0,90000.0,360,1.0,North,49.0,2024-10-07,0
APP000226,Male,No,0,Not Graduate,salaried,87820.0,4917.0,75000.0,36,1.0,East,41.0,2023-08-06,0
APP005395,Female,Yes,0,Not Graduate,Salaried ,63580.0,4747.0,140000.0,240,0.0,EAST,61.0,2024-11-27,0
APP002518,Male,Yes,3,Not Graduate,Salaried ,21827.0,6330.0,77000.0,240,1.0,West ,38.0,2023-10-05,0
APP005094,Male,No,1,Graduate,self employed,21083.0,7094.0,95000.0,36,1.0,East,42.0,2024-06-08,0
APP002394,Male,Yes,1,Graduate,salaried,16920.0,270.0,152000.0,36,1.0,South,50.0,2023-08-08,0
APP001761,Male,Yes,1,Not Graduate,salaried,83025.0,9211.0,218000.0,60,1.0,North,26.0,2023-08-03,1
APP001361,Female,No,1,Graduate,Self-Employed,44825.0,14671.0,169000.0,120,1.0,South,21.0,2024-12-24,0
APP003305,Male,No,1,Graduate,salaried,20865.0,1318.0,194000.0,360,1.0,EAST,23.0,2023-06-08,0
APP002325,Female,No,0,Not Graduate,Salaried,42247.0,4870.0,42000.0,84,0.0,East,,2024-09-27,0
APP003559,Male,Yes,2,Graduate,SELF-EMPLOYED,46695.0,591.0,79000.0,240,1.0,East,21.0,2024-03-11,0
APP005192,Female,No,1,Graduate,salaried,87188.0,232.0,171000.0,180,,North,36.0,2023-09-10,1
APP001834,Female,Yes,2,Graduate,Salaried ,72329.0,8861.0,202000.0,120,1.0,EAST,23.0,2023-06-28,0
APP003662,Male,Yes,2,Graduate,SELF-EMPLOYED,40528.0,372.0,125000.0,60,1.0,West,58.0,2023-08-05,0
APP002010,Male,No,2,Not Graduate,self employed,39490.0,33.0,30000.0,60,1.0,north,35.0,2023-03-21,0
APP003658,Male,Yes,2,Not Graduate,SELF-EMPLOYED,24603.0,5065.0,105000.0,12,,EAST,26.0,2024-04-06,0
APP004302,Female,No,1,Graduate,salaried,25620.0,1713.0,119000.0,84,,West ,32.0,2024-05-24,0
APP004188,Male,Yes,0,Graduate,Salaried,77208.0,6814.0,136000.0,60,1.0,West ,39.0,2024-09-03,0
APP005681,Male,No,1,Graduate,Salaried,27204.0,6716.0,163000.0,48,0.0,South,32.0,2024-06-04,0
APP003858,Male,Yes,0,Graduate,Self-Employed,43689.0,4052.0,54000.0,48,1.0,South,43.0,2024-07-05,0
APP000694,Male,Yes,0,Not Graduate,Salaried,70315.0,7572.0,209000.0,12,1.0,north,33.0,2023-06-03,0
APP005505,Male,No,1,Graduate,Self-Employed,92858.0,7817.0,62000.0,84,1.0,East,34.0,2024-06-23,0
APP002613,Male,No,0,Not Graduate,Salaried ,38246.0,12280.0,107000.0,120,1.0,East,36.0,2023-03-28,0
APP001187,Female,No,4,Not Graduate,salaried,69929.0,3456.0,122000.0,180,1.0,West,54.0,2023-09-07,0
APP001370,Male,No,0,Graduate,Salaried,,9347.0,99000.0,36,0.0,East,44.0,2023-10-13,0
APP001908,Male,Yes,1,Not Graduate,SELF-EMPLOYED,47915.0,14940.0,139000.0,180,1.0,South,39.0,2024-10-31,0
APP004089,Female,No,0,Not Graduate,Salaried,60443.0,11237.0,101000.0,120,1.0,North,32.0,2023-07-05,0
APP002478,Female,Yes,0,Not Graduate,Salaried,92511.0,11144.0,187000.0,48,1.0,South,46.0,2023-03-07,0
APP000017,Male,Yes,2,Graduate,Self-Employed,30408.0,2517.0,35000.0,120,1.0,West,26.0,2023-08-17,0
APP002515,Female,Yes,2,Graduate,Salaried,45949.0,14122.0,129000.0,120,1.0,East,30.0,2023-02-23,0
APP005602,Male,No,0,Not Graduate,Salaried,45131.0,8634.0,101000.0,180,0.0,West,45.0,2024-12-12,0
APP002206,Female,No,0,Graduate,Self-Employed,38066.0,10605.0,80000.0,36,1.0,EAST,44.0,2023-06-03,0
APP003596,Female,Yes,0,Not Graduate,Self-Employed,,3861.0,104000.0,120,0.0,South,27.0,2023-06-28,1
APP001487,Male,No,3,Graduate,Salaried,,106.0,72000.0,48,1.0,South,21.0,2023-06-21,0
APP001677,Male,No,0,Not Graduate,salaried,38532.0,11554.0,123000.0,240,1.0,West,30.0,2024-01-06,0
APP002354,Female,Yes,2,Not Graduate,Salaried,15405.0,254.0,213000.0,60,1.0,north,45.0,2024-09-26,0
APP000657,Male,No,1,Not Graduate,SELF-EMPLOYED,23579.0,1819.0,73000.0,240,1.0,East,,2023-10-24,0
APP001572,Male,No,0,Not Graduate,SELF-EMPLOYED,91147.0,21441.0,36000.0,60,1.0,East,21.0,2023-09-01,0
APP001738,Male,No,2,Graduate,SELF-EMPLOYED,34034.0,9556.0,58000.0,24,1.0,West,56.0,2023-11-11,0
APP003856,Male,Yes,1,Graduate,Salaried,15096.0,3849.0,186000.0,24,1.0,West ,42.0,2024-10-20,0
APP004496,Female,Yes,3,Graduate,salaried,34722.0,1226.0,98000.0,120,1.0,East,37.0,2024-11-29,0
APP002847,Female,Yes,0,Graduate,Salaried,35988.0,4528.0,100000.0,84,,EAST,37.0,2023-06-18,0
APP002981,Male,No,1,Not Graduate,Salaried,42786.0,13523.0,47000.0,60,1.0,East,40.0,2024-12-22,0
APP000619,Female,No,1,Graduate,Salaried,68705.0,5477.0,88000.0,84,1.0,West,56.0,2023-05-13,0
APP004605,Female,Yes,3,Graduate,Salaried ,105377.0,2438.0,165000.0,24,,West ,24.0,2024-12-13,0
APP002848,Male,No,0,Graduate,Salaried ,22339.0,2797.0,198000.0,120,1.0,South,40.0,2024-04-03,0
APP005343,Male,Yes,0,Graduate,self employed,81208.0,18766.0,146000.0,12,0.0,North,31.0,2023-07-12,1
APP000868,Male,Yes,2,Not Graduate,Salaried,63098.0,9846.0,260000.0,120,1.0,North,51.0,2023-06-22,0
APP002508,Male,Yes,4,Not Graduate,Salaried,28330.0,1737.0,83000.0,36,1.0,South,27.0,2024-06-10,0
APP004983,Female,No,2,Graduate,Salaried,62949.0,7341.0,101000.0,60,1.0,East,37.0,2024-04-18,0
APP002111,Male,No,0,Graduate,Self-Employed,137186.0,18256.0,202000.0,60,1.0,East,29.0,2024-03-15,0
APP004696,Female,No,3,Not Graduate,Self-Employed,35002.0,10240.0,88000.0,60,,East,,2024-06-18,0
APP005111,Female,Yes,2,Graduate,Salaried ,36281.0,4146.0,71000.0,120,1.0,West,49.0,2023-01-14,0
APP000458,Male,Yes,2,Not Graduate,SELF-EMPLOYED,127026.0,11179.0,253000.0,360,1.0,West ,36.0,2023-08-21,0
APP005075,Female,No,0,Graduate,Self-Employed,53452.0,9570.0,82000.0,84,1.0,East,21.0,2023-05-26,0
APP004967,Female,Yes,1,Graduate,Salaried,95032.0,11718.0,160000.0,24,1.0,north,44.0,2023-11-10,0
APP000791,Male,Yes,4,Graduate,salaried,74190.0,1378.0,127000.0,180,,EAST,25.0,2024-01-22,0
APP005169,Male,Yes,1,Graduate,Self-Employed,81966.0,26421.0,,120,1.0,North,51.0,2023-08-21,0
APP003608,Male,Yes,1,Not Graduate,Self-Employed,44614.0,14918.0,39000.0,180,1.0,West,30.0,2023-08-21,0
APP003823,Female,Yes,1,Graduate,Salaried ,82340.0,28619.0,258000.0,240,1.0,South,31.0,2023-06-02,0
APP002261,Female,Yes,1,Graduate,Salaried,82474.0,8167.0,225000.0,12,1.0,East,38.0,2024-11-11,0
APP005561,Male,Yes,1,Graduate,Salaried,30217.0,8373.0,260000.0,24,1.0,EAST,54.0,2024-05-10,0
APP002809,Male,No,4,Not Graduate,Salaried,68558.0,4059.0,67000.0,240,,West,49.0,2023-12-08,1
APP005051,Male,No,1,Graduate,Salaried,26626.0,4493.0,32000.0,180,1.0,West,55.0,2024-08-02,0
APP003519,Male,Yes,3,Graduate,Salaried,39139.0,7932.0,264000.0,120,1.0,East,35.0,2023-07-25,0
APP004747,Male,No,1,Graduate,Self-Employed,52384.0,6590.0,281000.0,120,1.0,West,51.0,2023-07-26,0
APP000734,Male,Yes,4,Graduate,Salaried,48451.0,2262.0,78000.0,84,1.0,West,24.0,2023-03-15,0
APP005886,Male,Yes,0,Graduate,Salaried ,42429.0,4178.0,78000.0,12,1.0,West,44.0,2024-01-30,0
APP004476,Male,Yes,1,Graduate,Salaried ,17790.0,3568.0,165000.0,60,0.0,North,25.0,2024-11-03,0
APP003959,Male,No,0,Graduate,salaried,64912.0,5828.0,163000.0,36,1.0,East,34.0,2023-05-16,0
APP002134,Male,Yes,1,Graduate,SELF-EMPLOYED,86410.0,10179.0,91000.0,360,1.0,West ,55.0,2024-10-25,0
APP005053,Male,No,4,Graduate,Salaried,20928.0,7052.0,30000.0,36,1.0,South,23.0,2023-06-27,1
APP004268,Male,Yes,2,Graduate,Salaried,76164.0,19347.0,193000.0,360,0.0,South,39.0,2023-09-29,1
APP001945,Female,No,3,Graduate,Salaried,49849.0,11458.0,30000.0,180,1.0,north,62.0,2023-05-26,0
APP002280,Male,Yes,0,Graduate,Salaried,49896.0,10310.0,264000.0,12,1.0,West,35.0,2024-12-10,0
APP000660,Male,Yes,1,Graduate,Salaried ,53580.0,1983.0,284000.0,120,1.0,West ,44.0,2024-04-27,0
APP002431,Female,Yes,0,Not Graduate,Salaried,66266.0,16286.0,153000.0,48,1.0,West,40.0,2024-02-09,1
APP003752,Female,Yes,2,Graduate,Salaried,23655.0,3849.0,79000.0,180,1.0,East,37.0,2024-09-03,0
APP002529,Male,Yes,2,Graduate,Salaried ,145947.0,47694.0,179000.0,12,1.0,South,34.0,2024-07-22,0
APP005297,Male,No,3,Not Graduate,Salaried,19196.0,2207.0,148000.0,120,1.0,North,40.0,2024-07-03,0
APP000643,Male,Yes,4,Graduate,SELF-EMPLOYED,62156.0,5583.0,101000.0,240,1.0,South,42.0,2023-06-13,0
APP000169,Male,Yes,4,Graduate,Salaried,39516.0,9538.0,72000.0,48,1.0,South,54.0,2024-04-28,1
APP001518,Female,Yes,0,Graduate,SELF-EMPLOYED,85275.0,15630.0,47000.0,24,1.0,North,21.0,2023-01-29,0
APP001801,Female,No,0,Not Graduate,Self-Employed,114376.0,2185.0,65000.0,120,1.0,north,44.0,2024-07-29,0
APP003395,Female,Yes,0,Graduate,Self-Employed,79496.0,22517.0,151000.0,12,1.0,North,21.0,2023-05-18,0
APP001918,Female,Yes,3,Not Graduate,Salaried,54742.0,12997.0,216000.0,36,1.0,East,21.0,2024-07-01,0
APP000273,Female,Yes,1,Not Graduate,SELF-EMPLOYED,73354.0,20889.0,31000.0,84,1.0,West,50.0,2023-10-16,0
APP002469,Male,No,3,Not Graduate,Salaried,52934.0,16517.0,110000.0,36,1.0,West,21.0,2023-04-16,0
APP005841,,No,0,Graduate,self employed,25219.0,3888.0,105000.0,12,1.0,South,40.0,2024-11-24,0
APP005741,Female,Yes,0,Graduate,Self-Employed,37296.0,8515.0,57000.0,36,,East,34.0,2024-05-13,0
APP001067,Male,Yes,3,Graduate,Salaried,64898.0,9295.0,99000.0,84,1.0,West ,42.0,2023-01-27,0
APP000495,Male,No,2,Graduate,salaried,38721.0,10350.0,116000.0,360,1.0,West,52.0,2024-10-14,0
APP004912,Male,Yes,1,Not Graduate,salaried,50769.0,10379.0,83000.0,48,1.0,East,57.0,2023-07-21,0
APP001913,Female,Yes,0,Graduate,Salaried,28622.0,2662.0,59000.0,240,1.0,North,37.0,2024-09-24,0
APP003647,Male,Yes,0,Graduate,Self-Employed,76520.0,17928.0,62000.0,360,1.0,West,31.0,2023-09-18,1
APP000039,Female,Yes,1,Not Graduate,SELF-EMPLOYED,,9098.0,286000.0,360,0.0,North,32.0,2023-12-14,1
APP000307,Male,Yes,1,Graduate,Self-Employed,119747.0,16296.0,137000.0,24,1.0,North,36.0,2024-05-08,0
APP003741,Female,Yes,2,Graduate,Salaried,34129.0,7945.0,23000.0,180,0.0,East,31.0,2023-09-17,0
APP004103,Male,No,1,Graduate,SELF-EMPLOYED,72300.0,18150.0,114000.0,48,1.0,north,44.0,2024-06-11,0
APP003153,Female,No,0,Graduate,SELF-EMPLOYED,52991.0,9790.0,96000.0,240,1.0,West,30.0,2024-08-01,0
APP002830,Male,No,0,Graduate,Self-Employed,26351.0,3833.0,73000.0,60,1.0,East,21.0,2024-11-29,0
APP000782,Male,No,0,Graduate,Salaried,56519.0,189.0,53000.0,36,1.0,north,43.0,2024-05-08,0
APP000535,Female,No,4,Not Graduate,salaried,89381.0,10459.0,82000.0,180,0.0,north,37.0,2024-05-22,1
APP000584,Male,No,1,Graduate,Salaried,42482.0,9665.0,191000.0,36,1.0,West,21.0,2024-03-10,0
APP005421,Male,Yes,0,Graduate,salaried,38126.0,8656.0,126000.0,84,1.0,EAST,44.0,2024-06-26,0
APP004144,Female,No,0,Not Graduate,Salaried,40816.0,8655.0,44000.0,48,0.0,South,60.0,2024-01-21,0
APP004419,Male,Yes,2,Graduate,Self-Employed,70421.0,16447.0,273000.0,48,1.0,North,46.0,2024-02-28,0
APP003797,Male,Yes,2,Graduate,salaried,85452.0,16833.0,166000.0,12,1.0,West,43.0,2024-12-20,1
APP005817,Male,No,0,Graduate,Self-Employed,39612.0,12486.0,88000.0,120,0.0,East,29.0,2023-07-21,1
APP005945,Female,Yes,1,Graduate,Salaried,89902.0,30967.0,143000.0,120,1.0,West,35.0,2023-08-07,1
APP002862,Male,Yes,2,Graduate,self employed,46347.0,11658.0,78000.0,180,1.0,West ,33.0,2024-11-11,0
APP000317,Male,Yes,0,Not Graduate,Self-Employed,90855.0,10037.0,132000.0,120,,North,33.0,2023-09-29,0
APP002198,Female,Yes,1,Not Graduate,Salaried,27145.0,6313.0,119000.0,24,0.0,East,41.0,2024-01-08,0
APP002565,Male,No,0,Not Graduate,Self-Employed,758793.9599175123,9309.0,112000.0,60,1.0,East,42.0,2023-06-08,1
APP005484,Female,Yes,0,Graduate,SELF-EMPLOYED,28832.0,4685.0,67000.0,240,1.0,West ,38.0,2024-02-07,0
APP005814,Male,Yes,1,Not Graduate,Salaried,62732.0,12800.0,102000.0,120,1.0,South,47.0,2024-03-22,0
APP001795,Male,Yes,3,Graduate,Salaried,40675.0,6303.0,178000.0,180,0.0,north,38.0,2024-10-14,0
APP005657,Female,Yes,1,Graduate,Salaried,132768.0,1752.0,97000.0,36,1.0,South,34.0,2024-08-02,0
APP005157,Male,Yes,0,Graduate,SELF-EMPLOYED,56432.0,2591.0,110000.0,120,1.0,West,44.0,2024-07-18,0
APP000272,Female,Yes,0,Graduate,Self-Employed,40882.0,13750.0,81000.0,240,,West,44.0,2023-04-14,0
APP000549,Male,Yes,3,Graduate,self employed,34455.0,6852.0,106000.0,36,1.0,EAST,33.0,2023-08-21,0
APP001693,Male,Yes,3,Not Graduate,Salaried,36213.0,12050.0,170000.0,36,1.0,West ,54.0,2024-04-09,0
APP003526,Male,Yes,0,Not Graduate,SELF-EMPLOYED,55604.0,652.0,97000.0,84,,North,49.0,2023-07-12,0
APP003013,Male,Yes,1,Graduate,Salaried,60606.0,6731.0,135000.0,60,1.0,East,44.0,2023-06-07,0
APP005826,Male,Yes,0,Graduate,Salaried,42351.0,8164.0,73000.0,360,0.0,North,21.0,2024-03-15,0
APP005839,Female,Yes,1,Graduate,salaried,17739.0,6126.0,148000.0,48,1.0,North,50.0,2024-12-10,0
APP002391,Male,No,2,Not Graduate,self employed,37691.0,12534.0,332000.0,84,1.0,South,42.0,2023-05-06,0
APP003877,,Yes,1,Graduate,Salaried,12333.0,142.0,73000.0,240,1.0,South,33.0,2023-05-26,0
APP004695,Male,Yes,2,Graduate,salaried,28628.0,7233.0,78000.0,180,1.0,East,34.0,2023-02-13,0
APP000895,Female,No,2,Graduate,Salaried,58706.0,16042.0,266000.0,240,1.0,North,57.0,2023-06-22,0
APP004667,Male,No,1,Graduate,Self-Employed,36565.0,1424.0,172000.0,48,1.0,EAST,33.0,2023-03-23,0
APP002000,Male,Yes,2,Graduate,SELF-EMPLOYED,30148.0,8189.0,115000.0,12,0.0,West ,50.0,2024-11-12,1
APP002123,Female,No,1,Not Graduate,salaried,49627.0,2642.0,38000.0,48,1.0,East,34.0,2023-05-28,0
APP004158,Female,Yes,0,Graduate,Salaried,42409.0,9004.0,56000.0,36,1.0,North,39.0,2024-07-11,0
APP001248,Male,Yes,1,Not Graduate,SELF-EMPLOYED,64053.0,6058.0,32000.0,240,1.0,West ,28.0,2023-09-14,0
APP004488,Male,Yes,1,Not Graduate,Self-Employed,39050.0,2968.0,44000.0,360,1.0,North,35.0,2023-12-22,0
APP001260,Female,Yes,0,Graduate,self employed,58018.0,7301.0,99000.0,84,1.0,East,39.0,2023-05-09,0
APP000810,Male,Yes,4,Not Graduate,Self-Employed,122818.0,40403.0,158000.0,180,1.0,East,38.0,2024-08-19,0
APP001050,Male,Yes,2,Graduate,Self-Employed,33642.0,11468.0,175000.0,84,0.0,South,26.0,2024-12-03,1
APP001879,Male,No,0,Graduate,self employed,71322.0,21257.0,129000.0,240,1.0,South,28.0,2023-05-24,1
APP002880,Male,No,4,Graduate,Salaried,6447.0,1255.0,268000.0,180,1.0,South,35.0,2023-10-06,0
APP000108,Female,Yes,1,Graduate,Salaried,34217.0,11154.0,82000.0,360,1.0,South,49.0,2024-08-29,0
APP000674,Male,Yes,0,Not Graduate,salaried,49190.0,10323.0,71000.0,120,1.0,north,47.0,2024-08-19,0
APP005435,Female,Yes,2,Graduate,Salaried ,113056.0,31870.0,84000.0,60,1.0,West,38.0,2024-03-09,0
APP004762,Female,Yes,1,Graduate,Salaried,60831.0,18414.0,120000.0,24,1.0,East,42.0,2024-01-28,0
APP004606,Female,No,1,Graduate,SELF-EMPLOYED,43620.0,4764.0,188000.0,180,1.0,West,27.0,2024-09-26,0
APP005219,Male,Yes,2,Graduate,Salaried,79007.0,19116.0,222000.0,84,1.0,East,37.0,2024-05-13,0
APP001533,Female,Yes,0,Graduate,Salaried,35235.0,9709.0,199000.0,180,0.0,West ,47.0,2023-12-18,1
APP004963,Male,Yes,0,Not Graduate,SELF-EMPLOYED,43177.0,1018.0,78000.0,12,1.0,East,33.0,2023-08-03,0
APP001856,Male,Yes,0,Not Graduate,Self-Employed,42488.0,14609.0,88000.0,24,1.0,north,34.0,2023-03-05,0
APP000212,Female,Yes,1,Not Graduate,Salaried,32843.0,5445.0,34000.0,48,0.0,East,47.0,2024-04-28,0
APP003148,Female,No,0,Graduate,Self-Employed,61052.0,12146.0,118000.0,120,1.0,South,36.0,2024-08-22,0
APP002257,,Yes,1,Graduate,Salaried,48420.0,11665.0,157000.0,120,,West,48.0,2023-12-24,0
APP002106,Male,No,3,Not Graduate,Salaried,18513.0,5367.0,49000.0,24,1.0,South,38.0,2023-04-19,0
APP003269,Female,Yes,1,Graduate,SELF-EMPLOYED,48138.0,4946.0,54000.0,60,1.0,West,36.0,2024-06-06,0
APP005797,Male,No,3,Graduate,Salaried ,91289.0,3976.0,190000.0,36,1.0,South,47.0,2023-08-20,0
APP001974,Male,No,0,Graduate,Self-Employed,25857.0,7284.0,,60,1.0,North,26.0,2024-03-10,0
APP004686,Male,Yes,0,Graduate,Self-Employed,60555.0,14467.0,104000.0,60,1.0,North,45.0,2023-06-23,0
APP001502,Male,No,0,Not Graduate,Salaried,12478.0,2568.0,51000.0,84,1.0,West,40.0,2024-04-04,0
APP004183,Female,Yes,3,Graduate,Salaried,45068.0,7663.0,214000.0,60,1.0,West,45.0,2024-09-26,0
APP000647,Female,No,0,Graduate,SELF-EMPLOYED,68515.0,3451.0,224000.0,36,1.0,East,29.0,2023-03-06,0
APP003634,Male,No,0,Graduate,Self-Employed,59481.0,8431.0,36000.0,180,1.0,North,33.0,2023-01-10,0
APP000772,Female,Yes,0,Graduate,SELF-EMPLOYED,22923.0,5727.0,217000.0,60,0.0,South,21.0,2024-05-14,0
APP000704,Male,Yes,0,Not Graduate,Self-Employed,34991.0,6773.0,128000.0,24,0.0,South,49.0,2024-11-03,1
APP003588,Female,No,1,Not Graduate,Salaried,37380.0,11760.0,81000.0,60,1.0,East,23.0,2024-02-18,0
APP001250,Female,Yes,4,Graduate,Salaried ,119706.0,25109.0,85000.0,360,,South,28.0,2024-07-27,0
APP004805,Female,No,2,Graduate,Salaried ,31602.0,3544.0,55000.0,36,1.0,South,43.0,2024-04-03,0
APP002473,Female,Yes,0,Not Graduate,Salaried,18788.0,4091.0,47000.0,360,1.0,South,21.0,2024-02-07,0
APP001861,Female,No,0,Not Graduate,self employed,110016.0,15500.0,31000.0,120,1.0,West,38.0,2024-06-15,0
APP000710,Female,Yes,1,Graduate,Salaried,34604.0,8028.0,346000.0,360,,North,51.0,2024-01-10,0
APP002673,Female,No,3,Graduate,salaried,32058.0,3748.0,95000.0,240,1.0,EAST,51.0,2024-10-22,0
APP004515,Male,Yes,2,Graduate,Salaried,60530.0,548.0,29000.0,24,1.0,East,35.0,2024-10-12,0
APP001462,Female,Yes,0,Graduate,salaried,83004.0,2500.0,288000.0,36,1.0,South,36.0,2023-03-09,0
APP001485,Male,No,0,Graduate,salaried,49351.0,14515.0,156000.0,48,1.0,South,23.0,2023-09-13,1
APP002546,Male,Yes,0,Not Graduate,Salaried ,47241.0,6520.0,55000.0,12,1.0,north,42.0,2023-04-21,0
APP000231,Female,Yes,0,Not Graduate,Salaried,45806.0,2690.0,144000.0,84,1.0,EAST,,2024-04-16,1
APP001357,Female,Yes,2,Not Graduate,Self-Employed,56689.0,3951.0,100000.0,36,1.0,East,26.0,2023-10-23,0
APP003012,Male,No,0,Graduate,Self-Employed,68166.0,22726.0,154000.0,84,1.0,North,41.0,2023-03-06,0
APP000852,Female,No,3,Graduate,Salaried ,60786.0,4210.0,50000.0,180,,EAST,34.0,2024-07-05,1
APP001005,,Yes,0,Graduate,Salaried,67416.0,11227.0,32000.0,60,,West ,52.0,2023-07-30,0
APP001997,Female,Yes,0,Not Graduate,Salaried,,4884.0,78000.0,24,1.0,West,38.0,2024-01-08,0
APP001835,Female,No,3,Graduate,Self-Employed,110339.0,13380.0,90000.0,240,1.0,East,42.0,2023-05-21,0
APP003974,Female,No,0,Graduate,Salaried ,70614.0,6474.0,92000.0,84,,East,38.0,2023-12-02,0
APP004533,Male,Yes,0,Not Graduate,Self-Employed,29342.0,2495.0,31000.0,84,1.0,South,31.0,2023-04-10,0
APP001317,Male,No,3,Graduate,salaried,23394.0,3112.0,76000.0,48,1.0,East,21.0,2023-08-07,0
APP003328,Male,Yes,0,Graduate,Salaried ,28415.0,3939.0,308000.0,60,1.0,South,52.0,2024-03-13,0
APP001624,Female,No,0,Not Graduate,Salaried ,43071.0,10256.0,314000.0,36,1.0,West,36.0,2024-12-30,0
APP001481,Female,No,1,Not Graduate,Salaried,37718.0,4534.0,68000.0,360,1.0,North,35.0,2024-04-18,0
APP003834,Male,No,1,Graduate,Salaried ,49515.0,7330.0,36000.0,180,,East,34.0,2024-05-31,0
APP005100,Male,No,0,Graduate,Salaried,31317.0,9278.0,49000.0,120,1.0,West,44.0,2024-06-22,0
APP001279,Male,Yes,0,Graduate,Salaried,47463.0,5954.0,167000.0,360,1.0,EAST,60.0,2024-05-24,0
APP003081,Female,No,0,Graduate,Salaried,53388.0,4438.0,76000.0,180,,West,47.0,2023-07-20,0
APP001824,Female,Yes,1,Graduate,self employed,22662.0,6076.0,154000.0,180,1.0,North,50.0,2024-09-13,0
APP001054,Female,Yes,1,Not Graduate,Self-Employed,67855.0,8752.0,49000.0,120,1.0,West,43.0,2023-06-19,0
APP004146,Female,Yes,0,Graduate,SELF-EMPLOYED,24999.0,6065.0,413000.0,84,1.0,South,41.0,2023-04-12,1
APP000476,Female,No,1,Not Graduate,Salaried ,37113.0,1770.0,52000.0,36,1.0,West,44.0,2024-02-09,0
APP002283,Male,No,2,Graduate,Salaried,,7838.0,132000.0,60,1.0,East,36.0,2023-07-25,0
APP003712,Female,No,3,Graduate,Salaried,23829.0,3030.0,72000.0,36,1.0,West,48.0,2024-06-28,0
APP003147,Female,Yes,4,Graduate,Salaried,35592.0,3077.0,159000.0,240,1.0,East,24.0,2024-05-12,0
APP000336,Male,Yes,0,Graduate,Salaried ,118678.0,34146.0,94000.0,60,1.0,West,36.0,2024-05-31,0
APP002618,Male,Yes,0,Not Graduate,Self-Employed,107012.0,17963.0,169000.0,180,1.0,West ,21.0,2024-08-07,0
APP003663,Male,No,3,Graduate,SELF-EMPLOYED,30929.0,5751.0,83000.0,36,0.0,West ,51.0,2024-01-28,0
APP000089,Female,Yes,1,Not Graduate,Self-Employed,44933.0,7018.0,35000.0,60,1.0,East,34.0,2024-06-15,0
APP000875,Male,No,0,Not Graduate,Salaried,24367.0,3966.0,70000.0,60,1.0,North,35.0,2023-10-10,0
APP000544,Female,No,1,Graduate,self employed,75421.0,11205.0,329000.0,48,1.0,North,29.0,2023-09-19,0
APP003001,Female,No,2,Graduate,Self-Employed,39250.0,3700.0,19000.0,48,0.0,West,44.0,2023-07-26,0
APP002761,Male,Yes,4,Graduate,Salaried,,1914.0,176000.0,36,1.0,West ,32.0,2023-05-03,0
APP005203,Female,Yes,1,Not Graduate,Self-Employed,50663.0,13639.0,98000.0,24,1.0,East,52.0,2024-08-28,0
APP001881,Female,No,0,Graduate,Salaried ,24974.0,997.0,136000.0,48,1.0,North,49.0,2023-03-03,0
APP005950,Female,Yes,0,Graduate,salaried,51660.0,3430.0,38000.0,180,0.0,EAST,30.0,2023-09-11,0
APP000927,Male,No,3,Not Graduate,Self-Employed,104627.0,23004.0,51000.0,360,1.0,north,30.0,2024-10-27,0
APP000320,Male,Yes,2,Not Graduate,self employed,59465.0,2872.0,74000.0,12,1.0,North,34.0,2023-08-18,0
APP004616,Male,Yes,0,Not Graduate,Self-Employed,74041.0,19809.0,161000.0,120,1.0,South,31.0,2023-09-27,0
APP000879,Male,Yes,0,Graduate,Salaried ,70456.0,10776.0,74000.0,84,1.0,East,41.0,2023-03-11,0
APP003995,Male,No,4,Graduate,Salaried,278389.0,48704.0,95000.0,24,1.0,South,31.0,2023-06-08,0
APP004922,,No,0,Graduate,Salaried,112999.0,15284.0,82000.0,24,1.0,West ,36.0,2024-01-31,0
APP003247,Male,No,0,Graduate,Self-Employed,51381.0,6321.0,192000.0,240,1.0,EAST,44.0,2024-08-20,1
APP003079,Male,No,2,Graduate,Self-Employed,67332.0,1928.0,61000.0,120,1.0,South,35.0,2023-09-09,0
APP003762,Female,No,3,Graduate,Self-Employed,36120.0,7416.0,275000.0,36,1.0,West ,55.0,2024-08-02,0
APP004731,Male,No,2,Not Graduate,Salaried,46494.0,4075.0,38000.0,60,1.0,West,27.0,2024-10-10,0
APP005605,Male,Yes,1,Not Graduate,Salaried ,31197.0,5320.0,168000.0,180,,East,33.0,2024-08-18,0
APP004235,Male,Yes,1,Graduate,Salaried,40142.0,9684.0,89000.0,24,1.0,East,38.0,2024-02-26,0
APP004260,Male,Yes,2,Graduate,self employed,80058.0,4368.0,59000.0,120,1.0,West ,,2024-05-10,0
APP001619,Male,No,1,Graduate,Salaried ,226156.0,37723.0,79000.0,84,1.0,West,27.0,2023-03-22,0
APP003727,Male,Yes,2,Not Graduate,Self-Employed,30472.0,3406.0,211000.0,60,1.0,North,34.0,2023-11-24,0
APP005893,,No,2,Graduate,Salaried ,94753.0,4561.0,144000.0,240,1.0,East,38.0,2023-11-12,0
APP001046,Female,Yes,2,Not Graduate,Self-Employed,40304.0,8570.0,82000.0,180,0.0,North,39.0,2024-07-31,1
APP005057,Male,Yes,1,Graduate,SELF-EMPLOYED,20728.0,3123.0,182000.0,12,1.0,East,21.0,2024-07-13,0
APP001751,Male,Yes,2,Graduate,Salaried,30112.0,749.0,139000.0,84,1.0,north,36.0,2024-01-07,0
APP005152,Male,Yes,0,Graduate,SELF-EMPLOYED,62707.0,4922.0,89000.0,36,1.0,West ,34.0,2023-08-01,0
APP003879,Male,Yes,0,Graduate,salaried,38083.0,11947.0,65000.0,84,0.0,South,39.0,2024-04-23,1
APP003918,Male,Yes,2,Not Graduate,Salaried ,26401.0,3576.0,164000.0,240,1.0,East,27.0,2024-05-17,0
APP005190,Male,No,0,Not Graduate,Salaried ,55537.0,9444.0,238000.0,36,,West,47.0,2023-07-13,1
APP001044,Female,Yes,0,Graduate,SELF-EMPLOYED,23943.0,5035.0,65000.0,36,1.0,South,31.0,2024-05-15,0
APP003011,Male,Yes,3,Graduate,Salaried,34642.0,703.0,56000.0,48,1.0,East,49.0,2023-03-26,0
APP005156,Male,No,0,Graduate,Salaried,40760.0,11935.0,135000.0,36,1.0,North,21.0,2023-03-26,0
APP003291,,No,0,Graduate,Salaried,18095.0,2136.0,72000.0,84,0.0,West,31.0,2023-01-16,1
APP005789,Female,Yes,0,Graduate,salaried,39097.0,12655.0,102000.0,180,,West,56.0,2024-12-12,1
APP004752,Male,Yes,3,Not Graduate,Salaried,57025.0,1032.0,72000.0,84,1.0,East,21.0,2023-04-12,0
APP002065,Male,Yes,1,Graduate,Self-Employed,114294.0,35705.0,164000.0,60,1.0,North,39.0,2023-01-30,0
APP002965,Female,No,1,Graduate,self employed,86458.0,20209.0,107000.0,48,1.0,EAST,68.0,2023-06-16,0
APP000642,Male,Yes,1,Graduate,Salaried,47225.0,7828.0,119000.0,36,0.0,South,21.0,2023-10-27,0
APP000138,Female,No,3,Graduate,Salaried,,2240.0,124000.0,60,1.0,East,46.0,2023-01-17,0
APP000881,Male,Yes,0,Not Graduate,Salaried,86789.0,29977.0,59000.0,120,1.0,North,31.0,2023-04-20,0
APP001977,Male,No,1,Not Graduate,Salaried,109561.0,12009.0,99000.0,180,1.0,West ,41.0,2023-07-03,0
APP001582,Male,No,2,Graduate,Salaried,68481.0,479.0,55000.0,12,0.0,South,30.0,2023-01-29,0
APP004794,Male,Yes,4,Graduate,Salaried ,31236.0,8177.0,147000.0,36,0.0,West,60.0,2023-05-04,0
APP001098,Male,No,2,Graduate,Salaried,103691.0,19026.0,93000.0,60,1.0,South,44.0,2024-07-08,0
APP005678,Male,No,2,Graduate,salaried,54530.0,16719.0,111000.0,360,,West ,29.0,2024-03-30,0
APP001393,Male,Yes,0,Graduate,Salaried ,113742.0,24117.0,73000.0,60,1.0,West,42.0,2024-08-17,0
APP002084,Female,No,1,Graduate,Salaried,54078.0,2140.0,224000.0,36,1.0,north,27.0,2023-07-09,0
APP001267,Male,Yes,0,Not Graduate,self employed,,6811.0,258000.0,120,0.0,North,25.0,2024-12-14,0
APP004232,Male,No,1,Not Graduate,self employed,43232.0,1674.0,117000.0,360,1.0,West ,54.0,2023-08-07,0
APP002575,Male,Yes,1,Graduate,Salaried ,85983.0,3054.0,61000.0,120,,South,48.0,2024-06-07,0
APP002136,Female,Yes,2,Not Graduate,salaried,31467.0,10600.0,242000.0,48,1.0,West ,50.0,2023-03-28,0
APP001504,Male,Yes,3,Not Graduate,Salaried,83546.0,19686.0,,24,1.0,North,24.0,2024-03-03,0
APP005439,Male,Yes,0,Graduate,self employed,129761.0,34686.0,157000.0,36,1.0,North,37.0,2024-01-24,0
APP003368,Male,Yes,1,Not Graduate,self employed,53721.0,8470.0,269000.0,60,1.0,North,64.0,2023-02-20,0
APP003730,Female,No,3,Graduate,Salaried,14926.0,4817.0,113000.0,48,1.0,West,51.0,2023-07-31,0
APP000149,Male,Yes,3,Not Graduate,Salaried ,84675.0,465.0,116000.0,240,1.0,EAST,44.0,2024-08-01,0
APP000304,Female,Yes,3,Graduate,SELF-EMPLOYED,182937.0,26637.0,118000.0,12,1.0,North,40.0,2023-12-05,0
APP005114,Female,Yes,3,Graduate,self employed,42992.0,6524.0,170000.0,24,1.0,North,66.0,2024-09-03,0
APP001925,Female,Yes,0,Graduate,salaried,24389.0,2882.0,53000.0,84,1.0,North,62.0,2024-06-09,0
APP005149,Female,No,3,Graduate,Salaried,50276.0,6197.0,27000.0,120,1.0,North,42.0,2023-04-26,0
APP005801,Male,No,3,Not Graduate,salaried,38594.0,12528.0,60000.0,36,1.0,West ,38.0,2023-11-12,0
APP002638,Female,Yes,3,Graduate,Self-Employed,37123.0,1552.0,206000.0,180,1.0,West,37.0,2023-11-14,0
APP001905,Female,Yes,0,Not Graduate,salaried,60496.0,2127.0,381000.0,48,0.0,north,21.0,2024-07-07,1
APP005667,Female,Yes,1,Graduate,Salaried ,42216.0,8581.0,50000.0,60,1.0,West,43.0,2024-01-08,0
APP004295,Male,Yes,0,Not Graduate,Salaried ,38558.0,12741.0,68000.0,240,1.0,West,38.0,2024-12-13,0
APP003843,Male,Yes,2,Graduate,Self-Employed,45267.0,9099.0,12000.0,180,1.0,West ,34.0,2023-12-05,0
APP005391,Male,No,4,Not Graduate,salaried,72010.0,15196.0,179000.0,24,1.0,north,60.0,2024-08-22,0
APP001769,Male,No,0,Graduate,Salaried ,96279.0,18998.0,74000.0,180,1.0,East,38.0,2024-05-30,0
APP002876,,No,0,Graduate,salaried,34523.0,2670.0,82000.0,36,1.0,East,42.0,2024-02-21,0
APP002241,Female,Yes,3,Not Graduate,Salaried ,140309.0,43906.0,190000.0,180,1.0,South,35.0,2023-06-30,0
APP004501,Female,Yes,0,Graduate,Salaried,50914.0,15104.0,151000.0,120,0.0,South,34.0,2024-08-03,0
APP002410,Male,Yes,2,Not Graduate,Salaried,60936.0,18965.0,28000.0,84,,EAST,23.0,2023-07-11,0
APP005556,Female,Yes,3,Graduate,Salaried,49270.0,9230.0,74000.0,84,1.0,West ,37.0,2024-02-03,0
APP000484,Female,Yes,1,Graduate,SELF-EMPLOYED,64690.0,10255.0,112000.0,60,1.0,East,56.0,2024-06-03,0
APP005279,Female,Yes,1,Not Graduate,Salaried,81395.0,26286.0,117000.0,360,1.0,West ,33.0,2023-03-20,0
APP001281,Female,Yes,0,Graduate,self employed,54709.0,5506.0,105000.0,60,1.0,EAST,21.0,2023-11-09,0
APP005128,Male,No,0,Graduate,Salaried,151714.0,4891.0,159000.0,48,1.0,North,60.0,2023-04-09,0
APP003681,Female,No,3,Graduate,Salaried,27397.0,2063.0,162000.0,84,1.0,East,46.0,2023-09-09,0
APP000792,Female,No,0,Graduate,Salaried,34962.0,974.0,100000.0,240,1.0,North,45.0,2023-11-10,0
APP004896,Male,Yes,1,Graduate,Self-Employed,183665.0,56780.0,101000.0,84,1.0,North,32.0,2024-11-11,0
APP001202,Male,Yes,4,Graduate,self employed,13729.0,4337.0,61000.0,60,1.0,East,43.0,2023-07-05,0
APP004519,Male,Yes,3,Graduate,salaried,,4215.0,62000.0,60,1.0,North,57.0,2023-02-01,0
APP003913,Male,Yes,2,Graduate,Salaried,56314.0,11857.0,128000.0,120,0.0,North,40.0,2023-02-02,1
APP002363,Male,No,4,Graduate,Self-Employed,71063.0,5884.0,,60,1.0,North,34.0,2024-05-17,0
APP003070,Female,Yes,0,Graduate,Salaried ,33727.0,3443.0,107000.0,24,,EAST,49.0,2023-09-06,0
APP003430,Female,Yes,0,Graduate,SELF-EMPLOYED,79444.0,4386.0,99000.0,120,1.0,West,23.0,2023-07-07,0
APP000767,Female,Yes,0,Not Graduate,Salaried,14663.0,4251.0,97000.0,360,1.0,North,33.0,2023-01-07,0
APP005878,Female,No,4,Graduate,Salaried,33875.0,5203.0,92000.0,180,1.0,north,54.0,2024-02-24,0
APP002592,Female,No,0,Graduate,Self-Employed,56091.0,19555.0,313000.0,60,1.0,West,48.0,2024-09-17,0
APP002711,Female,Yes,0,Graduate,salaried,51541.0,5868.0,,84,1.0,West ,44.0,2023-09-25,0
APP001530,Male,Yes,0,Graduate,Self-Employed,75003.0,15652.0,203000.0,84,1.0,West,48.0,2024-03-20,0
APP004999,Female,Yes,2,Graduate,Salaried,24280.0,8168.0,80000.0,120,1.0,East,39.0,2024-05-11,0
APP002810,Female,No,1,Graduate,Salaried,47956.0,5733.0,97000.0,36,1.0,East,42.0,2024-02-22,0
APP000686,Male,Yes,0,Graduate,self employed,16535.0,2225.0,130000.0,84,1.0,South,32.0,2023-11-12,0
APP001552,Female,Yes,0,Graduate,Salaried,85854.0,7530.0,176000.0,24,1.0,South,43.0,2023-02-06,0
APP004256,Female,Yes,0,Graduate,Self-Employed,34969.0,6048.0,76000.0,36,1.0,West ,27.0,2023-10-01,0
APP005096,Male,Yes,3,Graduate,Self-Employed,,1852.0,95000.0,180,1.0,North,51.0,2023-09-27,0
APP003872,Male,No,3,Graduate,salaried,61727.0,15270.0,170000.0,60,1.0,South,53.0,2024-04-26,0
APP005123,Male,Yes,0,Graduate,Salaried ,35841.0,9936.0,50000.0,36,1.0,East,22.0,2023-09-01,0
APP000561,Female,Yes,1,Graduate,Salaried ,21528.0,3706.0,72000.0,84,,South,36.0,2023-07-14,0
APP002251,Male,Yes,0,Not Graduate,Salaried,42096.0,5823.0,,84,1.0,North,51.0,2023-09-18,0
APP005688,Female,No,2,Not Graduate,SELF-EMPLOYED,49275.0,6124.0,365000.0,48,1.0,North,41.0,2024-12-22,0
APP003501,Male,No,3,Graduate,Salaried,15922.0,3872.0,107000.0,60,1.0,East,47.0,2023-04-18,0
APP002690,Male,Yes,1,Not Graduate,Self-Employed,48739.0,12239.0,24000.0,12,1.0,West,21.0,2023-02-14,0
APP004209,Male,Yes,0,Graduate,Salaried,106763.0,18259.0,40000.0,120,0.0,East,34.0,2024-06-10,0
APP005915,Male,Yes,1,Not Graduate,Salaried ,144344.0,41893.0,33000.0,84,1.0,East,21.0,2024-10-25,0
APP003380,Female,Yes,0,Not Graduate,Salaried ,16939.0,563.0,49000.0,60,1.0,South,27.0,2023-06-29,0
APP003194,Male,No,0,Not Graduate,Salaried,68214.0,6926.0,110000.0,60,1.0,West,49.0,2024-12-08,0
APP001447,Female,No,0,Graduate,self employed,117627.0,38814.0,57000.0,36,1.0,north,39.0,2023-11-14,0
APP001953,Female,No,0,Graduate,Self-Employed,49457.0,11095.0,147000.0,48,1.0,East,47.0,2024-01-22,0
APP000923,Female,Yes,0,Graduate,SELF-EMPLOYED,30281.0,2135.0,130000.0,36,1.0,South,27.0,2024-12-19,0
APP001625,Male,Yes,4,Graduate,Salaried ,159565.0,34889.0,178000.0,180,1.0,north,52.0,2024-08-07,0
APP000311,Male,Yes,1,Graduate,Salaried ,,647.0,164000.0,360,1.0,EAST,69.0,2024-01-02,0
APP001320,Male,Yes,3,Not Graduate,salaried,85907.0,945.0,39000.0,60,1.0,West,49.0,2024-05-15,0
APP003532,Female,No,3,Graduate,SELF-EMPLOYED,46747.0,10500.0,218000.0,84,1.0,EAST,54.0,2023-04-05,0
APP001664,Male,No,0,Graduate,SELF-EMPLOYED,76504.0,16910.0,158000.0,48,1.0,South,22.0,2024-12-04,0
APP000816,Male,Yes,0,Graduate,Salaried,63446.0,6254.0,110000.0,360,1.0,East,59.0,2024-09-17,0
APP005520,Female,No,1,Not Graduate,Salaried,84703.0,26609.0,91000.0,36,0.0,South,35.0,2024-11-13,0
APP002267,Female,Yes,0,Graduate,Self-Employed,48883.0,1913.0,104000.0,24,1.0,East,51.0,2024-06-16,0
APP001474,Male,Yes,0,Not Graduate,Salaried,117027.0,26410.0,74000.0,60,1.0,South,32.0,2023-09-01,0
APP001774,Female,No,0,Not Graduate,Self-Employed,42535.0,12514.0,99000.0,48,1.0,north,32.0,2023-10-18,0
APP004776,Female,Yes,4,Graduate,Salaried ,73126.0,19170.0,104000.0,12,1.0,West,42.0,2023-12-02,0
APP005619,Male,Yes,1,Not Graduate,Salaried ,52977.0,13687.0,77000.0,120,1.0,West,21.0,2023-02-08,0
APP001094,Male,Yes,0,Graduate,Salaried,19517.0,1291.0,92000.0,84,1.0,West ,36.0,2024-03-05,0
APP004177,Female,Yes,0,Graduate,Salaried ,66878.0,75.0,121000.0,180,1.0,West,55.0,2023-10-04,0
APP001951,Male,Yes,4,Graduate,Salaried,72645.0,1051.0,142000.0,36,1.0,East,60.0,2023-11-15,0
APP003885,Female,Yes,1,Graduate,self employed,21515.0,1835.0,156000.0,48,1.0,East,45.0,2023-11-27,0
APP005500,Female,Yes,4,Graduate,Self-Employed,25371.0,7694.0,57000.0,60,1.0,EAST,35.0,2024-12-01,0
APP005687,Male,Yes,1,Not Graduate,self employed,78448.0,16006.0,104000.0,48,1.0,North,37.0,2023-08-01,0
APP002801,Female,No,1,Graduate,Salaried,51451.0,6929.0,69000.0,84,1.0,West ,37.0,2023-05-11,0
APP001240,Male,Yes,0,Not Graduate,SELF-EMPLOYED,49041.0,5949.0,35000.0,48,1.0,South,53.0,2024-06-18,0
APP000330,Male,Yes,0,Graduate,Salaried,87186.0,11054.0,192000.0,120,1.0,South,31.0,2024-05-11,0
APP003103,Female,Yes,2,Graduate,Salaried ,55257.0,14537.0,282000.0,48,1.0,North,60.0,2024-02-16,0
APP000243,Female,No,0,Graduate,Salaried,21816.0,2336.0,52000.0,60,0.0,West ,58.0,2023-03-26,0
APP005697,Male,No,1,Graduate,Salaried ,90089.0,5092.0,273000.0,240,1.0,North,34.0,2024-02-16,0
APP004738,Male,No,2,Graduate,Salaried ,46544.0,6863.0,119000.0,360,1.0,West,47.0,2023-07-31,0
APP004793,Male,No,3,Not Graduate,Salaried,29517.0,1078.0,103000.0,36,1.0,north,32.0,2024-05-30,1
APP002258,Male,No,3,Not Graduate,Salaried,47483.0,1576.0,61000.0,24,0.0,EAST,33.0,2024-10-08,0
APP002819,Male,Yes,3,Graduate,Salaried ,59169.0,4443.0,62000.0,84,1.0,West ,38.0,2023-08-29,0
APP003825,Male,No,3,Graduate,Salaried,40382.0,7873.0,74000.0,60,1.0,South,36.0,2023-11-09,0
APP000754,Male,Yes,1,Not Graduate,Self-Employed,73853.0,21074.0,301000.0,24,1.0,South,33.0,2024-08-12,0
APP004532,Male,No,3,Graduate,self employed,32159.0,10465.0,192000.0,24,1.0,West ,36.0,2024-03-02,0
APP001564,Male,Yes,3,Graduate,Self-Employed,71204.0,7840.0,174000.0,36,1.0,North,29.0,2024-08-24,0
APP001935,Female,Yes,2,Not Graduate,Salaried ,24602.0,6926.0,60000.0,84,,North,21.0,2023-06-03,0
APP005831,Female,Yes,0,Not Graduate,salaried,,16214.0,63000.0,36,,South,30.0,2024-04-30,0
APP003494,Female,No,0,Not Graduate,self employed,37652.0,12114.0,50000.0,180,,North,48.0,2023-02-27,0
APP003023,Female,No,3,Graduate,Self-Employed,50500.0,6961.0,46000.0,36,1.0,South,46.0,2024-07-10,0
APP004648,Male,Yes,0,Graduate,self employed,53446.0,11773.0,125000.0,24,0.0,East,47.0,2023-01-31,0
APP002649,Male,Yes,0,Graduate,salaried,81831.0,2787.0,237000.0,240,1.0,East,63.0,2023-08-31,0
APP001857,Female,No,1,Not Graduate,Salaried,30212.0,10145.0,150000.0,24,1.0,West,57.0,2024-11-14,1
APP004698,Male,Yes,0,Graduate,self employed,149455.0,39448.0,44000.0,180,,West,42.0,2024-11-15,0
APP003564,Male,Yes,0,Graduate,Self-Employed,86259.0,228.0,31000.0,180,,South,44.0,2024-02-25,0
APP001965,Male,No,2,Graduate,SELF-EMPLOYED,84828.0,2928.0,50000.0,24,1.0,South,29.0,2023-04-10,0
APP001014,Male,Yes,1,Graduate,SELF-EMPLOYED,59977.0,17192.0,64000.0,84,1.0,East,35.0,2024-08-11,0
APP001428,Female,Yes,3,Graduate,Salaried ,20733.0,5225.0,136000.0,120,,north,42.0,2024-04-11,0
APP003323,Female,No,0,Not Graduate,self employed,36465.0,12546.0,86000.0,240,1.0,north,25.0,2023-07-21,1
APP001296,Male,Yes,2,Graduate,SELF-EMPLOYED,21406.0,7476.0,86000.0,84,1.0,EAST,52.0,2023-08-07,0
APP000467,Male,Yes,2,Graduate,SELF-EMPLOYED,30775.0,6878.0,53000.0,84,0.0,EAST,30.0,2024-03-21,1
APP004029,Female,No,3,Graduate,Self-Employed,83640.0,2555.0,66000.0,360,1.0,West,21.0,2024-07-10,1
APP000175,Female,No,3,Graduate,SELF-EMPLOYED,37306.0,13046.0,176000.0,36,1.0,North,44.0,2023-06-19,0
APP004881,Male,No,2,Not Graduate,Self-Employed,37250.0,12199.0,114000.0,360,1.0,East,50.0,2024-03-18,0
APP000278,Female,No,0,Graduate,Salaried,45350.0,11860.0,106000.0,240,1.0,North,21.0,2024-01-11,0
APP001070,Male,Yes,0,Not Graduate,Self-Employed,43001.0,3259.0,245000.0,60,1.0,East,37.0,2023-06-11,0
APP001549,Male,No,1,Graduate,self employed,52177.0,11450.0,160000.0,60,,South,29.0,2023-09-04,0
APP001025,Female,Yes,1,Graduate,salaried,67086.0,7158.0,106000.0,60,0.0,East,52.0,2024-07-23,1
APP005037,Female,Yes,1,Graduate,Salaried,72171.0,24061.0,117000.0,60,1.0,South,,2023-02-17,1
APP002835,Male,Yes,3,Graduate,SELF-EMPLOYED,40251.0,3156.0,152000.0,60,1.0,North,31.0,2023-01-01,1
APP001467,Female,No,0,Not Graduate,Salaried,41591.0,5987.0,226000.0,24,1.0,East,24.0,2023-03-20,0
APP005524,Male,Yes,0,Not Graduate,Salaried,23308.0,7900.0,223000.0,84,1.0,north,34.0,2023-06-10,0
APP005003,Female,Yes,1,Graduate,Salaried,103434.0,28555.0,144000.0,48,1.0,East,40.0,2023-05-27,0
APP001714,Male,Yes,2,Not Graduate,self employed,29914.0,6469.0,67000.0,360,1.0,EAST,25.0,2023-05-06,0
APP003425,Female,Yes,2,Graduate,Self-Employed,54185.0,14923.0,68000.0,84,1.0,South,43.0,2023-08-30,0
APP002612,Male,No,1,Graduate,Salaried,29723.0,2748.0,131000.0,180,,East,21.0,2023-08-05,0
APP000389,Female,No,3,Graduate,Salaried,22941.0,414.0,113000.0,84,1.0,South,50.0,2023-06-03,1
APP002071,Female,Yes,1,Graduate,Self-Employed,13457.0,1267.0,80000.0,60,1.0,North,43.0,2024-08-11,0
APP003971,Female,Yes,4,Graduate,SELF-EMPLOYED,22164.0,5030.0,224000.0,240,1.0,West,37.0,2024-01-07,0
APP003496,Male,No,1,Graduate,Salaried,163105.0,6015.0,72000.0,84,,EAST,26.0,2023-03-27,1
APP002822,Male,No,0,Graduate,Salaried,25983.0,6520.0,136000.0,36,1.0,East,55.0,2024-12-16,0
APP004977,Male,Yes,2,Graduate,Salaried,23395.0,5699.0,73000.0,84,1.0,East,40.0,2023-09-12,0
APP001425,Female,Yes,2,Not Graduate,Salaried,44927.0,3528.0,176000.0,36,1.0,East,42.0,2024-08-25,1
APP003543,Male,Yes,3,Not Graduate,self employed,26420.0,7453.0,296000.0,36,0.0,South,25.0,2023-04-27,1
APP005966,Female,No,1,Graduate,Salaried,159818.0,31825.0,293000.0,180,0.0,South,63.0,2023-02-01,1
APP003575,Female,Yes,4,Not Graduate,Salaried,22398.0,4592.0,167000.0,360,1.0,West,21.0,2023-05-07,0
APP000051,Female,No,1,Graduate,Self-Employed,19344.0,5479.0,144000.0,120,0.0,East,25.0,2023-04-14,0
APP001888,Male,Yes,1,Graduate,SELF-EMPLOYED,43309.0,2765.0,42000.0,240,1.0,EAST,28.0,2024-02-26,0
APP003696,Male,No,1,Not Graduate,Salaried ,29787.0,7059.0,293000.0,24,,north,52.0,2023-07-02,0
APP004230,Male,Yes,0,Graduate,Salaried,45399.0,8816.0,47000.0,120,1.0,West,42.0,2024-11-19,0
APP005202,Female,Yes,4,Graduate,Salaried ,32949.0,10167.0,297000.0,60,1.0,north,34.0,2023-07-06,0
APP004800,Female,Yes,0,Graduate,salaried,96547.0,24719.0,104000.0,240,1.0,South,47.0,2023-11-21,0
APP000483,Male,No,0,Graduate,Salaried,59767.0,12970.0,90000.0,240,1.0,West,31.0,2023-05-08,1
APP003394,Male,Yes,1,Graduate,Self-Employed,79769.0,4286.0,23000.0,84,,West,40.0,2024-09-15,0
APP005242,Male,Yes,0,Not Graduate,Salaried,68328.0,19396.0,162000.0,60,1.0,EAST,52.0,2023-08-08,0
APP002252,Female,Yes,1,Graduate,salaried,33879.0,1276.0,85000.0,84,1.0,East,26.0,2024-06-25,0
APP004163,Male,No,0,Graduate,Self-Employed,26430.0,6547.0,44000.0,48,,South,23.0,2023-06-13,0
APP002314,Female,No,3,Not Graduate,SELF-EMPLOYED,36123.0,6298.0,120000.0,84,1.0,South,,2024-01-13,0
APP002850,Male,Yes,0,Not Graduate,Salaried ,70755.0,834.0,122000.0,60,,West,44.0,2023-07-13,1
APP005701,Male,Yes,3,Not Graduate,Salaried,58311.0,19498.0,134000.0,24,1.0,South,37.0,2024-06-26,0
APP003104,Male,No,2,Graduate,Salaried,31146.0,3410.0,175000.0,36,1.0,West,39.0,2023-12-19,0
APP005004,,No,2,Not Graduate,Self-Employed,45299.0,6459.0,75000.0,360,,East,39.0,2023-03-16,1
APP004128,Female,No,0,Graduate,Salaried ,18066.0,6256.0,150000.0,36,0.0,East,48.0,2023-10-12,0
APP003868,Female,Yes,2,Graduate,Self-Employed,59277.0,10339.0,95000.0,36,1.0,North,,2023-11-12,1
APP002466,Male,Yes,2,Graduate,Salaried,46286.0,6683.0,58000.0,60,1.0,West,39.0,2023-04-11,0
APP002930,Male,No,1,Not Graduate,self employed,53004.0,8900.0,91000.0,24,1.0,West,32.0,2024-11-29,0
APP005903,Male,No,2,Graduate,Salaried,58151.0,18131.0,63000.0,120,1.0,West,43.0,2024-06-07,0
APP004107,Female,Yes,2,Not Graduate,salaried,107055.0,1961.0,190000.0,240,1.0,EAST,37.0,2024-07-25,0
APP000065,Male,Yes,4,Graduate,Self-Employed,64049.0,18199.0,153000.0,120,0.0,North,32.0,2024-07-31,0
APP005764,Male,Yes,0,Graduate,Salaried ,42475.0,6007.0,72000.0,120,1.0,West,27.0,2023-01-13,0
APP000777,Male,No,0,Not Graduate,Salaried ,43265.0,12866.0,57000.0,60,1.0,South,44.0,2023-08-16,0
APP004174,Male,Yes,1,Graduate,SELF-EMPLOYED,32174.0,7219.0,138000.0,60,1.0,South,36.0,2023-02-16,0
APP004588,Male,No,1,Graduate,Salaried,26796.0,9042.0,85000.0,60,1.0,West ,31.0,2024-01-03,0
APP002735,Female,No,0,Graduate,self employed,41041.0,10028.0,111000.0,180,1.0,South,21.0,2023-08-06,0
APP002581,Male,Yes,1,Not Graduate,Self-Employed,55446.0,19123.0,198000.0,84,1.0,north,43.0,2023-05-13,0
APP004617,Female,No,2,Graduate,self employed,68534.0,3012.0,,36,1.0,EAST,21.0,2024-03-02,1
APP003484,Female,Yes,1,Not Graduate,Self-Employed,,5460.0,60000.0,84,1.0,West,47.0,2023-02-08,1
APP005934,Female,No,0,Graduate,Salaried,48814.0,10639.0,151000.0,120,1.0,East,39.0,2024-08-11,0
APP002345,Female,Yes,1,Not Graduate,Self-Employed,76144.0,6528.0,190000.0,120,1.0,West,60.0,2023-10-12,0
APP004688,Male,Yes,2,Graduate,Self-Employed,42726.0,4649.0,55000.0,36,1.0,South,33.0,2023-05-15,0
APP002816,Female,No,1,Graduate,SELF-EMPLOYED,28583.0,7300.0,,12,1.0,East,31.0,2023-03-19,0
APP005719,Male,Yes,3,Graduate,Salaried,62982.0,4655.0,76000.0,240,1.0,North,44.0,2023-05-11,0
APP005382,Male,Yes,3,Not Graduate,Salaried,,348.0,73000.0,36,1.0,East,32.0,2023-07-28,0
APP004027,Male,No,0,Graduate,Self-Employed,53628.0,3991.0,81000.0,36,1.0,South,30.0,2024-03-02,0
APP000725,Male,No,3,Not Graduate,Self-Employed,34691.0,2594.0,196000.0,36,1.0,South,29.0,2023-11-24,0
APP005585,Male,No,0,Graduate,Salaried ,96037.0,21827.0,198000.0,84,1.0,West,43.0,2024-05-17,0
APP005564,Male,Yes,3,Graduate,Self-Employed,42226.0,12470.0,514000.0,180,1.0,West,37.0,2023-01-25,0
APP003823,Female,Yes,1,Graduate,Salaried ,82340.0,28619.0,258000.0,240,1.0,South,31.0,2023-06-02,0
APP005309,Female,Yes,1,Not Graduate,SELF-EMPLOYED,52467.0,13211.0,109000.0,120,1.0,West ,42.0,2024-10-12,0
APP005927,Female,No,2,Graduate,self employed,70970.0,17627.0,257000.0,84,1.0,north,47.0,2024-07-19,0
APP001736,Female,Yes,2,Graduate,self employed,,6173.0,,84,,West,56.0,2023-08-13,0
APP003125,Female,No,0,Not Graduate,Self-Employed,25253.0,2069.0,63000.0,84,1.0,East,30.0,2024-05-31,0
APP004941,Male,Yes,1,Graduate,Salaried,27862.0,5527.0,65000.0,84,1.0,North,22.0,2023-09-06,0
APP005079,Male,Yes,1,Graduate,Salaried ,35963.0,2134.0,185000.0,48,,East,26.0,2023-04-08,0
APP004803,Female,Yes,2,Not Graduate,SELF-EMPLOYED,76963.0,4265.0,265000.0,84,,north,42.0,2023-01-04,0
APP000274,Female,No,3,Graduate,Salaried,24323.0,7504.0,168000.0,48,1.0,North,37.0,2023-05-23,0
APP002945,Female,No,0,Graduate,SELF-EMPLOYED,43565.0,548.0,76000.0,120,,East,39.0,2023-04-25,0
APP005808,Female,No,0,Graduate,Salaried,136994.0,30581.0,53000.0,360,1.0,South,40.0,2024-10-16,0
APP005060,Male,Yes,1,Graduate,SELF-EMPLOYED,58949.0,3962.0,,84,1.0,South,29.0,2024-04-23,0
APP005558,Female,Yes,1,Not Graduate,Salaried,32431.0,2436.0,82000.0,60,1.0,EAST,52.0,2024-10-07,0
APP001453,Female,Yes,0,Graduate,Salaried ,47401.0,5547.0,82000.0,120,1.0,East,45.0,2023-11-17,0
APP002716,Male,Yes,3,Graduate,Salaried,37565.0,11299.0,112000.0,12,1.0,East,34.0,2023-03-28,0
APP004246,Female,Yes,2,Graduate,Salaried,47659.0,13184.0,60000.0,12,1.0,north,39.0,2023-03-13,0
APP002693,Male,Yes,0,Graduate,Salaried,18274.0,2715.0,91000.0,48,1.0,North,40.0,2023-09-20,0
APP002768,Male,No,0,Graduate,salaried,44410.0,9213.0,271000.0,240,1.0,East,26.0,2024-05-24,0
APP000219,Female,No,4,Graduate,Salaried,55944.0,18818.0,77000.0,180,1.0,West,37.0,2024-04-25,0
APP000240,Male,Yes,2,Graduate,SELF-EMPLOYED,46884.0,3662.0,141000.0,48,1.0,South,43.0,2023-08-30,0
APP001132,Male,No,1,Not Graduate,Salaried ,18276.0,6118.0,149000.0,120,,East,31.0,2024-12-11,0
APP005772,Female,Yes,0,Not Graduate,Salaried,51076.0,8916.0,65000.0,36,1.0,north,34.0,2024-01-04,0
APP003265,Female,Yes,0,Graduate,Salaried,58680.0,7977.0,39000.0,360,1.0,South,40.0,2023-03-30,0
APP002240,Male,Yes,0,Graduate,Self-Employed,47651.0,2718.0,91000.0,48,1.0,South,40.0,2023-08-26,0
APP005350,Female,No,3,Not Graduate,self employed,23880.0,3040.0,213000.0,36,1.0,EAST,50.0,2023-01-12,0
APP005150,Male,Yes,0,Graduate,salaried,42898.0,13391.0,48000.0,48,1.0,West,33.0,2024-05-11,0
APP001384,Male,No,1,Not Graduate,Salaried,27804.0,8274.0,60000.0,48,1.0,north,45.0,2023-06-18,0
APP003075,Female,No,0,Graduate,Salaried ,62030.0,8411.0,69000.0,120,1.0,South,43.0,2024-01-20,0
APP004861,Female,Yes,1,Graduate,Self-Employed,97615.0,30759.0,28000.0,60,,North,37.0,2024-06-15,0
APP001358,Male,Yes,1,Graduate,self employed,47945.0,8997.0,161000.0,60,0.0,West ,35.0,2023-04-12,0
APP004872,Male,Yes,1,Not Graduate,Salaried,39783.0,10542.0,214000.0,48,,West,60.0,2024-07-17,0
APP002631,Female,Yes,2,Not Graduate,Salaried,87795.0,6016.0,70000.0,36,1.0,East,41.0,2023-09-30,0
APP002833,Male,Yes,2,Not Graduate,Salaried,59853.0,15672.0,46000.0,48,1.0,East,29.0,2024-03-28,0
APP000625,Female,Yes,2,Graduate,salaried,19978.0,442.0,77000.0,48,1.0,West,44.0,2024-03-03,0
APP000840,Female,Yes,1,Graduate,salaried,36563.0,7689.0,172000.0,180,1.0,north,42.0,2023-06-10,0
APP004724,Male,No,0,Graduate,self employed,32769.0,425.0,94000.0,240,,South,37.0,2023-06-13,0
APP000324,Male,No,2,Graduate,Salaried,26454.0,556.0,161000.0,60,,South,35.0,2024-07-05,0
APP003401,Male,No,1,Not Graduate,self employed,57220.0,18254.0,265000.0,48,1.0,West,38.0,2024-07-27,0
APP001868,Male,No,3,Graduate,Self-Employed,127710.0,8910.0,53000.0,60,1.0,EAST,51.0,2024-04-27,0
APP005257,Male,No,3,Graduate,salaried,28580.0,355.0,155000.0,84,1.0,South,35.0,2024-09-15,0
APP002827,Female,Yes,0,Not Graduate,Self-Employed,30413.0,6936.0,109000.0,120,1.0,North,50.0,2024-10-15,0
APP005173,Male,No,2,Not Graduate,Self-Employed,83597.0,26423.0,187000.0,48,1.0,South,38.0,2024-11-01,1
APP005553,Female,No,3,Graduate,Self-Employed,52408.0,9759.0,82000.0,84,1.0,East,45.0,2024-10-03,0
APP000438,Female,Yes,1,Graduate,SELF-EMPLOYED,26359.0,5227.0,56000.0,24,0.0,north,60.0,2024-02-20,0
APP000120,Male,Yes,1,Not Graduate,SELF-EMPLOYED,199178.0,14130.0,77000.0,120,1.0,north,31.0,2024-02-05,0
APP005514,Female,No,3,Graduate,salaried,36831.0,12812.0,178000.0,180,0.0,East,41.0,2023-07-09,1
APP005713,Male,Yes,0,Graduate,SELF-EMPLOYED,64068.0,10401.0,54000.0,36,0.0,north,56.0,2024-03-30,0
APP001840,Male,Yes,2,Graduate,Salaried,23707.0,3447.0,155000.0,240,1.0,north,34.0,2024-12-23,0
APP001027,Female,Yes,0,Graduate,Self-Employed,36855.0,6720.0,94000.0,180,1.0,South,48.0,2024-11-24,1
APP003302,Female,No,1,Graduate,Salaried ,75504.0,18938.0,56000.0,84,1.0,West,43.0,2023-08-04,0
APP004173,Male,Yes,1,Not Graduate,self employed,38828.0,9517.0,40000.0,120,1.0,North,50.0,2024-12-23,0
APP003102,Female,Yes,0,Not Graduate,Salaried,42250.0,1135.0,79000.0,84,0.0,EAST,33.0,2023-01-18,1
APP000901,Male,Yes,0,Graduate,Salaried,53278.0,17231.0,146000.0,60,0.0,East,36.0,2023-12-22,1
APP004468,Male,Yes,1,Graduate,SELF-EMPLOYED,38100.0,9632.0,30000.0,84,1.0,West,30.0,2023-03-03,0
APP001205,Male,No,1,Graduate,Salaried ,96266.0,25012.0,121000.0,24,,North,39.0,2023-05-31,1
APP005608,Female,No,0,Graduate,SELF-EMPLOYED,26370.0,6.0,65000.0,48,0.0,North,61.0,2024-01-08,1
APP001635,Female,Yes,2,Graduate,Salaried ,42810.0,4385.0,188000.0,120,1.0,West,30.0,2024-12-12,0
APP005038,Female,Yes,1,Graduate,Self-Employed,18480.0,468.0,80000.0,120,0.0,East,38.0,2024-05-28,0
APP004051,Female,No,2,Not Graduate,Salaried,93991.0,10283.0,301000.0,120,1.0,East,45.0,2023-10-27,0
APP000553,Male,No,0,Not Graduate,Self-Employed,119412.0,30150.0,107000.0,84,,North,27.0,2023-09-17,0
APP000407,Male,Yes,3,Graduate,SELF-EMPLOYED,33497.0,2970.0,94000.0,24,1.0,East,21.0,2024-08-18,0
APP005531,Male,Yes,3,Graduate,Salaried ,67853.0,2647.0,218000.0,60,1.0,South,33.0,2024-02-06,0
APP001614,Male,No,0,Graduate,Self-Employed,51104.0,11781.0,134000.0,180,1.0,East,24.0,2024-04-06,0
APP002935,Female,Yes,4,Graduate,Salaried,27824.0,4059.0,116000.0,60,,West ,37.0,2024-01-09,1
APP005065,Female,Yes,0,Graduate,salaried,47652.0,7138.0,49000.0,180,,East,27.0,2023-02-08,0
APP003299,Male,Yes,4,Graduate,Salaried,39019.0,11822.0,100000.0,240,1.0,West,48.0,2024-12-25,0
APP002834,,No,1,Not Graduate,self employed,19023.0,1023.0,56000.0,48,1.0,East,47.0,2023-01-30,1
APP002350,Male,Yes,4,Not Graduate,self employed,97140.0,5494.0,41000.0,120,1.0,East,46.0,2023-07-21,0
APP004786,Male,Yes,1,Graduate,Self-Employed,,20857.0,65000.0,120,,East,27.0,2023-10-02,0
APP003110,Female,No,0,Graduate,Salaried ,38318.0,11686.0,95000.0,120,0.0,South,21.0,2024-02-23,0
APP001739,Male,Yes,1,Graduate,Salaried,50044.0,2704.0,72000.0,48,1.0,West,45.0,2023-07-22,0
APP000237,Male,Yes,1,Graduate,salaried,41691.0,4619.0,116000.0,84,1.0,South,41.0,2023-01-26,0
APP003164,Male,Yes,0,Graduate,Salaried ,36242.0,3435.0,248000.0,84,1.0,EAST,25.0,2023-01-19,0
APP000500,Female,Yes,0,Graduate,Salaried ,64756.0,21062.0,,120,,East,56.0,2024-10-22,0
APP004919,Female,No,2,Graduate,self employed,90934.0,24283.0,35000.0,360,1.0,East,34.0,2024-04-15,0
APP003626,Male,No,0,Graduate,Self-Employed,30039.0,3334.0,272000.0,84,1.0,South,33.0,2024-07-14,0
APP003128,Male,No,2,Graduate,SELF-EMPLOYED,66139.0,8281.0,65000.0,24,1.0,north,34.0,2023-05-17,0
APP000795,Male,Yes,1,Not Graduate,Salaried,90694.0,22987.0,135000.0,60,1.0,South,21.0,2024-04-22,1
APP003359,Female,No,2,Graduate,Salaried,27509.0,797.0,182000.0,120,0.0,North,34.0,2023-03-04,1
APP003292,Female,No,0,Graduate,Salaried,29060.0,5234.0,189000.0,240,1.0,West,44.0,2023-10-16,0
APP003973,Male,Yes,0,Graduate,Salaried ,127947.0,42426.0,56000.0,120,1.0,South,39.0,2023-06-22,0
APP000991,Female,Yes,3,Graduate,Self-Employed,32148.0,3179.0,299000.0,360,,north,36.0,2024-05-18,0
APP004664,Female,Yes,1,Graduate,Salaried,72114.0,1419.0,106000.0,360,1.0,South,53.0,2023-05-10,0
APP002436,Male,No,0,Graduate,salaried,46046.0,2399.0,106000.0,120,1.0,West ,27.0,2023-05-02,0
APP003377,Female,Yes,2,Graduate,Salaried,90105.0,29254.0,444000.0,84,1.0,West,40.0,2024-09-06,0
APP000391,Female,Yes,0,Graduate,Salaried,42545.0,13766.0,134000.0,60,,South,62.0,2024-01-04,0
APP004840,Male,Yes,0,Graduate,Self-Employed,36005.0,2674.0,121000.0,12,0.0,East,38.0,2024-11-18,0
APP002401,Male,No,2,Graduate,self employed,67899.0,8646.0,22000.0,48,1.0,West,32.0,2024-06-10,0
APP001218,Female,Yes,3,Graduate,salaried,21545.0,4712.0,85000.0,120,1.0,West,36.0,2024-07-06,0
APP000236,Female,No,2,Not Graduate,Salaried ,90725.0,16837.0,123000.0,48,1.0,West ,39.0,2023-01-12,0
APP000332,Female,No,0,Graduate,Self-Employed,23445.0,3193.0,197000.0,84,,West ,46.0,2024-05-01,1
APP004577,Male,No,2,Graduate,Salaried ,55332.0,11541.0,25000.0,60,1.0,West,48.0,2023-06-11,0
APP003189,Female,Yes,1,Not Graduate,salaried,100794.0,34481.0,73000.0,120,1.0,West,40.0,2023-05-23,0
APP000045,Male,Yes,3,Not Graduate,Self-Employed,48372.0,16588.0,88000.0,84,1.0,East,38.0,2023-02-16,1
APP005715,Female,Yes,3,Not Graduate,Salaried,75016.0,11842.0,34000.0,60,1.0,West,47.0,2023-08-20,1
APP004217,Male,No,0,Not Graduate,Self-Employed,58866.0,17176.0,371000.0,60,1.0,North,52.0,2024-02-27,0
APP003437,Male,Yes,4,Not Graduate,Self-Employed,32394.0,1474.0,142000.0,12,1.0,North,34.0,2023-04-10,0
APP003073,Male,No,2,Graduate,Self-Employed,44878.0,1176.0,70000.0,84,1.0,West ,61.0,2023-05-14,0
APP003135,,No,2,Graduate,Salaried,78677.0,12618.0,38000.0,24,1.0,East,46.0,2024-02-20,0
APP005369,Female,Yes,1,Not Graduate,Salaried,106203.0,6716.0,55000.0,36,1.0,South,38.0,2023-06-21,0
APP004046,Male,Yes,0,Graduate,Salaried,91878.0,14596.0,210000.0,60,0.0,East,33.0,2024-03-03,1
APP005023,Female,Yes,4,Not Graduate,Self-Employed,38112.0,11233.0,147000.0,360,1.0,North,33.0,2024-06-21,1
APP001595,Female,Yes,2,Not Graduate,Salaried,36891.0,7123.0,,24,,East,56.0,2023-06-03,0
APP000224,Male,No,2,Graduate,Salaried,22831.0,7867.0,157000.0,180,1.0,South,34.0,2023-01-11,0
APP004863,Male,Yes,0,Not Graduate,Salaried,51881.0,17121.0,39000.0,120,1.0,West,21.0,2024-03-23,0
APP004710,Female,No,0,Graduate,self employed,42697.0,6039.0,157000.0,120,,East,52.0,2024-01-28,0
APP002892,Female,Yes,3,Not Graduate,Salaried,32777.0,9749.0,211000.0,24,1.0,EAST,30.0,2023-11-16,0
APP001246,Female,Yes,0,Graduate,Self-Employed,69058.0,8240.0,139000.0,84,1.0,West ,31.0,2024-05-27,0
APP001541,Female,No,1,Graduate,Salaried,46603.0,2659.0,49000.0,360,1.0,North,27.0,2024-09-01,0
APP003538,,Yes,1,Not Graduate,Salaried ,75810.0,8738.0,56000.0,48,1.0,East,34.0,2023-09-21,0
APP004149,Female,No,0,Graduate,Salaried ,14972.0,846.0,60000.0,180,1.0,North,48.0,2024-01-13,0
APP004626,Female,No,0,Not Graduate,Salaried ,73950.0,17187.0,210000.0,36,1.0,north,51.0,2024-06-30,0
APP002534,Male,Yes,4,Graduate,Salaried ,34162.0,4386.0,86000.0,24,1.0,North,51.0,2024-11-15,0
APP001946,Male,Yes,0,Graduate,self employed,29927.0,8605.0,304000.0,48,1.0,North,55.0,2024-03-24,0
APP000819,Male,Yes,3,Graduate,self employed,28709.0,6747.0,86000.0,84,1.0,West,36.0,2024-04-18,0
APP003459,Female,No,2,Graduate,Self-Employed,68338.0,8429.0,172000.0,36,1.0,EAST,47.0,2023-08-15,0
APP000156,Male,No,0,Not Graduate,Salaried,118805.0,32667.0,188000.0,120,1.0,East,41.0,2023-02-02,0
APP005951,Male,No,1,Graduate,Salaried ,44409.0,8358.0,224000.0,48,0.0,West,25.0,2024-10-29,0
APP000249,Female,No,2,Graduate,self employed,25365.0,8165.0,78000.0,36,1.0,North,49.0,2024-01-25,0
APP004858,Female,No,0,Not Graduate,Salaried,76052.0,26477.0,26000.0,12,1.0,North,41.0,2023-04-08,0
APP003928,Female,Yes,3,Graduate,Self-Employed,52547.0,16091.0,25000.0,180,1.0,East,40.0,2023-11-14,0
APP004015,Female,No,3,Graduate,SELF-EMPLOYED,46415.0,4801.0,72000.0,240,1.0,West,30.0,2023-03-30,0
APP002637,Female,No,2,Not Graduate,self employed,24168.0,1450.0,110000.0,60,0.0,North,47.0,2023-02-05,0
APP005227,Female,Yes,2,Graduate,self employed,70113.0,1956.0,103000.0,360,1.0,West,39.0,2023-12-08,0
APP004639,Female,No,1,Graduate,Salaried,21414.0,3000.0,104000.0,60,1.0,West,50.0,2023-03-29,0
APP000794,Female,Yes,3,Graduate,SELF-EMPLOYED,35017.0,4539.0,49000.0,60,0.0,North,64.0,2024-05-25,0
APP001726,Male,Yes,1,Not Graduate,Salaried ,84778.0,8833.0,,24,1.0,West ,21.0,2023-09-15,1
APP003190,Female,No,1,Graduate,Self-Employed,93350.0,24267.0,83000.0,240,0.0,West ,33.0,2023-04-04,0
APP002650,Male,Yes,0,Graduate,self employed,60928.0,2998.0,193000.0,84,1.0,north,40.0,2024-04-24,0
APP000629,Male,Yes,0,Not Graduate,Self-Employed,47789.0,12784.0,74000.0,120,0.0,South,33.0,2024-09-14,0
APP005783,Female,Yes,4,Graduate,Self-Employed,53692.0,10105.0,176000.0,60,0.0,North,,2023-10-23,1
APP002340,Male,No,3,Not Graduate,Salaried,29283.0,7176.0,70000.0,240,1.0,North,37.0,2023-07-24,0
APP005925,Male,No,1,Graduate,salaried,107872.0,489.0,121000.0,120,1.0,North,21.0,2023-06-09,0
APP005464,Male,Yes,3,Graduate,SELF-EMPLOYED,66910.0,22094.0,177000.0,60,,South,30.0,2023-07-27,0
APP001621,Male,Yes,0,Graduate,Salaried,23282.0,4407.0,142000.0,180,1.0,EAST,30.0,2024-04-03,0
APP001452,Female,Yes,2,Graduate,Self-Employed,143502.0,11615.0,91000.0,240,,North,29.0,2024-12-21,0
APP002903,Male,No,3,Not Graduate,Salaried,135757.0,25481.0,142000.0,60,1.0,South,43.0,2024-06-05,0
APP005168,Male,Yes,4,Graduate,SELF-EMPLOYED,82507.0,17256.0,125000.0,36,,EAST,47.0,2024-10-30,0
APP004651,Male,Yes,0,Graduate,Salaried,24527.0,2099.0,60000.0,360,1.0,South,51.0,2023-06-10,0
APP001829,Female,No,0,Graduate,Self-Employed,41499.0,11362.0,109000.0,180,1.0,South,36.0,2023-10-08,1
APP000827,Male,Yes,1,Graduate,salaried,48239.0,10986.0,48000.0,180,0.0,EAST,21.0,2024-12-14,0
APP001640,Female,Yes,2,Graduate,Self-Employed,44209.0,1155.0,37000.0,60,1.0,North,49.0,2023-07-09,0
APP003865,,No,3,Not Graduate,Self-Employed,38563.0,11247.0,219000.0,360,1.0,North,40.0,2024-03-18,0
APP002914,Female,Yes,1,Graduate,salaried,36174.0,109.0,40000.0,36,1.0,South,21.0,2024-07-01,0
APP003792,Male,Yes,2,Graduate,Salaried,28035.0,1500.0,101000.0,180,,South,45.0,2023-08-16,0
APP002940,Male,Yes,0,Graduate,salaried,16184.0,988.0,57000.0,60,1.0,West,44.0,2024-07-29,0
APP003421,Female,No,4,Graduate,self employed,37144.0,8707.0,56000.0,180,1.0,North,53.0,2023-02-03,0
APP003997,Male,Yes,0,Graduate,SELF-EMPLOYED,61527.0,12259.0,72000.0,120,,East,39.0,2024-10-17,0
APP003768,Male,Yes,3,Not Graduate,Salaried ,88018.0,1568.0,279000.0,48,1.0,East,26.0,2024-08-14,0
APP000536,Female,Yes,1,Not Graduate,Self-Employed,36267.0,8455.0,81000.0,120,1.0,South,69.0,2023-09-30,0
APP002664,Female,Yes,0,Not Graduate,SELF-EMPLOYED,17860.0,6064.0,146000.0,120,1.0,East,57.0,2024-05-19,0
APP000155,Female,Yes,1,Not Graduate,Salaried,32065.0,6856.0,93000.0,60,,North,40.0,2023-10-06,1
APP003242,Male,No,2,Not Graduate,Salaried ,37018.0,10676.0,57000.0,60,1.0,North,42.0,2024-05-29,0
APP003150,Male,No,0,Not Graduate,Salaried,42988.0,262.0,63000.0,60,1.0,South,45.0,2023-02-05,0
APP002953,Female,No,0,Graduate,Salaried,84702.0,7612.0,158000.0,48,0.0,South,50.0,2023-07-25,0
APP001312,Female,Yes,0,Graduate,Salaried,40302.0,9431.0,35000.0,60,0.0,North,21.0,2023-07-13,0
APP000323,Female,Yes,0,Not Graduate,Salaried,25106.0,505.0,87000.0,60,1.0,South,43.0,2024-05-12,0
APP004111,Male,No,3,Graduate,Salaried ,47164.0,7104.0,62000.0,48,,North,34.0,2023-08-03,0
APP003331,Female,Yes,3,Graduate,Salaried,21447.0,186.0,114000.0,240,,West,42.0,2024-03-21,0
APP003986,Female,No,1,Graduate,self employed,53133.0,71.0,175000.0,84,1.0,South,31.0,2024-04-01,0
APP001799,Male,Yes,0,Graduate,salaried,67401.0,798.0,48000.0,120,1.0,West,45.0,2024-05-04,0
APP000083,Male,Yes,3,Graduate,Salaried ,58049.0,5157.0,38000.0,84,1.0,north,38.0,2024-01-18,0
APP002561,Female,No,3,Not Graduate,Salaried,34743.0,12010.0,33000.0,84,1.0,East,37.0,2023-05-13,0
APP001944,Female,Yes,0,Graduate,Salaried,75156.0,19295.0,211000.0,24,1.0,East,27.0,2024-02-14,0
APP001989,Male,Yes,1,Graduate,Salaried,67007.0,14466.0,132000.0,360,0.0,West,27.0,2024-02-20,0
APP003537,Male,Yes,1,Graduate,Salaried ,32439.0,11222.0,43000.0,48,0.0,West ,37.0,2023-05-04,0
APP005480,Male,Yes,1,Graduate,Salaried,61168.0,13736.0,130000.0,240,,South,40.0,2023-02-15,0
APP001575,Male,No,0,Graduate,self employed,31389.0,9472.0,411000.0,36,1.0,North,21.0,2023-03-19,0
APP002978,Male,Yes,0,Graduate,Salaried ,30252.0,7718.0,73000.0,240,0.0,South,35.0,2024-04-11,1
APP002724,Male,Yes,1,Graduate,Salaried ,27515.0,5914.0,155000.0,84,,West ,40.0,2024-10-28,1
APP003406,Female,Yes,0,Graduate,salaried,68341.0,15912.0,155000.0,60,1.0,East,27.0,2024-03-01,0
APP002059,Female,No,0,Not Graduate,salaried,46691.0,8342.0,,360,1.0,East,37.0,2023-07-19,0
APP001763,Male,Yes,1,Graduate,Salaried ,27880.0,8612.0,203000.0,24,1.0,East,21.0,2023-12-28,0
APP001495,Female,No,0,Graduate,Self-Employed,22375.0,3722.0,74000.0,48,0.0,North,29.0,2024-08-26,0
APP004928,Male,No,2,Graduate,Salaried ,1286395.3594081074,261.0,123000.0,84,1.0,West,39.0,2023-10-19,0
APP002081,Male,Yes,0,Graduate,Salaried ,30928.0,7379.0,94000.0,360,1.0,West,48.0,2024-04-25,0
APP001175,Female,No,0,Graduate,Self-Employed,44495.0,3594.0,225000.0,48,,East,21.0,2023-01-15,0
APP004510,Female,Yes,2,Graduate,Salaried,,6203.0,69000.0,180,1.0,East,43.0,2024-11-06,0
APP002629,Male,Yes,3,Graduate,Salaried,32279.0,7445.0,57000.0,240,1.0,north,39.0,2023-11-28,0
APP004262,Female,No,0,Graduate,Self-Employed,18082.0,3742.0,148000.0,84,1.0,North,42.0,2023-09-04,0
APP005650,Female,Yes,3,Not Graduate,Salaried,82656.0,4582.0,114000.0,24,1.0,East,21.0,2024-08-15,0
APP000615,Female,No,2,Not Graduate,Salaried,42144.0,97.0,490000.0,360,1.0,South,33.0,2024-07-22,1
APP003094,,No,0,Graduate,Salaried,93067.0,9974.0,101000.0,120,1.0,West ,23.0,2023-05-28,0
APP003451,Male,Yes,1,Graduate,Self-Employed,,12052.0,78000.0,48,1.0,South,27.0,2024-04-24,0
APP001015,Female,Yes,1,Graduate,self employed,39691.0,5774.0,52000.0,48,1.0,EAST,60.0,2023-09-11,0
APP003058,Male,No,1,Graduate,Self-Employed,,23513.0,225000.0,48,0.0,North,46.0,2023-11-23,1
APP005827,Female,Yes,2,Graduate,Self-Employed,46330.0,12549.0,97000.0,84,1.0,EAST,56.0,2024-11-19,0
APP005334,Male,Yes,2,Not Graduate,Salaried ,47626.0,10192.0,278000.0,120,1.0,West,56.0,2023-08-18,0
APP003906,Male,Yes,2,Not Graduate,Salaried,26249.0,4445.0,101000.0,24,1.0,West,29.0,2024-10-16,0
APP002182,Male,No,2,Not Graduate,Salaried ,92954.0,6235.0,90000.0,120,1.0,North,27.0,2023-10-27,0
APP003419,Male,No,2,Graduate,Salaried,63385.0,7132.0,194000.0,60,1.0,West,36.0,2023-02-09,0
APP004652,Female,Yes,2,Graduate,Salaried,28200.0,5812.0,58000.0,120,1.0,West,29.0,2024-05-15,0
APP003101,Male,Yes,0,Not Graduate,self employed,69778.0,5990.0,107000.0,84,,South,33.0,2023-10-10,1
APP001212,Male,Yes,0,Not Graduate,Salaried ,20964.0,5840.0,98000.0,36,1.0,north,51.0,2024-04-12,1
APP005864,Male,Yes,4,Graduate,SELF-EMPLOYED,64541.0,18208.0,78000.0,120,1.0,North,37.0,2024-02-13,0
APP000635,Male,No,2,Graduate,Salaried,103754.0,2944.0,273000.0,60,0.0,north,25.0,2023-04-15,1
APP001056,Male,No,3,Not Graduate,self employed,142662.0,25025.0,108000.0,60,0.0,North,29.0,2023-07-16,0
APP002341,Female,No,3,Not Graduate,Salaried,23049.0,1535.0,35000.0,60,1.0,West,36.0,2024-04-24,0
APP000797,Female,No,0,Not Graduate,Self-Employed,44419.0,15046.0,56000.0,12,1.0,North,26.0,2024-12-08,0
APP005188,Male,No,0,Graduate,self employed,51663.0,11177.0,158000.0,360,1.0,South,42.0,2024-04-08,0
APP004271,Female,Yes,3,Graduate,Self-Employed,64491.0,20673.0,42000.0,240,1.0,North,28.0,2023-01-19,1
APP002815,Male,No,1,Graduate,self employed,49342.0,3843.0,166000.0,36,,EAST,33.0,2024-06-20,0
APP004342,Male,Yes,1,Graduate,Salaried ,111254.0,27891.0,79000.0,360,1.0,South,31.0,2023-05-17,0
APP001081,Female,Yes,2,Graduate,salaried,55295.0,511.0,155000.0,120,0.0,South,25.0,2024-05-12,0
APP001655,Male,Yes,2,Graduate,Salaried,48367.0,6533.0,54000.0,36,1.0,North,47.0,2024-11-02,0
APP001608,Female,No,2,Not Graduate,salaried,47819.0,6167.0,105000.0,36,1.0,North,21.0,2024-08-21,1
APP000145,Male,Yes,2,Not Graduate,self employed,23458.0,5988.0,139000.0,240,1.0,East,24.0,2024-01-18,0
APP004242,Male,Yes,2,Graduate,self employed,101799.0,4482.0,104000.0,84,1.0,South,25.0,2024-12-12,0
APP000091,Male,No,1,Graduate,Salaried,30788.0,951.0,168000.0,36,1.0,north,46.0,2024-08-30,0
APP000683,Male,Yes,1,Graduate,Salaried ,33184.0,7776.0,221000.0,84,,South,39.0,2023-06-28,0
APP004407,Female,Yes,2,Not Graduate,Salaried ,35030.0,7529.0,271000.0,36,1.0,West ,48.0,2023-07-12,1
APP003432,Female,Yes,0,Graduate,Salaried,48430.0,16811.0,86000.0,240,1.0,North,28.0,2024-04-28,0
APP000094,Male,No,0,Not Graduate,Salaried,55976.0,16410.0,69000.0,120,1.0,North,30.0,2023-06-16,0
APP000835,Male,Yes,0,Graduate,Salaried,89165.0,30662.0,48000.0,180,1.0,East,21.0,2024-02-06,0
APP005021,Female,Yes,0,Graduate,salaried,27130.0,5664.0,148000.0,180,1.0,South,30.0,2024-12-30,0
APP005824,Female,Yes,3,Not Graduate,Self-Employed,21311.0,5451.0,117000.0,120,1.0,West ,21.0,2024-09-03,0
APP005132,Male,Yes,0,Graduate,Self-Employed,27167.0,9243.0,69000.0,180,1.0,North,53.0,2023-03-18,0
APP001401,Male,Yes,1,Not Graduate,self employed,136999.0,41241.0,111000.0,60,1.0,East,40.0,2024-09-02,0
APP003980,Male,No,0,Graduate,Salaried,38216.0,2462.0,63000.0,60,1.0,South,49.0,2024-10-17,0
APP002292,Male,No,0,Not Graduate,Salaried ,49909.0,12609.0,38000.0,120,1.0,North,50.0,2023-10-09,0
APP001501,Male,Yes,1,Graduate,self employed,44302.0,13812.0,97000.0,180,0.0,East,35.0,2024-05-18,0
APP002263,Female,Yes,0,Graduate,Salaried,34649.0,1510.0,124000.0,36,1.0,West,55.0,2024-11-21,0
APP001469,Female,No,0,Graduate,Salaried,36180.0,2735.0,107000.0,36,1.0,West,24.0,2024-12-01,0
APP003929,Female,Yes,0,Graduate,self employed,174254.0,45102.0,108000.0,240,,East,38.0,2023-04-04,0
APP003246,Male,Yes,0,Graduate,self employed,72960.0,8421.0,223000.0,180,0.0,north,21.0,2024-06-10,1
APP000999,Female,Yes,0,Graduate,Salaried ,45266.0,4414.0,,24,1.0,South,23.0,2023-05-31,0
APP000854,Female,Yes,0,Graduate,Salaried,32919.0,5149.0,156000.0,120,1.0,West ,41.0,2024-04-14,0
APP003876,Male,Yes,3,Graduate,salaried,128510.0,31600.0,56000.0,120,1.0,East,21.0,2023-07-11,0
APP001143,Female,Yes,0,Graduate,Salaried ,98626.0,21682.0,146000.0,360,1.0,north,41.0,2024-03-12,0
APP005240,Male,Yes,0,Graduate,salaried,72097.0,9968.0,90000.0,48,0.0,West,31.0,2024-02-27,0
APP002275,Female,Yes,2,Graduate,self employed,118700.0,35770.0,121000.0,48,1.0,East,45.0,2023-08-17,0
APP004498,Male,No,3,Graduate,Self-Employed,49551.0,14873.0,125000.0,24,,West,52.0,2024-07-05,0
APP001104,Female,No,0,Graduate,Salaried,38909.0,7712.0,448000.0,180,1.0,South,22.0,2023-01-16,0
APP000085,Male,Yes,0,Not Graduate,SELF-EMPLOYED,101339.0,23204.0,152000.0,120,1.0,East,28.0,2024-06-09,0
APP002211,Female,No,0,Graduate,Salaried ,100207.0,7380.0,102000.0,84,1.0,North,23.0,2023-06-08,0
APP004211,Male,Yes,2,Graduate,Salaried,45255.0,5437.0,125000.0,120,,South,36.0,2023-10-23,1
APP005684,Male,No,0,Not Graduate,Salaried ,44044.0,14456.0,52000.0,36,1.0,South,34.0,2023-09-28,0
APP003441,Male,Yes,1,Graduate,Salaried ,56635.0,12837.0,61000.0,240,1.0,North,38.0,2024-08-30,0
APP001568,Male,Yes,0,Graduate,Salaried,35519.0,1012.0,239000.0,84,,South,41.0,2023-09-23,1
APP005598,Female,Yes,0,Graduate,Salaried ,88078.0,10829.0,150000.0,48,0.0,South,50.0,2024-11-09,0
APP001661,Female,No,2,Graduate,SELF-EMPLOYED,20444.0,2760.0,93000.0,60,1.0,East,53.0,2024-08-20,0
APP001557,Female,No,1,Graduate,Self-Employed,108755.0,34571.0,165000.0,180,1.0,South,42.0,2023-02-27,0
APP004722,Male,No,3,Graduate,Salaried,55629.0,16593.0,63000.0,180,,West,32.0,2023-03-21,0
APP003765,Male,Yes,3,Not Graduate,Salaried ,65808.0,19800.0,77000.0,240,1.0,South,58.0,2023-08-23,1
APP003585,Male,No,1,Graduate,Self-Employed,44212.0,13739.0,56000.0,120,1.0,North,43.0,2023-01-16,0
APP001886,Male,Yes,0,Graduate,self employed,180047.0,5898.0,81000.0,48,1.0,West,53.0,2023-04-23,0
APP003145,Male,Yes,0,Graduate,SELF-EMPLOYED,35389.0,9771.0,135000.0,120,1.0,West,34.0,2023-03-14,0
APP001867,Male,Yes,0,Graduate,SELF-EMPLOYED,18565.0,2489.0,71000.0,60,1.0,South,21.0,2023-06-01,0
APP005049,Male,Yes,0,Graduate,Salaried,38112.0,2128.0,235000.0,60,1.0,West,45.0,2023-01-06,0
APP004721,Male,No,0,Graduate,self employed,34746.0,4491.0,90000.0,48,1.0,North,31.0,2024-09-24,0
APP002875,Female,Yes,0,Not Graduate,Salaried,29920.0,8385.0,77000.0,180,1.0,north,34.0,2023-04-19,0
APP004331,Male,Yes,0,Graduate,salaried,61105.0,5826.0,107000.0,24,1.0,North,41.0,2024-01-26,0
APP003589,Male,No,2,Not Graduate,salaried,16226.0,2373.0,102000.0,60,1.0,north,38.0,2023-05-21,0
APP003268,Male,Yes,1,Not Graduate,Self-Employed,153703.0,658.0,76000.0,48,1.0,East,21.0,2024-01-02,0
APP002885,Male,No,1,Graduate,Salaried,53613.0,17536.0,88000.0,120,1.0,West,41.0,2023-07-14,0
APP002891,Male,No,2,Graduate,Salaried ,31517.0,8761.0,145000.0,120,1.0,West,21.0,2023-04-28,0
APP003008,Male,No,3,Not Graduate,Self-Employed,68757.0,13727.0,91000.0,60,,West ,21.0,2023-10-05,1
APP001827,Male,No,1,Graduate,Salaried ,71461.0,22888.0,103000.0,360,1.0,North,37.0,2024-11-27,0
APP003924,Male,Yes,0,Not Graduate,Self-Employed,25699.0,8661.0,66000.0,60,1.0,north,23.0,2024-05-03,0
APP002641,Male,No,1,Not Graduate,Self-Employed,39482.0,8970.0,114000.0,240,1.0,West,25.0,2024-07-20,0
APP005411,Female,No,4,Graduate,Salaried,34954.0,2591.0,69000.0,240,,South,22.0,2024-01-10,0
APP001526,Male,No,2,Graduate,Self-Employed,23392.0,5283.0,119000.0,36,1.0,West,39.0,2023-10-26,0
APP001563,Female,No,1,Graduate,salaried,25463.0,2720.0,112000.0,84,1.0,North,43.0,2023-09-16,0
APP000344,Male,Yes,1,Graduate,Salaried,51815.0,2727.0,82000.0,240,1.0,East,37.0,2024-08-21,0
APP002543,Female,Yes,0,Graduate,Self-Employed,108016.0,19844.0,99000.0,60,1.0,East,53.0,2024-03-28,1
APP003386,Female,Yes,0,Graduate,Salaried ,59068.0,18838.0,142000.0,120,1.0,North,27.0,2024-02-24,0
APP002413,Male,No,2,Not Graduate,Salaried,58125.0,8480.0,100000.0,84,1.0,West ,28.0,2024-08-15,0
APP002708,Male,No,1,Graduate,Self-Employed,69354.0,19516.0,45000.0,24,0.0,South,21.0,2024-05-26,0
APP005093,Female,No,1,Graduate,Self-Employed,44495.0,1741.0,143000.0,24,1.0,South,54.0,2023-03-10,0
APP001111,Female,Yes,0,Graduate,Salaried,21559.0,1733.0,115000.0,360,1.0,East,40.0,2024-06-25,0
APP003443,Male,Yes,2,Graduate,Self-Employed,37839.0,2943.0,63000.0,48,0.0,West ,27.0,2023-03-20,0
APP002214,Female,Yes,1,Graduate,Salaried,88941.0,2786.0,66000.0,180,1.0,South,39.0,2023-07-11,0
APP001360,Female,No,1,Graduate,SELF-EMPLOYED,51608.0,14218.0,172000.0,60,1.0,West ,34.0,2024-08-14,0
APP002108,Female,Yes,1,Not Graduate,salaried,42536.0,7555.0,61000.0,84,1.0,West,34.0,2023-01-19,1
APP004806,Male,No,2,Not Graduate,Self-Employed,85836.0,18622.0,148000.0,48,1.0,north,68.0,2024-02-19,0
APP001379,Male,No,2,Graduate,Self-Employed,86901.0,26552.0,63000.0,84,1.0,North,36.0,2024-07-27,0
APP002829,Male,Yes,2,Graduate,Salaried,21100.0,5649.0,47000.0,240,1.0,East,41.0,2024-08-18,0
APP000425,Male,Yes,1,Not Graduate,salaried,52867.0,10437.0,76000.0,60,1.0,South,31.0,2023-10-11,0
APP000293,Female,Yes,0,Graduate,SELF-EMPLOYED,171510.0,15152.0,138000.0,180,,North,22.0,2024-01-21,1
APP001066,Female,Yes,2,Graduate,Self-Employed,42532.0,4319.0,102000.0,84,1.0,South,48.0,2024-11-15,0
APP002378,Female,Yes,1,Graduate,Salaried ,59550.0,7313.0,55000.0,120,0.0,EAST,42.0,2023-02-24,0
APP005109,Female,No,0,Not Graduate,Salaried,26668.0,5510.0,97000.0,24,1.0,West,23.0,2024-12-28,0
APP002128,Male,Yes,0,Graduate,Salaried,,26901.0,79000.0,180,1.0,East,29.0,2023-04-19,0
APP001718,Female,Yes,0,Graduate,SELF-EMPLOYED,58970.0,5213.0,63000.0,120,1.0,West,36.0,2023-07-20,0
APP000938,Female,No,2,Graduate,Salaried,102093.0,34759.0,96000.0,84,1.0,West,42.0,2024-02-22,0
APP003780,Female,No,0,Graduate,Self-Employed,67612.0,23102.0,208000.0,36,1.0,West,51.0,2023-10-13,0
APP003965,Male,No,2,Graduate,Self-Employed,178099.0,18350.0,140000.0,120,0.0,South,38.0,2024-01-28,0
APP003991,Male,Yes,4,Not Graduate,salaried,57104.0,10198.0,174000.0,24,1.0,EAST,30.0,2023-06-28,1
APP004931,Male,No,3,Graduate,Self-Employed,40549.0,7272.0,73000.0,84,1.0,North,54.0,2023-10-25,0
APP000255,Male,Yes,3,Not Graduate,Salaried ,43409.0,8307.0,92000.0,12,1.0,North,23.0,2024-06-12,1
APP005860,Female,No,4,Not Graduate,Salaried,39974.0,7056.0,139000.0,24,1.0,EAST,40.0,2024-03-01,0
APP001483,Male,Yes,1,Graduate,self employed,29987.0,3306.0,266000.0,60,,EAST,28.0,2023-09-12,0
APP000945,Male,No,2,Not Graduate,Salaried,54111.0,3662.0,31000.0,120,,West ,30.0,2024-10-11,0
APP005504,,Yes,1,Graduate,Salaried,53132.0,13890.0,219000.0,24,0.0,EAST,43.0,2023-08-22,0
APP003184,Male,No,0,Not Graduate,salaried,49081.0,5380.0,63000.0,60,0.0,North,38.0,2024-05-09,0
APP003267,Male,No,2,Graduate,salaried,121674.0,32056.0,93000.0,240,1.0,North,36.0,2024-09-07,0
APP004820,Male,Yes,1,Not Graduate,SELF-EMPLOYED,,12509.0,180000.0,48,0.0,East,30.0,2024-04-16,1
APP002908,Male,Yes,1,Graduate,salaried,17933.0,67.0,133000.0,48,1.0,West,43.0,2023-11-14,0
APP000970,Male,No,2,Graduate,Salaried ,43502.0,5310.0,100000.0,36,1.0,South,23.0,2023-08-19,0
APP000497,Female,Yes,0,Graduate,self employed,68194.0,16680.0,133000.0,84,1.0,West,21.0,2024-03-10,0
APP005047,Male,No,0,Graduate,SELF-EMPLOYED,77679.0,20438.0,46000.0,36,1.0,South,50.0,2024-06-23,0
APP004902,Male,Yes,2,Graduate,Salaried,33502.0,3687.0,260000.0,12,1.0,West,43.0,2023-06-12,0
APP001830,Male,Yes,2,Not Graduate,Salaried,102781.0,25891.0,210000.0,24,1.0,North,51.0,2024-05-25,0
APP002178,Female,No,0,Graduate,Self-Employed,30037.0,9813.0,23000.0,36,1.0,East,27.0,2023-01-08,0
APP000338,Female,No,0,Graduate,Salaried,57472.0,1755.0,294000.0,120,1.0,South,21.0,2024-03-26,0
APP004827,Female,Yes,0,Graduate,Salaried,35738.0,8886.0,55000.0,60,0.0,East,70.0,2023-09-04,0
APP004705,Male,Yes,2,Graduate,Salaried,52206.0,9085.0,104000.0,120,1.0,EAST,30.0,2024-10-19,0
APP001149,Female,Yes,0,Graduate,Self-Employed,13069.0,3355.0,106000.0,84,1.0,South,39.0,2024-06-23,0
APP002244,Female,Yes,2,Graduate,Salaried ,49684.0,10103.0,90000.0,240,,north,33.0,2024-10-04,0
APP005929,Female,No,0,Graduate,Self-Employed,106125.0,20915.0,149000.0,60,0.0,North,37.0,2023-02-26,1
APP005006,Male,Yes,3,Graduate,Self-Employed,37303.0,9305.0,33000.0,240,1.0,EAST,58.0,2023-06-05,0
APP003969,Female,No,0,Graduate,self employed,117667.0,14467.0,,36,1.0,West ,34.0,2023-03-02,0
APP002152,Male,Yes,2,Graduate,Salaried,44181.0,3216.0,83000.0,48,1.0,South,23.0,2024-08-06,0
APP002011,Male,No,0,Graduate,self employed,20694.0,3564.0,47000.0,24,1.0,South,26.0,2023-12-28,0
APP002492,Male,No,1,Not Graduate,Salaried ,272318.0,9306.0,115000.0,84,1.0,East,45.0,2024-07-10,0
APP005968,Male,No,2,Not Graduate,Salaried ,15578.0,483.0,75000.0,180,1.0,East,58.0,2024-12-27,0
APP001811,Female,No,2,Graduate,Salaried,18713.0,800.0,313000.0,24,1.0,EAST,32.0,2024-04-28,0
APP001995,Female,Yes,3,Not Graduate,self employed,31440.0,1143.0,217000.0,12,1.0,East,,2023-06-06,1
APP004816,Female,No,2,Graduate,Salaried ,73889.0,14900.0,146000.0,60,,East,51.0,2024-12-08,0
APP002933,Male,Yes,2,Graduate,SELF-EMPLOYED,80118.0,2209.0,36000.0,120,1.0,North,44.0,2023-11-04,0
APP002825,Male,Yes,1,Not Graduate,Salaried,100970.0,31268.0,134000.0,84,1.0,West,38.0,2023-02-16,0
APP005666,Female,No,1,Graduate,Salaried,111770.0,22141.0,78000.0,240,1.0,East,51.0,2023-12-26,0
APP002898,Male,No,0,Graduate,salaried,60915.0,1572.0,131000.0,24,1.0,West,38.0,2023-05-15,0
APP002276,Female,No,1,Graduate,Self-Employed,103197.0,29721.0,55000.0,60,,North,44.0,2023-07-22,1
APP000435,Male,No,0,Graduate,Salaried ,37162.0,9747.0,148000.0,84,1.0,West,23.0,2024-09-14,0
APP005396,Male,Yes,4,Graduate,Self-Employed,10967.0,3529.0,108000.0,48,0.0,North,49.0,2023-03-24,1
APP004502,Male,No,0,Not Graduate,Salaried,45573.0,10857.0,146000.0,120,1.0,South,37.0,2023-05-17,0
APP002824,Male,Yes,1,Not Graduate,Salaried,56690.0,3134.0,109000.0,240,1.0,EAST,33.0,2023-04-25,0
APP004918,Male,No,3,Not Graduate,salaried,55174.0,17929.0,76000.0,48,1.0,North,47.0,2023-05-16,0
APP003756,Male,Yes,3,Graduate,Salaried,28523.0,3233.0,48000.0,36,1.0,South,30.0,2023-02-01,1
APP002505,Male,Yes,0,Graduate,Self-Employed,,4842.0,183000.0,60,1.0,North,59.0,2024-06-02,0
APP003212,Female,Yes,2,Not Graduate,Salaried,62609.0,12860.0,241000.0,48,,West,,2023-08-14,1
APP005654,Male,Yes,0,Not Graduate,salaried,45504.0,6334.0,147000.0,84,1.0,West ,44.0,2023-07-05,0
APP004642,Male,Yes,2,Graduate,Salaried,58810.0,16897.0,66000.0,240,1.0,West,31.0,2023-08-23,0
APP004309,Female,No,1,Graduate,salaried,55225.0,15063.0,,180,1.0,East,45.0,2023-12-16,0
APP004993,Male,No,1,Not Graduate,Salaried,32440.0,9334.0,85000.0,60,1.0,South,24.0,2024-04-08,0
APP003541,Male,Yes,2,Graduate,SELF-EMPLOYED,36582.0,6713.0,49000.0,120,1.0,South,30.0,2023-12-13,0
APP003271,Male,Yes,0,Graduate,Salaried,44587.0,2010.0,143000.0,120,0.0,north,47.0,2024-05-13,0
APP001942,Male,Yes,0,Not Graduate,Self-Employed,52489.0,17700.0,172000.0,240,1.0,north,29.0,2023-10-10,1
APP001892,Male,No,2,Graduate,self employed,47976.0,13471.0,99000.0,84,1.0,North,52.0,2024-08-04,0
APP005013,Male,No,0,Graduate,Salaried ,67162.0,7548.0,183000.0,120,,West,30.0,2024-01-08,0
APP003600,Female,No,0,Graduate,Self-Employed,91938.0,14405.0,87000.0,120,1.0,West,22.0,2024-12-28,0
APP005386,Male,No,4,Graduate,salaried,62231.0,8314.0,301000.0,120,1.0,East,37.0,2024-08-23,0
APP004911,Female,No,1,Graduate,Salaried,56696.0,14152.0,,48,1.0,north,34.0,2023-04-12,1
APP001266,Male,Yes,3,Graduate,self employed,25095.0,6548.0,47000.0,60,1.0,West ,43.0,2024-11-16,0
APP004439,,No,0,Not Graduate,Self-Employed,26788.0,8522.0,45000.0,84,,North,32.0,2023-03-17,0
APP002598,Male,Yes,1,Not Graduate,Self-Employed,37778.0,12356.0,106000.0,120,1.0,West,39.0,2024-08-24,0
APP001411,Male,Yes,0,Graduate,Self-Employed,48576.0,4772.0,60000.0,36,,North,37.0,2024-06-15,0
APP001215,Female,Yes,1,Not Graduate,Self-Employed,35220.0,3448.0,114000.0,12,0.0,North,30.0,2024-12-28,0
APP000967,Female,No,1,Not Graduate,Self-Employed,46271.0,10862.0,70000.0,36,1.0,East,62.0,2024-01-12,1
APP001231,Female,Yes,0,Not Graduate,Self-Employed,49971.0,8921.0,167000.0,24,,East,43.0,2023-06-25,0
APP004792,Female,No,1,Not Graduate,self employed,161861.0,35562.0,118000.0,36,,West ,34.0,2023-04-19,1
APP000606,Male,Yes,2,Graduate,SELF-EMPLOYED,31545.0,7557.0,130000.0,12,1.0,North,35.0,2023-07-27,0
APP000105,Female,Yes,4,Graduate,self employed,37886.0,2447.0,96000.0,120,0.0,South,31.0,2024-06-08,0
APP000646,Female,No,2,Graduate,salaried,14226.0,90.0,85000.0,60,1.0,West,26.0,2023-12-31,0
APP005501,Male,Yes,0,Graduate,Salaried,29983.0,10155.0,78000.0,120,1.0,East,22.0,2023-08-24,0
APP004591,Male,No,3,Not Graduate,Salaried,51700.0,1063.0,31000.0,60,1.0,north,21.0,2024-03-20,0
APP003089,Female,Yes,3,Not Graduate,Salaried,68149.0,23053.0,121000.0,84,1.0,East,29.0,2023-01-03,0
APP001020,Male,No,1,Graduate,salaried,24879.0,2469.0,120000.0,24,1.0,West ,43.0,2023-03-08,0
APP000092,Female,Yes,1,Not Graduate,SELF-EMPLOYED,48642.0,10038.0,71000.0,360,1.0,South,28.0,2023-07-06,0
APP005209,Female,Yes,0,Not Graduate,Salaried ,35879.0,5736.0,205000.0,36,1.0,East,21.0,2024-06-24,0
APP002871,Female,Yes,3,Graduate,self employed,64020.0,8822.0,184000.0,240,0.0,South,48.0,2024-08-07,0
APP000909,Male,Yes,3,Graduate,Salaried ,75548.0,510.0,89000.0,48,1.0,West,44.0,2024-05-09,0
APP005571,Female,Yes,1,Graduate,Salaried,138440.0,25394.0,42000.0,360,1.0,West ,48.0,2024-04-12,0
APP002151,Male,Yes,0,Graduate,Salaried,32829.0,1048.0,16000.0,60,0.0,North,47.0,2024-01-13,0
APP000239,Female,Yes,1,Graduate,Salaried ,113642.0,12656.0,57000.0,84,1.0,East,46.0,2023-09-08,0
APP003141,Male,Yes,3,Graduate,SELF-EMPLOYED,237012.0,33948.0,86000.0,180,1.0,North,33.0,2023-06-02,0
APP000943,Female,No,0,Graduate,Salaried,23732.0,4798.0,161000.0,180,1.0,West,28.0,2023-08-12,0
APP001271,Female,Yes,1,Graduate,Salaried,29198.0,7427.0,121000.0,36,1.0,EAST,21.0,2023-07-07,0
APP000939,Male,No,2,Graduate,Self-Employed,193606.0,23991.0,359000.0,60,1.0,North,41.0,2023-05-20,0
APP005521,Female,Yes,2,Graduate,Self-Employed,65540.0,21940.0,28000.0,120,1.0,East,42.0,2023-07-19,0
APP003230,Male,No,1,Graduate,Salaried,120619.0,12716.0,37000.0,360,,north,22.0,2024-06-04,0
APP003552,Male,No,3,Graduate,Salaried,9714.0,2995.0,175000.0,36,1.0,East,47.0,2024-04-03,0
APP001863,Male,Yes,1,Graduate,Salaried,17816.0,2283.0,27000.0,24,1.0,West,48.0,2024-11-04,0
APP001670,Female,Yes,2,Not Graduate,Self-Employed,31329.0,6129.0,201000.0,360,1.0,West,28.0,2024-06-15,0
APP000006,Male,No,3,Graduate,Self-Employed,49946.0,2887.0,63000.0,120,1.0,West,29.0,2023-10-05,0
APP004344,Female,Yes,0,Graduate,salaried,114524.0,11220.0,,180,1.0,West ,29.0,2024-07-10,0
APP003944,Male,Yes,1,Graduate,SELF-EMPLOYED,80511.0,13413.0,35000.0,120,1.0,West,35.0,2024-04-24,0
APP003014,Male,Yes,0,Graduate,Self-Employed,31400.0,9342.0,71000.0,120,0.0,West,33.0,2023-09-15,1
APP000019,Male,Yes,1,Graduate,Salaried,89964.0,18447.0,341000.0,24,1.0,East,30.0,2023-10-11,0
APP001971,Male,Yes,1,Not Graduate,Salaried,14460.0,3716.0,177000.0,84,1.0,East,59.0,2024-12-15,0
APP002710,Male,Yes,1,Not Graduate,Salaried,227684.0,8481.0,38000.0,60,1.0,North,37.0,2023-08-02,0
APP002233,Female,Yes,1,Graduate,self employed,54573.0,2442.0,87000.0,360,1.0,South,42.0,2024-03-10,0
APP000812,Female,Yes,0,Graduate,salaried,43972.0,14517.0,117000.0,84,1.0,South,31.0,2023-04-05,0
APP001301,Male,No,1,Graduate,Salaried,64626.0,10197.0,28000.0,120,1.0,South,,2024-09-11,0
APP005432,Male,Yes,2,Graduate,Salaried,46345.0,3377.0,350000.0,36,,South,45.0,2024-07-27,0
APP005969,Female,Yes,0,Graduate,salaried,36061.0,11073.0,60000.0,120,1.0,South,43.0,2023-10-25,0
APP000261,Female,Yes,2,Graduate,Self-Employed,46021.0,1802.0,69000.0,24,,West ,42.0,2024-06-30,0
APP001805,Male,No,3,Graduate,SELF-EMPLOYED,29056.0,2898.0,173000.0,60,1.0,North,24.0,2024-05-16,0
APP001571,Female,Yes,1,Graduate,Self-Employed,83063.0,2923.0,130000.0,180,1.0,north,38.0,2023-11-10,0
APP004281,Male,Yes,1,Graduate,Self-Employed,12253.0,1781.0,57000.0,84,1.0,West,25.0,2023-06-10,0
APP002455,Female,Yes,0,Graduate,Self-Employed,15742.0,4164.0,87000.0,180,1.0,East,51.0,2024-01-11,0
APP001744,Male,Yes,1,Graduate,salaried,68788.0,18327.0,47000.0,48,1.0,West,28.0,2023-12-20,0
APP001631,Female,Yes,2,Graduate,SELF-EMPLOYED,36978.0,7710.0,281000.0,84,0.0,North,49.0,2023-02-20,1
APP001717,Male,Yes,0,Not Graduate,Salaried,14200.0,909.0,47000.0,180,1.0,East,44.0,2024-05-13,0
APP000521,Female,Yes,1,Graduate,Salaried ,37922.0,10264.0,65000.0,60,1.0,North,21.0,2024-04-18,0
APP003938,Male,No,1,Not Graduate,Salaried ,76055.0,3431.0,47000.0,60,0.0,South,44.0,2023-09-02,1
APP003483,Male,No,2,Graduate,Self-Employed,,2613.0,29000.0,120,1.0,East,41.0,2023-07-05,0
APP001659,Male,Yes,1,Graduate,SELF-EMPLOYED,16848.0,5704.0,146000.0,360,1.0,South,44.0,2023-03-01,0
APP003473,Female,Yes,0,Graduate,salaried,39374.0,13252.0,100000.0,36,1.0,West,38.0,2023-12-03,0
APP005709,Female,No,4,Graduate,Salaried,41148.0,2495.0,29000.0,120,1.0,East,36.0,2023-10-01,0
APP002476,Female,No,0,Graduate,Salaried ,111222.0,17567.0,167000.0,180,1.0,North,42.0,2023-04-24,0
APP003949,Male,Yes,3,Graduate,SELF-EMPLOYED,26416.0,5071.0,,240,1.0,East,52.0,2024-05-30,0
APP003935,Male,No,0,Not Graduate,Self-Employed,28564.0,6524.0,108000.0,60,1.0,South,30.0,2023-09-19,0
APP003646,Male,No,2,Not Graduate,Salaried,29421.0,3980.0,60000.0,36,1.0,West ,29.0,2023-07-26,0
APP000764,Female,No,0,Graduate,SELF-EMPLOYED,24303.0,5691.0,59000.0,180,1.0,South,21.0,2023-06-19,0
APP004704,Female,No,1,Not Graduate,Salaried,22450.0,402.0,125000.0,84,1.0,West,47.0,2023-09-29,0
APP004327,Male,No,0,Graduate,salaried,21694.0,3918.0,140000.0,36,1.0,East,60.0,2023-12-29,0
APP004428,Male,Yes,0,Not Graduate,Salaried ,94386.0,17222.0,122000.0,60,1.0,East,31.0,2024-04-05,0
APP005537,Male,Yes,0,Graduate,Salaried,45183.0,14242.0,195000.0,36,1.0,North,44.0,2024-03-25,0
APP001092,,Yes,0,Graduate,salaried,94684.0,14846.0,128000.0,48,0.0,East,39.0,2023-04-17,0
APP003609,Female,Yes,1,Graduate,Self-Employed,51435.0,9599.0,41000.0,84,1.0,South,48.0,2023-01-15,0
APP001102,Female,Yes,2,Graduate,Self-Employed,76980.0,22023.0,261000.0,180,1.0,West,53.0,2023-11-03,0
APP005226,Male,No,0,Not Graduate,Salaried ,27749.0,5963.0,132000.0,120,1.0,South,47.0,2024-06-15,0
APP004558,Female,Yes,1,Graduate,salaried,80052.0,19151.0,122000.0,48,0.0,South,34.0,2023-03-13,0
APP000959,Male,Yes,3,Not Graduate,Self-Employed,50899.0,14411.0,190000.0,48,0.0,South,35.0,2023-08-26,0
APP005759,Male,Yes,3,Graduate,self employed,28157.0,9226.0,73000.0,180,1.0,North,49.0,2023-01-10,0
APP000560,Female,Yes,2,Not Graduate,Self-Employed,63018.0,16760.0,344000.0,60,1.0,East,47.0,2024-07-05,0
APP001520,Female,Yes,3,Not Graduate,Salaried ,40263.0,10467.0,58000.0,36,,north,49.0,2024-10-25,0
APP005967,Female,Yes,2,Graduate,Salaried,65295.0,15908.0,473000.0,36,,South,40.0,2023-02-10,1
APP002485,Male,No,1,Graduate,Salaried,35409.0,11247.0,54000.0,180,1.0,East,33.0,2023-12-11,0
APP000367,,Yes,3,Graduate,SELF-EMPLOYED,32152.0,9878.0,219000.0,84,1.0,North,35.0,2023-02-11,0
APP003902,Male,Yes,2,Graduate,Salaried ,92094.0,19316.0,103000.0,48,1.0,East,23.0,2023-01-20,0
APP001949,Male,Yes,2,Not Graduate,Self-Employed,41217.0,9010.0,58000.0,48,1.0,West,31.0,2024-08-11,0
APP004166,Male,No,4,Graduate,Self-Employed,57958.0,6686.0,143000.0,60,1.0,South,57.0,2023-02-14,1
APP001573,Female,Yes,1,Graduate,Salaried,16797.0,5231.0,81000.0,240,1.0,West ,35.0,2023-10-20,0
APP000809,Male,Yes,0,Graduate,Salaried,124126.0,26810.0,34000.0,60,1.0,EAST,25.0,2023-08-02,0
APP003233,Male,Yes,3,Graduate,Self-Employed,36043.0,3021.0,57000.0,60,1.0,West,35.0,2024-05-05,0
APP003947,Female,Yes,1,Graduate,Self-Employed,61879.0,5178.0,33000.0,36,1.0,EAST,30.0,2023-09-09,0
APP000012,Female,No,1,Graduate,salaried,61582.0,7734.0,227000.0,36,1.0,East,31.0,2024-04-06,0
APP002026,Male,No,0,Graduate,self employed,64255.0,19096.0,124000.0,60,1.0,East,66.0,2024-04-04,0
APP005014,Female,No,0,Not Graduate,Salaried,70125.0,21018.0,39000.0,84,1.0,South,33.0,2023-06-15,0
APP005548,Male,Yes,0,Graduate,Salaried,94306.0,11971.0,174000.0,48,1.0,North,40.0,2024-11-15,0
APP000177,Female,Yes,0,Not Graduate,Salaried ,56801.0,12330.0,217000.0,120,0.0,West,31.0,2023-12-17,1
APP005091,Male,Yes,1,Graduate,Self-Employed,31458.0,8876.0,95000.0,84,1.0,West,30.0,2024-12-13,0
APP002489,Female,Yes,0,Graduate,Self-Employed,90101.0,29934.0,97000.0,120,1.0,East,27.0,2024-07-29,0
APP003887,Female,No,2,Not Graduate,Salaried ,71793.0,20842.0,70000.0,84,1.0,South,31.0,2023-10-13,0
APP002570,Female,Yes,1,Graduate,Salaried ,36930.0,6128.0,57000.0,24,,South,39.0,2024-11-29,0
APP003521,Male,Yes,2,Graduate,Self-Employed,17428.0,2123.0,111000.0,60,1.0,West,55.0,2024-09-01,0
APP003761,Male,Yes,3,Graduate,SELF-EMPLOYED,46063.0,1760.0,92000.0,36,1.0,north,21.0,2024-09-10,0
APP005352,Female,Yes,0,Graduate,Self-Employed,116049.0,28010.0,45000.0,180,1.0,EAST,32.0,2023-10-19,0
APP003283,Female,No,3,Not Graduate,Self-Employed,,12899.0,,36,1.0,West,60.0,2024-10-16,1
APP001665,Female,Yes,2,Graduate,Self-Employed,52274.0,15611.0,103000.0,84,1.0,EAST,35.0,2023-11-26,0
APP002192,Female,No,3,Graduate,Salaried ,33043.0,1276.0,107000.0,180,1.0,South,45.0,2024-10-26,0
APP004842,Female,No,0,Not Graduate,SELF-EMPLOYED,10830.0,327.0,23000.0,120,1.0,South,31.0,2023-12-25,0
APP003371,Male,No,3,Not Graduate,self employed,37635.0,693.0,134000.0,240,1.0,North,43.0,2024-01-08,1
APP002661,Male,Yes,3,Graduate,Salaried,23878.0,4311.0,126000.0,12,1.0,North,40.0,2024-12-03,0
APP004253,Male,Yes,1,Graduate,self employed,43306.0,2781.0,55000.0,60,1.0,East,21.0,2024-10-07,0
APP003579,Female,Yes,0,Graduate,salaried,,3098.0,186000.0,48,1.0,West,21.0,2024-08-21,0
APP005557,Male,Yes,0,Graduate,Salaried ,35501.0,12273.0,173000.0,84,1.0,East,26.0,2024-04-08,0
APP002047,Male,No,3,Graduate,Salaried,77131.0,19042.0,53000.0,36,1.0,North,27.0,2024-07-08,0
APP002625,Male,No,0,Graduate,Salaried,58010.0,556.0,143000.0,84,1.0,North,34.0,2024-03-11,0
APP003411,Male,Yes,0,Graduate,Salaried ,22124.0,7136.0,156000.0,84,1.0,South,47.0,2024-01-06,0
APP001186,Female,Yes,1,Not Graduate,Self-Employed,17494.0,3093.0,86000.0,360,1.0,West,29.0,2024-07-13,0
APP001007,Female,Yes,0,Graduate,SELF-EMPLOYED,34701.0,4475.0,160000.0,120,0.0,South,21.0,2024-12-08,0
APP003570,Female,Yes,0,Graduate,Salaried ,37647.0,12777.0,162000.0,84,0.0,EAST,47.0,2024-01-27,0
APP003738,Female,Yes,4,Graduate,Salaried ,35909.0,9558.0,88000.0,240,1.0,West ,49.0,2023-03-24,0
APP004657,Female,No,0,Not Graduate,SELF-EMPLOYED,86244.0,27776.0,194000.0,120,0.0,north,38.0,2024-07-17,0
APP005007,Female,Yes,0,Not Graduate,Salaried,81444.0,4295.0,428000.0,120,1.0,EAST,40.0,2023-10-07,0
APP005408,Male,Yes,3,Graduate,salaried,24033.0,7169.0,54000.0,60,1.0,North,36.0,2023-08-26,0
APP002050,Male,Yes,2,Not Graduate,SELF-EMPLOYED,49258.0,11561.0,62000.0,84,1.0,North,23.0,2024-11-13,0
APP004012,Male,No,1,Not Graduate,salaried,79751.0,16266.0,76000.0,240,1.0,South,33.0,2024-05-28,1
APP000270,Male,Yes,0,Graduate,Salaried,38201.0,3539.0,38000.0,48,0.0,East,43.0,2023-12-20,1
APP001994,Male,Yes,2,Graduate,Self-Employed,94697.0,22687.0,74000.0,36,1.0,North,58.0,2024-11-22,0
APP000266,Female,Yes,0,Graduate,Salaried ,271604.0,36678.0,41000.0,180,1.0,West ,32.0,2023-11-02,0
APP000915,Male,Yes,0,Not Graduate,Salaried,35096.0,1341.0,190000.0,36,1.0,West ,31.0,2023-04-14,0
APP002279,Female,No,1,Not Graduate,Salaried,57541.0,1007.0,170000.0,120,,West,61.0,2024-03-11,0
APP002232,Male,Yes,0,Not Graduate,Salaried,40612.0,999.0,96000.0,360,1.0,South,52.0,2024-06-11,0
APP000291,Male,Yes,3,Graduate,Salaried,44256.0,13708.0,91000.0,120,1.0,East,32.0,2024-04-08,0
APP002913,Female,No,0,Not Graduate,Salaried ,82448.0,2041.0,50000.0,120,1.0,East,36.0,2023-05-04,0
APP004970,Male,No,4,Not Graduate,SELF-EMPLOYED,62673.0,20004.0,154000.0,60,1.0,West ,31.0,2023-11-04,0
APP002094,Male,Yes,0,Graduate,self employed,35291.0,1921.0,74000.0,120,0.0,West,40.0,2024-05-26,0
APP004572,Female,Yes,2,Graduate,Salaried,18534.0,337.0,78000.0,60,1.0,East,40.0,2024-02-23,0
APP001653,Male,No,0,Graduate,Salaried,62424.0,16633.0,101000.0,240,1.0,West,58.0,2023-10-23,0
APP004142,Male,Yes,0,Graduate,Salaried,41549.0,984.0,67000.0,84,1.0,north,32.0,2023-06-08,0
APP004258,Male,Yes,0,Graduate,Salaried ,38380.0,2931.0,68000.0,48,1.0,West ,38.0,2023-08-06,0
APP003040,Male,Yes,2,Graduate,Salaried,43809.0,6579.0,139000.0,240,1.0,North,29.0,2023-03-03,0
APP002678,Male,No,3,Not Graduate,Salaried,93807.0,11588.0,64000.0,60,1.0,East,40.0,2023-03-17,0
APP000289,Male,Yes,1,Not Graduate,self employed,47484.0,13114.0,87000.0,12,1.0,West ,23.0,2023-11-29,0
APP003108,Male,No,1,Not Graduate,Salaried,40177.0,7289.0,104000.0,180,1.0,South,42.0,2024-06-02,0
APP000964,Male,Yes,1,Not Graduate,Salaried,65394.0,19345.0,64000.0,360,1.0,North,49.0,2024-07-31,0
APP000576,Female,Yes,1,Not Graduate,SELF-EMPLOYED,30687.0,8835.0,172000.0,120,1.0,North,,2024-02-08,0
APP000851,Male,Yes,0,Graduate,Self-Employed,121049.0,7148.0,87000.0,360,1.0,East,36.0,2023-11-21,0
APP003884,Male,No,2,Not Graduate,Salaried ,28626.0,5350.0,50000.0,120,1.0,East,34.0,2024-03-20,0
APP005008,Female,Yes,0,Graduate,Self-Employed,61289.0,19886.0,58000.0,240,1.0,East,36.0,2023-06-15,0
APP005351,Female,Yes,0,Graduate,Self-Employed,56983.0,18086.0,160000.0,60,1.0,North,41.0,2024-01-14,0
APP001723,Male,Yes,1,Graduate,SELF-EMPLOYED,21406.0,1089.0,65000.0,36,1.0,North,57.0,2024-03-29,0
APP005832,Male,No,3,Not Graduate,self employed,45089.0,9626.0,54000.0,60,1.0,West,39.0,2023-05-31,0
APP005029,Female,No,1,Graduate,Salaried,22456.0,7380.0,277000.0,48,1.0,East,21.0,2024-01-19,0
APP003950,,No,2,Graduate,Self-Employed,51865.0,5257.0,77000.0,240,1.0,West ,35.0,2023-01-29,1
APP001101,Male,Yes,0,Graduate,Salaried,26722.0,1566.0,206000.0,360,1.0,West ,30.0,2024-03-06,0
APP001208,Male,No,1,Graduate,Self-Employed,167263.0,12392.0,436000.0,120,,North,47.0,2024-11-01,0
APP001844,Female,No,1,Graduate,Salaried,92578.0,15521.0,196000.0,60,1.0,North,25.0,2024-05-06,0
APP001849,Female,No,3,Not Graduate,Self-Employed,41842.0,144.0,95000.0,360,,EAST,38.0,2023-05-18,0
APP002525,Female,Yes,1,Not Graduate,Salaried,46831.0,9835.0,195000.0,360,1.0,West ,34.0,2023-08-19,0
APP003948,Female,No,4,Graduate,self employed,20280.0,1721.0,72000.0,60,1.0,South,29.0,2023-07-25,0
APP001695,Male,No,2,Graduate,self employed,31322.0,2315.0,353000.0,180,,South,34.0,2024-08-05,0
APP004182,Female,Yes,0,Graduate,self employed,57246.0,8120.0,39000.0,180,1.0,East,40.0,2023-05-20,0
APP004566,Female,No,1,Graduate,SELF-EMPLOYED,33173.0,10855.0,87000.0,120,1.0,North,30.0,2024-03-27,1
APP003961,Male,No,0,Not Graduate,self employed,65624.0,4501.0,151000.0,84,0.0,South,43.0,2024-01-20,0
APP000234,Male,No,0,Graduate,Salaried,43060.0,13167.0,150000.0,48,1.0,South,49.0,2023-11-28,0
APP003333,Male,Yes,0,Graduate,Self-Employed,30188.0,4301.0,51000.0,180,1.0,West,33.0,2023-05-27,0
APP005782,Male,No,1,Not Graduate,self employed,22547.0,4078.0,96000.0,180,1.0,North,52.0,2024-12-18,0
APP002648,Male,No,2,Graduate,salaried,60985.0,12240.0,38000.0,60,,North,21.0,2023-12-15,0
APP004042,Male,Yes,3,Graduate,SELF-EMPLOYED,70355.0,3220.0,33000.0,24,1.0,North,,2023-04-30,0
APP001712,Male,Yes,0,Graduate,Salaried,80495.0,3232.0,63000.0,84,0.0,north,32.0,2024-02-08,0
APP000183,Female,Yes,1,Graduate,Salaried ,24354.0,1917.0,323000.0,84,1.0,North,44.0,2024-09-01,0
APP005085,Male,Yes,2,Graduate,Self-Employed,52202.0,4999.0,280000.0,120,,north,45.0,2023-01-25,0
APP005097,Female,Yes,2,Not Graduate,Self-Employed,65342.0,8196.0,59000.0,48,1.0,West,44.0,2024-10-19,0
APP005738,Male,Yes,3,Graduate,Salaried ,82629.0,27468.0,172000.0,240,1.0,East,41.0,2023-01-12,0
APP005453,Male,Yes,1,Not Graduate,Salaried,34680.0,2096.0,169000.0,120,1.0,East,52.0,2024-12-25,0
APP001463,Male,No,0,Graduate,Salaried,11027.0,684.0,114000.0,60,1.0,South,,2024-10-26,0
APP000050,Male,No,3,Graduate,Self-Employed,57547.0,12927.0,176000.0,24,1.0,north,43.0,2024-12-17,0
APP005976,Female,Yes,2,Graduate,Self-Employed,29983.0,2855.0,128000.0,48,1.0,South,22.0,2024-10-29,0
APP005355,Male,Yes,2,Graduate,Salaried ,28777.0,2481.0,359000.0,60,1.0,North,30.0,2024-10-06,0
APP004583,Female,No,0,Graduate,Salaried ,45646.0,12097.0,39000.0,36,1.0,South,47.0,2024-10-17,0
APP000198,Female,Yes,0,Graduate,Salaried ,,8072.0,101000.0,60,1.0,north,45.0,2023-02-09,0
APP000107,Male,Yes,0,Graduate,Self-Employed,103050.0,16788.0,112000.0,360,1.0,West ,35.0,2023-03-12,0
APP000444,Male,Yes,1,Graduate,Salaried,132030.0,32156.0,111000.0,360,1.0,West,39.0,2024-10-29,0
APP001955,Female,No,4,Graduate,Salaried,36911.0,3912.0,57000.0,60,1.0,East,31.0,2023-01-14,0
APP004743,Male,No,4,Graduate,Self-Employed,15218.0,3190.0,355000.0,360,1.0,West,37.0,2023-05-17,0
APP005859,Male,Yes,2,Graduate,Salaried,42039.0,13207.0,113000.0,180,1.0,north,37.0,2023-05-17,0
APP000727,Male,No,0,Graduate,Salaried ,27723.0,7488.0,50000.0,360,0.0,South,49.0,2023-09-05,0
APP002239,Male,Yes,1,Not Graduate,Salaried ,27274.0,4678.0,91000.0,120,1.0,West,41.0,2023-07-18,0
APP005953,Female,Yes,1,Graduate,Self-Employed,20589.0,200.0,95000.0,84,0.0,South,50.0,2023-11-15,0
APP002331,Male,Yes,0,Graduate,Salaried,33150.0,11487.0,228000.0,120,,East,52.0,2023-11-20,0
APP004126,Female,No,2,Not Graduate,SELF-EMPLOYED,52729.0,16772.0,70000.0,24,1.0,EAST,36.0,2023-10-28,0
APP000170,Female,No,0,Graduate,Self-Employed,28008.0,5377.0,134000.0,84,,North,60.0,2023-11-01,0
APP001002,Male,Yes,1,Graduate,Salaried ,44146.0,763.0,183000.0,240,1.0,West ,36.0,2024-07-17,0
APP003253,Female,Yes,3,Graduate,Salaried ,55882.0,3353.0,35000.0,60,1.0,West,54.0,2023-06-10,0
APP002149,Male,No,0,Graduate,Self-Employed,,8023.0,369000.0,48,1.0,South,35.0,2024-04-07,0
APP000198,Female,Yes,0,Graduate,Salaried ,,8072.0,101000.0,60,1.0,north,45.0,2023-02-09,0
APP004592,Male,Yes,0,Graduate,Salaried ,20169.0,3206.0,27000.0,240,1.0,West,33.0,2023-08-09,0
APP003794,Female,Yes,4,Not Graduate,Salaried ,27435.0,2006.0,102000.0,360,1.0,South,36.0,2024-07-12,0
APP000648,Female,Yes,2,Not Graduate,Salaried,36083.0,2067.0,123000.0,60,1.0,South,45.0,2024-12-04,0
APP003036,Male,Yes,0,Graduate,Salaried,18992.0,878.0,196000.0,180,1.0,EAST,44.0,2024-10-11,0
APP004141,,Yes,0,Graduate,Salaried,18537.0,2612.0,41000.0,60,1.0,South,66.0,2023-01-09,0
APP003734,Male,Yes,1,Graduate,Self-Employed,39750.0,5689.0,65000.0,120,1.0,West,25.0,2023-10-14,0
APP002759,Female,Yes,0,Graduate,Salaried,42387.0,4743.0,162000.0,60,1.0,South,40.0,2024-09-29,0
APP000374,Female,Yes,1,Not Graduate,Self-Employed,54771.0,14016.0,33000.0,120,0.0,north,42.0,2023-03-02,1
APP004775,Male,No,1,Graduate,Self-Employed,45864.0,3631.0,45000.0,60,0.0,North,31.0,2024-10-23,0
APP000567,Male,Yes,1,Graduate,Self-Employed,71896.0,10385.0,243000.0,24,1.0,South,51.0,2024-11-04,0
APP003721,Male,No,1,Graduate,Salaried ,30117.0,1288.0,139000.0,360,1.0,East,51.0,2024-05-26,0
APP002896,,Yes,0,Graduate,Salaried,64254.0,1100.0,43000.0,36,1.0,West,45.0,2023-06-27,0
APP004557,Female,No,3,Graduate,Salaried,49566.0,14804.0,258000.0,120,0.0,West,28.0,2023-11-09,0
APP003486,Female,Yes,0,Graduate,Salaried ,15897.0,4505.0,69000.0,240,1.0,South,44.0,2024-03-02,0
APP001156,Female,Yes,4,Graduate,Self-Employed,30983.0,4866.0,172000.0,120,1.0,West,21.0,2024-03-29,0
APP004136,Male,No,0,Graduate,Self-Employed,30758.0,3133.0,135000.0,12,1.0,West,36.0,2023-03-17,0
APP000974,Male,Yes,0,Graduate,Salaried ,15566.0,3901.0,220000.0,180,0.0,North,36.0,2024-08-02,1
APP003288,Female,Yes,1,Graduate,salaried,83937.0,27135.0,62000.0,12,1.0,West,57.0,2023-09-28,0
APP003628,Female,Yes,1,Not Graduate,Salaried,35384.0,8083.0,114000.0,48,1.0,EAST,49.0,2023-03-12,0
APP003639,Male,No,3,Graduate,Salaried,39644.0,3078.0,211000.0,48,1.0,East,49.0,2023-10-28,0
APP005883,Male,Yes,2,Not Graduate,Salaried,54175.0,918.0,220000.0,60,1.0,South,49.0,2024-05-31,0
APP005595,Male,No,1,Graduate,Self-Employed,52905.0,8302.0,59000.0,24,1.0,South,28.0,2023-02-08,0
APP001836,Female,Yes,1,Graduate,self employed,44074.0,8641.0,134000.0,24,1.0,South,37.0,2023-04-06,0
APP002309,Male,No,1,Graduate,Salaried ,74721.0,24171.0,67000.0,36,1.0,South,21.0,2023-06-05,0
APP001841,Male,Yes,0,Graduate,self employed,159317.0,13939.0,73000.0,360,1.0,South,43.0,2023-05-31,0
APP004924,Female,Yes,1,Graduate,Salaried,100482.0,12633.0,,48,1.0,South,43.0,2024-04-03,0
APP002045,Female,No,3,Not Graduate,Salaried ,79196.0,531.0,95000.0,24,1.0,South,26.0,2023-03-21,0
APP004406,Female,Yes,4,Graduate,self employed,87350.0,2209.0,71000.0,84,1.0,EAST,28.0,2024-05-12,0
APP004373,Male,Yes,0,Graduate,Salaried,28429.0,3103.0,127000.0,240,1.0,West ,55.0,2023-12-11,0
APP004733,Female,No,3,Graduate,SELF-EMPLOYED,65857.0,5605.0,327000.0,24,1.0,South,34.0,2023-04-25,0
APP004751,Male,No,3,Graduate,Salaried ,22586.0,3576.0,151000.0,36,1.0,West,21.0,2024-07-08,0
APP004719,,Yes,1,Graduate,Salaried,44558.0,15418.0,178000.0,60,1.0,West,52.0,2023-01-29,0
APP005956,Female,Yes,0,Graduate,salaried,42498.0,12750.0,149000.0,360,1.0,EAST,25.0,2024-10-20,0
APP000845,Male,Yes,0,Graduate,Salaried,33946.0,3088.0,106000.0,120,1.0,South,45.0,2023-05-25,0
APP004490,Male,Yes,2,Not Graduate,Salaried,44191.0,6261.0,183000.0,120,1.0,West,30.0,2023-05-22,0
APP002156,Male,Yes,0,Graduate,salaried,132332.0,4635.0,191000.0,120,,North,37.0,2024-03-16,0
APP000350,,No,2,Graduate,salaried,52826.0,15954.0,116000.0,120,,North,41.0,2024-03-03,0
APP000785,Male,Yes,1,Graduate,Salaried,64700.0,9550.0,90000.0,48,1.0,South,43.0,2024-06-22,0
APP000048,Male,Yes,2,Not Graduate,Self-Employed,8543.0,2111.0,,24,,West ,45.0,2024-06-17,0
APP003652,Male,Yes,0,Graduate,Salaried ,97108.0,2312.0,91000.0,360,1.0,South,37.0,2024-12-24,0
APP005752,Female,No,0,Not Graduate,Salaried ,68644.0,1638.0,339000.0,12,1.0,South,33.0,2023-05-06,0
APP004499,Male,Yes,1,Graduate,Salaried,47619.0,11010.0,137000.0,84,1.0,East,21.0,2024-11-21,0
APP004019,Male,No,2,Graduate,salaried,79585.0,13632.0,178000.0,48,1.0,North,43.0,2023-08-26,1
APP005204,Female,Yes,0,Graduate,SELF-EMPLOYED,52474.0,959.0,117000.0,24,1.0,EAST,50.0,2024-10-02,0
APP005251,Male,Yes,0,Graduate,Salaried ,65465.0,11870.0,142000.0,120,1.0,North,27.0,2023-02-06,0
APP001440,Female,No,2,Graduate,Self-Employed,52726.0,7803.0,161000.0,36,1.0,North,30.0,2023-07-01,0
APP005086,Male,Yes,0,Graduate,Salaried,49069.0,12722.0,56000.0,12,1.0,South,38.0,2023-08-04,0
APP001866,Female,No,0,Graduate,Salaried,35091.0,8725.0,54000.0,12,1.0,East,21.0,2023-02-07,0
APP005407,Female,No,1,Graduate,SELF-EMPLOYED,85809.0,27738.0,68000.0,60,0.0,East,33.0,2024-05-21,1
APP003196,Male,Yes,2,Graduate,self employed,53002.0,13182.0,99000.0,120,1.0,South,57.0,2023-10-08,0
APP000034,Female,Yes,1,Graduate,Salaried,56233.0,11447.0,85000.0,12,1.0,North,47.0,2023-02-14,0
APP000788,Male,Yes,2,Graduate,SELF-EMPLOYED,21449.0,689.0,193000.0,48,1.0,South,27.0,2023-10-24,0
APP005140,Female,Yes,0,Graduate,Salaried,24952.0,4492.0,47000.0,60,1.0,East,39.0,2024-08-11,0
APP004578,Male,No,2,Not Graduate,Salaried ,86493.0,8857.0,111000.0,60,1.0,EAST,29.0,2024-01-24,0
APP005340,Male,Yes,3,Graduate,Salaried ,26528.0,3807.0,67000.0,120,0.0,EAST,43.0,2024-03-31,1
APP002628,Female,No,1,Graduate,Salaried ,142763.0,36400.0,125000.0,240,1.0,West,35.0,2023-01-14,0
APP000932,Female,Yes,0,Not Graduate,Self-Employed,21738.0,4451.0,216000.0,120,1.0,East,55.0,2024-11-10,0
APP002405,Female,No,0,Graduate,Self-Employed,34239.0,1999.0,142000.0,48,1.0,East,57.0,2024-10-06,0
APP001686,Female,No,0,Not Graduate,salaried,110385.0,33260.0,51000.0,60,1.0,north,43.0,2023-02-10,0
APP001249,Female,Yes,0,Graduate,salaried,28307.0,8268.0,151000.0,240,0.0,north,47.0,2024-02-10,1
APP004856,Male,Yes,1,Not Graduate,Salaried,67478.0,3820.0,94000.0,60,,South,40.0,2023-02-22,1
APP000093,,No,0,Not Graduate,Self-Employed,47360.0,15850.0,126000.0,36,0.0,North,31.0,2023-05-14,1
APP005272,Male,No,0,Graduate,salaried,52090.0,14373.0,196000.0,36,1.0,West ,22.0,2024-10-08,0
APP005512,Female,No,2,Not Graduate,Self-Employed,65096.0,18475.0,95000.0,180,0.0,North,35.0,2024-05-07,0
APP005438,Female,No,1,Graduate,salaried,36967.0,2858.0,191000.0,84,1.0,East,40.0,2024-01-14,0
APP005569,Female,No,0,Graduate,Salaried,139961.0,6698.0,56000.0,180,1.0,West,40.0,2024-07-08,0
APP002852,Male,No,1,Graduate,salaried,103816.0,8114.0,40000.0,120,1.0,West,51.0,2023-11-15,0
APP002794,Male,No,1,Graduate,Salaried,31732.0,349.0,110000.0,24,1.0,East,51.0,2023-04-17,0
APP005704,Male,Yes,0,Graduate,self employed,54105.0,670.0,30000.0,180,0.0,East,31.0,2023-08-16,1
APP000765,Male,Yes,0,Graduate,self employed,45675.0,8244.0,68000.0,24,1.0,South,41.0,2023-09-09,0
APP002989,Female,Yes,2,Graduate,Salaried,44595.0,11608.0,162000.0,84,1.0,South,21.0,2024-12-25,0
APP005470,Male,Yes,0,Graduate,Salaried,55147.0,535.0,85000.0,180,0.0,EAST,26.0,2023-07-23,0
APP002449,Male,No,0,Graduate,Salaried ,58276.0,3936.0,52000.0,84,1.0,North,31.0,2023-05-07,0
APP001729,Female,Yes,1,Graduate,Self-Employed,39759.0,1888.0,281000.0,120,1.0,West ,45.0,2023-11-16,0
APP000258,Female,Yes,0,Graduate,Salaried ,182711.0,56225.0,58000.0,360,1.0,West,54.0,2023-05-04,0
APP005041,Female,Yes,3,Not Graduate,SELF-EMPLOYED,22390.0,2106.0,185000.0,240,1.0,north,25.0,2024-01-24,0
APP001220,,Yes,0,Graduate,salaried,49710.0,15807.0,56000.0,120,1.0,South,37.0,2024-06-02,0
APP001162,Male,Yes,0,Graduate,Salaried,21244.0,6428.0,208000.0,240,1.0,East,41.0,2024-01-09,0
APP000773,,Yes,2,Graduate,Salaried ,37572.0,1140.0,127000.0,240,1.0,North,27.0,2023-12-06,0
APP005583,Female,Yes,1,Graduate,SELF-EMPLOYED,34216.0,8432.0,46000.0,120,1.0,north,45.0,2023-12-13,0
APP000313,Male,No,4,Graduate,SELF-EMPLOYED,77299.0,22036.0,41000.0,60,1.0,East,25.0,2024-04-28,0
APP004387,Female,No,2,Graduate,self employed,46829.0,12443.0,78000.0,84,1.0,North,39.0,2023-11-05,0
APP004033,Male,Yes,0,Graduate,self employed,47316.0,4969.0,45000.0,48,0.0,East,41.0,2024-06-04,1
APP004860,Female,Yes,0,Graduate,self employed,41296.0,7447.0,79000.0,60,1.0,South,58.0,2023-04-14,0
APP002998,Male,Yes,0,Graduate,Salaried,53722.0,13000.0,160000.0,360,1.0,North,27.0,2024-11-19,0
APP004280,Male,No,1,Graduate,Salaried,24003.0,5277.0,37000.0,36,1.0,West,28.0,2023-06-22,0
APP001177,Female,Yes,0,Not Graduate,SELF-EMPLOYED,122914.0,31315.0,67000.0,48,1.0,north,52.0,2024-01-25,0
APP003897,Male,No,4,Graduate,Salaried,69968.0,16642.0,145000.0,360,1.0,West ,55.0,2023-10-27,0
APP001350,Male,No,0,Not Graduate,salaried,58461.0,3731.0,152000.0,84,1.0,North,42.0,2024-05-27,0
APP003776,Female,No,2,Not Graduate,self employed,30915.0,4240.0,74000.0,60,1.0,West,40.0,2023-11-15,0
APP003117,Female,Yes,4,Graduate,Salaried ,34274.0,3669.0,37000.0,84,1.0,North,34.0,2023-07-17,0
APP003517,Male,Yes,0,Graduate,self employed,314130.0,86376.0,90000.0,120,1.0,West ,46.0,2024-06-21,0
APP002299,Male,Yes,3,Graduate,self employed,23150.0,7735.0,77000.0,240,1.0,North,32.0,2023-09-09,0
APP002872,Female,Yes,2,Graduate,Salaried,30730.0,3852.0,63000.0,180,1.0,West,50.0,2024-07-13,0
APP005196,Female,Yes,0,Graduate,Salaried ,43087.0,9229.0,50000.0,120,1.0,East,24.0,2024-09-14,0
APP000392,Male,Yes,2,Graduate,Salaried,47179.0,10199.0,369000.0,36,1.0,West ,45.0,2023-03-09,0
APP000216,Male,Yes,4,Graduate,Salaried,23528.0,7237.0,94000.0,84,1.0,South,34.0,2024-08-17,0
APP001457,Female,Yes,3,Graduate,Self-Employed,48403.0,1372.0,103000.0,60,1.0,East,34.0,2023-03-29,0
APP001093,Female,Yes,2,Graduate,SELF-EMPLOYED,35302.0,7660.0,111000.0,48,1.0,South,42.0,2024-10-31,0
APP003240,Male,Yes,1,Not Graduate,self employed,69883.0,4051.0,163000.0,120,0.0,North,22.0,2024-10-19,0
APP005001,Male,Yes,2,Not Graduate,self employed,98547.0,28986.0,171000.0,180,1.0,East,28.0,2023-03-29,0
APP002779,Male,Yes,1,Not Graduate,Salaried,127986.0,30761.0,51000.0,360,,North,30.0,2023-11-16,0
APP004463,Female,Yes,1,Not Graduate,Salaried,28152.0,1710.0,45000.0,360,1.0,West,25.0,2023-10-17,0
APP004442,Female,Yes,4,Graduate,self employed,26025.0,1453.0,279000.0,180,1.0,West ,40.0,2024-09-23,0
APP003657,Male,Yes,1,Graduate,Self-Employed,35451.0,2276.0,79000.0,120,,North,47.0,2023-10-12,0
APP002584,Male,No,2,Graduate,Salaried ,2784469.555228173,6136.0,60000.0,120,0.0,East,30.0,2024-04-27,1
APP003258,Male,No,3,Not Graduate,Salaried ,67461.0,8573.0,312000.0,60,1.0,West,48.0,2024-04-17,1
APP001373,Female,Yes,3,Not Graduate,Salaried ,29958.0,5119.0,367000.0,180,1.0,West ,62.0,2023-01-10,0
APP005736,Female,Yes,0,Graduate,Salaried ,92703.0,12778.0,126000.0,48,1.0,EAST,36.0,2023-09-30,0
APP000920,Male,Yes,3,Graduate,Self-Employed,51310.0,2306.0,148000.0,360,,EAST,40.0,2023-03-26,0
APP004308,Female,Yes,3,Not Graduate,Salaried ,48820.0,10502.0,194000.0,24,1.0,North,41.0,2024-06-15,1
APP005700,Male,Yes,0,Graduate,Self-Employed,86271.0,12790.0,140000.0,360,1.0,North,53.0,2023-06-07,0
APP002551,Male,No,0,Graduate,salaried,144611.0,17724.0,27000.0,84,1.0,West,44.0,2024-09-21,0
APP000538,Male,Yes,0,Graduate,Salaried,73004.0,20337.0,195000.0,36,1.0,North,41.0,2023-03-07,0
APP001221,Female,Yes,1,Graduate,Salaried,33054.0,2064.0,108000.0,180,1.0,East,52.0,2024-05-23,0
APP004272,Female,Yes,1,Graduate,salaried,16842.0,4195.0,82000.0,36,1.0,South,56.0,2024-09-29,0
